file	recordId	recordNumber	recordIndex	byteOffset	fieldIndex	tag	sourceFieldNumber	fieldByteOffset	indicatorIndex	subfieldIndex	problemByteOffset	reportLine	message
rsl01_z00.dat	011197807	10578151	10578150	15388519369	11	044	13	15388519728				1	Поле 044 не содержит кода подполя.
rsl01_z00.dat	015656280	15701123	15701122	22901194502	28	653	30	22901199138				3	Поле 653 не содержит кода подполя.
rsl01_z00.dat	015747987	15724117	15724116	22934628971	14	246	16	22934630276				4	Поле 246 не содержит кода подполя.
rsl03_z00.dat	001204621	1204651	1204650	1019851001	7	041	9	1019851267				5	Поле 041 не содержит кода подполя.
rsl03_z00.dat	001204621	1204651	1204650	1019851001	10	260	12	1019851393				5	Поле 260 не содержит кода подполя.
rsl03_z00.dat	001204621	1204651	1204650	1019851001	15	650	17	1019851703				5	Поле 650 не содержит кода подполя.
rsl03_z00.dat	001204621	1204651	1204650	1019851001	16	912	18	1019851782				5	Поле 912 не содержит кода подполя.
rsl03_z00.dat	001204622	1204652	1204651	1019851914	7	041	9	1019852179				6	Поле 041 не содержит кода подполя.
rsl03_z00.dat	001204622	1204652	1204651	1019851914	11	300	13	1019852446				6	Поле 300 не содержит кода подполя.
rsl03_z00.dat	001204622	1204652	1204651	1019851914	13	520	15	1019852792				6	Поле 520 не содержит кода подполя.
rsl03_z00.dat	001204622	1204652	1204651	1019851914	14	650	16	1019853179				6	Поле 650 не содержит кода подполя.
rsl03_z00.dat	001204622	1204652	1204651	1019851914	16	700	18	1019853273				6	Поле 700 не содержит кода подполя.
rsl03_z00.dat	001204622	1204652	1204651	1019851914	17	710	19	1019853320				6	Поле 710 не содержит кода подполя.
rsl03_z00.dat	001204622	1204652	1204651	1019851914	18	912	20	1019853361				6	Поле 912 не содержит кода подполя.
rsl03_z00.dat	001204622	1204652	1204651	1019851914	19	336	22	1019853433				6	Поле 336 не содержит кода подполя.
rsl03_z00.dat	001204622	1204652	1204651	1019851914	20	337	23	1019853463				6	Поле 337 не содержит кода подполя.
rsl03_z00.dat	001204623	1204653	1204652	1019853492	7	041	9	1019853759				7	Поле 041 не содержит кода подполя.
rsl03_z00.dat	001204623	1204653	1204652	1019853492	11	260	13	1019853994				7	Поле 260 не содержит кода подполя.
rsl03_z00.dat	001204623	1204653	1204652	1019853492	12	300	14	1019854030				7	Поле 300 не содержит кода подполя.
rsl03_z00.dat	001204623	1204653	1204652	1019853492	14	650	16	1019854352				7	Поле 650 не содержит кода подполя.
rsl03_z00.dat	001204623	1204653	1204652	1019853492	15	710	17	1019854393				7	Поле 710 не содержит кода подполя.
rsl03_z00.dat	001204623	1204653	1204652	1019853492	16	912	18	1019854461				7	Поле 912 не содержит кода подполя.
rsl03_z00.dat	001204623	1204653	1204652	1019853492	17	336	20	1019854533				7	Поле 336 не содержит кода подполя.
rsl03_z00.dat	001204623	1204653	1204652	1019853492	18	337	21	1019854563				7	Поле 337 не содержит кода подполя.
rsl03_z00.dat	001204624	1204654	1204653	1019854592	7	041	9	1019854858				8	Поле 041 не содержит кода подполя.
rsl03_z00.dat	001204624	1204654	1204653	1019854592	10	260	12	1019854987				8	Поле 260 не содержит кода подполя.
rsl03_z00.dat	001204624	1204654	1204653	1019854592	11	300	13	1019855027				8	Поле 300 не содержит кода подполя.
rsl03_z00.dat	001204625	1204655	1204654	1019855306	7	041	9	1019855574				9	Поле 041 не содержит кода подполя.
rsl03_z00.dat	001204625	1204655	1204654	1019855306	10	250	12	1019855657				9	Поле 250 не содержит кода подполя.
rsl03_z00.dat	001204625	1204655	1204654	1019855306	16	650	18	1019856135				9	Поле 650 не содержит кода подполя.
rsl03_z00.dat	001204625	1204655	1204654	1019855306	17	650	19	1019856208				9	Поле 650 не содержит кода подполя.
rsl03_z00.dat	001204625	1204655	1204654	1019855306	18	912	20	1019856253				9	Поле 912 не содержит кода подполя.
rsl03_z00.dat	001204626	1204656	1204655	1019856386	11	260	13	1019856900				10	Поле 260 не содержит кода подполя.
rsl03_z00.dat	001204626	1204656	1204655	1019856386	12	300	14	1019856950				10	Поле 300 не содержит кода подполя.
rsl03_z00.dat	001204626	1204656	1204655	1019856386	18	336	21	1019857278				10	Поле 336 не содержит кода подполя.
rsl03_z00.dat	001204626	1204656	1204655	1019856386	19	337	22	1019857308				10	Поле 337 не содержит кода подполя.
rsl03_z00.dat	001204627	1204657	1204656	1019857337	7	041	9	1019857604				11	Поле 041 не содержит кода подполя.
rsl03_z00.dat	001204627	1204657	1204656	1019857337	10	260	12	1019857691				11	Поле 260 не содержит кода подполя.
rsl03_z00.dat	001204627	1204657	1204656	1019857337	11	300	13	1019857711				11	Поле 300 не содержит кода подполя.
rsl03_z00.dat	001204627	1204657	1204656	1019857337	13	650	15	1019858463				11	Поле 650 не содержит кода подполя.
rsl03_z00.dat	001204627	1204657	1204656	1019857337	14	650	16	1019858539				11	Поле 650 не содержит кода подполя.
rsl03_z00.dat	001204627	1204657	1204656	1019857337	15	650	17	1019858612				11	Поле 650 не содержит кода подполя.
rsl03_z00.dat	001204627	1204657	1204656	1019857337	16	700	18	1019858660				11	Поле 700 не содержит кода подполя.
rsl03_z00.dat	001204627	1204657	1204656	1019857337	17	773	19	1019858705				11	Поле 773 не содержит кода подполя.
rsl03_z00.dat	001204627	1204657	1204656	1019857337	18	912	20	1019858793				11	Поле 912 не содержит кода подполя.
rsl03_z00.dat	001204628	1204658	1204657	1019858923	7	041	9	1019859189				12	Поле 041 не содержит кода подполя.
rsl03_z00.dat	001204628	1204658	1204657	1019858923	11	300	13	1019859422				12	Поле 300 не содержит кода подполя.
rsl03_z00.dat	001204628	1204658	1204657	1019858923	15	650	17	1019860346				12	Поле 650 не содержит кода подполя.
rsl03_z00.dat	001204628	1204658	1204657	1019858923	16	650	18	1019860398				12	Поле 650 не содержит кода подполя.
rsl03_z00.dat	001204628	1204658	1204657	1019858923	17	650	19	1019860433				12	Поле 650 не содержит кода подполя.
rsl03_z00.dat	001204628	1204658	1204657	1019858923	18	700	20	1019860475				12	Поле 700 не содержит кода подполя.
rsl03_z00.dat	001204628	1204658	1204657	1019858923	19	700	21	1019860519				12	Поле 700 не содержит кода подполя.
rsl03_z00.dat	001204628	1204658	1204657	1019858923	20	700	22	1019860566				12	Поле 700 не содержит кода подполя.
rsl03_z00.dat	001204628	1204658	1204657	1019858923	21	912	23	1019860616				12	Поле 912 не содержит кода подполя.
rsl03_z00.dat	001204628	1204658	1204657	1019858923	22	336	25	1019860687				12	Поле 336 не содержит кода подполя.
rsl03_z00.dat	001204628	1204658	1204657	1019858923	23	337	26	1019860716				12	Поле 337 не содержит кода подполя.
rsl03_z00.dat	001204629	1204659	1204658	1019860744	7	041	9	1019861010				13	Поле 041 не содержит кода подполя.
rsl03_z00.dat	001204629	1204659	1204658	1019860744	11	260	13	1019861333				13	Поле 260 не содержит кода подполя.
rsl03_z00.dat	001204629	1204659	1204658	1019860744	12	300	14	1019861370				13	Поле 300 не содержит кода подполя.
rsl03_z00.dat	001204629	1204659	1204658	1019860744	13	504	15	1019861401				13	Поле 504 не содержит кода подполя.
rsl03_z00.dat	001204629	1204659	1204658	1019860744	15	650	17	1019862254				13	Поле 650 не содержит кода подполя.
rsl03_z00.dat	001204629	1204659	1204658	1019860744	16	650	18	1019862337				13	Поле 650 не содержит кода подполя.
rsl03_z00.dat	001204629	1204659	1204658	1019860744	17	912	19	1019862415				13	Поле 912 не содержит кода подполя.
rsl03_z00.dat	001204629	1204659	1204658	1019860744	18	336	21	1019862487				13	Поле 336 не содержит кода подполя.
rsl03_z00.dat	001204629	1204659	1204658	1019860744	19	337	22	1019862517				13	Поле 337 не содержит кода подполя.
rsl03_z00.dat	001204630	1204660	1204659	1019862546	7	041	9	1019862812				14	Поле 041 не содержит кода подполя.
rsl03_z00.dat	001204630	1204660	1204659	1019862546	11	250	13	1019863188				14	Поле 250 не содержит кода подполя.
rsl03_z00.dat	001204630	1204660	1204659	1019862546	12	260	14	1019863222				14	Поле 260 не содержит кода подполя.
rsl03_z00.dat	001204630	1204660	1204659	1019862546	13	300	15	1019863260				14	Поле 300 не содержит кода подполя.
rsl03_z00.dat	001204630	1204660	1204659	1019862546	14	504	16	1019863286				14	Поле 504 не содержит кода подполя.
rsl03_z00.dat	001204630	1204660	1204659	1019862546	16	650	18	1019864116				14	Поле 650 не содержит кода подполя.
rsl03_z00.dat	001204630	1204660	1204659	1019862546	17	650	19	1019864162				14	Поле 650 не содержит кода подполя.
rsl03_z00.dat	001204630	1204660	1204659	1019862546	18	650	20	1019864243				14	Поле 650 не содержит кода подполя.
rsl03_z00.dat	001204630	1204660	1204659	1019862546	19	912	21	1019864306				14	Поле 912 не содержит кода подполя.
rsl03_z00.dat	001204630	1204660	1204659	1019862546	20	336	23	1019864378				14	Поле 336 не содержит кода подполя.
rsl03_z00.dat	001204630	1204660	1204659	1019862546	21	337	24	1019864408				14	Поле 337 не содержит кода подполя.
rsl03_z00.dat	001204631	1204661	1204660	1019864437	7	041	9	1019864703				15	Поле 041 не содержит кода подполя.
rsl03_z00.dat	001204631	1204661	1204660	1019864437	10	260	12	1019865027				15	Поле 260 не содержит кода подполя.
rsl03_z00.dat	001204631	1204661	1204660	1019864437	11	300	13	1019865083				15	Поле 300 не содержит кода подполя.
rsl03_z00.dat	001204631	1204661	1204660	1019864437	12	500	14	1019865109				15	Поле 500 не содержит кода подполя.
rsl03_z00.dat	001204631	1204661	1204660	1019864437	13	504	15	1019865140				15	Поле 504 не содержит кода подполя.
rsl03_z00.dat	001204631	1204661	1204660	1019864437	17	650	19	1019865536				15	Поле 650 не содержит кода подполя.
rsl03_z00.dat	001204631	1204661	1204660	1019864437	18	650	20	1019865584				15	Поле 650 не содержит кода подполя.
rsl03_z00.dat	001204631	1204661	1204660	1019864437	19	700	21	1019865626				15	Поле 700 не содержит кода подполя.
rsl03_z00.dat	001204631	1204661	1204660	1019864437	20	700	22	1019865667				15	Поле 700 не содержит кода подполя.
rsl03_z00.dat	001204631	1204661	1204660	1019864437	21	700	23	1019865708				15	Поле 700 не содержит кода подполя.
rsl03_z00.dat	001204631	1204661	1204660	1019864437	22	710	24	1019865752				15	Поле 710 не содержит кода подполя.
rsl03_z00.dat	001204631	1204661	1204660	1019864437	23	912	25	1019865861				15	Поле 912 не содержит кода подполя.
rsl03_z00.dat	001204631	1204661	1204660	1019864437	24	336	27	1019865933				15	Поле 336 не содержит кода подполя.
rsl03_z00.dat	001204631	1204661	1204660	1019864437	25	337	28	1019865963				15	Поле 337 не содержит кода подполя.
rsl03_z00.dat	001204632	1204662	1204661	1019865992	7	041	9	1019866258				16	Поле 041 не содержит кода подполя.
rsl03_z00.dat	001204632	1204662	1204661	1019865992	11	260	13	1019866400				16	Поле 260 не содержит кода подполя.
rsl03_z00.dat	001204632	1204662	1204661	1019865992	14	650	16	1019866539				16	Поле 650 не содержит кода подполя.
rsl03_z00.dat	001204633	1204663	1204662	1019866747	7	041	9	1019867012				17	Поле 041 не содержит кода подполя.
rsl03_z00.dat	001204633	1204663	1204662	1019866747	11	260	13	1019867265				17	Поле 260 не содержит кода подполя.
rsl03_z00.dat	001204633	1204663	1204662	1019866747	12	300	14	1019867321				17	Поле 300 не содержит кода подполя.
rsl03_z00.dat	001204633	1204663	1204662	1019866747	14	650	16	1019868016				17	Поле 650 не содержит кода подполя.
rsl03_z00.dat	001204633	1204663	1204662	1019866747	15	650	17	1019868065				17	Поле 650 не содержит кода подполя.
rsl03_z00.dat	001204633	1204663	1204662	1019866747	16	912	18	1019868135				17	Поле 912 не содержит кода подполя.
rsl03_z00.dat	001204633	1204663	1204662	1019866747	17	336	20	1019868206				17	Поле 336 не содержит кода подполя.
rsl03_z00.dat	001204633	1204663	1204662	1019866747	18	337	21	1019868236				17	Поле 337 не содержит кода подполя.
rsl03_z00.dat	001204634	1204664	1204663	1019868265	7	041	9	1019868533				18	Поле 041 не содержит кода подполя.
rsl03_z00.dat	001204634	1204664	1204663	1019868265	10	260	12	1019868671				18	Поле 260 не содержит кода подполя.
rsl03_z00.dat	001204634	1204664	1204663	1019868265	11	300	13	1019868709				18	Поле 300 не содержит кода подполя.
rsl03_z00.dat	001204634	1204664	1204663	1019868265	13	650	15	1019869273				18	Поле 650 не содержит кода подполя.
rsl03_z00.dat	001204634	1204664	1204663	1019868265	14	700	16	1019869335				18	Поле 700 не содержит кода подполя.
rsl03_z00.dat	001204634	1204664	1204663	1019868265	15	700	17	1019869376				18	Поле 700 не содержит кода подполя.
rsl03_z00.dat	001204634	1204664	1204663	1019868265	16	912	18	1019869417				18	Поле 912 не содержит кода подполя.
rsl03_z00.dat	001204635	1204665	1204664	1019869548	7	041	9	1019869814				19	Поле 041 не содержит кода подполя.
rsl03_z00.dat	001204635	1204665	1204664	1019869548	10	245	12	1019869887				19	Поле 245 не содержит кода подполя.
rsl03_z00.dat	001204635	1204665	1204664	1019869548	16	912	18	1019870157				19	Поле 912 не содержит кода подполя.
rsl03_z00.dat	001204635	1204665	1204664	1019869548	17	336	20	1019870229				19	Поле 336 не содержит кода подполя.
rsl03_z00.dat	001204636	1204666	1204665	1019870289	7	041	9	1019870555				20	Поле 041 не содержит кода подполя.
rsl03_z00.dat	001204636	1204666	1204665	1019870289	10	245	12	1019870628				20	Поле 245 не содержит кода подполя.
rsl03_z00.dat	001204636	1204666	1204665	1019870289	15	650	17	1019870871				20	Поле 650 не содержит кода подполя.
rsl03_z00.dat	001204636	1204666	1204665	1019870289	16	912	18	1019870914				20	Поле 912 не содержит кода подполя.
rsl03_z00.dat	001204636	1204666	1204665	1019870289	17	336	20	1019870986				20	Поле 336 не содержит кода подполя.
rsl03_z00.dat	001204636	1204666	1204665	1019870289	18	337	21	1019871016				20	Поле 337 не содержит кода подполя.
rsl03_z00.dat	001204637	1204667	1204666	1019871045	11	300	13	1019871611				21	Поле 300 не содержит кода подполя.
rsl03_z00.dat	001204637	1204667	1204666	1019871045	15	912	17	1019871966				21	Поле 912 не содержит кода подполя.
rsl03_z00.dat	001204637	1204667	1204666	1019871045	16	336	19	1019872038				21	Поле 336 не содержит кода подполя.
rsl03_z00.dat	001204637	1204667	1204666	1019871045	17	337	20	1019872068				21	Поле 337 не содержит кода подполя.
rsl03_z00.dat	001204638	1204668	1204667	1019872097	7	041	9	1019872363				22	Поле 041 не содержит кода подполя.
rsl03_z00.dat	001204638	1204668	1204667	1019872097	9	245	11	1019872395				22	Поле 245 не содержит кода подполя.
rsl03_z00.dat	001204638	1204668	1204667	1019872097	13	650	15	1019872852				22	Поле 650 не содержит кода подполя.
rsl03_z00.dat	001204638	1204668	1204667	1019872097	14	710	16	1019872882				22	Поле 710 не содержит кода подполя.
rsl03_z00.dat	001204638	1204668	1204667	1019872097	15	773	17	1019873009				22	Поле 773 не содержит кода подполя.
rsl03_z00.dat	001204638	1204668	1204667	1019872097	16	912	18	1019873145				22	Поле 912 не содержит кода подполя.
rsl03_z00.dat	001204638	1204668	1204667	1019872097	18	337	21	1019873247				22	Поле 337 не содержит кода подполя.
rsl03_z00.dat	001204639	1204669	1204668	1019873276	7	041	9	1019873541				23	Поле 041 не содержит кода подполя.
rsl03_z00.dat	001204639	1204669	1204668	1019873276	10	260	12	1019873769				23	Поле 260 не содержит кода подполя.
rsl03_z00.dat	001204639	1204669	1204668	1019873276	11	300	13	1019873815				23	Поле 300 не содержит кода подполя.
rsl03_z00.dat	001204639	1204669	1204668	1019873276	12	504	14	1019873850				23	Поле 504 не содержит кода подполя.
rsl03_z00.dat	001204639	1204669	1204668	1019873276	14	650	16	1019874505				23	Поле 650 не содержит кода подполя.
rsl03_z00.dat	001204639	1204669	1204668	1019873276	15	700	17	1019874535				23	Поле 700 не содержит кода подполя.
rsl03_z00.dat	001204639	1204669	1204668	1019873276	16	710	18	1019874579				23	Поле 710 не содержит кода подполя.
rsl03_z00.dat	001204639	1204669	1204668	1019873276	17	912	19	1019874645				23	Поле 912 не содержит кода подполя.
rsl03_z00.dat	001204639	1204669	1204668	1019873276	18	336	21	1019874717				23	Поле 336 не содержит кода подполя.
rsl03_z00.dat	001204639	1204669	1204668	1019873276	19	337	22	1019874747				23	Поле 337 не содержит кода подполя.
rsl03_z00.dat	001204640	1204670	1204669	1019874776	7	041	9	1019875042				24	Поле 041 не содержит кода подполя.
rsl03_z00.dat	001204640	1204670	1204669	1019874776	10	260	12	1019875375				24	Поле 260 не содержит кода подполя.
rsl03_z00.dat	001204640	1204670	1204669	1019874776	11	300	13	1019875414				24	Поле 300 не содержит кода подполя.
rsl03_z00.dat	001204640	1204670	1204669	1019874776	12	504	14	1019875444				24	Поле 504 не содержит кода подполя.
rsl03_z00.dat	001204640	1204670	1204669	1019874776	14	650	16	1019876288				24	Поле 650 не содержит кода подполя.
rsl03_z00.dat	001204640	1204670	1204669	1019874776	15	700	17	1019876338				24	Поле 700 не содержит кода подполя.
rsl03_z00.dat	001204640	1204670	1204669	1019874776	16	700	18	1019876388				24	Поле 700 не содержит кода подполя.
rsl03_z00.dat	001204640	1204670	1204669	1019874776	17	700	19	1019876430				24	Поле 700 не содержит кода подполя.
rsl03_z00.dat	001204640	1204670	1204669	1019874776	18	912	20	1019876474				24	Поле 912 не содержит кода подполя.
rsl03_z00.dat	001204640	1204670	1204669	1019874776	19	336	22	1019876546				24	Поле 336 не содержит кода подполя.
rsl03_z00.dat	001204640	1204670	1204669	1019874776	20	337	23	1019876576				24	Поле 337 не содержит кода подполя.
rsl03_z00.dat	001204641	1204671	1204670	1019876605	7	041	9	1019876871				25	Поле 041 не содержит кода подполя.
rsl03_z00.dat	001204641	1204671	1204670	1019876605	13	504	15	1019877485				25	Поле 504 не содержит кода подполя.
rsl03_z00.dat	001204641	1204671	1204670	1019876605	15	650	17	1019877802				25	Поле 650 не содержит кода подполя.
rsl03_z00.dat	001204641	1204671	1204670	1019876605	16	700	18	1019877860				25	Поле 700 не содержит кода подполя.
rsl03_z00.dat	001204641	1204671	1204670	1019876605	18	912	20	1019878025				25	Поле 912 не содержит кода подполя.
rsl03_z00.dat	001204641	1204671	1204670	1019876605	19	336	22	1019878097				25	Поле 336 не содержит кода подполя.
rsl03_z00.dat	001204642	1204672	1204671	1019878157	7	041	9	1019878423				26	Поле 041 не содержит кода подполя.
rsl03_z00.dat	001204642	1204672	1204671	1019878157	11	260	13	1019878853				26	Поле 260 не содержит кода подполя.
rsl03_z00.dat	001204642	1204672	1204671	1019878157	12	300	14	1019878936				26	Поле 300 не содержит кода подполя.
rsl03_z00.dat	001204642	1204672	1204671	1019878157	13	490	15	1019878967				26	Поле 490 не содержит кода подполя.
rsl03_z00.dat	001204642	1204672	1204671	1019878157	14	504	16	1019878990				26	Поле 504 не содержит кода подполя.
rsl03_z00.dat	001204642	1204672	1204671	1019878157	16	650	18	1019879632				26	Поле 650 не содержит кода подполя.
rsl03_z00.dat	001204642	1204672	1204671	1019878157	17	912	19	1019879675				26	Поле 912 не содержит кода подполя.
rsl03_z00.dat	001204642	1204672	1204671	1019878157	18	336	21	1019879747				26	Поле 336 не содержит кода подполя.
rsl03_z00.dat	001204642	1204672	1204671	1019878157	19	337	22	1019879777				26	Поле 337 не содержит кода подполя.
rsl03_z00.dat	001204643	1204673	1204672	1019879806	10	260	12	1019880498				27	Поле 260 не содержит кода подполя.
rsl03_z00.dat	001204643	1204673	1204672	1019879806	11	300	13	1019880548				27	Поле 300 не содержит кода подполя.
rsl03_z00.dat	001204643	1204673	1204672	1019879806	12	500	14	1019880566				27	Поле 500 не содержит кода подполя.
rsl03_z00.dat	001204643	1204673	1204672	1019879806	13	600	15	1019880653				27	Поле 600 не содержит кода подполя.
rsl03_z00.dat	001204643	1204673	1204672	1019879806	14	650	16	1019880700				27	Поле 650 не содержит кода подполя.
rsl03_z00.dat	001204643	1204673	1204672	1019879806	15	700	17	1019880730				27	Поле 700 не содержит кода подполя.
rsl03_z00.dat	001204643	1204673	1204672	1019879806	18	912	20	1019880996				27	Поле 912 не содержит кода подполя.
rsl03_z00.dat	001204643	1204673	1204672	1019879806	19	336	22	1019881068				27	Поле 336 не содержит кода подполя.
rsl03_z00.dat	001204643	1204673	1204672	1019879806	20	337	23	1019881098				27	Поле 337 не содержит кода подполя.
rsl03_z00.dat	001204644	1204674	1204673	1019881127	7	041	9	1019881394				28	Поле 041 не содержит кода подполя.
rsl03_z00.dat	001204644	1204674	1204673	1019881127	13	600	15	1019881766				28	Поле 600 не содержит кода подполя.
rsl03_z00.dat	001204644	1204674	1204673	1019881127	14	650	16	1019881813				28	Поле 650 не содержит кода подполя.
rsl03_z00.dat	001204644	1204674	1204673	1019881127	15	700	17	1019881843				28	Поле 700 не содержит кода подполя.
rsl03_z00.dat	001204644	1204674	1204673	1019881127	16	710	18	1019881885				28	Поле 710 не содержит кода подполя.
rsl03_z00.dat	001204644	1204674	1204673	1019881127	19	912	21	1019882182				28	Поле 912 не содержит кода подполя.
rsl03_z00.dat	001204644	1204674	1204673	1019881127	21	337	24	1019882284				28	Поле 337 не содержит кода подполя.
rsl03_z00.dat	001204645	1204675	1204674	1019882313	10	260	12	1019882802				29	Поле 260 не содержит кода подполя.
rsl03_z00.dat	001204645	1204675	1204674	1019882313	11	300	13	1019882842				29	Поле 300 не содержит кода подполя.
rsl03_z00.dat	001204645	1204675	1204674	1019882313	12	650	14	1019882860				29	Поле 650 не содержит кода подполя.
rsl03_z00.dat	001204645	1204675	1204674	1019882313	17	336	20	1019883167				29	Поле 336 не содержит кода подполя.
rsl03_z00.dat	001204646	1204676	1204675	1019883227	7	041	9	1019883494				30	Поле 041 не содержит кода подполя.
rsl03_z00.dat	001204646	1204676	1204675	1019883227	9	245	11	1019883535				30	Поле 245 не содержит кода подполя.
rsl03_z00.dat	001204646	1204676	1204675	1019883227	13	650	15	1019884103				30	Поле 650 не содержит кода подполя.
rsl03_z00.dat	001204646	1204676	1204675	1019883227	14	650	16	1019884172				30	Поле 650 не содержит кода подполя.
rsl03_z00.dat	001204646	1204676	1204675	1019883227	15	700	17	1019884247				30	Поле 700 не содержит кода подполя.
rsl03_z00.dat	001204646	1204676	1204675	1019883227	16	700	18	1019884289				30	Поле 700 не содержит кода подполя.
rsl03_z00.dat	001204646	1204676	1204675	1019883227	17	773	19	1019884339				30	Поле 773 не содержит кода подполя.
rsl03_z00.dat	001204646	1204676	1204675	1019883227	18	912	20	1019884448				30	Поле 912 не содержит кода подполя.
rsl03_z00.dat	001204646	1204676	1204675	1019883227	20	337	23	1019884550				30	Поле 337 не содержит кода подполя.
rsl03_z00.dat	001204647	1204677	1204676	1019884579	7	041	9	1019884844				31	Поле 041 не содержит кода подполя.
rsl03_z00.dat	001204647	1204677	1204676	1019884579	10	260	12	1019885082				31	Поле 260 не содержит кода подполя.
rsl03_z00.dat	001204647	1204677	1204676	1019884579	11	300	13	1019885138				31	Поле 300 не содержит кода подполя.
rsl03_z00.dat	001204647	1204677	1204676	1019884579	15	555	17	1019885633				31	Поле 555 не содержит кода подполя.
rsl03_z00.dat	001204647	1204677	1204676	1019884579	18	710	20	1019885762				31	Поле 710 не содержит кода подполя.
rsl03_z00.dat	001204647	1204677	1204676	1019884579	19	711	21	1019885869				31	Поле 711 не содержит кода подполя.
rsl03_z00.dat	001204647	1204677	1204676	1019884579	20	912	22	1019885975				31	Поле 912 не содержит кода подполя.
rsl03_z00.dat	001204647	1204677	1204676	1019884579	21	336	24	1019886047				31	Поле 336 не содержит кода подполя.
rsl03_z00.dat	001204648	1204678	1204677	1019886107	7	041	9	1019886372				32	Поле 041 не содержит кода подполя.
rsl03_z00.dat	001204648	1204678	1204677	1019886107	11	260	13	1019886677				32	Поле 260 не содержит кода подполя.
rsl03_z00.dat	001204648	1204678	1204677	1019886107	12	300	14	1019886733				32	Поле 300 не содержит кода подполя.
rsl03_z00.dat	001204648	1204678	1204677	1019886107	13	490	15	1019886764				32	Поле 490 не содержит кода подполя.
rsl03_z00.dat	001204648	1204678	1204677	1019886107	14	504	16	1019886792				32	Поле 504 не содержит кода подполя.
rsl03_z00.dat	001204648	1204678	1204677	1019886107	16	650	18	1019887732				32	Поле 650 не содержит кода подполя.
rsl03_z00.dat	001204648	1204678	1204677	1019886107	17	650	19	1019887773				32	Поле 650 не содержит кода подполя.
rsl03_z00.dat	001204648	1204678	1204677	1019886107	18	700	20	1019887812				32	Поле 700 не содержит кода подполя.
rsl03_z00.dat	001204648	1204678	1204677	1019886107	19	700	21	1019887856				32	Поле 700 не содержит кода подполя.
rsl03_z00.dat	001204648	1204678	1204677	1019886107	20	912	22	1019887906				32	Поле 912 не содержит кода подполя.
rsl03_z00.dat	001204648	1204678	1204677	1019886107	21	336	24	1019887978				32	Поле 336 не содержит кода подполя.
rsl03_z00.dat	001204648	1204678	1204677	1019886107	22	337	25	1019888008				32	Поле 337 не содержит кода подполя.
rsl03_z00.dat	001204649	1204679	1204678	1019888037	7	041	9	1019888302				33	Поле 041 не содержит кода подполя.
rsl03_z00.dat	001204649	1204679	1204678	1019888037	11	260	13	1019888587				33	Поле 260 не содержит кода подполя.
rsl03_z00.dat	001204649	1204679	1204678	1019888037	12	300	14	1019888642				33	Поле 300 не содержит кода подполя.
rsl03_z00.dat	001204649	1204679	1204678	1019888037	13	490	15	1019888677				33	Поле 490 не содержит кода подполя.
rsl03_z00.dat	001204649	1204679	1204678	1019888037	14	504	16	1019888705				33	Поле 504 не содержит кода подполя.
rsl03_z00.dat	001204649	1204679	1204678	1019888037	16	650	18	1019889435				33	Поле 650 не содержит кода подполя.
rsl03_z00.dat	001204649	1204679	1204678	1019888037	17	700	19	1019889505				33	Поле 700 не содержит кода подполя.
rsl03_z00.dat	001204649	1204679	1204678	1019888037	18	700	20	1019889548				33	Поле 700 не содержит кода подполя.
rsl03_z00.dat	001204649	1204679	1204678	1019888037	19	912	21	1019889597				33	Поле 912 не содержит кода подполя.
rsl03_z00.dat	001204649	1204679	1204678	1019888037	20	336	23	1019889669				33	Поле 336 не содержит кода подполя.
rsl03_z00.dat	001204649	1204679	1204678	1019888037	21	337	24	1019889699				33	Поле 337 не содержит кода подполя.
rsl03_z00.dat	001204650	1204680	1204679	1019889728	7	041	9	1019889994				34	Поле 041 не содержит кода подполя.
rsl03_z00.dat	001204650	1204680	1204679	1019889728	12	300	14	1019890420				34	Поле 300 не содержит кода подполя.
rsl03_z00.dat	001204650	1204680	1204679	1019889728	13	504	15	1019890455				34	Поле 504 не содержит кода подполя.
rsl03_z00.dat	001204650	1204680	1204679	1019889728	15	650	17	1019891327				34	Поле 650 не содержит кода подполя.
rsl03_z00.dat	001204650	1204680	1204679	1019889728	16	650	18	1019891372				34	Поле 650 не содержит кода подполя.
rsl03_z00.dat	001204650	1204680	1204679	1019889728	17	700	19	1019891430				34	Поле 700 не содержит кода подполя.
rsl03_z00.dat	001204650	1204680	1204679	1019889728	18	700	20	1019891475				34	Поле 700 не содержит кода подполя.
rsl03_z00.dat	001204650	1204680	1204679	1019889728	19	912	21	1019891523				34	Поле 912 не содержит кода подполя.
rsl03_z00.dat	001204650	1204680	1204679	1019889728	20	336	23	1019891595				34	Поле 336 не содержит кода подполя.
rsl03_z00.dat	001204650	1204680	1204679	1019889728	21	337	24	1019891624				34	Поле 337 не содержит кода подполя.
rsl03_z00.dat	001204651	1204681	1204680	1019891652	11	260	13	1019892073				35	Поле 260 не содержит кода подполя.
rsl03_z00.dat	001204651	1204681	1204680	1019891652	14	650	16	1019892647				35	Поле 650 не содержит кода подполя.
rsl03_z00.dat	001204651	1204681	1204680	1019891652	15	650	17	1019892670				35	Поле 650 не содержит кода подполя.
rsl03_z00.dat	001204651	1204681	1204680	1019891652	16	650	18	1019892701				35	Поле 650 не содержит кода подполя.
rsl03_z00.dat	001204651	1204681	1204680	1019891652	17	912	19	1019892734				35	Поле 912 не содержит кода подполя.
rsl03_z00.dat	001204651	1204681	1204680	1019891652	19	337	22	1019892835				35	Поле 337 не содержит кода подполя.
rsl03_z00.dat	001204652	1204682	1204681	1019892864	7	041	9	1019893130				36	Поле 041 не содержит кода подполя.
rsl03_z00.dat	001204652	1204682	1204681	1019892864	12	250	14	1019893491				36	Поле 250 не содержит кода подполя.
rsl03_z00.dat	001204652	1204682	1204681	1019892864	13	260	15	1019893528				36	Поле 260 не содержит кода подполя.
rsl03_z00.dat	001204652	1204682	1204681	1019892864	14	300	16	1019893611				36	Поле 300 не содержит кода подполя.
rsl03_z00.dat	001204652	1204682	1204681	1019892864	15	504	17	1019893636				36	Поле 504 не содержит кода подполя.
rsl03_z00.dat	001204652	1204682	1204681	1019892864	17	650	19	1019894387				36	Поле 650 не содержит кода подполя.
rsl03_z00.dat	001204652	1204682	1204681	1019892864	18	650	20	1019894435				36	Поле 650 не содержит кода подполя.
rsl03_z00.dat	001204652	1204682	1204681	1019892864	19	912	21	1019894487				36	Поле 912 не содержит кода подполя.
rsl03_z00.dat	001204652	1204682	1204681	1019892864	20	336	23	1019894558				36	Поле 336 не содержит кода подполя.
rsl03_z00.dat	001204652	1204682	1204681	1019892864	21	337	24	1019894588				36	Поле 337 не содержит кода подполя.
rsl03_z00.dat	001204653	1204683	1204682	1019894617	7	041	9	1019894883				37	Поле 041 не содержит кода подполя.
rsl03_z00.dat	001204653	1204683	1204682	1019894617	11	260	13	1019895191				37	Поле 260 не содержит кода подполя.
rsl03_z00.dat	001204653	1204683	1204682	1019894617	12	300	14	1019895245				37	Поле 300 не содержит кода подполя.
rsl03_z00.dat	001204653	1204683	1204682	1019894617	16	650	18	1019896384				37	Поле 650 не содержит кода подполя.
rsl03_z00.dat	001204653	1204683	1204682	1019894617	17	650	19	1019896441				37	Поле 650 не содержит кода подполя.
rsl03_z00.dat	001204653	1204683	1204682	1019894617	18	700	20	1019896488				37	Поле 700 не содержит кода подполя.
rsl03_z00.dat	001204653	1204683	1204682	1019894617	19	912	21	1019896528				37	Поле 912 не содержит кода подполя.
rsl03_z00.dat	001204653	1204683	1204682	1019894617	20	336	23	1019896600				37	Поле 336 не содержит кода подполя.
rsl03_z00.dat	001204653	1204683	1204682	1019894617	21	337	24	1019896630				37	Поле 337 не содержит кода подполя.
rsl03_z00.dat	001204654	1204684	1204683	1019896659	7	041	9	1019896924				38	Поле 041 не содержит кода подполя.
rsl03_z00.dat	001204654	1204684	1204683	1019896659	10	260	12	1019897175				38	Поле 260 не содержит кода подполя.
rsl03_z00.dat	001204654	1204684	1204683	1019896659	11	300	13	1019897231				38	Поле 300 не содержит кода подполя.
rsl03_z00.dat	001204654	1204684	1204683	1019896659	12	504	14	1019897261				38	Поле 504 не содержит кода подполя.
rsl03_z00.dat	001204654	1204684	1204683	1019896659	14	650	16	1019898266				38	Поле 650 не содержит кода подполя.
rsl03_z00.dat	001204654	1204684	1204683	1019896659	15	650	17	1019898292				38	Поле 650 не содержит кода подполя.
rsl03_z00.dat	001204654	1204684	1204683	1019896659	16	700	18	1019898342				38	Поле 700 не содержит кода подполя.
rsl03_z00.dat	001204654	1204684	1204683	1019896659	17	700	19	1019898385				38	Поле 700 не содержит кода подполя.
rsl03_z00.dat	001204654	1204684	1204683	1019896659	18	710	20	1019898429				38	Поле 710 не содержит кода подполя.
rsl03_z00.dat	001204654	1204684	1204683	1019896659	19	912	21	1019898536				38	Поле 912 не содержит кода подполя.
rsl03_z00.dat	001204654	1204684	1204683	1019896659	20	336	23	1019898607				38	Поле 336 не содержит кода подполя.
rsl03_z00.dat	001204654	1204684	1204683	1019896659	21	337	24	1019898637				38	Поле 337 не содержит кода подполя.
rsl03_z00.dat	001204655	1204685	1204684	1019898665	7	041	9	1019898931				39	Поле 041 не содержит кода подполя.
rsl03_z00.dat	001204655	1204685	1204684	1019898665	10	260	12	1019899431				39	Поле 260 не содержит кода подполя.
rsl03_z00.dat	001204655	1204685	1204684	1019898665	11	300	13	1019899475				39	Поле 300 не содержит кода подполя.
rsl03_z00.dat	001204655	1204685	1204684	1019898665	12	500	14	1019899509				39	Поле 500 не содержит кода подполя.
rsl03_z00.dat	001204655	1204685	1204684	1019898665	13	500	15	1019899552				39	Поле 500 не содержит кода подполя.
rsl03_z00.dat	001204655	1204685	1204684	1019898665	14	504	16	1019899673				39	Поле 504 не содержит кода подполя.
rsl03_z00.dat	001204655	1204685	1204684	1019898665	16	650	18	1019900317				39	Поле 650 не содержит кода подполя.
rsl03_z00.dat	001204655	1204685	1204684	1019898665	17	650	19	1019900407				39	Поле 650 не содержит кода подполя.
rsl03_z00.dat	001204655	1204685	1204684	1019898665	18	700	20	1019900503				39	Поле 700 не содержит кода подполя.
rsl03_z00.dat	001204655	1204685	1204684	1019898665	19	700	21	1019900550				39	Поле 700 не содержит кода подполя.
rsl03_z00.dat	001204655	1204685	1204684	1019898665	20	700	22	1019900594				39	Поле 700 не содержит кода подполя.
rsl03_z00.dat	001204655	1204685	1204684	1019898665	21	710	23	1019900641				39	Поле 710 не содержит кода подполя.
rsl03_z00.dat	001204655	1204685	1204684	1019898665	22	912	24	1019900762				39	Поле 912 не содержит кода подполя.
rsl03_z00.dat	001204655	1204685	1204684	1019898665	23	336	26	1019900834				39	Поле 336 не содержит кода подполя.
rsl03_z00.dat	001204655	1204685	1204684	1019898665	24	337	27	1019900864				39	Поле 337 не содержит кода подполя.
rsl03_z00.dat	001204656	1204686	1204685	1019900893	9	260	11	1019901331				40	Поле 260 не содержит кода подполя.
rsl03_z00.dat	001204656	1204686	1204685	1019900893	12	650	14	1019901539				40	Поле 650 не содержит кода подполя.
rsl03_z00.dat	001204656	1204686	1204685	1019900893	14	700	16	1019901610				40	Поле 700 не содержит кода подполя.
rsl03_z00.dat	001204656	1204686	1204685	1019900893	15	710	17	1019901655				40	Поле 710 не содержит кода подполя.
rsl03_z00.dat	001204656	1204686	1204685	1019900893	16	912	18	1019901721				40	Поле 912 не содержит кода подполя.
rsl03_z00.dat	001204656	1204686	1204685	1019900893	17	336	20	1019901792				40	Поле 336 не содержит кода подполя.
rsl03_z00.dat	001204656	1204686	1204685	1019900893	18	337	21	1019901822				40	Поле 337 не содержит кода подполя.
rsl03_z00.dat	001204657	1204687	1204686	1019901851	7	041	9	1019902118				41	Поле 041 не содержит кода подполя.
rsl03_z00.dat	001204657	1204687	1204686	1019901851	13	650	15	1019902546				41	Поле 650 не содержит кода подполя.
rsl03_z00.dat	001204657	1204687	1204686	1019901851	14	650	16	1019902577				41	Поле 650 не содержит кода подполя.
rsl03_z00.dat	001204657	1204687	1204686	1019901851	15	700	17	1019902618				41	Поле 700 не содержит кода подполя.
rsl03_z00.dat	001204657	1204687	1204686	1019901851	16	710	18	1019902663				41	Поле 710 не содержит кода подполя.
rsl03_z00.dat	001204657	1204687	1204686	1019901851	17	773	19	1019902729				41	Поле 773 не содержит кода подполя.
rsl03_z00.dat	001204657	1204687	1204686	1019901851	18	912	20	1019902776				41	Поле 912 не содержит кода подполя.
rsl03_z00.dat	001204657	1204687	1204686	1019901851	20	337	23	1019902878				41	Поле 337 не содержит кода подполя.
rsl03_z00.dat	001204658	1204688	1204687	1019902907	11	300	13	1019903347				42	Поле 300 не содержит кода подполя.
rsl03_z00.dat	001204658	1204688	1204687	1019902907	13	336	16	1019903438				42	Поле 336 не содержит кода подполя.
rsl03_z00.dat	001204659	1204689	1204688	1019903496	7	041	9	1019903762				43	Поле 041 не содержит кода подполя.
rsl03_z00.dat	001204659	1204689	1204688	1019903496	9	245	11	1019903802				43	Поле 245 не содержит кода подполя.
rsl03_z00.dat	001204659	1204689	1204688	1019903496	10	260	12	1019903818				43	Поле 260 не содержит кода подполя.
rsl03_z00.dat	001204659	1204689	1204688	1019903496	13	773	15	1019904862				43	Поле 773 не содержит кода подполя.
rsl03_z00.dat	001204659	1204689	1204688	1019903496	14	912	16	1019904940				43	Поле 912 не содержит кода подполя.
rsl03_z00.dat	001204659	1204689	1204688	1019903496	16	337	19	1019905041				43	Поле 337 не содержит кода подполя.
rsl03_z00.dat	001204660	1204690	1204689	1019905070	7	041	9	1019905336				44	Поле 041 не содержит кода подполя.
rsl03_z00.dat	001204660	1204690	1204689	1019905070	11	260	13	1019905487				44	Поле 260 не содержит кода подполя.
rsl03_z00.dat	001204660	1204690	1204689	1019905070	14	650	16	1019905896				44	Поле 650 не содержит кода подполя.
rsl03_z00.dat	001204660	1204690	1204689	1019905070	15	912	17	1019905957				44	Поле 912 не содержит кода подполя.
rsl03_z00.dat	001204661	1204691	1204690	1019906088	7	041	9	1019906354				45	Поле 041 не содержит кода подполя.
rsl03_z00.dat	001204661	1204691	1204690	1019906088	11	250	13	1019906542				45	Поле 250 не содержит кода подполя.
rsl03_z00.dat	001204661	1204691	1204690	1019906088	16	650	18	1019906973				45	Поле 650 не содержит кода подполя.
rsl03_z00.dat	001204661	1204691	1204690	1019906088	17	650	19	1019907008				45	Поле 650 не содержит кода подполя.
rsl03_z00.dat	001204661	1204691	1204690	1019906088	18	650	20	1019907082				45	Поле 650 не содержит кода подполя.
rsl03_z00.dat	001204661	1204691	1204690	1019906088	19	912	21	1019907155				45	Поле 912 не содержит кода подполя.
rsl03_z00.dat	001204661	1204691	1204690	1019906088	21	337	24	1019907256				45	Поле 337 не содержит кода подполя.
rsl03_z00.dat	001204662	1204692	1204691	1019907285	7	041	9	1019907551				46	Поле 041 не содержит кода подполя.
rsl03_z00.dat	001204662	1204692	1204691	1019907285	14	650	16	1019908569				46	Поле 650 не содержит кода подполя.
rsl03_z00.dat	001204662	1204692	1204691	1019907285	15	650	17	1019908621				46	Поле 650 не содержит кода подполя.
rsl03_z00.dat	001204662	1204692	1204691	1019907285	16	650	18	1019908670				46	Поле 650 не содержит кода подполя.
rsl03_z00.dat	001204662	1204692	1204691	1019907285	17	650	19	1019908715				46	Поле 650 не содержит кода подполя.
rsl03_z00.dat	001204662	1204692	1204691	1019907285	18	700	20	1019908774				46	Поле 700 не содержит кода подполя.
rsl03_z00.dat	001204662	1204692	1204691	1019907285	19	912	21	1019908808				46	Поле 912 не содержит кода подполя.
rsl03_z00.dat	001204662	1204692	1204691	1019907285	20	336	23	1019908879				46	Поле 336 не содержит кода подполя.
rsl03_z00.dat	001204662	1204692	1204691	1019907285	21	337	24	1019908909				46	Поле 337 не содержит кода подполя.
rsl03_z00.dat	001204663	1204693	1204692	1019908938	14	650	16	1019909803				47	Поле 650 не содержит кода подполя.
rsl03_z00.dat	001204663	1204693	1204692	1019908938	15	650	17	1019909837				47	Поле 650 не содержит кода подполя.
rsl03_z00.dat	001204663	1204693	1204692	1019908938	16	912	18	1019909877				47	Поле 912 не содержит кода подполя.
rsl03_z00.dat	001204664	1204694	1204693	1019910009	11	300	13	1019910449				48	Поле 300 не содержит кода подполя.
rsl03_z00.dat	001204664	1204694	1204693	1019910009	13	336	16	1019910540				48	Поле 336 не содержит кода подполя.
rsl03_z00.dat	001204665	1204695	1204694	1019910598	7	041	9	1019910864				49	Поле 041 не содержит кода подполя.
rsl03_z00.dat	001204665	1204695	1204694	1019910598	9	245	11	1019910904				49	Поле 245 не содержит кода подполя.
rsl03_z00.dat	001204665	1204695	1204694	1019910598	10	260	12	1019910920				49	Поле 260 не содержит кода подполя.
rsl03_z00.dat	001204665	1204695	1204694	1019910598	13	773	15	1019912009				49	Поле 773 не содержит кода подполя.
rsl03_z00.dat	001204665	1204695	1204694	1019910598	14	912	16	1019912086				49	Поле 912 не содержит кода подполя.
rsl03_z00.dat	001204665	1204695	1204694	1019910598	16	337	19	1019912187				49	Поле 337 не содержит кода подполя.
rsl03_z00.dat	001204666	1204696	1204695	1019912216	7	041	9	1019912481				50	Поле 041 не содержит кода подполя.
rsl03_z00.dat	001204666	1204696	1204695	1019912216	10	260	12	1019912720				50	Поле 260 не содержит кода подполя.
rsl03_z00.dat	001204666	1204696	1204695	1019912216	11	300	13	1019912760				50	Поле 300 не содержит кода подполя.
rsl03_z00.dat	001204666	1204696	1204695	1019912216	12	500	14	1019912790				50	Поле 500 не содержит кода подполя.
rsl03_z00.dat	001204666	1204696	1204695	1019912216	15	650	17	1019913184				50	Поле 650 не содержит кода подполя.
rsl03_z00.dat	001204666	1204696	1204695	1019912216	16	700	18	1019913232				50	Поле 700 не содержит кода подполя.
rsl03_z00.dat	001204666	1204696	1204695	1019912216	17	700	19	1019913276				50	Поле 700 не содержит кода подполя.
rsl03_z00.dat	001204666	1204696	1204695	1019912216	18	700	20	1019913320				50	Поле 700 не содержит кода подполя.
rsl03_z00.dat	001204666	1204696	1204695	1019912216	19	700	21	1019913361				50	Поле 700 не содержит кода подполя.
rsl03_z00.dat	001204666	1204696	1204695	1019912216	20	912	22	1019913402				50	Поле 912 не содержит кода подполя.
rsl03_z00.dat	001204666	1204696	1204695	1019912216	21	336	24	1019913474				50	Поле 336 не содержит кода подполя.
rsl03_z00.dat	001204666	1204696	1204695	1019912216	22	337	25	1019913503				50	Поле 337 не содержит кода подполя.
rsl03_z00.dat	001204667	1204697	1204696	1019913532	7	041	9	1019913798				51	Поле 041 не содержит кода подполя.
rsl03_z00.dat	001204667	1204697	1204696	1019913532	15	650	17	1019915031				51	Поле 650 не содержит кода подполя.
rsl03_z00.dat	001204667	1204697	1204696	1019913532	16	650	18	1019915075				51	Поле 650 не содержит кода подполя.
rsl03_z00.dat	001204667	1204697	1204696	1019913532	17	700	19	1019915124				51	Поле 700 не содержит кода подполя.
rsl03_z00.dat	001204667	1204697	1204696	1019913532	18	700	20	1019915168				51	Поле 700 не содержит кода подполя.
rsl03_z00.dat	001204667	1204697	1204696	1019913532	19	912	21	1019915219				51	Поле 912 не содержит кода подполя.
rsl03_z00.dat	001204667	1204697	1204696	1019913532	20	336	23	1019915291				51	Поле 336 не содержит кода подполя.
rsl03_z00.dat	001204667	1204697	1204696	1019913532	21	337	24	1019915321				51	Поле 337 не содержит кода подполя.
rsl03_z00.dat	001204668	1204698	1204697	1019915350	7	041	9	1019915617				52	Поле 041 не содержит кода подполя.
rsl03_z00.dat	001204668	1204698	1204697	1019915350	11	260	13	1019915865				52	Поле 260 не содержит кода подполя.
rsl03_z00.dat	001204668	1204698	1204697	1019915350	12	300	14	1019915914				52	Поле 300 не содержит кода подполя.
rsl03_z00.dat	001204668	1204698	1204697	1019915350	14	650	16	1019916574				52	Поле 650 не содержит кода подполя.
rsl03_z00.dat	001204668	1204698	1204697	1019915350	15	700	17	1019916611				52	Поле 700 не содержит кода подполя.
rsl03_z00.dat	001204668	1204698	1204697	1019915350	16	912	18	1019916661				52	Поле 912 не содержит кода подполя.
rsl03_z00.dat	001204668	1204698	1204697	1019915350	17	336	20	1019916733				52	Поле 336 не содержит кода подполя.
rsl03_z00.dat	001204668	1204698	1204697	1019915350	18	337	21	1019916763				52	Поле 337 не содержит кода подполя.
rsl03_z00.dat	001204669	1204699	1204698	1019916792	7	041	9	1019917059				53	Поле 041 не содержит кода подполя.
rsl03_z00.dat	001204669	1204699	1204698	1019916792	11	260	13	1019917195				53	Поле 260 не содержит кода подполя.
rsl03_z00.dat	001204669	1204699	1204698	1019916792	12	300	14	1019917241				53	Поле 300 не содержит кода подполя.
rsl03_z00.dat	001204669	1204699	1204698	1019916792	15	650	17	1019917937				53	Поле 650 не содержит кода подполя.
rsl03_z00.dat	001204669	1204699	1204698	1019916792	16	700	18	1019917985				53	Поле 700 не содержит кода подполя.
rsl03_z00.dat	001204669	1204699	1204698	1019916792	17	912	19	1019918028				53	Поле 912 не содержит кода подполя.
rsl03_z00.dat	001204669	1204699	1204698	1019916792	19	337	22	1019918131				53	Поле 337 не содержит кода подполя.
rsl03_z00.dat	001204670	1204700	1204699	1019918160	7	041	9	1019918426				54	Поле 041 не содержит кода подполя.
rsl03_z00.dat	001204670	1204700	1204699	1019918160	10	260	12	1019918606				54	Поле 260 не содержит кода подполя.
rsl03_z00.dat	001204670	1204700	1204699	1019918160	11	300	13	1019918662				54	Поле 300 не содержит кода подполя.
rsl03_z00.dat	001204670	1204700	1204699	1019918160	13	650	15	1019919803				54	Поле 650 не содержит кода подполя.
rsl03_z00.dat	001204670	1204700	1204699	1019918160	14	650	16	1019919839				54	Поле 650 не содержит кода подполя.
rsl03_z00.dat	001204670	1204700	1204699	1019918160	15	700	17	1019919894				54	Поле 700 не содержит кода подполя.
rsl03_z00.dat	001204670	1204700	1204699	1019918160	16	700	18	1019919937				54	Поле 700 не содержит кода подполя.
rsl03_z00.dat	001204670	1204700	1204699	1019918160	17	700	19	1019919983				54	Поле 700 не содержит кода подполя.
rsl03_z00.dat	001204670	1204700	1204699	1019918160	18	700	20	1019920027				54	Поле 700 не содержит кода подполя.
rsl03_z00.dat	001204670	1204700	1204699	1019918160	19	912	21	1019920071				54	Поле 912 не содержит кода подполя.
rsl03_z00.dat	001204670	1204700	1204699	1019918160	20	336	23	1019920143				54	Поле 336 не содержит кода подполя.
rsl03_z00.dat	001204671	1204701	1204700	1019920203	10	300	12	1019920791				55	Поле 300 не содержит кода подполя.
rsl03_z00.dat	001204671	1204701	1204700	1019920203	12	650	14	1019920896				55	Поле 650 не содержит кода подполя.
rsl03_z00.dat	001204671	1204701	1204700	1019920203	13	650	15	1019920922				55	Поле 650 не содержит кода подполя.
rsl03_z00.dat	001204671	1204701	1204700	1019920203	17	912	19	1019921127				55	Поле 912 не содержит кода подполя.
rsl03_z00.dat	001204671	1204701	1204700	1019920203	18	336	21	1019921199				55	Поле 336 не содержит кода подполя.
rsl03_z00.dat	001204672	1204702	1204701	1019921257	7	041	9	1019921524				56	Поле 041 не содержит кода подполя.
rsl03_z00.dat	001204672	1204702	1204701	1019921257	9	245	11	1019921559				56	Поле 245 не содержит кода подполя.
rsl03_z00.dat	001204672	1204702	1204701	1019921257	13	650	15	1019922071				56	Поле 650 не содержит кода подполя.
rsl03_z00.dat	001204672	1204702	1204701	1019921257	14	650	16	1019922097				56	Поле 650 не содержит кода подполя.
rsl03_z00.dat	001204672	1204702	1204701	1019921257	15	700	17	1019922127				56	Поле 700 не содержит кода подполя.
rsl03_z00.dat	001204672	1204702	1204701	1019921257	16	700	18	1019922172				56	Поле 700 не содержит кода подполя.
rsl03_z00.dat	001204672	1204702	1204701	1019921257	17	710	19	1019922212				56	Поле 710 не содержит кода подполя.
rsl03_z00.dat	001204672	1204702	1204701	1019921257	18	773	20	1019922304				56	Поле 773 не содержит кода подполя.
rsl03_z00.dat	001204672	1204702	1204701	1019921257	19	912	21	1019922371				56	Поле 912 не содержит кода подполя.
rsl03_z00.dat	001204672	1204702	1204701	1019921257	21	337	24	1019922472				56	Поле 337 не содержит кода подполя.
rsl03_z00.dat	001204673	1204703	1204702	1019922501	10	260	12	1019922992				57	Поле 260 не содержит кода подполя.
rsl03_z00.dat	001204673	1204703	1204702	1019922501	11	300	13	1019923033				57	Поле 300 не содержит кода подполя.
rsl03_z00.dat	001204673	1204703	1204702	1019922501	13	504	15	1019923191				57	Поле 504 не содержит кода подполя.
rsl03_z00.dat	001204673	1204703	1204702	1019922501	16	650	18	1019923578				57	Поле 650 не содержит кода подполя.
rsl03_z00.dat	001204673	1204703	1204702	1019922501	17	650	19	1019923617				57	Поле 650 не содержит кода подполя.
rsl03_z00.dat	001204673	1204703	1204702	1019922501	18	710	20	1019923644				57	Поле 710 не содержит кода подполя.
rsl03_z00.dat	001204673	1204703	1204702	1019922501	19	912	21	1019923763				57	Поле 912 не содержит кода подполя.
rsl03_z00.dat	001204673	1204703	1204702	1019922501	20	336	23	1019923835				57	Поле 336 не содержит кода подполя.
rsl03_z00.dat	001204673	1204703	1204702	1019922501	21	337	24	1019923864				57	Поле 337 не содержит кода подполя.
rsl03_z00.dat	001204674	1204704	1204703	1019923893	14	650	16	1019924987				58	Поле 650 не содержит кода подполя.
rsl03_z00.dat	001204674	1204704	1204703	1019923893	15	912	17	1019925022				58	Поле 912 не содержит кода подполя.
rsl03_z00.dat	001204674	1204704	1204703	1019923893	17	337	20	1019925124				58	Поле 337 не содержит кода подполя.
rsl03_z00.dat	001204675	1204705	1204704	1019925153	7	041	9	1019925419				59	Поле 041 не содержит кода подполя.
rsl03_z00.dat	001204675	1204705	1204704	1019925153	12	300	14	1019925639				59	Поле 300 не содержит кода подполя.
rsl03_z00.dat	001204675	1204705	1204704	1019925153	14	700	16	1019925890				59	Поле 700 не содержит кода подполя.
rsl03_z00.dat	001204675	1204705	1204704	1019925153	15	912	17	1019925925				59	Поле 912 не содержит кода подполя.
rsl03_z00.dat	001204675	1204705	1204704	1019925153	17	337	20	1019926028				59	Поле 337 не содержит кода подполя.
rsl03_z00.dat	001204676	1204706	1204705	1019926057	11	260	13	1019926623				60	Поле 260 не содержит кода подполя.
rsl03_z00.dat	001204676	1204706	1204705	1019926057	12	300	14	1019926706				60	Поле 300 не содержит кода подполя.
rsl03_z00.dat	001204676	1204706	1204705	1019926057	14	546	16	1019926952				60	Поле 546 не содержит кода подполя.
rsl03_z00.dat	001204676	1204706	1204705	1019926057	17	912	19	1019927060				60	Поле 912 не содержит кода подполя.
rsl03_z00.dat	001204676	1204706	1204705	1019926057	18	336	21	1019927132				60	Поле 336 не содержит кода подполя.
rsl03_z00.dat	001204676	1204706	1204705	1019926057	19	337	22	1019927162				60	Поле 337 не содержит кода подполя.
rsl03_z00.dat	001204677	1204707	1204706	1019927191	7	041	9	1019927457				61	Поле 041 не содержит кода подполя.
rsl03_z00.dat	001204677	1204707	1204706	1019927191	12	300	14	1019927763				61	Поле 300 не содержит кода подполя.
rsl03_z00.dat	001204677	1204707	1204706	1019927191	13	504	15	1019927788				61	Поле 504 не содержит кода подполя.
rsl03_z00.dat	001204677	1204707	1204706	1019927191	15	650	17	1019928378				61	Поле 650 не содержит кода подполя.
rsl03_z00.dat	001204677	1204707	1204706	1019927191	16	650	18	1019928434				61	Поле 650 не содержит кода подполя.
rsl03_z00.dat	001204677	1204707	1204706	1019927191	17	700	19	1019928492				61	Поле 700 не содержит кода подполя.
rsl03_z00.dat	001204677	1204707	1204706	1019927191	18	912	20	1019928538				61	Поле 912 не содержит кода подполя.
rsl03_z00.dat	001204677	1204707	1204706	1019927191	19	336	22	1019928609				61	Поле 336 не содержит кода подполя.
rsl03_z00.dat	001204677	1204707	1204706	1019927191	20	337	23	1019928639				61	Поле 337 не содержит кода подполя.
rsl03_z00.dat	001204678	1204708	1204707	1019928668	11	260	13	1019929234				62	Поле 260 не содержит кода подполя.
rsl03_z00.dat	001204678	1204708	1204707	1019928668	12	300	14	1019929286				62	Поле 300 не содержит кода подполя.
rsl03_z00.dat	001204678	1204708	1204707	1019928668	13	546	15	1019929304				62	Поле 546 не содержит кода подполя.
rsl03_z00.dat	001204678	1204708	1204707	1019928668	14	650	16	1019929327				62	Поле 650 не содержит кода подполя.
rsl03_z00.dat	001204678	1204708	1204707	1019928668	15	912	17	1019929363				62	Поле 912 не содержит кода подполя.
rsl03_z00.dat	001204678	1204708	1204707	1019928668	16	336	19	1019929435				62	Поле 336 не содержит кода подполя.
rsl03_z00.dat	001204678	1204708	1204707	1019928668	17	337	20	1019929465				62	Поле 337 не содержит кода подполя.
rsl03_z00.dat	001204679	1204709	1204708	1019929494	7	041	9	1019929761				63	Поле 041 не содержит кода подполя.
rsl03_z00.dat	001204679	1204709	1204708	1019929494	9	245	11	1019929804				63	Поле 245 не содержит кода подполя.
rsl03_z00.dat	001204679	1204709	1204708	1019929494	13	650	15	1019930272				63	Поле 650 не содержит кода подполя.
rsl03_z00.dat	001204679	1204709	1204708	1019929494	14	773	16	1019930308				63	Поле 773 не содержит кода подполя.
rsl03_z00.dat	001204679	1204709	1204708	1019929494	15	912	17	1019930373				63	Поле 912 не содержит кода подполя.
rsl03_z00.dat	001204679	1204709	1204708	1019929494	17	337	20	1019930474				63	Поле 337 не содержит кода подполя.
rsl03_z00.dat	001204680	1204710	1204709	1019930503	7	041	9	1019930769				64	Поле 041 не содержит кода подполя.
rsl03_z00.dat	001204680	1204710	1204709	1019930503	11	260	13	1019930912				64	Поле 260 не содержит кода подполя.
rsl03_z00.dat	001204680	1204710	1204709	1019930503	15	912	17	1019931093				64	Поле 912 не содержит кода подполя.
rsl03_z00.dat	001204681	1204711	1204710	1019931224	7	041	9	1019931489				65	Поле 041 не содержит кода подполя.
rsl03_z00.dat	001204681	1204711	1204710	1019931224	11	260	13	1019931623				65	Поле 260 не содержит кода подполя.
rsl03_z00.dat	001204681	1204711	1204710	1019931224	14	650	16	1019932405				65	Поле 650 не содержит кода подполя.
rsl03_z00.dat	001204681	1204711	1204710	1019931224	15	912	17	1019932440				65	Поле 912 не содержит кода подполя.
rsl03_z00.dat	001204682	1204712	1204711	1019932571	12	300	14	1019933030				66	Поле 300 не содержит кода подполя.
rsl03_z00.dat	001204682	1204712	1204711	1019932571	14	650	16	1019933657				66	Поле 650 не содержит кода подполя.
rsl03_z00.dat	001204682	1204712	1204711	1019932571	15	650	17	1019933711				66	Поле 650 не содержит кода подполя.
rsl03_z00.dat	001204682	1204712	1204711	1019932571	16	650	18	1019933763				66	Поле 650 не содержит кода подполя.
rsl03_z00.dat	001204682	1204712	1204711	1019932571	17	912	19	1019933820				66	Поле 912 не содержит кода подполя.
rsl03_z00.dat	001204682	1204712	1204711	1019932571	18	336	21	1019933892				66	Поле 336 не содержит кода подполя.
rsl03_z00.dat	001204683	1204713	1204712	1019933952	11	260	13	1019934405				67	Поле 260 не содержит кода подполя.
rsl03_z00.dat	001204683	1204713	1204712	1019933952	12	300	14	1019934459				67	Поле 300 не содержит кода подполя.
rsl03_z00.dat	001204683	1204713	1204712	1019933952	15	650	17	1019935026				67	Поле 650 не содержит кода подполя.
rsl03_z00.dat	001204683	1204713	1204712	1019933952	16	912	18	1019935068				67	Поле 912 не содержит кода подполя.
rsl03_z00.dat	001204683	1204713	1204712	1019933952	18	337	21	1019935171				67	Поле 337 не содержит кода подполя.
rsl03_z00.dat	001204684	1204714	1204713	1019935200	7	041	9	1019935466				68	Поле 041 не содержит кода подполя.
rsl03_z00.dat	001204684	1204714	1204713	1019935200	14	650	16	1019935944				68	Поле 650 не содержит кода подполя.
rsl03_z00.dat	001204684	1204714	1204713	1019935200	15	912	17	1019935979				68	Поле 912 не содержит кода подполя.
rsl03_z00.dat	001204684	1204714	1204713	1019935200	16	336	19	1019936050				68	Поле 336 не содержит кода подполя.
rsl03_z00.dat	001204685	1204715	1204714	1019936108	7	041	9	1019936375				69	Поле 041 не содержит кода подполя.
rsl03_z00.dat	001204685	1204715	1204714	1019936108	13	650	15	1019937501				69	Поле 650 не содержит кода подполя.
rsl03_z00.dat	001204685	1204715	1204714	1019936108	14	650	16	1019937590				69	Поле 650 не содержит кода подполя.
rsl03_z00.dat	001204685	1204715	1204714	1019936108	15	650	17	1019937669				69	Поле 650 не содержит кода подполя.
rsl03_z00.dat	001204685	1204715	1204714	1019936108	16	710	18	1019937764				69	Поле 710 не содержит кода подполя.
rsl03_z00.dat	001204685	1204715	1204714	1019936108	17	912	19	1019937816				69	Поле 912 не содержит кода подполя.
rsl03_z00.dat	001204685	1204715	1204714	1019936108	18	336	21	1019937887				69	Поле 336 не содержит кода подполя.
rsl03_z00.dat	001204686	1204716	1204715	1019937947	7	041	9	1019938212				70	Поле 041 не содержит кода подполя.
rsl03_z00.dat	001204686	1204716	1204715	1019937947	12	300	14	1019938409				70	Поле 300 не содержит кода подполя.
rsl03_z00.dat	001204686	1204716	1204715	1019937947	14	650	16	1019939184				70	Поле 650 не содержит кода подполя.
rsl03_z00.dat	001204686	1204716	1204715	1019937947	15	650	17	1019939242				70	Поле 650 не содержит кода подполя.
rsl03_z00.dat	001204686	1204716	1204715	1019937947	16	912	18	1019939295				70	Поле 912 не содержит кода подполя.
rsl03_z00.dat	001204687	1204717	1204716	1019939426	7	041	9	1019939692				71	Поле 041 не содержит кода подполя.
rsl03_z00.dat	001204687	1204717	1204716	1019939426	11	300	13	1019939939				71	Поле 300 не содержит кода подполя.
rsl03_z00.dat	001204687	1204717	1204716	1019939426	13	650	15	1019940506				71	Поле 650 не содержит кода подполя.
rsl03_z00.dat	001204687	1204717	1204716	1019939426	14	650	16	1019940568				71	Поле 650 не содержит кода подполя.
rsl03_z00.dat	001204687	1204717	1204716	1019939426	15	700	17	1019940619				71	Поле 700 не содержит кода подполя.
rsl03_z00.dat	001204687	1204717	1204716	1019939426	16	710	18	1019940650				71	Поле 710 не содержит кода подполя.
rsl03_z00.dat	001204687	1204717	1204716	1019939426	17	912	19	1019940727				71	Поле 912 не содержит кода подполя.
rsl03_z00.dat	001204688	1204718	1204717	1019940859	7	041	9	1019941124				72	Поле 041 не содержит кода подполя.
rsl03_z00.dat	001204688	1204718	1204717	1019940859	10	260	12	1019941459				72	Поле 260 не содержит кода подполя.
rsl03_z00.dat	001204688	1204718	1204717	1019940859	11	300	13	1019941500				72	Поле 300 не содержит кода подполя.
rsl03_z00.dat	001204688	1204718	1204717	1019940859	12	504	14	1019941531				72	Поле 504 не содержит кода подполя.
rsl03_z00.dat	001204688	1204718	1204717	1019940859	14	650	16	1019942223				72	Поле 650 не содержит кода подполя.
rsl03_z00.dat	001204688	1204718	1204717	1019940859	15	650	17	1019942290				72	Поле 650 не содержит кода подполя.
rsl03_z00.dat	001204688	1204718	1204717	1019940859	16	700	18	1019942359				72	Поле 700 не содержит кода подполя.
rsl03_z00.dat	001204688	1204718	1204717	1019940859	17	710	19	1019942405				72	Поле 710 не содержит кода подполя.
rsl03_z00.dat	001204688	1204718	1204717	1019940859	18	912	20	1019942476				72	Поле 912 не содержит кода подполя.
rsl03_z00.dat	001204688	1204718	1204717	1019940859	19	336	22	1019942547				72	Поле 336 не содержит кода подполя.
rsl03_z00.dat	001204688	1204718	1204717	1019940859	20	337	23	1019942577				72	Поле 337 не содержит кода подполя.
rsl03_z00.dat	001204689	1204719	1204718	1019942606	11	250	13	1019943109				73	Поле 250 не содержит кода подполя.
rsl03_z00.dat	001204689	1204719	1204718	1019942606	12	260	14	1019943129				73	Поле 260 не содержит кода подполя.
rsl03_z00.dat	001204689	1204719	1204718	1019942606	13	300	15	1019943182				73	Поле 300 не содержит кода подполя.
rsl03_z00.dat	001204689	1204719	1204718	1019942606	15	650	17	1019943701				73	Поле 650 не содержит кода подполя.
rsl03_z00.dat	001204689	1204719	1204718	1019942606	16	650	18	1019943775				73	Поле 650 не содержит кода подполя.
rsl03_z00.dat	001204689	1204719	1204718	1019942606	17	912	19	1019943815				73	Поле 912 не содержит кода подполя.
rsl03_z00.dat	001204689	1204719	1204718	1019942606	18	336	21	1019943887				73	Поле 336 не содержит кода подполя.
rsl03_z00.dat	001204689	1204719	1204718	1019942606	19	337	22	1019943916				73	Поле 337 не содержит кода подполя.
rsl03_z00.dat	001204690	1204720	1204719	1019943945	7	041	9	1019944211				74	Поле 041 не содержит кода подполя.
rsl03_z00.dat	001204690	1204720	1204719	1019943945	13	504	15	1019944481				74	Поле 504 не содержит кода подполя.
rsl03_z00.dat	001204690	1204720	1204719	1019943945	15	650	17	1019945116				74	Поле 650 не содержит кода подполя.
rsl03_z00.dat	001204690	1204720	1204719	1019943945	16	912	18	1019945166				74	Поле 912 не содержит кода подполя.
rsl03_z00.dat	001204690	1204720	1204719	1019943945	18	337	21	1019945269				74	Поле 337 не содержит кода подполя.
rsl03_z00.dat	001204691	1204721	1204720	1019945298	7	041	9	1019945563				75	Поле 041 не содержит кода подполя.
rsl03_z00.dat	001204691	1204721	1204720	1019945298	10	260	12	1019945769				75	Поле 260 не содержит кода подполя.
rsl03_z00.dat	001204691	1204721	1204720	1019945298	15	546	17	1019946277				75	Поле 546 не содержит кода подполя.
rsl03_z00.dat	001204691	1204721	1204720	1019945298	16	700	18	1019946305				75	Поле 700 не содержит кода подполя.
rsl03_z00.dat	001204691	1204721	1204720	1019945298	17	710	19	1019946343				75	Поле 710 не содержит кода подполя.
rsl03_z00.dat	001204691	1204721	1204720	1019945298	18	912	20	1019946411				75	Поле 912 не содержит кода подполя.
rsl03_z00.dat	001204691	1204721	1204720	1019945298	19	336	22	1019946483				75	Поле 336 не содержит кода подполя.
rsl03_z00.dat	001204691	1204721	1204720	1019945298	20	337	23	1019946513				75	Поле 337 не содержит кода подполя.
rsl03_z00.dat	001204692	1204722	1204721	1019946542	7	041	9	1019946807				76	Поле 041 не содержит кода подполя.
rsl03_z00.dat	001204692	1204722	1204721	1019946542	10	260	12	1019947067				76	Поле 260 не содержит кода подполя.
rsl03_z00.dat	001204692	1204722	1204721	1019946542	11	300	13	1019947108				76	Поле 300 не содержит кода подполя.
rsl03_z00.dat	001204692	1204722	1204721	1019946542	12	500	14	1019947139				76	Поле 500 не содержит кода подполя.
rsl03_z00.dat	001204692	1204722	1204721	1019946542	17	650	19	1019947698				76	Поле 650 не содержит кода подполя.
rsl03_z00.dat	001204692	1204722	1204721	1019946542	18	700	20	1019947776				76	Поле 700 не содержит кода подполя.
rsl03_z00.dat	001204692	1204722	1204721	1019946542	19	700	21	1019947818				76	Поле 700 не содержит кода подполя.
rsl03_z00.dat	001204692	1204722	1204721	1019946542	20	700	22	1019947857				76	Поле 700 не содержит кода подполя.
rsl03_z00.dat	001204692	1204722	1204721	1019946542	21	710	23	1019947899				76	Поле 710 не содержит кода подполя.
rsl03_z00.dat	001204692	1204722	1204721	1019946542	22	912	24	1019947967				76	Поле 912 не содержит кода подполя.
rsl03_z00.dat	001204692	1204722	1204721	1019946542	23	336	26	1019948039				76	Поле 336 не содержит кода подполя.
rsl03_z00.dat	001204692	1204722	1204721	1019946542	24	337	27	1019948069				76	Поле 337 не содержит кода подполя.
rsl03_z00.dat	001204693	1204723	1204722	1019948098	7	041	9	1019948363				77	Поле 041 не содержит кода подполя.
rsl03_z00.dat	001204693	1204723	1204722	1019948098	11	260	13	1019948792				77	Поле 260 не содержит кода подполя.
rsl03_z00.dat	001204693	1204723	1204722	1019948098	12	300	14	1019948848				77	Поле 300 не содержит кода подполя.
rsl03_z00.dat	001204693	1204723	1204722	1019948098	13	504	15	1019948879				77	Поле 504 не содержит кода подполя.
rsl03_z00.dat	001204693	1204723	1204722	1019948098	17	912	19	1019949326				77	Поле 912 не содержит кода подполя.
rsl03_z00.dat	001204693	1204723	1204722	1019948098	19	337	22	1019949428				77	Поле 337 не содержит кода подполя.
rsl03_z00.dat	001204694	1204724	1204723	1019949457	7	041	9	1019949722				78	Поле 041 не содержит кода подполя.
rsl03_z00.dat	001204694	1204724	1204723	1019949457	10	260	12	1019949987				78	Поле 260 не содержит кода подполя.
rsl03_z00.dat	001204694	1204724	1204723	1019949457	11	300	13	1019950033				78	Поле 300 не содержит кода подполя.
rsl03_z00.dat	001204694	1204724	1204723	1019949457	16	650	18	1019950696				78	Поле 650 не содержит кода подполя.
rsl03_z00.dat	001204694	1204724	1204723	1019949457	17	650	19	1019950728				78	Поле 650 не содержит кода подполя.
rsl03_z00.dat	001204694	1204724	1204723	1019949457	18	700	20	1019950804				78	Поле 700 не содержит кода подполя.
rsl03_z00.dat	001204694	1204724	1204723	1019949457	19	710	21	1019950848				78	Поле 710 не содержит кода подполя.
rsl03_z00.dat	001204694	1204724	1204723	1019949457	20	912	22	1019950975				78	Поле 912 не содержит кода подполя.
rsl03_z00.dat	001204694	1204724	1204723	1019949457	21	336	24	1019951047				78	Поле 336 не содержит кода подполя.
rsl03_z00.dat	001204695	1204725	1204724	1019951107	7	041	9	1019951372				79	Поле 041 не содержит кода подполя.
rsl03_z00.dat	001204695	1204725	1204724	1019951107	10	260	12	1019951715				79	Поле 260 не содержит кода подполя.
rsl03_z00.dat	001204695	1204725	1204724	1019951107	11	300	13	1019951761				79	Поле 300 не содержит кода подполя.
rsl03_z00.dat	001204695	1204725	1204724	1019951107	15	650	17	1019952188				79	Поле 650 не содержит кода подполя.
rsl03_z00.dat	001204695	1204725	1204724	1019951107	16	650	18	1019952266				79	Поле 650 не содержит кода подполя.
rsl03_z00.dat	001204695	1204725	1204724	1019951107	19	710	21	1019952438				79	Поле 710 не содержит кода подполя.
rsl03_z00.dat	001204695	1204725	1204724	1019951107	20	912	22	1019952567				79	Поле 912 не содержит кода подполя.
rsl03_z00.dat	001204695	1204725	1204724	1019951107	21	336	24	1019952639				79	Поле 336 не содержит кода подполя.
rsl03_z00.dat	001204695	1204725	1204724	1019951107	22	337	25	1019952669				79	Поле 337 не содержит кода подполя.
rsl03_z00.dat	001204696	1204726	1204725	1019952698	11	260	13	1019953215				80	Поле 260 не содержит кода подполя.
rsl03_z00.dat	001204696	1204726	1204725	1019952698	12	300	14	1019953258				80	Поле 300 не содержит кода подполя.
rsl03_z00.dat	001204696	1204726	1204725	1019952698	14	650	16	1019953885				80	Поле 650 не содержит кода подполя.
rsl03_z00.dat	001204696	1204726	1204725	1019952698	15	650	17	1019953915				80	Поле 650 не содержит кода подполя.
rsl03_z00.dat	001204696	1204726	1204725	1019952698	16	650	18	1019953957				80	Поле 650 не содержит кода подполя.
rsl03_z00.dat	001204696	1204726	1204725	1019952698	17	650	19	1019953996				80	Поле 650 не содержит кода подполя.
rsl03_z00.dat	001204696	1204726	1204725	1019952698	18	912	20	1019954046				80	Поле 912 не содержит кода подполя.
rsl03_z00.dat	001204696	1204726	1204725	1019952698	19	336	22	1019954118				80	Поле 336 не содержит кода подполя.
rsl03_z00.dat	001204696	1204726	1204725	1019952698	20	337	23	1019954148				80	Поле 337 не содержит кода подполя.
rsl03_z00.dat	001204697	1204727	1204726	1019954177	11	250	13	1019954614				81	Поле 250 не содержит кода подполя.
rsl03_z00.dat	001204697	1204727	1204726	1019954177	15	546	17	1019955007				81	Поле 546 не содержит кода подполя.
rsl03_z00.dat	001204697	1204727	1204726	1019954177	16	650	18	1019955030				81	Поле 650 не содержит кода подполя.
rsl03_z00.dat	001204697	1204727	1204726	1019954177	17	650	19	1019955066				81	Поле 650 не содержит кода подполя.
rsl03_z00.dat	001204697	1204727	1204726	1019954177	18	650	20	1019955101				81	Поле 650 не содержит кода подполя.
rsl03_z00.dat	001204697	1204727	1204726	1019954177	19	700	21	1019955146				81	Поле 700 не содержит кода подполя.
rsl03_z00.dat	001204697	1204727	1204726	1019954177	20	912	22	1019955189				81	Поле 912 не содержит кода подполя.
rsl03_z00.dat	001204697	1204727	1204726	1019954177	21	336	24	1019955261				81	Поле 336 не содержит кода подполя.
rsl03_z00.dat	001204698	1204728	1204727	1019955319	7	041	9	1019955585				82	Поле 041 не содержит кода подполя.
rsl03_z00.dat	001204698	1204728	1204727	1019955319	11	250	13	1019955844				82	Поле 250 не содержит кода подполя.
rsl03_z00.dat	001204698	1204728	1204727	1019955319	12	260	14	1019955883				82	Поле 260 не содержит кода подполя.
rsl03_z00.dat	001204698	1204728	1204727	1019955319	13	300	15	1019955993				82	Поле 300 не содержит кода подполя.
rsl03_z00.dat	001204698	1204728	1204727	1019955319	16	650	18	1019956848				82	Поле 650 не содержит кода подполя.
rsl03_z00.dat	001204698	1204728	1204727	1019955319	17	700	19	1019956914				82	Поле 700 не содержит кода подполя.
rsl03_z00.dat	001204698	1204728	1204727	1019955319	18	912	20	1019956960				82	Поле 912 не содержит кода подполя.
rsl03_z00.dat	001204698	1204728	1204727	1019955319	20	337	23	1019957061				82	Поле 337 не содержит кода подполя.
rsl03_z00.dat	001204699	1204729	1204728	1019957090	10	260	12	1019957677				83	Поле 260 не содержит кода подполя.
rsl03_z00.dat	001204699	1204729	1204728	1019957090	11	300	13	1019957711				83	Поле 300 не содержит кода подполя.
rsl03_z00.dat	001204699	1204729	1204728	1019957090	15	546	17	1019959005				83	Поле 546 не содержит кода подполя.
rsl03_z00.dat	001204699	1204729	1204728	1019957090	16	650	18	1019959033				83	Поле 650 не содержит кода подполя.
rsl03_z00.dat	001204699	1204729	1204728	1019957090	17	650	19	1019959092				83	Поле 650 не содержит кода подполя.
rsl03_z00.dat	001204699	1204729	1204728	1019957090	18	700	20	1019959158				83	Поле 700 не содержит кода подполя.
rsl03_z00.dat	001204699	1204729	1204728	1019957090	19	710	21	1019959200				83	Поле 710 не содержит кода подполя.
rsl03_z00.dat	001204699	1204729	1204728	1019957090	20	912	22	1019959280				83	Поле 912 не содержит кода подполя.
rsl03_z00.dat	001204699	1204729	1204728	1019957090	21	336	24	1019959352				83	Поле 336 не содержит кода подполя.
rsl03_z00.dat	001204699	1204729	1204728	1019957090	22	337	25	1019959381				83	Поле 337 не содержит кода подполя.
rsl03_z00.dat	001204700	1204730	1204729	1019959410	7	041	9	1019959677				84	Поле 041 не содержит кода подполя.
rsl03_z00.dat	001204700	1204730	1204729	1019959410	10	260	12	1019959951				84	Поле 260 не содержит кода подполя.
rsl03_z00.dat	001204700	1204730	1204729	1019959410	11	300	13	1019960061				84	Поле 300 не содержит кода подполя.
rsl03_z00.dat	001204700	1204730	1204729	1019959410	13	504	15	1019960130				84	Поле 504 не содержит кода подполя.
rsl03_z00.dat	001204700	1204730	1204729	1019959410	15	650	17	1019961022				84	Поле 650 не содержит кода подполя.
rsl03_z00.dat	001204700	1204730	1204729	1019959410	16	650	18	1019961064				84	Поле 650 не содержит кода подполя.
rsl03_z00.dat	001204700	1204730	1204729	1019959410	17	650	19	1019961134				84	Поле 650 не содержит кода подполя.
rsl03_z00.dat	001204700	1204730	1204729	1019959410	18	650	20	1019961214				84	Поле 650 не содержит кода подполя.
rsl03_z00.dat	001204700	1204730	1204729	1019959410	19	700	21	1019961266				84	Поле 700 не содержит кода подполя.
rsl03_z00.dat	001204700	1204730	1204729	1019959410	20	700	22	1019961309				84	Поле 700 не содержит кода подполя.
rsl03_z00.dat	001204700	1204730	1204729	1019959410	21	700	23	1019961342				84	Поле 700 не содержит кода подполя.
rsl03_z00.dat	001204700	1204730	1204729	1019959410	22	912	24	1019961387				84	Поле 912 не содержит кода подполя.
rsl03_z00.dat	001204700	1204730	1204729	1019959410	23	336	26	1019961459				84	Поле 336 не содержит кода подполя.
rsl03_z00.dat	001204700	1204730	1204729	1019959410	24	337	27	1019961489				84	Поле 337 не содержит кода подполя.
rsl03_z00.dat	001204701	1204731	1204730	1019961517	7	041	9	1019961783				85	Поле 041 не содержит кода подполя.
rsl03_z00.dat	001204701	1204731	1204730	1019961517	11	260	13	1019962066				85	Поле 260 не содержит кода подполя.
rsl03_z00.dat	001204701	1204731	1204730	1019961517	12	300	14	1019962149				85	Поле 300 не содержит кода подполя.
rsl03_z00.dat	001204701	1204731	1204730	1019961517	13	490	15	1019962180				85	Поле 490 не содержит кода подполя.
rsl03_z00.dat	001204701	1204731	1204730	1019961517	16	650	18	1019963169				85	Поле 650 не содержит кода подполя.
rsl03_z00.dat	001204701	1204731	1204730	1019961517	17	650	19	1019963234				85	Поле 650 не содержит кода подполя.
rsl03_z00.dat	001204701	1204731	1204730	1019961517	18	650	20	1019963278				85	Поле 650 не содержит кода подполя.
rsl03_z00.dat	001204701	1204731	1204730	1019961517	19	912	21	1019963316				85	Поле 912 не содержит кода подполя.
rsl03_z00.dat	001204701	1204731	1204730	1019961517	20	336	23	1019963387				85	Поле 336 не содержит кода подполя.
rsl03_z00.dat	001204701	1204731	1204730	1019961517	21	337	24	1019963417				85	Поле 337 не содержит кода подполя.
rsl03_z00.dat	001204702	1204732	1204731	1019963446	7	041	9	1019963712				86	Поле 041 не содержит кода подполя.
rsl03_z00.dat	001204702	1204732	1204731	1019963446	10	260	12	1019963979				86	Поле 260 не содержит кода подполя.
rsl03_z00.dat	001204702	1204732	1204731	1019963446	13	504	15	1019964311				86	Поле 504 не содержит кода подполя.
rsl03_z00.dat	001204702	1204732	1204731	1019963446	15	650	17	1019965182				86	Поле 650 не содержит кода подполя.
rsl03_z00.dat	001204702	1204732	1204731	1019963446	16	650	18	1019965254				86	Поле 650 не содержит кода подполя.
rsl03_z00.dat	001204702	1204732	1204731	1019963446	17	700	19	1019965340				86	Поле 700 не содержит кода подполя.
rsl03_z00.dat	001204702	1204732	1204731	1019963446	18	700	20	1019965385				86	Поле 700 не содержит кода подполя.
rsl03_z00.dat	001204702	1204732	1204731	1019963446	19	710	21	1019965433				86	Поле 710 не содержит кода подполя.
rsl03_z00.dat	001204702	1204732	1204731	1019963446	20	912	22	1019965526				86	Поле 912 не содержит кода подполя.
rsl03_z00.dat	001204702	1204732	1204731	1019963446	21	336	24	1019965597				86	Поле 336 не содержит кода подполя.
rsl03_z00.dat	001204702	1204732	1204731	1019963446	22	337	25	1019965627				86	Поле 337 не содержит кода подполя.
rsl03_z00.dat	001204703	1204733	1204732	1019965656	7	041	9	1019965922				87	Поле 041 не содержит кода подполя.
rsl03_z00.dat	001204703	1204733	1204732	1019965656	10	260	12	1019966311				87	Поле 260 не содержит кода подполя.
rsl03_z00.dat	001204703	1204733	1204732	1019965656	11	300	13	1019966367				87	Поле 300 не содержит кода подполя.
rsl03_z00.dat	001204703	1204733	1204732	1019965656	12	490	14	1019966398				87	Поле 490 не содержит кода подполя.
rsl03_z00.dat	001204703	1204733	1204732	1019965656	13	500	15	1019966447				87	Поле 500 не содержит кода подполя.
rsl03_z00.dat	001204703	1204733	1204732	1019965656	14	504	16	1019966490				87	Поле 504 не содержит кода подполя.
rsl03_z00.dat	001204703	1204733	1204732	1019965656	16	650	18	1019967165				87	Поле 650 не содержит кода подполя.
rsl03_z00.dat	001204703	1204733	1204732	1019965656	17	650	19	1019967216				87	Поле 650 не содержит кода подполя.
rsl03_z00.dat	001204703	1204733	1204732	1019965656	18	650	20	1019967279				87	Поле 650 не содержит кода подполя.
rsl03_z00.dat	001204703	1204733	1204732	1019965656	19	650	21	1019967321				87	Поле 650 не содержит кода подполя.
rsl03_z00.dat	001204703	1204733	1204732	1019965656	20	700	22	1019967384				87	Поле 700 не содержит кода подполя.
rsl03_z00.dat	001204703	1204733	1204732	1019965656	21	700	23	1019967426				87	Поле 700 не содержит кода подполя.
rsl03_z00.dat	001204703	1204733	1204732	1019965656	22	700	24	1019967466				87	Поле 700 не содержит кода подполя.
rsl03_z00.dat	001204703	1204733	1204732	1019965656	23	710	25	1019967509				87	Поле 710 не содержит кода подполя.
rsl03_z00.dat	001204703	1204733	1204732	1019965656	24	912	26	1019967644				87	Поле 912 не содержит кода подполя.
rsl03_z00.dat	001204703	1204733	1204732	1019965656	25	336	28	1019967716				87	Поле 336 не содержит кода подполя.
rsl03_z00.dat	001204703	1204733	1204732	1019965656	26	337	29	1019967746				87	Поле 337 не содержит кода подполя.
rsl03_z00.dat	001204704	1204734	1204733	1019967775	7	041	9	1019968041				88	Поле 041 не содержит кода подполя.
rsl03_z00.dat	001204704	1204734	1204733	1019967775	11	260	13	1019968455				88	Поле 260 не содержит кода подполя.
rsl03_z00.dat	001204704	1204734	1204733	1019967775	12	300	14	1019968493				88	Поле 300 не содержит кода подполя.
rsl03_z00.dat	001204704	1204734	1204733	1019967775	13	504	15	1019968519				88	Поле 504 не содержит кода подполя.
rsl03_z00.dat	001204704	1204734	1204733	1019967775	15	650	17	1019969222				88	Поле 650 не содержит кода подполя.
rsl03_z00.dat	001204704	1204734	1204733	1019967775	16	700	18	1019969265				88	Поле 700 не содержит кода подполя.
rsl03_z00.dat	001204704	1204734	1204733	1019967775	17	700	19	1019969305				88	Поле 700 не содержит кода подполя.
rsl03_z00.dat	001204704	1204734	1204733	1019967775	18	912	20	1019969354				88	Поле 912 не содержит кода подполя.
rsl03_z00.dat	001204704	1204734	1204733	1019967775	19	336	22	1019969426				88	Поле 336 не содержит кода подполя.
rsl03_z00.dat	001204704	1204734	1204733	1019967775	20	337	23	1019969456				88	Поле 337 не содержит кода подполя.
rsl03_z00.dat	001204705	1204735	1204734	1019969485	7	041	9	1019969751				89	Поле 041 не содержит кода подполя.
rsl03_z00.dat	001204705	1204735	1204734	1019969485	11	260	13	1019969971				89	Поле 260 не содержит кода подполя.
rsl03_z00.dat	001204705	1204735	1204734	1019969485	12	300	14	1019970046				89	Поле 300 не содержит кода подполя.
rsl03_z00.dat	001204705	1204735	1204734	1019969485	15	555	17	1019970839				89	Поле 555 не содержит кода подполя.
rsl03_z00.dat	001204705	1204735	1204734	1019969485	16	650	18	1019970874				89	Поле 650 не содержит кода подполя.
rsl03_z00.dat	001204705	1204735	1204734	1019969485	17	700	19	1019970908				89	Поле 700 не содержит кода подполя.
rsl03_z00.dat	001204705	1204735	1204734	1019969485	18	912	20	1019970940				89	Поле 912 не содержит кода подполя.
rsl03_z00.dat	001204706	1204736	1204735	1019971071	7	041	9	1019971337				90	Поле 041 не содержит кода подполя.
rsl03_z00.dat	001204706	1204736	1204735	1019971071	13	650	15	1019971765				90	Поле 650 не содержит кода подполя.
rsl03_z00.dat	001204706	1204736	1204735	1019971071	14	700	16	1019971800				90	Поле 700 не содержит кода подполя.
rsl03_z00.dat	001204706	1204736	1204735	1019971071	15	912	17	1019971829				90	Поле 912 не содержит кода подполя.
rsl03_z00.dat	001204706	1204736	1204735	1019971071	16	336	19	1019971901				90	Поле 336 не содержит кода подполя.
rsl03_z00.dat	001204706	1204736	1204735	1019971071	17	337	20	1019971932				90	Поле 337 не содержит кода подполя.
rsl03_z00.dat	001204707	1204737	1204736	1019971961	7	041	9	1019972227				91	Поле 041 не содержит кода подполя.
rsl03_z00.dat	001204707	1204737	1204736	1019971961	11	260	13	1019972420				91	Поле 260 не содержит кода подполя.
rsl03_z00.dat	001204707	1204737	1204736	1019971961	15	650	17	1019973094				91	Поле 650 не содержит кода подполя.
rsl03_z00.dat	001204707	1204737	1204736	1019971961	16	700	18	1019973165				91	Поле 700 не содержит кода подполя.
rsl03_z00.dat	001204707	1204737	1204736	1019971961	17	912	19	1019973208				91	Поле 912 не содержит кода подполя.
rsl03_z00.dat	001204707	1204737	1204736	1019971961	19	337	22	1019973311				91	Поле 337 не содержит кода подполя.
rsl03_z00.dat	001204708	1204738	1204737	1019973340	7	041	9	1019973606				92	Поле 041 не содержит кода подполя.
rsl03_z00.dat	001204708	1204738	1204737	1019973340	11	260	13	1019973812				92	Поле 260 не содержит кода подполя.
rsl03_z00.dat	001204708	1204738	1204737	1019973340	12	300	14	1019973855				92	Поле 300 не содержит кода подполя.
rsl03_z00.dat	001204708	1204738	1204737	1019973340	15	650	17	1019974587				92	Поле 650 не содержит кода подполя.
rsl03_z00.dat	001204708	1204738	1204737	1019973340	16	650	18	1019974627				92	Поле 650 не содержит кода подполя.
rsl03_z00.dat	001204708	1204738	1204737	1019973340	17	912	19	1019974701				92	Поле 912 не содержит кода подполя.
rsl03_z00.dat	001204708	1204738	1204737	1019973340	18	336	21	1019974773				92	Поле 336 не содержит кода подполя.
rsl03_z00.dat	001204709	1204739	1204738	1019974833	7	041	9	1019975098				93	Поле 041 не содержит кода подполя.
rsl03_z00.dat	001204709	1204739	1204738	1019974833	10	260	12	1019975355				93	Поле 260 не содержит кода подполя.
rsl03_z00.dat	001204709	1204739	1204738	1019974833	11	300	13	1019975411				93	Поле 300 не содержит кода подполя.
rsl03_z00.dat	001204709	1204739	1204738	1019974833	12	500	14	1019975442				93	Поле 500 не содержит кода подполя.
rsl03_z00.dat	001204709	1204739	1204738	1019974833	15	650	17	1019975931				93	Поле 650 не содержит кода подполя.
rsl03_z00.dat	001204709	1204739	1204738	1019974833	16	650	18	1019975960				93	Поле 650 не содержит кода подполя.
rsl03_z00.dat	001204709	1204739	1204738	1019974833	17	700	19	1019976005				93	Поле 700 не содержит кода подполя.
rsl03_z00.dat	001204709	1204739	1204738	1019974833	18	700	20	1019976049				93	Поле 700 не содержит кода подполя.
rsl03_z00.dat	001204709	1204739	1204738	1019974833	19	700	21	1019976092				93	Поле 700 не содержит кода подполя.
rsl03_z00.dat	001204709	1204739	1204738	1019974833	20	710	22	1019976134				93	Поле 710 не содержит кода подполя.
rsl03_z00.dat	001204709	1204739	1204738	1019974833	21	912	23	1019976243				93	Поле 912 не содержит кода подполя.
rsl03_z00.dat	001204709	1204739	1204738	1019974833	22	336	25	1019976315				93	Поле 336 не содержит кода подполя.
rsl03_z00.dat	001204709	1204739	1204738	1019974833	23	337	26	1019976345				93	Поле 337 не содержит кода подполя.
rsl03_z00.dat	001204710	1204740	1204739	1019976374	14	260	16	1019976976				94	Поле 260 не содержит кода подполя.
rsl03_z00.dat	001204710	1204740	1204739	1019976374	19	600	21	1019977731				94	Поле 600 не содержит кода подполя.
rsl03_z00.dat	001204710	1204740	1204739	1019976374	20	650	22	1019977781				94	Поле 650 не содержит кода подполя.
rsl03_z00.dat	001204710	1204740	1204739	1019976374	21	650	23	1019977881				94	Поле 650 не содержит кода подполя.
rsl03_z00.dat	001204710	1204740	1204739	1019976374	22	650	24	1019977945				94	Поле 650 не содержит кода подполя.
rsl03_z00.dat	001204710	1204740	1204739	1019976374	23	700	25	1019978021				94	Поле 700 не содержит кода подполя.
rsl03_z00.dat	001204710	1204740	1204739	1019976374	24	700	26	1019978069				94	Поле 700 не содержит кода подполя.
rsl03_z00.dat	001204710	1204740	1204739	1019976374	25	912	27	1019978112				94	Поле 912 не содержит кода подполя.
rsl03_z00.dat	001204710	1204740	1204739	1019976374	26	336	29	1019978184				94	Поле 336 не содержит кода подполя.
rsl03_z00.dat	001204710	1204740	1204739	1019976374	27	337	30	1019978213				94	Поле 337 не содержит кода подполя.
rsl03_z00.dat	001204711	1204741	1204740	1019978241	7	041	9	1019978507				95	Поле 041 не содержит кода подполя.
rsl03_z00.dat	001204711	1204741	1204740	1019978241	10	260	12	1019978825				95	Поле 260 не содержит кода подполя.
rsl03_z00.dat	001204711	1204741	1204740	1019978241	11	300	13	1019978879				95	Поле 300 не содержит кода подполя.
rsl03_z00.dat	001204711	1204741	1204740	1019978241	12	504	14	1019978910				95	Поле 504 не содержит кода подполя.
rsl03_z00.dat	001204711	1204741	1204740	1019978241	14	650	16	1019979497				95	Поле 650 не содержит кода подполя.
rsl03_z00.dat	001204711	1204741	1204740	1019978241	15	700	17	1019979546				95	Поле 700 не содержит кода подполя.
rsl03_z00.dat	001204711	1204741	1204740	1019978241	16	710	18	1019979593				95	Поле 710 не содержит кода подполя.
rsl03_z00.dat	001204711	1204741	1204740	1019978241	17	912	19	1019979691				95	Поле 912 не содержит кода подполя.
rsl03_z00.dat	001204711	1204741	1204740	1019978241	18	336	21	1019979763				95	Поле 336 не содержит кода подполя.
rsl03_z00.dat	001204711	1204741	1204740	1019978241	19	337	22	1019979793				95	Поле 337 не содержит кода подполя.
rsl03_z00.dat	001204712	1204742	1204741	1019979822	7	041	9	1019980087				96	Поле 041 не содержит кода подполя.
rsl03_z00.dat	001204712	1204742	1204741	1019979822	11	260	13	1019980430				96	Поле 260 не содержит кода подполя.
rsl03_z00.dat	001204712	1204742	1204741	1019979822	12	300	14	1019980486				96	Поле 300 не содержит кода подполя.
rsl03_z00.dat	001204712	1204742	1204741	1019979822	13	500	15	1019980517				96	Поле 500 не содержит кода подполя.
rsl03_z00.dat	001204712	1204742	1204741	1019979822	15	650	17	1019980831				96	Поле 650 не содержит кода подполя.
rsl03_z00.dat	001204712	1204742	1204741	1019979822	16	650	18	1019980879				96	Поле 650 не содержит кода подполя.
rsl03_z00.dat	001204712	1204742	1204741	1019979822	17	650	19	1019980906				96	Поле 650 не содержит кода подполя.
rsl03_z00.dat	001204712	1204742	1204741	1019979822	19	912	21	1019980989				96	Поле 912 не содержит кода подполя.
rsl03_z00.dat	001204712	1204742	1204741	1019979822	20	336	23	1019981061				96	Поле 336 не содержит кода подполя.
rsl03_z00.dat	001204712	1204742	1204741	1019979822	21	337	24	1019981091				96	Поле 337 не содержит кода подполя.
rsl03_z00.dat	001204713	1204743	1204742	1019981120	10	260	12	1019981687				97	Поле 260 не содержит кода подполя.
rsl03_z00.dat	001204713	1204743	1204742	1019981120	12	650	14	1019981763				97	Поле 650 не содержит кода подполя.
rsl03_z00.dat	001204713	1204743	1204742	1019981120	13	912	15	1019981804				97	Поле 912 не содержит кода подполя.
rsl03_z00.dat	001204713	1204743	1204742	1019981120	15	337	18	1019981906				97	Поле 337 не содержит кода подполя.
rsl03_z00.dat	001204714	1204744	1204743	1019981935	7	041	9	1019982201				98	Поле 041 не содержит кода подполя.
rsl03_z00.dat	001204714	1204744	1204743	1019981935	9	245	11	1019982242				98	Поле 245 не содержит кода подполя.
rsl03_z00.dat	001204714	1204744	1204743	1019981935	13	650	15	1019983324				98	Поле 650 не содержит кода подполя.
rsl03_z00.dat	001204714	1204744	1204743	1019981935	14	773	16	1019983365				98	Поле 773 не содержит кода подполя.
rsl03_z00.dat	001204714	1204744	1204743	1019981935	15	912	17	1019983567				98	Поле 912 не содержит кода подполя.
rsl03_z00.dat	001204714	1204744	1204743	1019981935	17	337	20	1019983668				98	Поле 337 не содержит кода подполя.
rsl03_z00.dat	001204715	1204745	1204744	1019983697	7	041	9	1019983963				99	Поле 041 не содержит кода подполя.
rsl03_z00.dat	001204715	1204745	1204744	1019983697	12	300	14	1019984191				99	Поле 300 не содержит кода подполя.
rsl03_z00.dat	001204715	1204745	1204744	1019983697	15	700	17	1019985371				99	Поле 700 не содержит кода подполя.
rsl03_z00.dat	001204715	1204745	1204744	1019983697	16	912	18	1019985423				99	Поле 912 не содержит кода подполя.
rsl03_z00.dat	001204716	1204746	1204745	1019985554	7	041	9	1019985820				100	Поле 041 не содержит кода подполя.
rsl03_z00.dat	001204716	1204746	1204745	1019985554	11	260	13	1019986198				100	Поле 260 не содержит кода подполя.
rsl03_z00.dat	001204716	1204746	1204745	1019985554	12	300	14	1019986244				100	Поле 300 не содержит кода подполя.
rsl03_z00.dat	001204716	1204746	1204745	1019985554	13	504	15	1019986291				100	Поле 504 не содержит кода подполя.
rsl03_z00.dat	001204716	1204746	1204745	1019985554	15	650	17	1019987352				100	Поле 650 не содержит кода подполя.
rsl03_z00.dat	001204716	1204746	1204745	1019985554	16	650	18	1019987404				100	Поле 650 не содержит кода подполя.
rsl03_z00.dat	001204716	1204746	1204745	1019985554	17	650	19	1019987463				100	Поле 650 не содержит кода подполя.
rsl03_z00.dat	001204716	1204746	1204745	1019985554	18	650	20	1019987512				100	Поле 650 не содержит кода подполя.
rsl03_z00.dat	001204716	1204746	1204745	1019985554	19	700	21	1019987557				100	Поле 700 не содержит кода подполя.
rsl03_z00.dat	001204716	1204746	1204745	1019985554	20	700	22	1019987603				100	Поле 700 не содержит кода подполя.
rsl03_z00.dat	001204716	1204746	1204745	1019985554	21	912	23	1019987649				100	Поле 912 не содержит кода подполя.
rsl03_z00.dat	001204716	1204746	1204745	1019985554	22	336	25	1019987721				100	Поле 336 не содержит кода подполя.
rsl03_z00.dat	001204716	1204746	1204745	1019985554	23	337	26	1019987751				100	Поле 337 не содержит кода подполя.
rsl03_z00.dat	001204717	1204747	1204746	1019987780	7	041	9	1019988048				101	Поле 041 не содержит кода подполя.
rsl03_z00.dat	001204717	1204747	1204746	1019987780	12	300	14	1019988269				101	Поле 300 не содержит кода подполя.
rsl03_z00.dat	001204717	1204747	1204746	1019987780	15	650	17	1019989001				101	Поле 650 не содержит кода подполя.
rsl03_z00.dat	001204717	1204747	1204746	1019987780	16	700	18	1019989042				101	Поле 700 не содержит кода подполя.
rsl03_z00.dat	001204717	1204747	1204746	1019987780	17	912	19	1019989077				101	Поле 912 не содержит кода подполя.
rsl03_z00.dat	001204717	1204747	1204746	1019987780	18	336	21	1019989148				101	Поле 336 не содержит кода подполя.
rsl03_z00.dat	001204718	1204748	1204747	1019989205	7	041	9	1019989471				102	Поле 041 не содержит кода подполя.
rsl03_z00.dat	001204718	1204748	1204747	1019989205	12	300	14	1019989922				102	Поле 300 не содержит кода подполя.
rsl03_z00.dat	001204718	1204748	1204747	1019989205	13	504	15	1019989953				102	Поле 504 не содержит кода подполя.
rsl03_z00.dat	001204718	1204748	1204747	1019989205	15	650	17	1019990603				102	Поле 650 не содержит кода подполя.
rsl03_z00.dat	001204718	1204748	1204747	1019989205	16	650	18	1019990681				102	Поле 650 не содержит кода подполя.
rsl03_z00.dat	001204718	1204748	1204747	1019989205	17	700	19	1019990709				102	Поле 700 не содержит кода подполя.
rsl03_z00.dat	001204718	1204748	1204747	1019989205	18	700	20	1019990756				102	Поле 700 не содержит кода подполя.
rsl03_z00.dat	001204718	1204748	1204747	1019989205	19	912	21	1019990809				102	Поле 912 не содержит кода подполя.
rsl03_z00.dat	001204718	1204748	1204747	1019989205	20	336	23	1019990881				102	Поле 336 не содержит кода подполя.
rsl03_z00.dat	001204718	1204748	1204747	1019989205	21	337	24	1019990911				102	Поле 337 не содержит кода подполя.
rsl03_z00.dat	001204719	1204749	1204748	1019990939	10	260	12	1019991453				103	Поле 260 не содержит кода подполя.
rsl03_z00.dat	001204719	1204749	1204748	1019990939	11	300	13	1019991498				103	Поле 300 не содержит кода подполя.
rsl03_z00.dat	001204719	1204749	1204748	1019990939	15	546	17	1019992099				103	Поле 546 не содержит кода подполя.
rsl03_z00.dat	001204719	1204749	1204748	1019990939	16	650	18	1019992147				103	Поле 650 не содержит кода подполя.
rsl03_z00.dat	001204719	1204749	1204748	1019990939	17	650	19	1019992196				103	Поле 650 не содержит кода подполя.
rsl03_z00.dat	001204719	1204749	1204748	1019990939	18	650	20	1019992249				103	Поле 650 не содержит кода подполя.
rsl03_z00.dat	001204719	1204749	1204748	1019990939	19	650	21	1019992306				103	Поле 650 не содержит кода подполя.
rsl03_z00.dat	001204719	1204749	1204748	1019990939	20	700	22	1019992356				103	Поле 700 не содержит кода подполя.
rsl03_z00.dat	001204719	1204749	1204748	1019990939	21	710	23	1019992401				103	Поле 710 не содержит кода подполя.
rsl03_z00.dat	001204719	1204749	1204748	1019990939	22	912	24	1019992494				103	Поле 912 не содержит кода подполя.
rsl03_z00.dat	001204719	1204749	1204748	1019990939	23	336	26	1019992566				103	Поле 336 не содержит кода подполя.
rsl03_z00.dat	001204720	1204750	1204749	1019992626	7	041	9	1019992892				104	Поле 041 не содержит кода подполя.
rsl03_z00.dat	001204720	1204750	1204749	1019992626	10	260	12	1019993184				104	Поле 260 не содержит кода подполя.
rsl03_z00.dat	001204720	1204750	1204749	1019992626	11	300	13	1019993231				104	Поле 300 не содержит кода подполя.
rsl03_z00.dat	001204720	1204750	1204749	1019992626	15	600	17	1019994184				104	Поле 600 не содержит кода подполя.
rsl03_z00.dat	001204720	1204750	1204749	1019992626	16	650	18	1019994227				104	Поле 650 не содержит кода подполя.
rsl03_z00.dat	001204720	1204750	1204749	1019992626	17	650	19	1019994265				104	Поле 650 не содержит кода подполя.
rsl03_z00.dat	001204720	1204750	1204749	1019992626	18	700	20	1019994307				104	Поле 700 не содержит кода подполя.
rsl03_z00.dat	001204720	1204750	1204749	1019992626	19	710	21	1019994353				104	Поле 710 не содержит кода подполя.
rsl03_z00.dat	001204720	1204750	1204749	1019992626	20	912	22	1019994401				104	Поле 912 не содержит кода подполя.
rsl03_z00.dat	001204720	1204750	1204749	1019992626	21	336	24	1019994473				104	Поле 336 не содержит кода подполя.
rsl03_z00.dat	001204720	1204750	1204749	1019992626	22	337	25	1019994503				104	Поле 337 не содержит кода подполя.
rsl03_z00.dat	001204721	1204751	1204750	1019994532	7	041	9	1019994799				105	Поле 041 не содержит кода подполя.
rsl03_z00.dat	001204721	1204751	1204750	1019994532	14	650	16	1019995477				105	Поле 650 не содержит кода подполя.
rsl03_z00.dat	001204721	1204751	1204750	1019994532	15	650	17	1019995526				105	Поле 650 не содержит кода подполя.
rsl03_z00.dat	001204721	1204751	1204750	1019994532	16	650	18	1019995572				105	Поле 650 не содержит кода подполя.
rsl03_z00.dat	001204721	1204751	1204750	1019994532	17	912	19	1019995617				105	Поле 912 не содержит кода подполя.
rsl03_z00.dat	001204721	1204751	1204750	1019994532	18	336	21	1019995689				105	Поле 336 не содержит кода подполя.
rsl03_z00.dat	001204722	1204752	1204751	1019995749	7	041	9	1019996015				106	Поле 041 не содержит кода подполя.
rsl03_z00.dat	001204722	1204752	1204751	1019995749	12	300	14	1019996325				106	Поле 300 не содержит кода подполя.
rsl03_z00.dat	001204722	1204752	1204751	1019995749	13	504	15	1019996372				106	Поле 504 не содержит кода подполя.
rsl03_z00.dat	001204722	1204752	1204751	1019995749	15	546	17	1019997072				106	Поле 546 не содержит кода подполя.
rsl03_z00.dat	001204722	1204752	1204751	1019995749	16	650	18	1019997094				106	Поле 650 не содержит кода подполя.
rsl03_z00.dat	001204722	1204752	1204751	1019995749	17	650	19	1019997149				106	Поле 650 не содержит кода подполя.
rsl03_z00.dat	001204722	1204752	1204751	1019995749	18	912	20	1019997203				106	Поле 912 не содержит кода подполя.
rsl03_z00.dat	001204722	1204752	1204751	1019995749	19	336	22	1019997275				106	Поле 336 не содержит кода подполя.
rsl03_z00.dat	001204722	1204752	1204751	1019995749	20	337	23	1019997305				106	Поле 337 не содержит кода подполя.
rsl03_z00.dat	001204723	1204753	1204752	1019997334	7	041	9	1019997600				107	Поле 041 не содержит кода подполя.
rsl03_z00.dat	001204723	1204753	1204752	1019997334	11	260	13	1019997913				107	Поле 260 не содержит кода подполя.
rsl03_z00.dat	001204723	1204753	1204752	1019997334	12	300	14	1019997993				107	Поле 300 не содержит кода подполя.
rsl03_z00.dat	001204723	1204753	1204752	1019997334	13	504	15	1019998024				107	Поле 504 не содержит кода подполя.
rsl03_z00.dat	001204723	1204753	1204752	1019997334	15	650	17	1019998432				107	Поле 650 не содержит кода подполя.
rsl03_z00.dat	001204723	1204753	1204752	1019997334	16	650	18	1019998517				107	Поле 650 не содержит кода подполя.
rsl03_z00.dat	001204723	1204753	1204752	1019997334	17	650	19	1019998562				107	Поле 650 не содержит кода подполя.
rsl03_z00.dat	001204723	1204753	1204752	1019997334	18	700	20	1019998607				107	Поле 700 не содержит кода подполя.
rsl03_z00.dat	001204723	1204753	1204752	1019997334	19	912	21	1019998649				107	Поле 912 не содержит кода подполя.
rsl03_z00.dat	001204723	1204753	1204752	1019997334	20	336	23	1019998721				107	Поле 336 не содержит кода подполя.
rsl03_z00.dat	001204723	1204753	1204752	1019997334	21	337	24	1019998750				107	Поле 337 не содержит кода подполя.
rsl03_z00.dat	001204724	1204754	1204753	1019998779	7	041	9	1019999045				108	Поле 041 не содержит кода подполя.
rsl03_z00.dat	001204724	1204754	1204753	1019998779	12	300	14	1019999273				108	Поле 300 не содержит кода подполя.
rsl03_z00.dat	001204724	1204754	1204753	1019998779	15	912	17	1019999720				108	Поле 912 не содержит кода подполя.
rsl03_z00.dat	001204724	1204754	1204753	1019998779	17	337	20	1019999823				108	Поле 337 не содержит кода подполя.
rsl03_z00.dat	001204725	1204755	1204754	1019999852	11	300	13	1020000292				109	Поле 300 не содержит кода подполя.
rsl03_z00.dat	001204725	1204755	1204754	1019999852	14	336	17	1020000419				109	Поле 336 не содержит кода подполя.
rsl03_z00.dat	001204726	1204756	1204755	1020000477	7	041	9	1020000743				110	Поле 041 не содержит кода подполя.
rsl03_z00.dat	001204726	1204756	1204755	1020000477	9	245	11	1020000783				110	Поле 245 не содержит кода подполя.
rsl03_z00.dat	001204726	1204756	1204755	1020000477	10	260	12	1020000799				110	Поле 260 не содержит кода подполя.
rsl03_z00.dat	001204726	1204756	1204755	1020000477	13	650	15	1020001466				110	Поле 650 не содержит кода подполя.
rsl03_z00.dat	001204726	1204756	1204755	1020000477	14	773	16	1020001501				110	Поле 773 не содержит кода подполя.
rsl03_z00.dat	001204726	1204756	1204755	1020000477	15	912	17	1020001564				110	Поле 912 не содержит кода подполя.
rsl03_z00.dat	001204726	1204756	1204755	1020000477	17	337	20	1020001665				110	Поле 337 не содержит кода подполя.
rsl03_z00.dat	001204727	1204757	1204756	1020001694	7	041	9	1020001960				111	Поле 041 не содержит кода подполя.
rsl03_z00.dat	001204727	1204757	1204756	1020001694	11	260	13	1020002094				111	Поле 260 не содержит кода подполя.
rsl03_z00.dat	001204727	1204757	1204756	1020001694	14	650	16	1020002782				111	Поле 650 не содержит кода подполя.
rsl03_z00.dat	001204727	1204757	1204756	1020001694	15	912	17	1020002817				111	Поле 912 не содержит кода подполя.
rsl03_z00.dat	001204728	1204758	1204757	1020002949	7	041	9	1020003215				112	Поле 041 не содержит кода подполя.
rsl03_z00.dat	001204728	1204758	1204757	1020002949	11	260	13	1020003580				112	Поле 260 не содержит кода подполя.
rsl03_z00.dat	001204728	1204758	1204757	1020002949	12	300	14	1020003626				112	Поле 300 не содержит кода подполя.
rsl03_z00.dat	001204728	1204758	1204757	1020002949	13	504	15	1020003652				112	Поле 504 не содержит кода подполя.
rsl03_z00.dat	001204728	1204758	1204757	1020002949	15	650	17	1020004139				112	Поле 650 не содержит кода подполя.
rsl03_z00.dat	001204728	1204758	1204757	1020002949	16	650	18	1020004232				112	Поле 650 не содержит кода подполя.
rsl03_z00.dat	001204728	1204758	1204757	1020002949	17	650	19	1020004278				112	Поле 650 не содержит кода подполя.
rsl03_z00.dat	001204728	1204758	1204757	1020002949	18	700	20	1020004336				112	Поле 700 не содержит кода подполя.
rsl03_z00.dat	001204728	1204758	1204757	1020002949	19	912	21	1020004377				112	Поле 912 не содержит кода подполя.
rsl03_z00.dat	001204728	1204758	1204757	1020002949	20	336	23	1020004449				112	Поле 336 не содержит кода подполя.
rsl03_z00.dat	001204728	1204758	1204757	1020002949	21	337	24	1020004478				112	Поле 337 не содержит кода подполя.
rsl03_z00.dat	001204729	1204759	1204758	1020004507	7	041	9	1020004772				113	Поле 041 не содержит кода подполя.
rsl03_z00.dat	001204729	1204759	1204758	1020004507	10	260	12	1020005223				113	Поле 260 не содержит кода подполя.
rsl03_z00.dat	001204729	1204759	1204758	1020004507	11	300	13	1020005265				113	Поле 300 не содержит кода подполя.
rsl03_z00.dat	001204729	1204759	1204758	1020004507	12	504	14	1020005299				113	Поле 504 не содержит кода подполя.
rsl03_z00.dat	001204729	1204759	1204758	1020004507	18	336	21	1020005787				113	Поле 336 не содержит кода подполя.
rsl03_z00.dat	001204729	1204759	1204758	1020004507	19	337	22	1020005817				113	Поле 337 не содержит кода подполя.
rsl03_z00.dat	001204730	1204760	1204759	1020005846	10	260	12	1020006220				114	Поле 260 не содержит кода подполя.
rsl03_z00.dat	001204730	1204760	1204759	1020005846	11	300	13	1020006252				114	Поле 300 не содержит кода подполя.
rsl03_z00.dat	001204730	1204760	1204759	1020005846	15	912	17	1020006439				114	Поле 912 не содержит кода подполя.
rsl03_z00.dat	001204731	1204761	1204760	1020006572	7	041	9	1020006841				115	Поле 041 не содержит кода подполя.
rsl03_z00.dat	001204731	1204761	1204760	1020006572	11	260	13	1020006962				115	Поле 260 не содержит кода подполя.
rsl03_z00.dat	001204731	1204761	1204760	1020006572	14	650	16	1020007224				115	Поле 650 не содержит кода подполя.
rsl03_z00.dat	001204731	1204761	1204760	1020006572	15	650	17	1020007302				115	Поле 650 не содержит кода подполя.
rsl03_z00.dat	001204731	1204761	1204760	1020006572	16	650	18	1020007343				115	Поле 650 не содержит кода подполя.
rsl03_z00.dat	001204731	1204761	1204760	1020006572	17	773	19	1020007388				115	Поле 773 не содержит кода подполя.
rsl03_z00.dat	001204731	1204761	1204760	1020006572	18	912	20	1020007419				115	Поле 912 не содержит кода подполя.
rsl03_z00.dat	001204732	1204762	1204761	1020007549	12	260	14	1020008110				116	Поле 260 не содержит кода подполя.
rsl03_z00.dat	001204732	1204762	1204761	1020007549	14	504	16	1020008194				116	Поле 504 не содержит кода подполя.
rsl03_z00.dat	001204732	1204762	1204761	1020007549	16	534	18	1020008814				116	Поле 534 не содержит кода подполя.
rsl03_z00.dat	001204732	1204762	1204761	1020007549	17	650	19	1020008915				116	Поле 650 не содержит кода подполя.
rsl03_z00.dat	001204732	1204762	1204761	1020007549	18	650	20	1020008954				116	Поле 650 не содержит кода подполя.
rsl03_z00.dat	001204732	1204762	1204761	1020007549	19	650	21	1020008994				116	Поле 650 не содержит кода подполя.
rsl03_z00.dat	001204732	1204762	1204761	1020007549	20	700	22	1020009023				116	Поле 700 не содержит кода подполя.
rsl03_z00.dat	001204732	1204762	1204761	1020007549	21	912	23	1020009054				116	Поле 912 не содержит кода подполя.
rsl03_z00.dat	001204732	1204762	1204761	1020007549	22	336	25	1020009126				116	Поле 336 не содержит кода подполя.
rsl03_z00.dat	001204732	1204762	1204761	1020007549	23	337	26	1020009155				116	Поле 337 не содержит кода подполя.
rsl03_z00.dat	001204733	1204763	1204762	1020009184	7	041	9	1020009451				117	Поле 041 не содержит кода подполя.
rsl03_z00.dat	001204733	1204763	1204762	1020009184	11	250	13	1020009639				117	Поле 250 не содержит кода подполя.
rsl03_z00.dat	001204733	1204763	1204762	1020009184	12	260	14	1020009673				117	Поле 260 не содержит кода подполя.
rsl03_z00.dat	001204733	1204763	1204762	1020009184	16	555	18	1020010792				117	Поле 555 не содержит кода подполя.
rsl03_z00.dat	001204733	1204763	1204762	1020009184	17	650	19	1020010859				117	Поле 650 не содержит кода подполя.
rsl03_z00.dat	001204733	1204763	1204762	1020009184	18	650	20	1020010904				117	Поле 650 не содержит кода подполя.
rsl03_z00.dat	001204733	1204763	1204762	1020009184	19	912	21	1020010936				117	Поле 912 не содержит кода подполя.
rsl03_z00.dat	001204734	1204764	1204763	1020011066	7	041	9	1020011333				118	Поле 041 не содержит кода подполя.
rsl03_z00.dat	001204734	1204764	1204763	1020011066	11	260	13	1020011529				118	Поле 260 не содержит кода подполя.
rsl03_z00.dat	001204734	1204764	1204763	1020011066	12	300	14	1020011575				118	Поле 300 не содержит кода подполя.
rsl03_z00.dat	001204734	1204764	1204763	1020011066	15	650	17	1020011908				118	Поле 650 не содержит кода подполя.
rsl03_z00.dat	001204734	1204764	1204763	1020011066	16	650	18	1020011948				118	Поле 650 не содержит кода подполя.
rsl03_z00.dat	001204734	1204764	1204763	1020011066	17	912	19	1020011991				118	Поле 912 не содержит кода подполя.
rsl03_z00.dat	001204734	1204764	1204763	1020011066	19	337	22	1020012094				118	Поле 337 не содержит кода подполя.
rsl03_z00.dat	001204735	1204765	1204764	1020012123	7	041	9	1020012390				119	Поле 041 не содержит кода подполя.
rsl03_z00.dat	001204735	1204765	1204764	1020012123	11	260	13	1020012587				119	Поле 260 не содержит кода подполя.
rsl03_z00.dat	001204735	1204765	1204764	1020012123	12	300	14	1020012631				119	Поле 300 не содержит кода подполя.
rsl03_z00.dat	001204735	1204765	1204764	1020012123	15	650	17	1020013094				119	Поле 650 не содержит кода подполя.
rsl03_z00.dat	001204735	1204765	1204764	1020012123	16	650	18	1020013132				119	Поле 650 не содержит кода подполя.
rsl03_z00.dat	001204735	1204765	1204764	1020012123	17	700	19	1020013170				119	Поле 700 не содержит кода подполя.
rsl03_z00.dat	001204735	1204765	1204764	1020012123	18	912	20	1020013211				119	Поле 912 не содержит кода подполя.
rsl03_z00.dat	001204735	1204765	1204764	1020012123	19	336	22	1020013283				119	Поле 336 не содержит кода подполя.
rsl03_z00.dat	001204735	1204765	1204764	1020012123	20	337	23	1020013312				119	Поле 337 не содержит кода подполя.
rsl03_z00.dat	001204736	1204766	1204765	1020013339	7	041	9	1020013606				120	Поле 041 не содержит кода подполя.
rsl03_z00.dat	001204736	1204766	1204765	1020013339	12	300	14	1020013782				120	Поле 300 не содержит кода подполя.
rsl03_z00.dat	001204736	1204766	1204765	1020013339	15	650	17	1020014278				120	Поле 650 не содержит кода подполя.
rsl03_z00.dat	001204736	1204766	1204765	1020013339	16	912	18	1020014323				120	Поле 912 не содержит кода подполя.
rsl03_z00.dat	001204736	1204766	1204765	1020013339	17	336	20	1020014394				120	Поле 336 не содержит кода подполя.
rsl03_z00.dat	001204737	1204767	1204766	1020014454	7	041	9	1020014721				121	Поле 041 не содержит кода подполя.
rsl03_z00.dat	001204737	1204767	1204766	1020014454	11	260	13	1020014911				121	Поле 260 не содержит кода подполя.
rsl03_z00.dat	001204737	1204767	1204766	1020014454	12	300	14	1020014956				121	Поле 300 не содержит кода подполя.
rsl03_z00.dat	001204737	1204767	1204766	1020014454	16	650	18	1020015739				121	Поле 650 не содержит кода подполя.
rsl03_z00.dat	001204737	1204767	1204766	1020014454	17	650	19	1020015778				121	Поле 650 не содержит кода подполя.
rsl03_z00.dat	001204737	1204767	1204766	1020014454	18	700	20	1020015836				121	Поле 700 не содержит кода подполя.
rsl03_z00.dat	001204737	1204767	1204766	1020014454	19	700	21	1020015870				121	Поле 700 не содержит кода подполя.
rsl03_z00.dat	001204737	1204767	1204766	1020014454	20	912	22	1020015910				121	Поле 912 не содержит кода подполя.
rsl03_z00.dat	001204737	1204767	1204766	1020014454	21	336	24	1020015981				121	Поле 336 не содержит кода подполя.
rsl03_z00.dat	001204738	1204768	1204767	1020016039	7	041	9	1020016306				122	Поле 041 не содержит кода подполя.
rsl03_z00.dat	001204738	1204768	1204767	1020016039	17	555	19	1020016964				122	Поле 555 не содержит кода подполя.
rsl03_z00.dat	001204738	1204768	1204767	1020016039	18	650	20	1020016998				122	Поле 650 не содержит кода подполя.
rsl03_z00.dat	001204738	1204768	1204767	1020016039	19	700	21	1020017040				122	Поле 700 не содержит кода подполя.
rsl03_z00.dat	001204738	1204768	1204767	1020016039	20	912	22	1020017079				122	Поле 912 не содержит кода подполя.
rsl03_z00.dat	001204738	1204768	1204767	1020016039	21	336	24	1020017151				122	Поле 336 не содержит кода подполя.
rsl03_z00.dat	001204739	1204769	1204768	1020017212	7	041	9	1020017480				123	Поле 041 не содержит кода подполя.
rsl03_z00.dat	001204739	1204769	1204768	1020017212	11	260	13	1020017659				123	Поле 260 не содержит кода подполя.
rsl03_z00.dat	001204739	1204769	1204768	1020017212	12	300	14	1020017705				123	Поле 300 не содержит кода подполя.
rsl03_z00.dat	001204739	1204769	1204768	1020017212	16	650	18	1020018270				123	Поле 650 не содержит кода подполя.
rsl03_z00.dat	001204739	1204769	1204768	1020017212	17	650	19	1020018309				123	Поле 650 не содержит кода подполя.
rsl03_z00.dat	001204739	1204769	1204768	1020017212	18	700	20	1020018366				123	Поле 700 не содержит кода подполя.
rsl03_z00.dat	001204739	1204769	1204768	1020017212	19	700	21	1020018406				123	Поле 700 не содержит кода подполя.
rsl03_z00.dat	001204739	1204769	1204768	1020017212	20	912	22	1020018445				123	Поле 912 не содержит кода подполя.
rsl03_z00.dat	001204739	1204769	1204768	1020017212	21	336	24	1020018517				123	Поле 336 не содержит кода подполя.
rsl03_z00.dat	001204740	1204770	1204769	1020018575	7	041	9	1020018842				124	Поле 041 не содержит кода подполя.
rsl03_z00.dat	001204740	1204770	1204769	1020018575	12	300	14	1020019031				124	Поле 300 не содержит кода подполя.
rsl03_z00.dat	001204740	1204770	1204769	1020018575	15	650	17	1020019780				124	Поле 650 не содержит кода подполя.
rsl03_z00.dat	001204740	1204770	1204769	1020018575	16	912	18	1020019812				124	Поле 912 не содержит кода подполя.
rsl03_z00.dat	001204740	1204770	1204769	1020018575	17	336	20	1020019883				124	Поле 336 не содержит кода подполя.
rsl03_z00.dat	001204741	1204771	1204770	1020019943	7	041	9	1020020210				125	Поле 041 не содержит кода подполя.
rsl03_z00.dat	001204741	1204771	1204770	1020019943	11	260	13	1020020370				125	Поле 260 не содержит кода подполя.
rsl03_z00.dat	001204741	1204771	1204770	1020019943	12	300	14	1020020404				125	Поле 300 не содержит кода подполя.
rsl03_z00.dat	001204741	1204771	1204770	1020019943	15	650	17	1020021076				125	Поле 650 не содержит кода подполя.
rsl03_z00.dat	001204741	1204771	1204770	1020019943	16	700	18	1020021138				125	Поле 700 не содержит кода подполя.
rsl03_z00.dat	001204741	1204771	1204770	1020019943	17	912	19	1020021185				125	Поле 912 не содержит кода подполя.
rsl03_z00.dat	001204741	1204771	1204770	1020019943	18	336	21	1020021257				125	Поле 336 не содержит кода подполя.
rsl03_z00.dat	001204742	1204772	1204771	1020021317	7	041	9	1020021584				126	Поле 041 не содержит кода подполя.
rsl03_z00.dat	001204742	1204772	1204771	1020021317	15	650	17	1020022164				126	Поле 650 не содержит кода подполя.
rsl03_z00.dat	001204742	1204772	1204771	1020021317	16	912	18	1020022224				126	Поле 912 не содержит кода подполя.
rsl03_z00.dat	001204743	1204773	1204772	1020022354	12	260	14	1020022872				127	Поле 260 не содержит кода подполя.
rsl03_z00.dat	001204743	1204773	1204772	1020022354	13	300	15	1020022913				127	Поле 300 не содержит кода подполя.
rsl03_z00.dat	001204743	1204773	1204772	1020022354	14	490	16	1020022947				127	Поле 490 не содержит кода подполя.
rsl03_z00.dat	001204743	1204773	1204772	1020022354	17	546	19	1020023649				127	Поле 546 не содержит кода подполя.
rsl03_z00.dat	001204743	1204773	1204772	1020022354	18	650	20	1020023672				127	Поле 650 не содержит кода подполя.
rsl03_z00.dat	001204743	1204773	1204772	1020022354	19	650	21	1020023707				127	Поле 650 не содержит кода подполя.
rsl03_z00.dat	001204743	1204773	1204772	1020022354	20	700	22	1020023808				127	Поле 700 не содержит кода подполя.
rsl03_z00.dat	001204743	1204773	1204772	1020022354	21	912	23	1020023855				127	Поле 912 не содержит кода подполя.
rsl03_z00.dat	001204743	1204773	1204772	1020022354	23	337	26	1020023958				127	Поле 337 не содержит кода подполя.
rsl03_z00.dat	001204744	1204774	1204773	1020023987	12	250	14	1020024482				128	Поле 250 не содержит кода подполя.
rsl03_z00.dat	001204744	1204774	1204773	1020023987	13	260	15	1020024509				128	Поле 260 не содержит кода подполя.
rsl03_z00.dat	001204744	1204774	1204773	1020023987	19	336	22	1020024854				128	Поле 336 не содержит кода подполя.
rsl03_z00.dat	001204745	1204775	1204774	1020024912	7	041	9	1020025180				129	Поле 041 не содержит кода подполя.
rsl03_z00.dat	001204745	1204775	1204774	1020024912	10	245	12	1020025245				129	Поле 245 не содержит кода подполя.
rsl03_z00.dat	001204745	1204775	1204774	1020024912	14	650	16	1020026091				129	Поле 650 не содержит кода подполя.
rsl03_z00.dat	001204745	1204775	1204774	1020024912	15	773	17	1020026159				129	Поле 773 не содержит кода подполя.
rsl03_z00.dat	001204745	1204775	1204774	1020024912	16	912	18	1020026223				129	Поле 912 не содержит кода подполя.
rsl03_z00.dat	001204745	1204775	1204774	1020024912	17	336	20	1020026295				129	Поле 336 не содержит кода подполя.
rsl03_z00.dat	001204745	1204775	1204774	1020024912	18	337	21	1020026322				129	Поле 337 не содержит кода подполя.
rsl03_z00.dat	001204746	1204776	1204775	1020026351	12	250	14	1020026846				130	Поле 250 не содержит кода подполя.
rsl03_z00.dat	001204746	1204776	1204775	1020026351	13	260	15	1020026873				130	Поле 260 не содержит кода подполя.
rsl03_z00.dat	001204746	1204776	1204775	1020026351	19	336	22	1020027218				130	Поле 336 не содержит кода подполя.
rsl03_z00.dat	001204747	1204777	1204776	1020027276	7	041	9	1020027544				131	Поле 041 не содержит кода подполя.
rsl03_z00.dat	001204747	1204777	1204776	1020027276	10	245	12	1020027609				131	Поле 245 не содержит кода подполя.
rsl03_z00.dat	001204747	1204777	1204776	1020027276	14	650	16	1020028450				131	Поле 650 не содержит кода подполя.
rsl03_z00.dat	001204747	1204777	1204776	1020027276	15	773	17	1020028518				131	Поле 773 не содержит кода подполя.
rsl03_z00.dat	001204747	1204777	1204776	1020027276	16	912	18	1020028582				131	Поле 912 не содержит кода подполя.
rsl03_z00.dat	001204747	1204777	1204776	1020027276	17	336	20	1020028654				131	Поле 336 не содержит кода подполя.
rsl03_z00.dat	001204747	1204777	1204776	1020027276	18	337	21	1020028681				131	Поле 337 не содержит кода подполя.
rsl03_z00.dat	001204748	1204778	1204777	1020028710	7	041	9	1020028977				132	Поле 041 не содержит кода подполя.
rsl03_z00.dat	001204748	1204778	1204777	1020028710	11	260	13	1020029178				132	Поле 260 не содержит кода подполя.
rsl03_z00.dat	001204748	1204778	1204777	1020028710	12	300	14	1020029214				132	Поле 300 не содержит кода подполя.
rsl03_z00.dat	001204748	1204778	1204777	1020028710	17	650	19	1020029966				132	Поле 650 не содержит кода подполя.
rsl03_z00.dat	001204748	1204778	1204777	1020028710	18	650	20	1020030035				132	Поле 650 не содержит кода подполя.
rsl03_z00.dat	001204748	1204778	1204777	1020028710	19	650	21	1020030107				132	Поле 650 не содержит кода подполя.
rsl03_z00.dat	001204748	1204778	1204777	1020028710	20	650	22	1020030183				132	Поле 650 не содержит кода подполя.
rsl03_z00.dat	001204748	1204778	1204777	1020028710	21	700	23	1020030278				132	Поле 700 не содержит кода подполя.
rsl03_z00.dat	001204748	1204778	1204777	1020028710	22	912	24	1020030324				132	Поле 912 не содержит кода подполя.
rsl03_z00.dat	001204748	1204778	1204777	1020028710	24	337	27	1020030427				132	Поле 337 не содержит кода подполя.
rsl03_z00.dat	001204749	1204779	1204778	1020030456	7	041	9	1020030724				133	Поле 041 не содержит кода подполя.
rsl03_z00.dat	001204749	1204779	1204778	1020030456	13	650	15	1020031128				133	Поле 650 не содержит кода подполя.
rsl03_z00.dat	001204749	1204779	1204778	1020030456	14	700	16	1020031219				133	Поле 700 не содержит кода подполя.
rsl03_z00.dat	001204749	1204779	1204778	1020030456	15	912	17	1020031252				133	Поле 912 не содержит кода подполя.
rsl03_z00.dat	001204750	1204780	1204779	1020031385	7	041	9	1020031653				134	Поле 041 не содержит кода подполя.
rsl03_z00.dat	001204750	1204780	1204779	1020031385	12	250	14	1020031851				134	Поле 250 не содержит кода подполя.
rsl03_z00.dat	001204750	1204780	1204779	1020031385	14	300	16	1020031921				134	Поле 300 не содержит кода подполя.
rsl03_z00.dat	001204750	1204780	1204779	1020031385	18	650	20	1020032361				134	Поле 650 не содержит кода подполя.
rsl03_z00.dat	001204750	1204780	1204779	1020031385	19	700	21	1020032393				134	Поле 700 не содержит кода подполя.
rsl03_z00.dat	001204750	1204780	1204779	1020031385	20	912	22	1020032430				134	Поле 912 не содержит кода подполя.
rsl03_z00.dat	001204750	1204780	1204779	1020031385	21	336	24	1020032502				134	Поле 336 не содержит кода подполя.
rsl03_z00.dat	001204751	1204781	1204780	1020032562	7	041	9	1020032829				135	Поле 041 не содержит кода подполя.
rsl03_z00.dat	001204751	1204781	1204780	1020032562	11	250	13	1020033066				135	Поле 250 не содержит кода подполя.
rsl03_z00.dat	001204751	1204781	1204780	1020032562	13	300	15	1020033134				135	Поле 300 не содержит кода подполя.
rsl03_z00.dat	001204751	1204781	1204780	1020032562	17	650	19	1020033691				135	Поле 650 не содержит кода подполя.
rsl03_z00.dat	001204751	1204781	1204780	1020032562	18	700	20	1020033767				135	Поле 700 не содержит кода подполя.
rsl03_z00.dat	001204751	1204781	1204780	1020032562	19	700	21	1020033813				135	Поле 700 не содержит кода подполя.
rsl03_z00.dat	001204751	1204781	1204780	1020032562	20	700	22	1020033861				135	Поле 700 не содержит кода подполя.
rsl03_z00.dat	001204751	1204781	1204780	1020032562	21	700	23	1020033902				135	Поле 700 не содержит кода подполя.
rsl03_z00.dat	001204751	1204781	1204780	1020032562	22	912	24	1020033947				135	Поле 912 не содержит кода подполя.
rsl03_z00.dat	001204751	1204781	1204780	1020032562	23	336	26	1020034018				135	Поле 336 не содержит кода подполя.
rsl03_z00.dat	001204751	1204781	1204780	1020032562	24	337	27	1020034048				135	Поле 337 не содержит кода подполя.
rsl03_z00.dat	001204752	1204782	1204781	1020034077	7	041	9	1020034344				136	Поле 041 не содержит кода подполя.
rsl03_z00.dat	001204752	1204782	1204781	1020034077	11	300	13	1020034511				136	Поле 300 не содержит кода подполя.
rsl03_z00.dat	001204752	1204782	1204781	1020034077	14	650	16	1020034756				136	Поле 650 не содержит кода подполя.
rsl03_z00.dat	001204752	1204782	1204781	1020034077	15	650	17	1020034803				136	Поле 650 не содержит кода подполя.
rsl03_z00.dat	001204752	1204782	1204781	1020034077	16	700	18	1020034848				136	Поле 700 не содержит кода подполя.
rsl03_z00.dat	001204752	1204782	1204781	1020034077	17	912	19	1020034884				136	Поле 912 не содержит кода подполя.
rsl03_z00.dat	001204753	1204783	1204782	1020035016	7	041	9	1020035283				137	Поле 041 не содержит кода подполя.
rsl03_z00.dat	001204753	1204783	1204782	1020035016	12	250	14	1020035501				137	Поле 250 не содержит кода подполя.
rsl03_z00.dat	001204753	1204783	1204782	1020035016	13	260	15	1020035528				137	Поле 260 не содержит кода подполя.
rsl03_z00.dat	001204753	1204783	1204782	1020035016	14	300	16	1020035569				137	Поле 300 не содержит кода подполя.
rsl03_z00.dat	001204753	1204783	1204782	1020035016	15	490	17	1020035604				137	Поле 490 не содержит кода подполя.
rsl03_z00.dat	001204753	1204783	1204782	1020035016	16	490	18	1020035626				137	Поле 490 не содержит кода подполя.
rsl03_z00.dat	001204753	1204783	1204782	1020035016	18	650	20	1020035990				137	Поле 650 не содержит кода подполя.
rsl03_z00.dat	001204753	1204783	1204782	1020035016	19	912	21	1020036072				137	Поле 912 не содержит кода подполя.
rsl03_z00.dat	001204754	1204784	1204783	1020036202	7	041	9	1020036470				138	Поле 041 не содержит кода подполя.
rsl03_z00.dat	001204754	1204784	1204783	1020036202	10	260	12	1020036640				138	Поле 260 не содержит кода подполя.
rsl03_z00.dat	001204754	1204784	1204783	1020036202	16	912	18	1020036916				138	Поле 912 не содержит кода подполя.
rsl03_z00.dat	001204754	1204784	1204783	1020036202	17	336	20	1020036988				138	Поле 336 не содержит кода подполя.
rsl03_z00.dat	001204755	1204785	1204784	1020037046	7	041	9	1020037313				139	Поле 041 не содержит кода подполя.
rsl03_z00.dat	001204755	1204785	1204784	1020037046	11	300	13	1020037481				139	Поле 300 не содержит кода подполя.
rsl03_z00.dat	001204755	1204785	1204784	1020037046	14	650	16	1020037726				139	Поле 650 не содержит кода подполя.
rsl03_z00.dat	001204755	1204785	1204784	1020037046	15	650	17	1020037773				139	Поле 650 не содержит кода подполя.
rsl03_z00.dat	001204755	1204785	1204784	1020037046	16	700	18	1020037818				139	Поле 700 не содержит кода подполя.
rsl03_z00.dat	001204755	1204785	1204784	1020037046	17	912	19	1020037854				139	Поле 912 не содержит кода подполя.
rsl03_z00.dat	001204756	1204786	1204785	1020037985	7	041	9	1020038253				140	Поле 041 не содержит кода подполя.
rsl03_z00.dat	001204756	1204786	1204785	1020037985	11	300	13	1020038441				140	Поле 300 не содержит кода подполя.
rsl03_z00.dat	001204756	1204786	1204785	1020037985	13	650	15	1020038827				140	Поле 650 не содержит кода подполя.
rsl03_z00.dat	001204756	1204786	1204785	1020037985	14	650	16	1020038878				140	Поле 650 не содержит кода подполя.
rsl03_z00.dat	001204756	1204786	1204785	1020037985	15	650	17	1020038956				140	Поле 650 не содержит кода подполя.
rsl03_z00.dat	001204756	1204786	1204785	1020037985	16	700	18	1020039047				140	Поле 700 не содержит кода подполя.
rsl03_z00.dat	001204756	1204786	1204785	1020037985	17	700	19	1020039089				140	Поле 700 не содержит кода подполя.
rsl03_z00.dat	001204756	1204786	1204785	1020037985	18	912	20	1020039119				140	Поле 912 не содержит кода подполя.
rsl03_z00.dat	001204757	1204787	1204786	1020039250	7	041	9	1020039517				141	Поле 041 не содержит кода подполя.
rsl03_z00.dat	001204757	1204787	1204786	1020039250	11	300	13	1020039697				141	Поле 300 не содержит кода подполя.
rsl03_z00.dat	001204757	1204787	1204786	1020039250	14	650	16	1020039943				141	Поле 650 не содержит кода подполя.
rsl03_z00.dat	001204757	1204787	1204786	1020039250	15	650	17	1020039989				141	Поле 650 не содержит кода подполя.
rsl03_z00.dat	001204757	1204787	1204786	1020039250	16	700	18	1020040034				141	Поле 700 не содержит кода подполя.
rsl03_z00.dat	001204757	1204787	1204786	1020039250	17	912	19	1020040070				141	Поле 912 не содержит кода подполя.
rsl03_z00.dat	001204757	1204787	1204786	1020039250	18	336	21	1020040142				141	Поле 336 не содержит кода подполя.
rsl03_z00.dat	001204758	1204788	1204787	1020040203	7	041	9	1020040471				142	Поле 041 не содержит кода подполя.
rsl03_z00.dat	001204758	1204788	1204787	1020040203	10	260	12	1020040643				142	Поле 260 не содержит кода подполя.
rsl03_z00.dat	001204758	1204788	1204787	1020040203	16	912	18	1020040919				142	Поле 912 не содержит кода подполя.
rsl03_z00.dat	001204758	1204788	1204787	1020040203	17	336	20	1020040991				142	Поле 336 не содержит кода подполя.
rsl03_z00.dat	001204759	1204789	1204788	1020041049	7	041	9	1020041317				143	Поле 041 не содержит кода подполя.
rsl03_z00.dat	001204759	1204789	1204788	1020041049	11	300	13	1020041506				143	Поле 300 не содержит кода подполя.
rsl03_z00.dat	001204759	1204789	1204788	1020041049	13	650	15	1020041890				143	Поле 650 не содержит кода подполя.
rsl03_z00.dat	001204759	1204789	1204788	1020041049	14	650	16	1020041942				143	Поле 650 не содержит кода подполя.
rsl03_z00.dat	001204759	1204789	1204788	1020041049	15	650	17	1020042020				143	Поле 650 не содержит кода подполя.
rsl03_z00.dat	001204759	1204789	1204788	1020041049	16	700	18	1020042111				143	Поле 700 не содержит кода подполя.
rsl03_z00.dat	001204759	1204789	1204788	1020041049	17	700	19	1020042153				143	Поле 700 не содержит кода подполя.
rsl03_z00.dat	001204759	1204789	1204788	1020041049	18	912	20	1020042183				143	Поле 912 не содержит кода подполя.
rsl03_z00.dat	001204759	1204789	1204788	1020041049	19	336	22	1020042255				143	Поле 336 не содержит кода подполя.
rsl03_z00.dat	001204760	1204790	1204789	1020042314	7	041	9	1020042582				144	Поле 041 не содержит кода подполя.
rsl03_z00.dat	001204760	1204790	1204789	1020042314	10	260	12	1020042745				144	Поле 260 не содержит кода подполя.
rsl03_z00.dat	001204760	1204790	1204789	1020042314	12	490	14	1020042820				144	Поле 490 не содержит кода подполя.
rsl03_z00.dat	001204760	1204790	1204789	1020042314	16	912	18	1020043020				144	Поле 912 не содержит кода подполя.
rsl03_z00.dat	001204760	1204790	1204789	1020042314	17	336	20	1020043092				144	Поле 336 не содержит кода подполя.
rsl03_z00.dat	001204761	1204791	1204790	1020043149	7	041	9	1020043417				145	Поле 041 не содержит кода подполя.
rsl03_z00.dat	001204761	1204791	1204790	1020043149	11	300	13	1020043612				145	Поле 300 не содержит кода подполя.
rsl03_z00.dat	001204761	1204791	1204790	1020043149	14	650	16	1020043757				145	Поле 650 не содержит кода подполя.
rsl03_z00.dat	001204761	1204791	1204790	1020043149	16	700	18	1020043838				145	Поле 700 не содержит кода подполя.
rsl03_z00.dat	001204761	1204791	1204790	1020043149	17	912	19	1020043880				145	Поле 912 не содержит кода подполя.
rsl03_z00.dat	001204762	1204792	1204791	1020044011	7	041	9	1020044279				146	Поле 041 не содержит кода подполя.
rsl03_z00.dat	001204762	1204792	1204791	1020044011	10	260	12	1020044388				146	Поле 260 не содержит кода подполя.
rsl03_z00.dat	001204762	1204792	1204791	1020044011	14	650	16	1020044670				146	Поле 650 не содержит кода подполя.
rsl03_z00.dat	001204762	1204792	1204791	1020044011	15	912	17	1020044712				146	Поле 912 не содержит кода подполя.
rsl03_z00.dat	001204763	1204793	1204792	1020044843	7	041	9	1020045111				147	Поле 041 не содержит кода подполя.
rsl03_z00.dat	001204763	1204793	1204792	1020044843	10	260	12	1020045218				147	Поле 260 не содержит кода подполя.
rsl03_z00.dat	001204763	1204793	1204792	1020044843	14	650	16	1020045497				147	Поле 650 не содержит кода подполя.
rsl03_z00.dat	001204763	1204793	1204792	1020044843	15	912	17	1020045539				147	Поле 912 не содержит кода подполя.
rsl03_z00.dat	001204764	1204794	1204793	1020045672	7	041	9	1020045939				148	Поле 041 не содержит кода подполя.
rsl03_z00.dat	001204764	1204794	1204793	1020045672	12	250	14	1020046172				148	Поле 250 не содержит кода подполя.
rsl03_z00.dat	001204764	1204794	1204793	1020045672	13	260	15	1020046199				148	Поле 260 не содержит кода подполя.
rsl03_z00.dat	001204764	1204794	1204793	1020045672	14	300	16	1020046240				148	Поле 300 не содержит кода подполя.
rsl03_z00.dat	001204764	1204794	1204793	1020045672	17	650	19	1020046764				148	Поле 650 не содержит кода подполя.
rsl03_z00.dat	001204764	1204794	1204793	1020045672	18	912	20	1020046862				148	Поле 912 не содержит кода подполя.
rsl03_z00.dat	001204764	1204794	1204793	1020045672	19	336	22	1020046934				148	Поле 336 не содержит кода подполя.
rsl03_z00.dat	001204765	1204795	1204794	1020046992	7	041	9	1020047259				149	Поле 041 не содержит кода подполя.
rsl03_z00.dat	001204765	1204795	1204794	1020046992	11	300	13	1020047436				149	Поле 300 не содержит кода подполя.
rsl03_z00.dat	001204765	1204795	1204794	1020046992	14	650	16	1020047668				149	Поле 650 не содержит кода подполя.
rsl03_z00.dat	001204765	1204795	1204794	1020046992	15	700	17	1020047764				149	Поле 700 не содержит кода подполя.
rsl03_z00.dat	001204765	1204795	1204794	1020046992	16	912	18	1020047805				149	Поле 912 не содержит кода подполя.
rsl03_z00.dat	001204766	1204796	1204795	1020047937	7	041	9	1020048205				150	Поле 041 не содержит кода подполя.
rsl03_z00.dat	001204766	1204796	1204795	1020047937	10	260	12	1020048352				150	Поле 260 не содержит кода подполя.
rsl03_z00.dat	001204766	1204796	1204795	1020047937	11	300	13	1020048395				150	Поле 300 не содержит кода подполя.
rsl03_z00.dat	001204766	1204796	1204795	1020047937	15	700	17	1020048633				150	Поле 700 не содержит кода подполя.
rsl03_z00.dat	001204766	1204796	1204795	1020047937	16	912	18	1020048679				150	Поле 912 не содержит кода подполя.
rsl03_z00.dat	001204766	1204796	1204795	1020047937	18	337	21	1020048781				150	Поле 337 не содержит кода подполя.
rsl03_z00.dat	001204767	1204797	1204796	1020048810	7	041	9	1020049078				151	Поле 041 не содержит кода подполя.
rsl03_z00.dat	001204767	1204797	1204796	1020048810	12	300	14	1020049300				151	Поле 300 не содержит кода подполя.
rsl03_z00.dat	001204767	1204797	1204796	1020048810	16	700	18	1020049778				151	Поле 700 не содержит кода подполя.
rsl03_z00.dat	001204767	1204797	1204796	1020048810	17	912	19	1020049824				151	Поле 912 не содержит кода подполя.
rsl03_z00.dat	001204768	1204798	1204797	1020049954	7	041	9	1020050220				152	Поле 041 не содержит кода подполя.
rsl03_z00.dat	001204768	1204798	1204797	1020049954	11	260	13	1020050566				152	Поле 260 не содержит кода подполя.
rsl03_z00.dat	001204768	1204798	1204797	1020049954	12	300	14	1020050613				152	Поле 300 не содержит кода подполя.
rsl03_z00.dat	001204768	1204798	1204797	1020049954	13	490	15	1020050638				152	Поле 490 не содержит кода подполя.
rsl03_z00.dat	001204768	1204798	1204797	1020049954	14	504	16	1020050682				152	Поле 504 не содержит кода подполя.
rsl03_z00.dat	001204768	1204798	1204797	1020049954	16	650	18	1020051343				152	Поле 650 не содержит кода подполя.
rsl03_z00.dat	001204768	1204798	1204797	1020049954	17	912	19	1020051376				152	Поле 912 не содержит кода подполя.
rsl03_z00.dat	001204768	1204798	1204797	1020049954	18	336	21	1020051448				152	Поле 336 не содержит кода подполя.
rsl03_z00.dat	001204768	1204798	1204797	1020049954	19	337	22	1020051478				152	Поле 337 не содержит кода подполя.
rsl03_z00.dat	001204769	1204799	1204798	1020051507	7	041	9	1020051775				153	Поле 041 не содержит кода подполя.
rsl03_z00.dat	001204769	1204799	1204798	1020051507	11	260	13	1020051981				153	Поле 260 не содержит кода подполя.
rsl03_z00.dat	001204769	1204799	1204798	1020051507	16	650	18	1020052210				153	Поле 650 не содержит кода подполя.
rsl03_z00.dat	001204769	1204799	1204798	1020051507	18	700	20	1020052287				153	Поле 700 не содержит кода подполя.
rsl03_z00.dat	001204769	1204799	1204798	1020051507	20	336	23	1020052396				153	Поле 336 не содержит кода подполя.
rsl03_z00.dat	001204769	1204799	1204798	1020051507	21	337	24	1020052426				153	Поле 337 не содержит кода подполя.
rsl03_z00.dat	001204770	1204800	1204799	1020052455	7	041	9	1020052722				154	Поле 041 не содержит кода подполя.
rsl03_z00.dat	001204770	1204800	1204799	1020052455	15	912	17	1020053236				154	Поле 912 не содержит кода подполя.
rsl03_z00.dat	001204770	1204800	1204799	1020052455	16	336	19	1020053308				154	Поле 336 не содержит кода подполя.
rsl03_z00.dat	001204770	1204800	1204799	1020052455	17	337	20	1020053338				154	Поле 337 не содержит кода подполя.
rsl03_z00.dat	001204771	1204801	1204800	1020053367	7	041	9	1020053634				155	Поле 041 не содержит кода подполя.
rsl03_z00.dat	001204771	1204801	1204800	1020053367	11	260	13	1020053833				155	Поле 260 не содержит кода подполя.
rsl03_z00.dat	001204771	1204801	1204800	1020053367	16	650	18	1020054476				155	Поле 650 не содержит кода подполя.
rsl03_z00.dat	001204771	1204801	1204800	1020053367	17	700	19	1020054519				155	Поле 700 не содержит кода подполя.
rsl03_z00.dat	001204771	1204801	1204800	1020053367	18	912	20	1020054566				155	Поле 912 не содержит кода подполя.
rsl03_z00.dat	001204771	1204801	1204800	1020053367	19	336	22	1020054638				155	Поле 336 не содержит кода подполя.
rsl03_z00.dat	001204771	1204801	1204800	1020053367	20	337	23	1020054668				155	Поле 337 не содержит кода подполя.
rsl03_z00.dat	001204772	1204802	1204801	1020054696	7	041	9	1020054963				156	Поле 041 не содержит кода подполя.
rsl03_z00.dat	001204772	1204802	1204801	1020054696	12	300	14	1020055244				156	Поле 300 не содержит кода подполя.
rsl03_z00.dat	001204772	1204802	1204801	1020054696	13	490	15	1020055280				156	Поле 490 не содержит кода подполя.
rsl03_z00.dat	001204772	1204802	1204801	1020054696	15	520	17	1020055546				156	Поле 520 не содержит кода подполя.
rsl03_z00.dat	001204772	1204802	1204801	1020054696	16	600	18	1020055898				156	Поле 600 не содержит кода подполя.
rsl03_z00.dat	001204772	1204802	1204801	1020054696	18	650	20	1020055992				156	Поле 650 не содержит кода подполя.
rsl03_z00.dat	001204772	1204802	1204801	1020054696	19	650	21	1020056048				156	Поле 650 не содержит кода подполя.
rsl03_z00.dat	001204772	1204802	1204801	1020054696	20	700	22	1020056106				156	Поле 700 не содержит кода подполя.
rsl03_z00.dat	001204772	1204802	1204801	1020054696	21	700	23	1020056137				156	Поле 700 не содержит кода подполя.
rsl03_z00.dat	001204772	1204802	1204801	1020054696	22	912	24	1020056180				156	Поле 912 не содержит кода подполя.
rsl03_z00.dat	001204772	1204802	1204801	1020054696	23	336	26	1020056252				156	Поле 336 не содержит кода подполя.
rsl03_z00.dat	001204772	1204802	1204801	1020054696	24	337	27	1020056282				156	Поле 337 не содержит кода подполя.
rsl03_z00.dat	001204773	1204803	1204802	1020056311	7	041	9	1020056578				157	Поле 041 не содержит кода подполя.
rsl03_z00.dat	001204773	1204803	1204802	1020056311	12	300	14	1020056895				157	Поле 300 не содержит кода подполя.
rsl03_z00.dat	001204773	1204803	1204802	1020056311	13	490	15	1020056931				157	Поле 490 не содержит кода подполя.
rsl03_z00.dat	001204773	1204803	1204802	1020056311	16	650	18	1020057325				157	Поле 650 не содержит кода подполя.
rsl03_z00.dat	001204773	1204803	1204802	1020056311	17	700	19	1020057368				157	Поле 700 не содержит кода подполя.
rsl03_z00.dat	001204773	1204803	1204802	1020056311	18	700	20	1020057412				157	Поле 700 не содержит кода подполя.
rsl03_z00.dat	001204773	1204803	1204802	1020056311	19	912	21	1020057443				157	Поле 912 не содержит кода подполя.
rsl03_z00.dat	001204773	1204803	1204802	1020056311	20	336	23	1020057515				157	Поле 336 не содержит кода подполя.
rsl03_z00.dat	001204773	1204803	1204802	1020056311	21	337	24	1020057545				157	Поле 337 не содержит кода подполя.
rsl03_z00.dat	001204774	1204804	1204803	1020057574	7	041	9	1020057841				158	Поле 041 не содержит кода подполя.
rsl03_z00.dat	001204774	1204804	1204803	1020057574	12	300	14	1020058122				158	Поле 300 не содержит кода подполя.
rsl03_z00.dat	001204774	1204804	1204803	1020057574	15	520	17	1020058481				158	Поле 520 не содержит кода подполя.
rsl03_z00.dat	001204774	1204804	1204803	1020057574	16	700	18	1020058604				158	Поле 700 не содержит кода подполя.
rsl03_z00.dat	001204774	1204804	1204803	1020057574	17	700	19	1020058648				158	Поле 700 не содержит кода подполя.
rsl03_z00.dat	001204774	1204804	1204803	1020057574	18	912	20	1020058688				158	Поле 912 не содержит кода подполя.
rsl03_z00.dat	001204774	1204804	1204803	1020057574	19	336	22	1020058760				158	Поле 336 не содержит кода подполя.
rsl03_z00.dat	001204774	1204804	1204803	1020057574	20	337	23	1020058789				158	Поле 337 не содержит кода подполя.
rsl03_z00.dat	001204775	1204805	1204804	1020058818	7	041	9	1020059084				159	Поле 041 не содержит кода подполя.
rsl03_z00.dat	001204775	1204805	1204804	1020058818	12	300	14	1020059270				159	Поле 300 не содержит кода подполя.
rsl03_z00.dat	001204775	1204805	1204804	1020058818	13	490	15	1020059294				159	Поле 490 не содержит кода подполя.
rsl03_z00.dat	001204775	1204805	1204804	1020058818	17	912	19	1020059508				159	Поле 912 не содержит кода подполя.
rsl03_z00.dat	001204775	1204805	1204804	1020058818	19	337	22	1020059610				159	Поле 337 не содержит кода подполя.
rsl03_z00.dat	001204776	1204806	1204805	1020059639	7	041	9	1020059905				160	Поле 041 не содержит кода подполя.
rsl03_z00.dat	001204776	1204806	1204805	1020059639	11	260	13	1020060065				160	Поле 260 не содержит кода подполя.
rsl03_z00.dat	001204776	1204806	1204805	1020059639	12	300	14	1020060114				160	Поле 300 не содержит кода подполя.
rsl03_z00.dat	001204776	1204806	1204805	1020059639	15	580	17	1020060316				160	Поле 580 не содержит кода подполя.
rsl03_z00.dat	001204776	1204806	1204805	1020059639	17	912	19	1020060391				160	Поле 912 не содержит кода подполя.
rsl03_z00.dat	001204776	1204806	1204805	1020059639	18	336	21	1020060463				160	Поле 336 не содержит кода подполя.
rsl03_z00.dat	001204777	1204807	1204806	1020060523	7	041	9	1020060789				161	Поле 041 не содержит кода подполя.
rsl03_z00.dat	001204777	1204807	1204806	1020060523	15	650	17	1020061131				161	Поле 650 не содержит кода подполя.
rsl03_z00.dat	001204777	1204807	1204806	1020060523	17	336	20	1020061237				161	Поле 336 не содержит кода подполя.
rsl03_z00.dat	001204778	1204808	1204807	1020061297	7	041	9	1020061563				162	Поле 041 не содержит кода подполя.
rsl03_z00.dat	001204778	1204808	1204807	1020061297	12	300	14	1020061765				162	Поле 300 не содержит кода подполя.
rsl03_z00.dat	001204778	1204808	1204807	1020061297	15	912	17	1020062461				162	Поле 912 не содержит кода подполя.
rsl03_z00.dat	001204779	1204809	1204808	1020062591	7	041	9	1020062857				163	Поле 041 не содержит кода подполя.
rsl03_z00.dat	001204779	1204809	1204808	1020062591	14	912	16	1020063166				163	Поле 912 не содержит кода подполя.
rsl03_z00.dat	001204779	1204809	1204808	1020062591	15	336	18	1020063238				163	Поле 336 не содержит кода подполя.
rsl03_z00.dat	001204780	1204810	1204809	1020063298	9	260	11	1020063984				164	Поле 260 не содержит кода подполя.
rsl03_z00.dat	001204780	1204810	1204809	1020063298	10	300	12	1020064025				164	Поле 300 не содержит кода подполя.
rsl03_z00.dat	001204780	1204810	1204809	1020063298	11	650	13	1020064043				164	Поле 650 не содержит кода подполя.
rsl03_z00.dat	001204780	1204810	1204809	1020063298	12	650	14	1020064089				164	Поле 650 не содержит кода подполя.
rsl03_z00.dat	001204780	1204810	1204809	1020063298	14	700	16	1020064159				164	Поле 700 не содержит кода подполя.
rsl03_z00.dat	001204780	1204810	1204809	1020063298	15	710	17	1020064199				164	Поле 710 не содержит кода подполя.
rsl03_z00.dat	001204780	1204810	1204809	1020063298	16	912	18	1020064260				164	Поле 912 не содержит кода подполя.
rsl03_z00.dat	001204780	1204810	1204809	1020063298	17	336	20	1020064331				164	Поле 336 не содержит кода подполя.
rsl03_z00.dat	001204780	1204810	1204809	1020063298	18	337	21	1020064361				164	Поле 337 не содержит кода подполя.
rsl03_z00.dat	001204781	1204811	1204810	1020064390	7	041	9	1020064657				165	Поле 041 не содержит кода подполя.
rsl03_z00.dat	001204781	1204811	1204810	1020064390	9	245	11	1020064699				165	Поле 245 не содержит кода подполя.
rsl03_z00.dat	001204781	1204811	1204810	1020064390	10	260	12	1020064717				165	Поле 260 не содержит кода подполя.
rsl03_z00.dat	001204781	1204811	1204810	1020064390	13	650	15	1020065358				165	Поле 650 не содержит кода подполя.
rsl03_z00.dat	001204781	1204811	1204810	1020064390	14	650	16	1020065405				165	Поле 650 не содержит кода подполя.
rsl03_z00.dat	001204781	1204811	1204810	1020064390	15	650	17	1020065437				165	Поле 650 не содержит кода подполя.
rsl03_z00.dat	001204781	1204811	1204810	1020064390	16	700	18	1020065474				165	Поле 700 не содержит кода подполя.
rsl03_z00.dat	001204781	1204811	1204810	1020064390	17	710	19	1020065516				165	Поле 710 не содержит кода подполя.
rsl03_z00.dat	001204781	1204811	1204810	1020064390	18	773	20	1020065577				165	Поле 773 не содержит кода подполя.
rsl03_z00.dat	001204781	1204811	1204810	1020064390	19	912	21	1020065674				165	Поле 912 не содержит кода подполя.
rsl03_z00.dat	001204781	1204811	1204810	1020064390	21	337	24	1020065775				165	Поле 337 не содержит кода подполя.
rsl03_z00.dat	001204782	1204812	1204811	1020065804	10	260	12	1020066270				166	Поле 260 не содержит кода подполя.
rsl03_z00.dat	001204782	1204812	1204811	1020065804	13	650	15	1020066478				166	Поле 650 не содержит кода подполя.
rsl03_z00.dat	001204782	1204812	1204811	1020065804	15	700	17	1020066549				166	Поле 700 не содержит кода подполя.
rsl03_z00.dat	001204782	1204812	1204811	1020065804	16	710	18	1020066594				166	Поле 710 не содержит кода подполя.
rsl03_z00.dat	001204782	1204812	1204811	1020065804	17	912	19	1020066660				166	Поле 912 не содержит кода подполя.
rsl03_z00.dat	001204782	1204812	1204811	1020065804	18	336	21	1020066731				166	Поле 336 не содержит кода подполя.
rsl03_z00.dat	001204782	1204812	1204811	1020065804	19	337	22	1020066761				166	Поле 337 не содержит кода подполя.
rsl03_z00.dat	001204783	1204813	1204812	1020066790	12	650	14	1020067463				167	Поле 650 не содержит кода подполя.
rsl03_z00.dat	001204783	1204813	1204812	1020066790	13	650	15	1020067494				167	Поле 650 не содержит кода подполя.
rsl03_z00.dat	001204783	1204813	1204812	1020066790	14	700	16	1020067535				167	Поле 700 не содержит кода подполя.
rsl03_z00.dat	001204783	1204813	1204812	1020066790	15	710	17	1020067580				167	Поле 710 не содержит кода подполя.
rsl03_z00.dat	001204783	1204813	1204812	1020066790	16	773	18	1020067646				167	Поле 773 не содержит кода подполя.
rsl03_z00.dat	001204783	1204813	1204812	1020066790	17	912	19	1020067693				167	Поле 912 не содержит кода подполя.
rsl03_z00.dat	001204783	1204813	1204812	1020066790	19	337	22	1020067793				167	Поле 337 не содержит кода подполя.
rsl03_z00.dat	001204784	1204814	1204813	1020067822	7	041	9	1020068089				168	Поле 041 не содержит кода подполя.
rsl03_z00.dat	001204784	1204814	1204813	1020067822	12	260	14	1020068363				168	Поле 260 не содержит кода подполя.
rsl03_z00.dat	001204784	1204814	1204813	1020067822	13	300	15	1020068405				168	Поле 300 не содержит кода подполя.
rsl03_z00.dat	001204784	1204814	1204813	1020067822	14	490	16	1020068439				168	Поле 490 не содержит кода подполя.
rsl03_z00.dat	001204784	1204814	1204813	1020067822	16	650	18	1020069176				168	Поле 650 не содержит кода подполя.
rsl03_z00.dat	001204784	1204814	1204813	1020067822	17	650	19	1020069237				168	Поле 650 не содержит кода подполя.
rsl03_z00.dat	001204784	1204814	1204813	1020067822	18	912	20	1020069300				168	Поле 912 не содержит кода подполя.
rsl03_z00.dat	001204784	1204814	1204813	1020067822	19	336	22	1020069372				168	Поле 336 не содержит кода подполя.
rsl03_z00.dat	001204784	1204814	1204813	1020067822	20	337	23	1020069402				168	Поле 337 не содержит кода подполя.
rsl03_z00.dat	001204785	1204815	1204814	1020069431	12	260	14	1020069892				169	Поле 260 не содержит кода подполя.
rsl03_z00.dat	001204785	1204815	1204814	1020069431	13	300	15	1020069934				169	Поле 300 не содержит кода подполя.
rsl03_z00.dat	001204785	1204815	1204814	1020069431	19	337	22	1020070204				169	Поле 337 не содержит кода подполя.
rsl03_z00.dat	001204786	1204816	1204815	1020070233	7	041	9	1020070501				170	Поле 041 не содержит кода подполя.
rsl03_z00.dat	001204786	1204816	1204815	1020070233	10	245	12	1020070568				170	Поле 245 не содержит кода подполя.
rsl03_z00.dat	001204786	1204816	1204815	1020070233	14	650	16	1020070931				170	Поле 650 не содержит кода подполя.
rsl03_z00.dat	001204786	1204816	1204815	1020070233	15	700	17	1020070994				170	Поле 700 не содержит кода подполя.
rsl03_z00.dat	001204786	1204816	1204815	1020070233	16	700	18	1020071039				170	Поле 700 не содержит кода подполя.
rsl03_z00.dat	001204786	1204816	1204815	1020070233	17	773	19	1020071083				170	Поле 773 не содержит кода подполя.
rsl03_z00.dat	001204786	1204816	1204815	1020070233	18	912	20	1020071143				170	Поле 912 не содержит кода подполя.
rsl03_z00.dat	001204786	1204816	1204815	1020070233	20	337	23	1020071244				170	Поле 337 не содержит кода подполя.
rsl03_z00.dat	001204787	1204817	1204816	1020071273	11	250	13	1020071711				171	Поле 250 не содержит кода подполя.
rsl03_z00.dat	001204787	1204817	1204816	1020071273	12	260	14	1020071739				171	Поле 260 не содержит кода подполя.
rsl03_z00.dat	001204787	1204817	1204816	1020071273	13	300	15	1020071781				171	Поле 300 не содержит кода подполя.
rsl03_z00.dat	001204787	1204817	1204816	1020071273	14	490	16	1020071810				171	Поле 490 не содержит кода подполя.
rsl03_z00.dat	001204787	1204817	1204816	1020071273	17	650	19	1020072382				171	Поле 650 не содержит кода подполя.
rsl03_z00.dat	001204787	1204817	1204816	1020071273	18	700	20	1020072465				171	Поле 700 не содержит кода подполя.
rsl03_z00.dat	001204787	1204817	1204816	1020071273	19	700	21	1020072512				171	Поле 700 не содержит кода подполя.
rsl03_z00.dat	001204787	1204817	1204816	1020071273	20	700	22	1020072554				171	Поле 700 не содержит кода подполя.
rsl03_z00.dat	001204787	1204817	1204816	1020071273	21	912	23	1020072602				171	Поле 912 не содержит кода подполя.
rsl03_z00.dat	001204787	1204817	1204816	1020071273	22	336	25	1020072673				171	Поле 336 не содержит кода подполя.
rsl03_z00.dat	001204788	1204818	1204817	1020072732	10	260	12	1020073128				172	Поле 260 не содержит кода подполя.
rsl03_z00.dat	001204788	1204818	1204817	1020072732	11	300	13	1020073165				172	Поле 300 не содержит кода подполя.
rsl03_z00.dat	001204788	1204818	1204817	1020072732	15	650	17	1020073361				172	Поле 650 не содержит кода подполя.
rsl03_z00.dat	001204788	1204818	1204817	1020072732	17	912	19	1020073487				172	Поле 912 не содержит кода подполя.
rsl03_z00.dat	001204789	1204819	1204818	1020073617	7	041	9	1020073885				173	Поле 041 не содержит кода подполя.
rsl03_z00.dat	001204789	1204819	1204818	1020073617	10	260	12	1020073994				173	Поле 260 не содержит кода подполя.
rsl03_z00.dat	001204789	1204819	1204818	1020073617	11	300	13	1020074015				173	Поле 300 не содержит кода подполя.
rsl03_z00.dat	001204789	1204819	1204818	1020073617	13	650	15	1020074735				173	Поле 650 не содержит кода подполя.
rsl03_z00.dat	001204789	1204819	1204818	1020073617	14	650	16	1020074810				173	Поле 650 не содержит кода подполя.
rsl03_z00.dat	001204789	1204819	1204818	1020073617	15	773	17	1020074860				173	Поле 773 не содержит кода подполя.
rsl03_z00.dat	001204789	1204819	1204818	1020073617	16	912	18	1020074930				173	Поле 912 не содержит кода подполя.
rsl03_z00.dat	001204790	1204820	1204819	1020075063	7	041	9	1020075330				174	Поле 041 не содержит кода подполя.
rsl03_z00.dat	001204790	1204820	1204819	1020075063	12	250	14	1020075591				174	Поле 250 не содержит кода подполя.
rsl03_z00.dat	001204790	1204820	1204819	1020075063	13	260	15	1020075617				174	Поле 260 не содержит кода подполя.
rsl03_z00.dat	001204790	1204820	1204819	1020075063	17	650	19	1020076297				174	Поле 650 не содержит кода подполя.
rsl03_z00.dat	001204790	1204820	1204819	1020075063	18	700	20	1020076370				174	Поле 700 не содержит кода подполя.
rsl03_z00.dat	001204790	1204820	1204819	1020075063	19	912	21	1020076418				174	Поле 912 не содержит кода подполя.
rsl03_z00.dat	001204790	1204820	1204819	1020075063	20	336	23	1020076490				174	Поле 336 не содержит кода подполя.
rsl03_z00.dat	001204790	1204820	1204819	1020075063	21	337	24	1020076520				174	Поле 337 не содержит кода подполя.
rsl03_z00.dat	001204791	1204821	1204820	1020076549	7	041	9	1020076816				175	Поле 041 не содержит кода подполя.
rsl03_z00.dat	001204791	1204821	1204820	1020076549	12	250	14	1020077062				175	Поле 250 не содержит кода подполя.
rsl03_z00.dat	001204791	1204821	1204820	1020076549	13	260	15	1020077089				175	Поле 260 не содержит кода подполя.
rsl03_z00.dat	001204791	1204821	1204820	1020076549	14	300	16	1020077130				175	Поле 300 не содержит кода подполя.
rsl03_z00.dat	001204791	1204821	1204820	1020076549	17	650	19	1020077488				175	Поле 650 не содержит кода подполя.
rsl03_z00.dat	001204791	1204821	1204820	1020076549	18	650	20	1020077586				175	Поле 650 не содержит кода подполя.
rsl03_z00.dat	001204791	1204821	1204820	1020076549	19	912	21	1020077687				175	Поле 912 не содержит кода подполя.
rsl03_z00.dat	001204791	1204821	1204820	1020076549	20	336	23	1020077759				175	Поле 336 не содержит кода подполя.
rsl03_z00.dat	001204792	1204822	1204821	1020077818	12	250	14	1020078430				176	Поле 250 не содержит кода подполя.
rsl03_z00.dat	001204792	1204822	1204821	1020077818	13	260	15	1020078457				176	Поле 260 не содержит кода подполя.
rsl03_z00.dat	001204792	1204822	1204821	1020077818	14	300	16	1020078498				176	Поле 300 не содержит кода подполя.
rsl03_z00.dat	001204792	1204822	1204821	1020077818	15	490	17	1020078534				176	Поле 490 не содержит кода подполя.
rsl03_z00.dat	001204792	1204822	1204821	1020077818	18	546	20	1020079028				176	Поле 546 не содержит кода подполя.
rsl03_z00.dat	001204792	1204822	1204821	1020077818	19	650	21	1020079050				176	Поле 650 не содержит кода подполя.
rsl03_z00.dat	001204792	1204822	1204821	1020077818	20	700	22	1020079133				176	Поле 700 не содержит кода подполя.
rsl03_z00.dat	001204792	1204822	1204821	1020077818	21	700	23	1020079177				176	Поле 700 не содержит кода подполя.
rsl03_z00.dat	001204792	1204822	1204821	1020077818	22	912	24	1020079226				176	Поле 912 не содержит кода подполя.
rsl03_z00.dat	001204792	1204822	1204821	1020077818	23	336	26	1020079298				176	Поле 336 не содержит кода подполя.
rsl03_z00.dat	001204793	1204823	1204822	1020079358	7	041	9	1020079626				177	Поле 041 не содержит кода подполя.
rsl03_z00.dat	001204793	1204823	1204822	1020079358	10	260	12	1020079735				177	Поле 260 не содержит кода подполя.
rsl03_z00.dat	001204793	1204823	1204822	1020079358	14	650	16	1020080014				177	Поле 650 не содержит кода подполя.
rsl03_z00.dat	001204793	1204823	1204822	1020079358	15	912	17	1020080056				177	Поле 912 не содержит кода подполя.
rsl03_z00.dat	001204794	1204824	1204823	1020080189	7	041	9	1020080454				178	Поле 041 не содержит кода подполя.
rsl03_z00.dat	001204794	1204824	1204823	1020080189	10	260	12	1020080791				178	Поле 260 не содержит кода подполя.
rsl03_z00.dat	001204794	1204824	1204823	1020080189	11	300	13	1020080835				178	Поле 300 не содержит кода подполя.
rsl03_z00.dat	001204794	1204824	1204823	1020080189	12	500	14	1020080869				178	Поле 500 не содержит кода подполя.
rsl03_z00.dat	001204794	1204824	1204823	1020080189	13	504	15	1020080903				178	Поле 504 не содержит кода подполя.
rsl03_z00.dat	001204794	1204824	1204823	1020080189	15	650	17	1020081857				178	Поле 650 не содержит кода подполя.
rsl03_z00.dat	001204794	1204824	1204823	1020080189	16	650	18	1020081889				178	Поле 650 не содержит кода подполя.
rsl03_z00.dat	001204794	1204824	1204823	1020080189	17	650	19	1020081939				178	Поле 650 не содержит кода подполя.
rsl03_z00.dat	001204794	1204824	1204823	1020080189	18	650	20	1020081988				178	Поле 650 не содержит кода подполя.
rsl03_z00.dat	001204794	1204824	1204823	1020080189	19	700	21	1020082066				178	Поле 700 не содержит кода подполя.
rsl03_z00.dat	001204794	1204824	1204823	1020080189	20	700	22	1020082110				178	Поле 700 не содержит кода подполя.
rsl03_z00.dat	001204794	1204824	1204823	1020080189	21	700	23	1020082149				178	Поле 700 не содержит кода подполя.
rsl03_z00.dat	001204794	1204824	1204823	1020080189	22	700	24	1020082192				178	Поле 700 не содержит кода подполя.
rsl03_z00.dat	001204794	1204824	1204823	1020080189	23	710	25	1020082239				178	Поле 710 не содержит кода подполя.
rsl03_z00.dat	001204794	1204824	1204823	1020080189	24	912	26	1020082298				178	Поле 912 не содержит кода подполя.
rsl03_z00.dat	001204794	1204824	1204823	1020080189	25	336	28	1020082370				178	Поле 336 не содержит кода подполя.
rsl03_z00.dat	001204794	1204824	1204823	1020080189	26	337	29	1020082400				178	Поле 337 не содержит кода подполя.
rsl03_z00.dat	001204795	1204825	1204824	1020082429	7	041	9	1020082695				179	Поле 041 не содержит кода подполя.
rsl03_z00.dat	001204795	1204825	1204824	1020082429	10	260	12	1020083044				179	Поле 260 не содержит кода подполя.
rsl03_z00.dat	001204795	1204825	1204824	1020082429	11	300	13	1020083133				179	Поле 300 не содержит кода подполя.
rsl03_z00.dat	001204795	1204825	1204824	1020082429	12	504	14	1020083159				179	Поле 504 не содержит кода подполя.
rsl03_z00.dat	001204795	1204825	1204824	1020082429	14	650	16	1020083946				179	Поле 650 не содержит кода подполя.
rsl03_z00.dat	001204795	1204825	1204824	1020082429	15	650	17	1020084014				179	Поле 650 не содержит кода подполя.
rsl03_z00.dat	001204795	1204825	1204824	1020082429	16	650	18	1020084077				179	Поле 650 не содержит кода подполя.
rsl03_z00.dat	001204795	1204825	1204824	1020082429	17	650	19	1020084130				179	Поле 650 не содержит кода подполя.
rsl03_z00.dat	001204795	1204825	1204824	1020082429	18	700	20	1020084202				179	Поле 700 не содержит кода подполя.
rsl03_z00.dat	001204795	1204825	1204824	1020082429	19	710	21	1020084247				179	Поле 710 не содержит кода подполя.
rsl03_z00.dat	001204795	1204825	1204824	1020082429	20	912	22	1020084334				179	Поле 912 не содержит кода подполя.
rsl03_z00.dat	001204795	1204825	1204824	1020082429	21	336	24	1020084406				179	Поле 336 не содержит кода подполя.
rsl03_z00.dat	001204795	1204825	1204824	1020082429	22	337	25	1020084435				179	Поле 337 не содержит кода подполя.
rsl03_z00.dat	001204796	1204826	1204825	1020084464	7	041	9	1020084730				180	Поле 041 не содержит кода подполя.
rsl03_z00.dat	001204796	1204826	1204825	1020084464	11	260	13	1020084916				180	Поле 260 не содержит кода подполя.
rsl03_z00.dat	001204796	1204826	1204825	1020084464	12	300	14	1020084957				180	Поле 300 не содержит кода подполя.
rsl03_z00.dat	001204796	1204826	1204825	1020084464	15	650	17	1020085497				180	Поле 650 не содержит кода подполя.
rsl03_z00.dat	001204796	1204826	1204825	1020084464	16	650	18	1020085540				180	Поле 650 не содержит кода подполя.
rsl03_z00.dat	001204796	1204826	1204825	1020084464	17	650	19	1020085605				180	Поле 650 не содержит кода подполя.
rsl03_z00.dat	001204796	1204826	1204825	1020084464	18	650	20	1020085670				180	Поле 650 не содержит кода подполя.
rsl03_z00.dat	001204796	1204826	1204825	1020084464	19	912	21	1020085711				180	Поле 912 не содержит кода подполя.
rsl03_z00.dat	001204797	1204827	1204826	1020085844	7	041	9	1020086110				181	Поле 041 не содержит кода подполя.
rsl03_z00.dat	001204797	1204827	1204826	1020085844	14	912	16	1020086978				181	Поле 912 не содержит кода подполя.
rsl03_z00.dat	001204798	1204828	1204827	1020087109	7	041	9	1020087375				182	Поле 041 не содержит кода подполя.
rsl03_z00.dat	001204798	1204828	1204827	1020087109	11	260	13	1020087524				182	Поле 260 не содержит кода подполя.
rsl03_z00.dat	001204798	1204828	1204827	1020087109	12	300	14	1020087565				182	Поле 300 не содержит кода подполя.
rsl03_z00.dat	001204798	1204828	1204827	1020087109	14	650	16	1020087857				182	Поле 650 не содержит кода подполя.
rsl03_z00.dat	001204798	1204828	1204827	1020087109	15	650	17	1020087896				182	Поле 650 не содержит кода подполя.
rsl03_z00.dat	001204798	1204828	1204827	1020087109	16	650	18	1020087939				182	Поле 650 не содержит кода подполя.
rsl03_z00.dat	001204798	1204828	1204827	1020087109	17	650	19	1020088000				182	Поле 650 не содержит кода подполя.
rsl03_z00.dat	001204798	1204828	1204827	1020087109	18	912	20	1020088057				182	Поле 912 не содержит кода подполя.
rsl03_z00.dat	001204799	1204829	1204828	1020088188	7	041	9	1020088455				183	Поле 041 не содержит кода подполя.
rsl03_z00.dat	001204799	1204829	1204828	1020088188	11	260	13	1020088657				183	Поле 260 не содержит кода подполя.
rsl03_z00.dat	001204799	1204829	1204828	1020088188	15	650	17	1020088992				183	Поле 650 не содержит кода подполя.
rsl03_z00.dat	001204799	1204829	1204828	1020088188	16	700	18	1020089026				183	Поле 700 не содержит кода подполя.
rsl03_z00.dat	001204799	1204829	1204828	1020088188	17	912	19	1020089058				183	Поле 912 не содержит кода подполя.
rsl03_z00.dat	001204799	1204829	1204828	1020088188	18	336	21	1020089130				183	Поле 336 не содержит кода подполя.
rsl03_z00.dat	001204799	1204829	1204828	1020088188	19	337	22	1020089160				183	Поле 337 не содержит кода подполя.
rsl03_z00.dat	001204800	1204830	1204829	1020089189	9	260	11	1020089552				184	Поле 260 не содержит кода подполя.
rsl03_z00.dat	001204800	1204830	1204829	1020089189	10	300	12	1020089583				184	Поле 300 не содержит кода подполя.
rsl03_z00.dat	001204800	1204830	1204829	1020089189	15	700	17	1020089850				184	Поле 700 не содержит кода подполя.
rsl03_z00.dat	001204800	1204830	1204829	1020089189	17	912	19	1020089950				184	Поле 912 не содержит кода подполя.
rsl03_z00.dat	001204800	1204830	1204829	1020089189	18	336	21	1020090022				184	Поле 336 не содержит кода подполя.
rsl03_z00.dat	001204801	1204831	1204830	1020090080	7	041	9	1020090348				185	Поле 041 не содержит кода подполя.
rsl03_z00.dat	001204801	1204831	1204830	1020090080	10	260	12	1020090436				185	Поле 260 не содержит кода подполя.
rsl03_z00.dat	001204801	1204831	1204830	1020090080	13	650	15	1020091198				185	Поле 650 не содержит кода подполя.
rsl03_z00.dat	001204801	1204831	1204830	1020090080	14	700	16	1020091272				185	Поле 700 не содержит кода подполя.
rsl03_z00.dat	001204801	1204831	1204830	1020090080	15	700	17	1020091320				185	Поле 700 не содержит кода подполя.
rsl03_z00.dat	001204801	1204831	1204830	1020090080	16	773	18	1020091371				185	Поле 773 не содержит кода подполя.
rsl03_z00.dat	001204801	1204831	1204830	1020090080	17	912	19	1020091418				185	Поле 912 не содержит кода подполя.
rsl03_z00.dat	001204802	1204832	1204831	1020091547	10	260	12	1020091997				186	Поле 260 не содержит кода подполя.
rsl03_z00.dat	001204802	1204832	1204831	1020091547	11	300	13	1020092035				186	Поле 300 не содержит кода подполя.
rsl03_z00.dat	001204802	1204832	1204831	1020091547	16	650	18	1020092299				186	Поле 650 не содержит кода подполя.
rsl03_z00.dat	001204802	1204832	1204831	1020091547	17	912	19	1020092344				186	Поле 912 не содержит кода подполя.
rsl03_z00.dat	001204802	1204832	1204831	1020091547	18	336	21	1020092416				186	Поле 336 не содержит кода подполя.
rsl03_z00.dat	001204802	1204832	1204831	1020091547	19	337	22	1020092446				186	Поле 337 не содержит кода подполя.
rsl03_z00.dat	001204803	1204833	1204832	1020092475	7	041	9	1020092743				187	Поле 041 не содержит кода подполя.
rsl03_z00.dat	001204803	1204833	1204832	1020092475	9	245	11	1020092781				187	Поле 245 не содержит кода подполя.
rsl03_z00.dat	001204803	1204833	1204832	1020092475	13	650	15	1020093286				187	Поле 650 не содержит кода подполя.
rsl03_z00.dat	001204803	1204833	1204832	1020092475	14	650	16	1020093357				187	Поле 650 не содержит кода подполя.
rsl03_z00.dat	001204803	1204833	1204832	1020092475	15	773	17	1020093401				187	Поле 773 не содержит кода подполя.
rsl03_z00.dat	001204803	1204833	1204832	1020092475	16	912	18	1020093473				187	Поле 912 не содержит кода подполя.
rsl03_z00.dat	001204803	1204833	1204832	1020092475	18	337	21	1020093574				187	Поле 337 не содержит кода подполя.
rsl03_z00.dat	001204804	1204834	1204833	1020093603	7	041	9	1020093870				188	Поле 041 не содержит кода подполя.
rsl03_z00.dat	001204804	1204834	1204833	1020093603	13	260	15	1020094114				188	Поле 260 не содержит кода подполя.
rsl03_z00.dat	001204804	1204834	1204833	1020093603	14	300	16	1020094155				188	Поле 300 не содержит кода подполя.
rsl03_z00.dat	001204804	1204834	1204833	1020093603	16	650	18	1020094585				188	Поле 650 не содержит кода подполя.
rsl03_z00.dat	001204804	1204834	1204833	1020093603	17	700	19	1020094659				188	Поле 700 не содержит кода подполя.
rsl03_z00.dat	001204804	1204834	1204833	1020093603	18	700	20	1020094700				188	Поле 700 не содержит кода подполя.
rsl03_z00.dat	001204804	1204834	1204833	1020093603	19	912	21	1020094747				188	Поле 912 не содержит кода подполя.
rsl03_z00.dat	001204805	1204835	1204834	1020094877	7	041	9	1020095144				189	Поле 041 не содержит кода подполя.
rsl03_z00.dat	001204805	1204835	1204834	1020094877	11	250	13	1020095320				189	Поле 250 не содержит кода подполя.
rsl03_z00.dat	001204805	1204835	1204834	1020094877	12	260	14	1020095347				189	Поле 260 не содержит кода подполя.
rsl03_z00.dat	001204805	1204835	1204834	1020094877	15	650	17	1020096238				189	Поле 650 не содержит кода подполя.
rsl03_z00.dat	001204805	1204835	1204834	1020094877	16	700	18	1020096267				189	Поле 700 не содержит кода подполя.
rsl03_z00.dat	001204805	1204835	1204834	1020094877	17	700	19	1020096311				189	Поле 700 не содержит кода подполя.
rsl03_z00.dat	001204805	1204835	1204834	1020094877	18	700	20	1020096358				189	Поле 700 не содержит кода подполя.
rsl03_z00.dat	001204805	1204835	1204834	1020094877	19	700	21	1020096403				189	Поле 700 не содержит кода подполя.
rsl03_z00.dat	001204805	1204835	1204834	1020094877	20	912	22	1020096445				189	Поле 912 не содержит кода подполя.
rsl03_z00.dat	001204806	1204836	1204835	1020096576	7	041	9	1020096844				190	Поле 041 не содержит кода подполя.
rsl03_z00.dat	001204806	1204836	1204835	1020096576	11	260	13	1020096997				190	Поле 260 не содержит кода подполя.
rsl03_z00.dat	001204806	1204836	1204835	1020096576	15	650	17	1020097254				190	Поле 650 не содержит кода подполя.
rsl03_z00.dat	001204806	1204836	1204835	1020096576	16	912	18	1020097296				190	Поле 912 не содержит кода подполя.
rsl03_z00.dat	001204807	1204837	1204836	1020097429	7	041	9	1020097697				191	Поле 041 не содержит кода подполя.
rsl03_z00.dat	001204807	1204837	1204836	1020097429	10	260	12	1020097830				191	Поле 260 не содержит кода подполя.
rsl03_z00.dat	001204807	1204837	1204836	1020097429	14	650	16	1020098092				191	Поле 650 не содержит кода подполя.
rsl03_z00.dat	001204807	1204837	1204836	1020097429	15	700	17	1020098183				191	Поле 700 не содержит кода подполя.
rsl03_z00.dat	001204808	1204838	1204837	1020098358	7	041	9	1020098626				192	Поле 041 не содержит кода подполя.
rsl03_z00.dat	001204808	1204838	1204837	1020098358	11	300	13	1020098809				192	Поле 300 не содержит кода подполя.
rsl03_z00.dat	001204808	1204838	1204837	1020098358	16	650	18	1020099308				192	Поле 650 не содержит кода подполя.
rsl03_z00.dat	001204808	1204838	1204837	1020098358	17	912	19	1020099381				192	Поле 912 не содержит кода подполя.
rsl03_z00.dat	001204808	1204838	1204837	1020098358	18	336	21	1020099452				192	Поле 336 не содержит кода подполя.
rsl03_z00.dat	001204809	1204839	1204838	1020099511	7	041	9	1020099779				193	Поле 041 не содержит кода подполя.
rsl03_z00.dat	001204809	1204839	1204838	1020099511	11	300	13	1020099970				193	Поле 300 не содержит кода подполя.
rsl03_z00.dat	001204809	1204839	1204838	1020099511	16	650	18	1020100469				193	Поле 650 не содержит кода подполя.
rsl03_z00.dat	001204809	1204839	1204838	1020099511	17	912	19	1020100541				193	Поле 912 не содержит кода подполя.
rsl03_z00.dat	001204809	1204839	1204838	1020099511	18	336	21	1020100613				193	Поле 336 не содержит кода подполя.
rsl03_z00.dat	001204810	1204840	1204839	1020100670	7	041	9	1020100938				194	Поле 041 не содержит кода подполя.
rsl03_z00.dat	001204810	1204840	1204839	1020100670	10	260	12	1020101069				194	Поле 260 не содержит кода подполя.
rsl03_z00.dat	001204810	1204840	1204839	1020100670	14	650	16	1020101349				194	Поле 650 не содержит кода подполя.
rsl03_z00.dat	001204811	1204841	1204840	1020101619	7	041	9	1020101887				195	Поле 041 не содержит кода подполя.
rsl03_z00.dat	001204811	1204841	1204840	1020101619	11	300	13	1020102081				195	Поле 300 не содержит кода подполя.
rsl03_z00.dat	001204811	1204841	1204840	1020101619	16	650	18	1020102580				195	Поле 650 не содержит кода подполя.
rsl03_z00.dat	001204811	1204841	1204840	1020101619	17	912	19	1020102652				195	Поле 912 не содержит кода подполя.
rsl03_z00.dat	001204811	1204841	1204840	1020101619	18	336	21	1020102724				195	Поле 336 не содержит кода подполя.
rsl03_z00.dat	001204812	1204842	1204841	1020102781	7	041	9	1020103049				196	Поле 041 не содержит кода подполя.
rsl03_z00.dat	001204812	1204842	1204841	1020102781	11	300	13	1020103231				196	Поле 300 не содержит кода подполя.
rsl03_z00.dat	001204812	1204842	1204841	1020102781	16	650	18	1020103728				196	Поле 650 не содержит кода подполя.
rsl03_z00.dat	001204812	1204842	1204841	1020102781	17	912	19	1020103801				196	Поле 912 не содержит кода подполя.
rsl03_z00.dat	001204813	1204843	1204842	1020103932	7	041	9	1020104200				197	Поле 041 не содержит кода подполя.
rsl03_z00.dat	001204813	1204843	1204842	1020103932	10	260	12	1020104325				197	Поле 260 не содержит кода подполя.
rsl03_z00.dat	001204813	1204843	1204842	1020103932	11	300	13	1020104367				197	Поле 300 не содержит кода подполя.
rsl03_z00.dat	001204813	1204843	1204842	1020103932	15	650	17	1020104771				197	Поле 650 не содержит кода подполя.
rsl03_z00.dat	001204813	1204843	1204842	1020103932	16	650	18	1020104845				197	Поле 650 не содержит кода подполя.
rsl03_z00.dat	001204813	1204843	1204842	1020103932	17	700	19	1020104890				197	Поле 700 не содержит кода подполя.
rsl03_z00.dat	001204813	1204843	1204842	1020103932	18	912	20	1020104937				197	Поле 912 не содержит кода подполя.
rsl03_z00.dat	001204814	1204844	1204843	1020105070	7	041	9	1020105338				198	Поле 041 не содержит кода подполя.
rsl03_z00.dat	001204814	1204844	1204843	1020105070	13	650	15	1020105702				198	Поле 650 не содержит кода подполя.
rsl03_z00.dat	001204814	1204844	1204843	1020105070	14	700	16	1020105745				198	Поле 700 не содержит кода подполя.
rsl03_z00.dat	001204814	1204844	1204843	1020105070	15	912	17	1020105789				198	Поле 912 не содержит кода подполя.
rsl03_z00.dat	001204815	1204845	1204844	1020105921	7	041	9	1020106189				199	Поле 041 не содержит кода подполя.
rsl03_z00.dat	001204815	1204845	1204844	1020105921	10	260	12	1020106340				199	Поле 260 не содержит кода подполя.
rsl03_z00.dat	001204815	1204845	1204844	1020105921	11	300	13	1020106383				199	Поле 300 не содержит кода подполя.
rsl03_z00.dat	001204815	1204845	1204844	1020105921	13	650	15	1020106850				199	Поле 650 не содержит кода подполя.
rsl03_z00.dat	001204815	1204845	1204844	1020105921	14	700	16	1020106893				199	Поле 700 не содержит кода подполя.
rsl03_z00.dat	001204815	1204845	1204844	1020105921	15	700	17	1020106938				199	Поле 700 не содержит кода подполя.
rsl03_z00.dat	001204815	1204845	1204844	1020105921	16	912	18	1020106984				199	Поле 912 не содержит кода подполя.
rsl03_z00.dat	001204816	1204846	1204845	1020107115	7	041	9	1020107383				200	Поле 041 не содержит кода подполя.
rsl03_z00.dat	001204816	1204846	1204845	1020107115	13	650	15	1020107974				200	Поле 650 не содержит кода подполя.
rsl03_z00.dat	001204816	1204846	1204845	1020107115	14	700	16	1020108017				200	Поле 700 не содержит кода подполя.
rsl03_z00.dat	001204816	1204846	1204845	1020107115	15	912	17	1020108062				200	Поле 912 не содержит кода подполя.
rsl03_z00.dat	001204817	1204847	1204846	1020108196	7	041	9	1020108464				201	Поле 041 не содержит кода подполя.
rsl03_z00.dat	001204817	1204847	1204846	1020108196	11	300	13	1020108692				201	Поле 300 не содержит кода подполя.
rsl03_z00.dat	001204817	1204847	1204846	1020108196	17	336	20	1020109045				201	Поле 336 не содержит кода подполя.
rsl03_z00.dat	001204818	1204848	1204847	1020109103	7	041	9	1020109371				202	Поле 041 не содержит кода подполя.
rsl03_z00.dat	001204818	1204848	1204847	1020109103	11	300	13	1020109598				202	Поле 300 не содержит кода подполя.
rsl03_z00.dat	001204818	1204848	1204847	1020109103	14	700	16	1020109931				202	Поле 700 не содержит кода подполя.
rsl03_z00.dat	001204818	1204848	1204847	1020109103	15	700	17	1020109975				202	Поле 700 не содержит кода подполя.
rsl03_z00.dat	001204818	1204848	1204847	1020109103	16	912	18	1020110021				202	Поле 912 не содержит кода подполя.
rsl03_z00.dat	001204818	1204848	1204847	1020109103	17	336	20	1020110093				202	Поле 336 не содержит кода подполя.
rsl03_z00.dat	001204819	1204849	1204848	1020110151	7	041	9	1020110419				203	Поле 041 не содержит кода подполя.
rsl03_z00.dat	001204819	1204849	1204848	1020110151	10	260	12	1020110580				203	Поле 260 не содержит кода подполя.
rsl03_z00.dat	001204819	1204849	1204848	1020110151	11	300	13	1020110617				203	Поле 300 не содержит кода подполя.
rsl03_z00.dat	001204819	1204849	1204848	1020110151	14	700	16	1020110872				203	Поле 700 не содержит кода подполя.
rsl03_z00.dat	001204819	1204849	1204848	1020110151	15	700	17	1020110916				203	Поле 700 не содержит кода подполя.
rsl03_z00.dat	001204819	1204849	1204848	1020110151	16	912	18	1020110963				203	Поле 912 не содержит кода подполя.
rsl03_z00.dat	001204819	1204849	1204848	1020110151	17	336	20	1020111035				203	Поле 336 не содержит кода подполя.
rsl03_z00.dat	001204820	1204850	1204849	1020111092	7	041	9	1020111359				204	Поле 041 не содержит кода подполя.
rsl03_z00.dat	001204820	1204850	1204849	1020111092	12	300	14	1020111683				204	Поле 300 не содержит кода подполя.
rsl03_z00.dat	001204820	1204850	1204849	1020111092	13	490	15	1020111719				204	Поле 490 не содержит кода подполя.
rsl03_z00.dat	001204820	1204850	1204849	1020111092	18	650	20	1020112047				204	Поле 650 не содержит кода подполя.
rsl03_z00.dat	001204820	1204850	1204849	1020111092	19	700	21	1020112103				204	Поле 700 не содержит кода подполя.
rsl03_z00.dat	001204820	1204850	1204849	1020111092	20	700	22	1020112136				204	Поле 700 не содержит кода подполя.
rsl03_z00.dat	001204820	1204850	1204849	1020111092	21	912	23	1020112179				204	Поле 912 не содержит кода подполя.
rsl03_z00.dat	001204820	1204850	1204849	1020111092	22	336	25	1020112250				204	Поле 336 не содержит кода подполя.
rsl03_z00.dat	001204820	1204850	1204849	1020111092	23	337	26	1020112280				204	Поле 337 не содержит кода подполя.
rsl03_z00.dat	001204821	1204851	1204850	1020112309	7	041	9	1020112575				205	Поле 041 не содержит кода подполя.
rsl03_z00.dat	001204821	1204851	1204850	1020112309	11	260	13	1020112793				205	Поле 260 не содержит кода подполя.
rsl03_z00.dat	001204821	1204851	1204850	1020112309	12	300	14	1020112849				205	Поле 300 не содержит кода подполя.
rsl03_z00.dat	001204821	1204851	1204850	1020112309	14	650	16	1020113117				205	Поле 650 не содержит кода подполя.
rsl03_z00.dat	001204821	1204851	1204850	1020112309	15	650	17	1020113174				205	Поле 650 не содержит кода подполя.
rsl03_z00.dat	001204821	1204851	1204850	1020112309	16	912	18	1020113225				205	Поле 912 не содержит кода подполя.
rsl03_z00.dat	001204821	1204851	1204850	1020112309	17	336	20	1020113297				205	Поле 336 не содержит кода подполя.
rsl03_z00.dat	001204821	1204851	1204850	1020112309	18	337	21	1020113328				205	Поле 337 не содержит кода подполя.
rsl03_z00.dat	001204822	1204852	1204851	1020113357	7	041	9	1020113624				206	Поле 041 не содержит кода подполя.
rsl03_z00.dat	001204822	1204852	1204851	1020113357	12	250	14	1020113955				206	Поле 250 не содержит кода подполя.
rsl03_z00.dat	001204822	1204852	1204851	1020113357	13	260	15	1020113983				206	Поле 260 не содержит кода подполя.
rsl03_z00.dat	001204822	1204852	1204851	1020113357	14	300	16	1020114024				206	Поле 300 не содержит кода подполя.
rsl03_z00.dat	001204822	1204852	1204851	1020113357	15	490	17	1020114063				206	Поле 490 не содержит кода подполя.
rsl03_z00.dat	001204822	1204852	1204851	1020113357	17	650	19	1020114630				206	Поле 650 не содержит кода подполя.
rsl03_z00.dat	001204822	1204852	1204851	1020113357	18	700	20	1020114692				206	Поле 700 не содержит кода подполя.
rsl03_z00.dat	001204822	1204852	1204851	1020113357	19	700	21	1020114739				206	Поле 700 не содержит кода подполя.
rsl03_z00.dat	001204822	1204852	1204851	1020113357	20	912	22	1020114788				206	Поле 912 не содержит кода подполя.
rsl03_z00.dat	001204822	1204852	1204851	1020113357	21	336	24	1020114860				206	Поле 336 не содержит кода подполя.
rsl03_z00.dat	001204823	1204853	1204852	1020114920	7	041	9	1020115187				207	Поле 041 не содержит кода подполя.
rsl03_z00.dat	001204823	1204853	1204852	1020114920	12	250	14	1020115356				207	Поле 250 не содержит кода подполя.
rsl03_z00.dat	001204823	1204853	1204852	1020114920	17	650	19	1020116061				207	Поле 650 не содержит кода подполя.
rsl03_z00.dat	001204823	1204853	1204852	1020114920	18	912	20	1020116128				207	Поле 912 не содержит кода подполя.
rsl03_z00.dat	001204824	1204854	1204853	1020116258	7	041	9	1020116525				208	Поле 041 не содержит кода подполя.
rsl03_z00.dat	001204824	1204854	1204853	1020116258	12	250	14	1020116694				208	Поле 250 не содержит кода подполя.
rsl03_z00.dat	001204824	1204854	1204853	1020116258	17	650	19	1020117399				208	Поле 650 не содержит кода подполя.
rsl03_z00.dat	001204824	1204854	1204853	1020116258	18	912	20	1020117466				208	Поле 912 не содержит кода подполя.
rsl03_z00.dat	001204825	1204855	1204854	1020117596	7	041	9	1020117864				209	Поле 041 не содержит кода подполя.
rsl03_z00.dat	001204825	1204855	1204854	1020117596	11	260	13	1020118062				209	Поле 260 не содержит кода подполя.
rsl03_z00.dat	001204825	1204855	1204854	1020117596	15	520	17	1020118462				209	Поле 520 не содержит кода подполя.
rsl03_z00.dat	001204825	1204855	1204854	1020117596	16	650	18	1020118682				209	Поле 650 не содержит кода подполя.
rsl03_z00.dat	001204825	1204855	1204854	1020117596	17	700	19	1020118743				209	Поле 700 не содержит кода подполя.
rsl03_z00.dat	001204825	1204855	1204854	1020117596	18	912	20	1020118790				209	Поле 912 не содержит кода подполя.
rsl03_z00.dat	001204825	1204855	1204854	1020117596	19	336	22	1020118862				209	Поле 336 не содержит кода подполя.
rsl03_z00.dat	001204825	1204855	1204854	1020117596	20	337	23	1020118892				209	Поле 337 не содержит кода подполя.
rsl03_z00.dat	001204826	1204856	1204855	1020118921	7	041	9	1020119189				210	Поле 041 не содержит кода подполя.
rsl03_z00.dat	001204826	1204856	1204855	1020118921	10	260	12	1020119321				210	Поле 260 не содержит кода подполя.
rsl03_z00.dat	001204826	1204856	1204855	1020118921	15	650	17	1020119923				210	Поле 650 не содержит кода подполя.
rsl03_z00.dat	001204826	1204856	1204855	1020118921	16	650	18	1020119996				210	Поле 650 не содержит кода подполя.
rsl03_z00.dat	001204826	1204856	1204855	1020118921	17	700	19	1020120040				210	Поле 700 не содержит кода подполя.
rsl03_z00.dat	001204826	1204856	1204855	1020118921	18	912	20	1020120087				210	Поле 912 не содержит кода подполя.
rsl03_z00.dat	001204827	1204857	1204856	1020120217	7	041	9	1020120485				211	Поле 041 не содержит кода подполя.
rsl03_z00.dat	001204827	1204857	1204856	1020120217	10	260	12	1020120621				211	Поле 260 не содержит кода подполя.
rsl03_z00.dat	001204827	1204857	1204856	1020120217	15	650	17	1020121222				211	Поле 650 не содержит кода подполя.
rsl03_z00.dat	001204827	1204857	1204856	1020120217	16	650	18	1020121295				211	Поле 650 не содержит кода подполя.
rsl03_z00.dat	001204827	1204857	1204856	1020120217	17	700	19	1020121340				211	Поле 700 не содержит кода подполя.
rsl03_z00.dat	001204827	1204857	1204856	1020120217	18	912	20	1020121387				211	Поле 912 не содержит кода подполя.
rsl03_z00.dat	001204828	1204858	1204857	1020121518	7	041	9	1020121786				212	Поле 041 не содержит кода подполя.
rsl03_z00.dat	001204828	1204858	1204857	1020121518	10	260	12	1020121920				212	Поле 260 не содержит кода подполя.
rsl03_z00.dat	001204828	1204858	1204857	1020121518	15	650	17	1020122521				212	Поле 650 не содержит кода подполя.
rsl03_z00.dat	001204828	1204858	1204857	1020121518	16	700	18	1020122579				212	Поле 700 не содержит кода подполя.
rsl03_z00.dat	001204828	1204858	1204857	1020121518	17	912	19	1020122626				212	Поле 912 не содержит кода подполя.
rsl03_z00.dat	001204829	1204859	1204858	1020122757	7	041	9	1020123025				213	Поле 041 не содержит кода подполя.
rsl03_z00.dat	001204829	1204859	1204858	1020122757	11	300	13	1020123215				213	Поле 300 не содержит кода подполя.
rsl03_z00.dat	001204829	1204859	1204858	1020122757	13	650	15	1020123600				213	Поле 650 не содержит кода подполя.
rsl03_z00.dat	001204829	1204859	1204858	1020122757	14	700	16	1020123626				213	Поле 700 не содержит кода подполя.
rsl03_z00.dat	001204829	1204859	1204858	1020122757	15	700	17	1020123661				213	Поле 700 не содержит кода подполя.
rsl03_z00.dat	001204829	1204859	1204858	1020122757	16	912	18	1020123691				213	Поле 912 не содержит кода подполя.
rsl03_z00.dat	001204829	1204859	1204858	1020122757	17	336	20	1020123763				213	Поле 336 не содержит кода подполя.
rsl03_z00.dat	001204830	1204860	1204859	1020123820	7	041	9	1020124088				214	Поле 041 не содержит кода подполя.
rsl03_z00.dat	001204830	1204860	1204859	1020123820	10	260	12	1020124216				214	Поле 260 не содержит кода подполя.
rsl03_z00.dat	001204830	1204860	1204859	1020123820	15	650	17	1020124816				214	Поле 650 не содержит кода подполя.
rsl03_z00.dat	001204830	1204860	1204859	1020123820	16	700	18	1020124892				214	Поле 700 не содержит кода подполя.
rsl03_z00.dat	001204830	1204860	1204859	1020123820	17	912	19	1020124939				214	Поле 912 не содержит кода подполя.
rsl03_z00.dat	001204831	1204861	1204860	1020125071	7	041	9	1020125338				215	Поле 041 не содержит кода подполя.
rsl03_z00.dat	001204831	1204861	1204860	1020125071	11	300	13	1020125517				215	Поле 300 не содержит кода подполя.
rsl03_z00.dat	001204831	1204861	1204860	1020125071	14	650	16	1020125866				215	Поле 650 не содержит кода подполя.
rsl03_z00.dat	001204831	1204861	1204860	1020125071	15	650	17	1020125913				215	Поле 650 не содержит кода подполя.
rsl03_z00.dat	001204831	1204861	1204860	1020125071	16	700	18	1020125958				215	Поле 700 не содержит кода подполя.
rsl03_z00.dat	001204831	1204861	1204860	1020125071	17	912	19	1020125994				215	Поле 912 не содержит кода подполя.
rsl03_z00.dat	001204831	1204861	1204860	1020125071	18	336	21	1020126066				215	Поле 336 не содержит кода подполя.
rsl03_z00.dat	001204832	1204862	1204861	1020126125	7	041	9	1020126392				216	Поле 041 не содержит кода подполя.
rsl03_z00.dat	001204832	1204862	1204861	1020126125	11	300	13	1020126575				216	Поле 300 не содержит кода подполя.
rsl03_z00.dat	001204832	1204862	1204861	1020126125	14	650	16	1020126925				216	Поле 650 не содержит кода подполя.
rsl03_z00.dat	001204832	1204862	1204861	1020126125	15	650	17	1020126972				216	Поле 650 не содержит кода подполя.
rsl03_z00.dat	001204832	1204862	1204861	1020126125	16	700	18	1020127017				216	Поле 700 не содержит кода подполя.
rsl03_z00.dat	001204832	1204862	1204861	1020126125	17	912	19	1020127053				216	Поле 912 не содержит кода подполя.
rsl03_z00.dat	001204832	1204862	1204861	1020126125	18	336	21	1020127125				216	Поле 336 не содержит кода подполя.
rsl03_z00.dat	001204833	1204863	1204862	1020127186	11	260	13	1020127691				217	Поле 260 не содержит кода подполя.
rsl03_z00.dat	001204833	1204863	1204862	1020127186	12	300	14	1020127748				217	Поле 300 не содержит кода подполя.
rsl03_z00.dat	001204833	1204863	1204862	1020127186	13	490	15	1020127766				217	Поле 490 не содержит кода подполя.
rsl03_z00.dat	001204833	1204863	1204862	1020127186	16	912	18	1020127877				217	Поле 912 не содержит кода подполя.
rsl03_z00.dat	001204833	1204863	1204862	1020127186	17	336	20	1020127949				217	Поле 336 не содержит кода подполя.
rsl03_z00.dat	001204833	1204863	1204862	1020127186	18	337	21	1020127979				217	Поле 337 не содержит кода подполя.
rsl03_z00.dat	001204834	1204864	1204863	1020128008	7	041	9	1020128275				218	Поле 041 не содержит кода подполя.
rsl03_z00.dat	001204834	1204864	1204863	1020128008	10	260	12	1020128375				218	Поле 260 не содержит кода подполя.
rsl03_z00.dat	001204834	1204864	1204863	1020128008	11	300	13	1020128395				218	Поле 300 не содержит кода подполя.
rsl03_z00.dat	001204834	1204864	1204863	1020128008	13	650	15	1020129150				218	Поле 650 не содержит кода подполя.
rsl03_z00.dat	001204834	1204864	1204863	1020128008	14	700	16	1020129198				218	Поле 700 не содержит кода подполя.
rsl03_z00.dat	001204834	1204864	1204863	1020128008	15	773	17	1020129243				218	Поле 773 не содержит кода подполя.
rsl03_z00.dat	001204834	1204864	1204863	1020128008	16	912	18	1020129330				218	Поле 912 не содержит кода подполя.
rsl03_z00.dat	001204835	1204865	1204864	1020129458	7	041	9	1020129724				219	Поле 041 не содержит кода подполя.
rsl03_z00.dat	001204835	1204865	1204864	1020129458	10	260	12	1020130075				219	Поле 260 не содержит кода подполя.
rsl03_z00.dat	001204835	1204865	1204864	1020129458	11	300	13	1020130155				219	Поле 300 не содержит кода подполя.
rsl03_z00.dat	001204835	1204865	1204864	1020129458	12	500	14	1020130200				219	Поле 500 не содержит кода подполя.
rsl03_z00.dat	001204835	1204865	1204864	1020129458	13	504	15	1020130243				219	Поле 504 не содержит кода подполя.
rsl03_z00.dat	001204835	1204865	1204864	1020129458	15	650	17	1020131247				219	Поле 650 не содержит кода подполя.
rsl03_z00.dat	001204835	1204865	1204864	1020129458	16	650	18	1020131302				219	Поле 650 не содержит кода подполя.
rsl03_z00.dat	001204835	1204865	1204864	1020129458	17	650	19	1020131382				219	Поле 650 не содержит кода подполя.
rsl03_z00.dat	001204835	1204865	1204864	1020129458	18	700	20	1020131452				219	Поле 700 не содержит кода подполя.
rsl03_z00.dat	001204835	1204865	1204864	1020129458	19	700	21	1020131496				219	Поле 700 не содержит кода подполя.
rsl03_z00.dat	001204835	1204865	1204864	1020129458	20	700	22	1020131542				219	Поле 700 не содержит кода подполя.
rsl03_z00.dat	001204835	1204865	1204864	1020129458	21	700	23	1020131587				219	Поле 700 не содержит кода подполя.
rsl03_z00.dat	001204835	1204865	1204864	1020129458	22	710	24	1020131630				219	Поле 710 не содержит кода подполя.
rsl03_z00.dat	001204835	1204865	1204864	1020129458	23	912	25	1020131713				219	Поле 912 не содержит кода подполя.
rsl03_z00.dat	001204835	1204865	1204864	1020129458	24	336	27	1020131785				219	Поле 336 не содержит кода подполя.
rsl03_z00.dat	001204835	1204865	1204864	1020129458	25	337	28	1020131815				219	Поле 337 не содержит кода подполя.
rsl03_z00.dat	001204836	1204866	1204865	1020131844	12	260	14	1020132547				220	Поле 260 не содержит кода подполя.
rsl03_z00.dat	001204836	1204866	1204865	1020131844	13	300	15	1020132594				220	Поле 300 не содержит кода подполя.
rsl03_z00.dat	001204836	1204866	1204865	1020131844	14	504	16	1020132625				220	Поле 504 не содержит кода подполя.
rsl03_z00.dat	001204836	1204866	1204865	1020131844	16	546	18	1020133500				220	Поле 546 не содержит кода подполя.
rsl03_z00.dat	001204836	1204866	1204865	1020131844	17	650	19	1020133533				220	Поле 650 не содержит кода подполя.
rsl03_z00.dat	001204836	1204866	1204865	1020131844	18	650	20	1020133569				220	Поле 650 не содержит кода подполя.
rsl03_z00.dat	001204836	1204866	1204865	1020131844	19	650	21	1020133602				220	Поле 650 не содержит кода подполя.
rsl03_z00.dat	001204836	1204866	1204865	1020131844	20	700	22	1020133639				220	Поле 700 не содержит кода подполя.
rsl03_z00.dat	001204836	1204866	1204865	1020131844	21	710	23	1020133686				220	Поле 710 не содержит кода подполя.
rsl03_z00.dat	001204836	1204866	1204865	1020131844	22	912	24	1020133801				220	Поле 912 не содержит кода подполя.
rsl03_z00.dat	001204836	1204866	1204865	1020131844	23	336	26	1020133873				220	Поле 336 не содержит кода подполя.
rsl03_z00.dat	001204836	1204866	1204865	1020131844	24	337	27	1020133903				220	Поле 337 не содержит кода подполя.
rsl03_z00.dat	001204837	1204867	1204866	1020133932	7	041	9	1020134199				221	Поле 041 не содержит кода подполя.
rsl03_z00.dat	001204837	1204867	1204866	1020133932	10	260	12	1020134309				221	Поле 260 не содержит кода подполя.
rsl03_z00.dat	001204837	1204867	1204866	1020133932	14	650	16	1020134866				221	Поле 650 не содержит кода подполя.
rsl03_z00.dat	001204837	1204867	1204866	1020133932	15	650	17	1020134952				221	Поле 650 не содержит кода подполя.
rsl03_z00.dat	001204837	1204867	1204866	1020133932	16	912	18	1020135043				221	Поле 912 не содержит кода подполя.
rsl03_z00.dat	001204837	1204867	1204866	1020133932	17	336	20	1020135114				221	Поле 336 не содержит кода подполя.
rsl03_z00.dat	001204838	1204868	1204867	1020135174	12	260	14	1020135635				222	Поле 260 не содержит кода подполя.
rsl03_z00.dat	001204838	1204868	1204867	1020135174	13	300	15	1020135678				222	Поле 300 не содержит кода подполя.
rsl03_z00.dat	001204838	1204868	1204867	1020135174	19	337	22	1020135949				222	Поле 337 не содержит кода подполя.
rsl03_z00.dat	001204839	1204869	1204868	1020135977	7	041	9	1020136245				223	Поле 041 не содержит кода подполя.
rsl03_z00.dat	001204839	1204869	1204868	1020135977	10	245	12	1020136312				223	Поле 245 не содержит кода подполя.
rsl03_z00.dat	001204839	1204869	1204868	1020135977	14	650	16	1020136585				223	Поле 650 не содержит кода подполя.
rsl03_z00.dat	001204839	1204869	1204868	1020135977	15	700	17	1020136648				223	Поле 700 не содержит кода подполя.
rsl03_z00.dat	001204839	1204869	1204868	1020135977	16	700	18	1020136693				223	Поле 700 не содержит кода подполя.
rsl03_z00.dat	001204839	1204869	1204868	1020135977	17	773	19	1020136736				223	Поле 773 не содержит кода подполя.
rsl03_z00.dat	001204839	1204869	1204868	1020135977	18	912	20	1020136796				223	Поле 912 не содержит кода подполя.
rsl03_z00.dat	001204839	1204869	1204868	1020135977	20	337	23	1020136898				223	Поле 337 не содержит кода подполя.
rsl03_z00.dat	001204840	1204870	1204869	1020136927	7	041	9	1020137194				224	Поле 041 не содержит кода подполя.
rsl03_z00.dat	001204840	1204870	1204869	1020136927	12	260	14	1020137478				224	Поле 260 не содержит кода подполя.
rsl03_z00.dat	001204840	1204870	1204869	1020136927	13	300	15	1020137520				224	Поле 300 не содержит кода подполя.
rsl03_z00.dat	001204840	1204870	1204869	1020136927	14	490	16	1020137560				224	Поле 490 не содержит кода подполя.
rsl03_z00.dat	001204840	1204870	1204869	1020136927	16	650	18	1020138405				224	Поле 650 не содержит кода подполя.
rsl03_z00.dat	001204840	1204870	1204869	1020136927	17	650	19	1020138477				224	Поле 650 не содержит кода подполя.
rsl03_z00.dat	001204840	1204870	1204869	1020136927	18	700	20	1020138540				224	Поле 700 не содержит кода подполя.
rsl03_z00.dat	001204840	1204870	1204869	1020136927	19	912	21	1020138585				224	Поле 912 не содержит кода подполя.
rsl03_z00.dat	001204840	1204870	1204869	1020136927	20	336	23	1020138657				224	Поле 336 не содержит кода подполя.
rsl03_z00.dat	001204840	1204870	1204869	1020136927	21	337	24	1020138687				224	Поле 337 не содержит кода подполя.
rsl03_z00.dat	001204841	1204871	1204870	1020138716	7	041	9	1020138983				225	Поле 041 не содержит кода подполя.
rsl03_z00.dat	001204841	1204871	1204870	1020138716	11	250	13	1020139167				225	Поле 250 не содержит кода подполя.
rsl03_z00.dat	001204841	1204871	1204870	1020138716	12	260	14	1020139194				225	Поле 260 не содержит кода подполя.
rsl03_z00.dat	001204841	1204871	1204870	1020138716	13	300	15	1020139236				225	Поле 300 не содержит кода подполя.
rsl03_z00.dat	001204841	1204871	1204870	1020138716	17	650	19	1020139807				225	Поле 650 не содержит кода подполя.
rsl03_z00.dat	001204841	1204871	1204870	1020138716	18	700	20	1020139890				225	Поле 700 не содержит кода подполя.
rsl03_z00.dat	001204841	1204871	1204870	1020138716	19	700	21	1020139936				225	Поле 700 не содержит кода подполя.
rsl03_z00.dat	001204841	1204871	1204870	1020138716	20	700	22	1020139978				225	Поле 700 не содержит кода подполя.
rsl03_z00.dat	001204841	1204871	1204870	1020138716	21	912	23	1020140026				225	Поле 912 не содержит кода подполя.
rsl03_z00.dat	001204842	1204872	1204871	1020140157	12	300	14	1020140762				226	Поле 300 не содержит кода подполя.
rsl03_z00.dat	001204842	1204872	1204871	1020140157	19	336	22	1020141108				226	Поле 336 не содержит кода подполя.
rsl03_z00.dat	001204842	1204872	1204871	1020140157	20	337	23	1020141137				226	Поле 337 не содержит кода подполя.
rsl03_z00.dat	001204843	1204873	1204872	1020141165	7	041	9	1020141433				227	Поле 041 не содержит кода подполя.
rsl03_z00.dat	001204843	1204873	1204872	1020141165	11	260	13	1020141582				227	Поле 260 не содержит кода подполя.
rsl03_z00.dat	001204843	1204873	1204872	1020141165	12	300	14	1020141603				227	Поле 300 не содержит кода подполя.
rsl03_z00.dat	001204843	1204873	1204872	1020141165	14	650	16	1020142128				227	Поле 650 не содержит кода подполя.
rsl03_z00.dat	001204843	1204873	1204872	1020141165	15	700	17	1020142194				227	Поле 700 не содержит кода подполя.
rsl03_z00.dat	001204843	1204873	1204872	1020141165	16	700	18	1020142237				227	Поле 700 не содержит кода подполя.
rsl03_z00.dat	001204843	1204873	1204872	1020141165	17	700	19	1020142282				227	Поле 700 не содержит кода подполя.
rsl03_z00.dat	001204843	1204873	1204872	1020141165	18	773	20	1020142329				227	Поле 773 не содержит кода подполя.
rsl03_z00.dat	001204843	1204873	1204872	1020141165	19	912	21	1020142385				227	Поле 912 не содержит кода подполя.
rsl03_z00.dat	001204844	1204874	1204873	1020142518	7	041	9	1020142786				228	Поле 041 не содержит кода подполя.
rsl03_z00.dat	001204844	1204874	1204873	1020142518	13	650	15	1020143090				228	Поле 650 не содержит кода подполя.
rsl03_z00.dat	001204844	1204874	1204873	1020142518	14	700	16	1020143181				228	Поле 700 не содержит кода подполя.
rsl03_z00.dat	001204844	1204874	1204873	1020142518	15	912	17	1020143214				228	Поле 912 не содержит кода подполя.
rsl03_z00.dat	001204845	1204875	1204874	1020143348	7	041	9	1020143615				229	Поле 041 не содержит кода подполя.
rsl03_z00.dat	001204845	1204875	1204874	1020143348	11	250	13	1020143823				229	Поле 250 не содержит кода подполя.
rsl03_z00.dat	001204845	1204875	1204874	1020143348	12	260	14	1020143850				229	Поле 260 не содержит кода подполя.
rsl03_z00.dat	001204845	1204875	1204874	1020143348	13	300	15	1020143890				229	Поле 300 не содержит кода подполя.
rsl03_z00.dat	001204845	1204875	1204874	1020143348	15	650	17	1020144581				229	Поле 650 не содержит кода подполя.
rsl03_z00.dat	001204845	1204875	1204874	1020143348	16	700	18	1020144616				229	Поле 700 не содержит кода подполя.
rsl03_z00.dat	001204845	1204875	1204874	1020143348	17	700	19	1020144658				229	Поле 700 не содержит кода подполя.
rsl03_z00.dat	001204845	1204875	1204874	1020143348	18	700	20	1020144700				229	Поле 700 не содержит кода подполя.
rsl03_z00.dat	001204845	1204875	1204874	1020143348	19	700	21	1020144743				229	Поле 700 не содержит кода подполя.
rsl03_z00.dat	001204845	1204875	1204874	1020143348	20	700	22	1020144784				229	Поле 700 не содержит кода подполя.
rsl03_z00.dat	001204845	1204875	1204874	1020143348	21	912	23	1020144830				229	Поле 912 не содержит кода подполя.
rsl03_z00.dat	001204845	1204875	1204874	1020143348	23	337	26	1020144929				229	Поле 337 не содержит кода подполя.
rsl03_z00.dat	001204846	1204876	1204875	1020144955	7	041	9	1020145223				230	Поле 041 не содержит кода подполя.
rsl03_z00.dat	001204846	1204876	1204875	1020144955	11	300	13	1020145413				230	Поле 300 не содержит кода подполя.
rsl03_z00.dat	001204846	1204876	1204875	1020144955	13	650	15	1020145798				230	Поле 650 не содержит кода подполя.
rsl03_z00.dat	001204846	1204876	1204875	1020144955	14	700	16	1020145824				230	Поле 700 не содержит кода подполя.
rsl03_z00.dat	001204846	1204876	1204875	1020144955	15	700	17	1020145859				230	Поле 700 не содержит кода подполя.
rsl03_z00.dat	001204846	1204876	1204875	1020144955	16	912	18	1020145889				230	Поле 912 не содержит кода подполя.
rsl03_z00.dat	001204846	1204876	1204875	1020144955	17	336	20	1020145961				230	Поле 336 не содержит кода подполя.
rsl03_z00.dat	001204847	1204877	1204876	1020146018	7	041	9	1020146286				231	Поле 041 не содержит кода подполя.
rsl03_z00.dat	001204847	1204877	1204876	1020146018	11	300	13	1020146476				231	Поле 300 не содержит кода подполя.
rsl03_z00.dat	001204847	1204877	1204876	1020146018	13	650	15	1020146861				231	Поле 650 не содержит кода подполя.
rsl03_z00.dat	001204847	1204877	1204876	1020146018	14	700	16	1020146887				231	Поле 700 не содержит кода подполя.
rsl03_z00.dat	001204847	1204877	1204876	1020146018	15	700	17	1020146922				231	Поле 700 не содержит кода подполя.
rsl03_z00.dat	001204847	1204877	1204876	1020146018	16	912	18	1020146952				231	Поле 912 не содержит кода подполя.
rsl03_z00.dat	001204847	1204877	1204876	1020146018	17	336	20	1020147024				231	Поле 336 не содержит кода подполя.
rsl03_z00.dat	001204848	1204878	1204877	1020147081	7	041	9	1020147349				232	Поле 041 не содержит кода подполя.
rsl03_z00.dat	001204848	1204878	1204877	1020147081	11	260	13	1020147571				232	Поле 260 не содержит кода подполя.
rsl03_z00.dat	001204848	1204878	1204877	1020147081	12	300	14	1020147609				232	Поле 300 не содержит кода подполя.
rsl03_z00.dat	001204848	1204878	1204877	1020147081	15	650	17	1020147858				232	Поле 650 не содержит кода подполя.
rsl03_z00.dat	001204848	1204878	1204877	1020147081	16	700	18	1020147893				232	Поле 700 не содержит кода подполя.
rsl03_z00.dat	001204848	1204878	1204877	1020147081	17	700	19	1020147938				232	Поле 700 не содержит кода подполя.
rsl03_z00.dat	001204848	1204878	1204877	1020147081	18	912	20	1020147982				232	Поле 912 не содержит кода подполя.
rsl03_z00.dat	001204848	1204878	1204877	1020147081	19	336	22	1020148054				232	Поле 336 не содержит кода подполя.
rsl03_z00.dat	001204848	1204878	1204877	1020147081	20	337	23	1020148084				232	Поле 337 не содержит кода подполя.
rsl03_z00.dat	001204849	1204879	1204878	1020148113	7	041	9	1020148381				233	Поле 041 не содержит кода подполя.
rsl03_z00.dat	001204849	1204879	1204878	1020148113	12	300	14	1020148623				233	Поле 300 не содержит кода подполя.
rsl03_z00.dat	001204849	1204879	1204878	1020148113	14	650	16	1020148826				233	Поле 650 не содержит кода подполя.
rsl03_z00.dat	001204849	1204879	1204878	1020148113	15	650	17	1020148869				233	Поле 650 не содержит кода подполя.
rsl03_z00.dat	001204849	1204879	1204878	1020148113	16	700	18	1020148903				233	Поле 700 не содержит кода подполя.
rsl03_z00.dat	001204849	1204879	1204878	1020148113	17	700	19	1020148948				233	Поле 700 не содержит кода подполя.
rsl03_z00.dat	001204849	1204879	1204878	1020148113	18	912	20	1020148992				233	Поле 912 не содержит кода подполя.
rsl03_z00.dat	001204849	1204879	1204878	1020148113	19	336	22	1020149064				233	Поле 336 не содержит кода подполя.
rsl03_z00.dat	001204849	1204879	1204878	1020148113	20	337	23	1020149094				233	Поле 337 не содержит кода подполя.
rsl03_z00.dat	001204850	1204880	1204879	1020149123	7	041	9	1020149391				234	Поле 041 не содержит кода подполя.
rsl03_z00.dat	001204850	1204880	1204879	1020149123	11	260	13	1020149586				234	Поле 260 не содержит кода подполя.
rsl03_z00.dat	001204850	1204880	1204879	1020149123	15	650	17	1020149842				234	Поле 650 не содержит кода подполя.
rsl03_z00.dat	001204850	1204880	1204879	1020149123	16	700	18	1020149898				234	Поле 700 не содержит кода подполя.
rsl03_z00.dat	001204850	1204880	1204879	1020149123	17	912	19	1020149931				234	Поле 912 не содержит кода подполя.
rsl03_z00.dat	001204850	1204880	1204879	1020149123	18	336	21	1020150002				234	Поле 336 не содержит кода подполя.
rsl03_z00.dat	001204851	1204881	1204880	1020150059	7	041	9	1020150327				235	Поле 041 не содержит кода подполя.
rsl03_z00.dat	001204851	1204881	1204880	1020150059	10	260	12	1020150415				235	Поле 260 не содержит кода подполя.
rsl03_z00.dat	001204851	1204881	1204880	1020150059	13	650	15	1020150781				235	Поле 650 не содержит кода подполя.
rsl03_z00.dat	001204851	1204881	1204880	1020150059	14	700	16	1020150872				235	Поле 700 не содержит кода подполя.
rsl03_z00.dat	001204851	1204881	1204880	1020150059	15	912	17	1020150916				235	Поле 912 не содержит кода подполя.
rsl03_z00.dat	001204852	1204882	1204881	1020151049	7	041	9	1020151317				236	Поле 041 не содержит кода подполя.
rsl03_z00.dat	001204852	1204882	1204881	1020151049	10	260	12	1020151405				236	Поле 260 не содержит кода подполя.
rsl03_z00.dat	001204852	1204882	1204881	1020151049	13	650	15	1020151776				236	Поле 650 не содержит кода подполя.
rsl03_z00.dat	001204852	1204882	1204881	1020151049	14	700	16	1020151867				236	Поле 700 не содержит кода подполя.
rsl03_z00.dat	001204852	1204882	1204881	1020151049	15	912	17	1020151912				236	Поле 912 не содержит кода подполя.
rsl03_z00.dat	001204853	1204883	1204882	1020152044	7	041	9	1020152312				237	Поле 041 не содержит кода подполя.
rsl03_z00.dat	001204853	1204883	1204882	1020152044	13	650	15	1020152670				237	Поле 650 не содержит кода подполя.
rsl03_z00.dat	001204853	1204883	1204882	1020152044	14	650	16	1020152734				237	Поле 650 не содержит кода подполя.
rsl03_z00.dat	001204853	1204883	1204882	1020152044	15	700	17	1020152824				237	Поле 700 не содержит кода подполя.
rsl03_z00.dat	001204853	1204883	1204882	1020152044	16	912	18	1020152869				237	Поле 912 не содержит кода подполя.
rsl03_z00.dat	001204854	1204884	1204883	1020153002	9	260	11	1020153384				238	Поле 260 не содержит кода подполя.
rsl03_z00.dat	001204854	1204884	1204883	1020153002	10	300	12	1020153416				238	Поле 300 не содержит кода подполя.
rsl03_z00.dat	001204854	1204884	1204883	1020153002	13	336	16	1020153595				238	Поле 336 не содержит кода подполя.
rsl03_z00.dat	001204854	1204884	1204883	1020153002	14	337	17	1020153625				238	Поле 337 не содержит кода подполя.
rsl03_z00.dat	001204855	1204885	1204884	1020153654	7	041	9	1020153923				239	Поле 041 не содержит кода подполя.
rsl03_z00.dat	001204855	1204885	1204884	1020153654	10	260	12	1020153989				239	Поле 260 не содержит кода подполя.
rsl03_z00.dat	001204855	1204885	1204884	1020153654	13	650	15	1020154184				239	Поле 650 не содержит кода подполя.
rsl03_z00.dat	001204855	1204885	1204884	1020153654	14	773	16	1020154275				239	Поле 773 не содержит кода подполя.
rsl03_z00.dat	001204855	1204885	1204884	1020153654	15	912	17	1020154310				239	Поле 912 не содержит кода подполя.
rsl03_z00.dat	001204855	1204885	1204884	1020153654	17	337	20	1020154411				239	Поле 337 не содержит кода подполя.
rsl03_z00.dat	001204856	1204886	1204885	1020154440	7	041	9	1020154708				240	Поле 041 не содержит кода подполя.
rsl03_z00.dat	001204856	1204886	1204885	1020154440	14	700	16	1020155043				240	Поле 700 не содержит кода подполя.
rsl03_z00.dat	001204856	1204886	1204885	1020154440	15	912	17	1020155088				240	Поле 912 не содержит кода подполя.
rsl03_z00.dat	001204857	1204887	1204886	1020155220	7	041	9	1020155487				241	Поле 041 не содержит кода подполя.
rsl03_z00.dat	001204857	1204887	1204886	1020155220	12	300	14	1020155677				241	Поле 300 не содержит кода подполя.
rsl03_z00.dat	001204857	1204887	1204886	1020155220	15	650	17	1020156211				241	Поле 650 не содержит кода подполя.
rsl03_z00.dat	001204857	1204887	1204886	1020155220	16	912	18	1020156272				241	Поле 912 не содержит кода подполя.
rsl03_z00.dat	001204858	1204888	1204887	1020156403	7	041	9	1020156670				242	Поле 041 не содержит кода подполя.
rsl03_z00.dat	001204858	1204888	1204887	1020156403	12	300	14	1020156916				242	Поле 300 не содержит кода подполя.
rsl03_z00.dat	001204858	1204888	1204887	1020156403	15	650	17	1020157457				242	Поле 650 не содержит кода подполя.
rsl03_z00.dat	001204858	1204888	1204887	1020156403	16	650	18	1020157533				242	Поле 650 не содержит кода подполя.
rsl03_z00.dat	001204858	1204888	1204887	1020156403	17	650	19	1020157594				242	Поле 650 не содержит кода подполя.
rsl03_z00.dat	001204858	1204888	1204887	1020156403	18	700	20	1020157660				242	Поле 700 не содержит кода подполя.
rsl03_z00.dat	001204858	1204888	1204887	1020156403	19	912	21	1020157705				242	Поле 912 не содержит кода подполя.
rsl03_z00.dat	001204858	1204888	1204887	1020156403	20	336	23	1020157777				242	Поле 336 не содержит кода подполя.
rsl03_z00.dat	001204859	1204889	1204888	1020157835	7	041	9	1020158100				243	Поле 041 не содержит кода подполя.
rsl03_z00.dat	001204859	1204889	1204888	1020157835	10	260	12	1020158324				243	Поле 260 не содержит кода подполя.
rsl03_z00.dat	001204859	1204889	1204888	1020157835	11	300	13	1020158364				243	Поле 300 не содержит кода подполя.
rsl03_z00.dat	001204859	1204889	1204888	1020157835	15	546	17	1020159058				243	Поле 546 не содержит кода подполя.
rsl03_z00.dat	001204859	1204889	1204888	1020157835	16	650	18	1020159084				243	Поле 650 не содержит кода подполя.
rsl03_z00.dat	001204859	1204889	1204888	1020157835	17	710	19	1020159114				243	Поле 710 не содержит кода подполя.
rsl03_z00.dat	001204859	1204889	1204888	1020157835	18	912	20	1020159182				243	Поле 912 не содержит кода подполя.
rsl03_z00.dat	001204859	1204889	1204888	1020157835	19	336	22	1020159254				243	Поле 336 не содержит кода подполя.
rsl03_z00.dat	001204859	1204889	1204888	1020157835	20	337	23	1020159284				243	Поле 337 не содержит кода подполя.
rsl03_z00.dat	001204860	1204890	1204889	1020159313	7	041	9	1020159580				244	Поле 041 не содержит кода подполя.
rsl03_z00.dat	001204860	1204890	1204889	1020159313	11	260	13	1020159752				244	Поле 260 не содержит кода подполя.
rsl03_z00.dat	001204860	1204890	1204889	1020159313	17	700	19	1020160010				244	Поле 700 не содержит кода подполя.
rsl03_z00.dat	001204860	1204890	1204889	1020159313	18	912	20	1020160055				244	Поле 912 не содержит кода подполя.
rsl03_z00.dat	001204860	1204890	1204889	1020159313	19	336	22	1020160127				244	Поле 336 не содержит кода подполя.
rsl03_z00.dat	001204861	1204891	1204890	1020160185	7	041	9	1020160452				245	Поле 041 не содержит кода подполя.
rsl03_z00.dat	001204861	1204891	1204890	1020160185	11	260	13	1020160670				245	Поле 260 не содержит кода подполя.
rsl03_z00.dat	001204861	1204891	1204890	1020160185	12	300	14	1020160707				245	Поле 300 не содержит кода подполя.
rsl03_z00.dat	001204861	1204891	1204890	1020160185	17	650	19	1020161458				245	Поле 650 не содержит кода подполя.
rsl03_z00.dat	001204861	1204891	1204890	1020160185	18	650	20	1020161508				245	Поле 650 не содержит кода подполя.
rsl03_z00.dat	001204861	1204891	1204890	1020160185	19	700	21	1020161573				245	Поле 700 не содержит кода подполя.
rsl03_z00.dat	001204861	1204891	1204890	1020160185	20	912	22	1020161618				245	Поле 912 не содержит кода подполя.
rsl03_z00.dat	001204861	1204891	1204890	1020160185	22	337	25	1020161719				245	Поле 337 не содержит кода подполя.
rsl03_z00.dat	001204862	1204892	1204891	1020161747	7	041	9	1020162014				246	Поле 041 не содержит кода подполя.
rsl03_z00.dat	001204862	1204892	1204891	1020161747	12	250	14	1020162264				246	Поле 250 не содержит кода подполя.
rsl03_z00.dat	001204862	1204892	1204891	1020161747	13	260	15	1020162291				246	Поле 260 не содержит кода подполя.
rsl03_z00.dat	001204862	1204892	1204891	1020161747	14	300	16	1020162333				246	Поле 300 не содержит кода подполя.
rsl03_z00.dat	001204862	1204892	1204891	1020161747	16	490	18	1020162390				246	Поле 490 не содержит кода подполя.
rsl03_z00.dat	001204862	1204892	1204891	1020161747	18	650	20	1020162871				246	Поле 650 не содержит кода подполя.
rsl03_z00.dat	001204862	1204892	1204891	1020161747	19	650	21	1020162950				246	Поле 650 не содержит кода подполя.
rsl03_z00.dat	001204862	1204892	1204891	1020161747	20	700	22	1020163023				246	Поле 700 не содержит кода подполя.
rsl03_z00.dat	001204862	1204892	1204891	1020161747	21	912	23	1020163064				246	Поле 912 не содержит кода подполя.
rsl03_z00.dat	001204862	1204892	1204891	1020161747	23	337	26	1020163165				246	Поле 337 не содержит кода подполя.
rsl03_z00.dat	001204863	1204893	1204892	1020163194	7	041	9	1020163461				247	Поле 041 не содержит кода подполя.
rsl03_z00.dat	001204863	1204893	1204892	1020163194	11	260	13	1020163704				247	Поле 260 не содержит кода подполя.
rsl03_z00.dat	001204863	1204893	1204892	1020163194	12	300	14	1020163742				247	Поле 300 не содержит кода подполя.
rsl03_z00.dat	001204863	1204893	1204892	1020163194	13	490	15	1020163768				247	Поле 490 не содержит кода подполя.
rsl03_z00.dat	001204863	1204893	1204892	1020163194	19	336	22	1020164060				247	Поле 336 не содержит кода подполя.
rsl03_z00.dat	001204864	1204894	1204893	1020164119	7	041	9	1020164386				248	Поле 041 не содержит кода подполя.
rsl03_z00.dat	001204864	1204894	1204893	1020164119	11	260	13	1020164549				248	Поле 260 не содержит кода подполя.
rsl03_z00.dat	001204864	1204894	1204893	1020164119	17	337	20	1020164808				248	Поле 337 не содержит кода подполя.
rsl03_z00.dat	001204865	1204895	1204894	1020164837	7	041	9	1020165105				249	Поле 041 не содержит кода подполя.
rsl03_z00.dat	001204865	1204895	1204894	1020164837	10	260	12	1020165259				249	Поле 260 не содержит кода подполя.
rsl03_z00.dat	001204865	1204895	1204894	1020164837	14	650	16	1020165630				249	Поле 650 не содержит кода подполя.
rsl03_z00.dat	001204865	1204895	1204894	1020164837	15	700	17	1020165672				249	Поле 700 не содержит кода подполя.
rsl03_z00.dat	001204865	1204895	1204894	1020164837	16	912	18	1020165703				249	Поле 912 не содержит кода подполя.
rsl03_z00.dat	001204865	1204895	1204894	1020164837	17	336	20	1020165775				249	Поле 336 не содержит кода подполя.
rsl03_z00.dat	001204866	1204896	1204895	1020165835	7	041	9	1020166103				250	Поле 041 не содержит кода подполя.
rsl03_z00.dat	001204866	1204896	1204895	1020165835	10	260	12	1020166229				250	Поле 260 не содержит кода подполя.
rsl03_z00.dat	001204866	1204896	1204895	1020165835	15	650	17	1020166607				250	Поле 650 не содержит кода подполя.
rsl03_z00.dat	001204866	1204896	1204895	1020165835	16	650	18	1020166680				250	Поле 650 не содержит кода подполя.
rsl03_z00.dat	001204866	1204896	1204895	1020165835	17	700	19	1020166725				250	Поле 700 не содержит кода подполя.
rsl03_z00.dat	001204866	1204896	1204895	1020165835	18	912	20	1020166772				250	Поле 912 не содержит кода подполя.
rsl03_z00.dat	001204867	1204897	1204896	1020166902	7	041	9	1020167170				251	Поле 041 не содержит кода подполя.
rsl03_z00.dat	001204867	1204897	1204896	1020166902	10	260	12	1020167392				251	Поле 260 не содержит кода подполя.
rsl03_z00.dat	001204867	1204897	1204896	1020166902	16	912	18	1020167778				251	Поле 912 не содержит кода подполя.
rsl03_z00.dat	001204867	1204897	1204896	1020166902	17	336	20	1020167850				251	Поле 336 не содержит кода подполя.
rsl03_z00.dat	001204867	1204897	1204896	1020166902	18	337	21	1020167880				251	Поле 337 не содержит кода подполя.
rsl03_z00.dat	001204868	1204898	1204897	1020167909	7	041	9	1020168177				252	Поле 041 не содержит кода подполя.
rsl03_z00.dat	001204868	1204898	1204897	1020167909	11	300	13	1020168402				252	Поле 300 не содержит кода подполя.
rsl03_z00.dat	001204868	1204898	1204897	1020167909	14	700	16	1020168685				252	Поле 700 не содержит кода подполя.
rsl03_z00.dat	001204868	1204898	1204897	1020167909	15	700	17	1020168729				252	Поле 700 не содержит кода подполя.
rsl03_z00.dat	001204868	1204898	1204897	1020167909	16	912	18	1020168776				252	Поле 912 не содержит кода подполя.
rsl03_z00.dat	001204868	1204898	1204897	1020167909	17	336	20	1020168848				252	Поле 336 не содержит кода подполя.
rsl03_z00.dat	001204869	1204899	1204898	1020168906	7	041	9	1020169174				253	Поле 041 не содержит кода подполя.
rsl03_z00.dat	001204869	1204899	1204898	1020168906	12	300	14	1020169399				253	Поле 300 не содержит кода подполя.
rsl03_z00.dat	001204869	1204899	1204898	1020168906	15	650	17	1020169677				253	Поле 650 не содержит кода подполя.
rsl03_z00.dat	001204869	1204899	1204898	1020168906	16	700	18	1020169720				253	Поле 700 не содержит кода подполя.
rsl03_z00.dat	001204869	1204899	1204898	1020168906	17	912	19	1020169764				253	Поле 912 не содержит кода подполя.
rsl03_z00.dat	001204870	1204900	1204899	1020169892	7	041	9	1020170159				254	Поле 041 не содержит кода подполя.
rsl03_z00.dat	001204870	1204900	1204899	1020169892	11	260	13	1020170404				254	Поле 260 не содержит кода подполя.
rsl03_z00.dat	001204870	1204900	1204899	1020169892	12	300	14	1020170453				254	Поле 300 не содержит кода подполя.
rsl03_z00.dat	001204870	1204900	1204899	1020169892	17	700	19	1020171019				254	Поле 700 не содержит кода подполя.
rsl03_z00.dat	001204870	1204900	1204899	1020169892	18	700	20	1020171062				254	Поле 700 не содержит кода подполя.
rsl03_z00.dat	001204870	1204900	1204899	1020169892	19	912	21	1020171099				254	Поле 912 не содержит кода подполя.
rsl03_z00.dat	001204870	1204900	1204899	1020169892	20	336	23	1020171171				254	Поле 336 не содержит кода подполя.
rsl03_z00.dat	001204870	1204900	1204899	1020169892	21	337	24	1020171200				254	Поле 337 не содержит кода подполя.
rsl03_z00.dat	001204871	1204901	1204900	1020171229	7	041	9	1020171494				255	Поле 041 не содержит кода подполя.
rsl03_z00.dat	001204871	1204901	1204900	1020171229	11	260	13	1020171829				255	Поле 260 не содержит кода подполя.
rsl03_z00.dat	001204871	1204901	1204900	1020171229	12	300	14	1020171876				255	Поле 300 не содержит кода подполя.
rsl03_z00.dat	001204871	1204901	1204900	1020171229	13	500	15	1020171911				255	Поле 500 не содержит кода подполя.
rsl03_z00.dat	001204871	1204901	1204900	1020171229	15	650	17	1020172792				255	Поле 650 не содержит кода подполя.
rsl03_z00.dat	001204871	1204901	1204900	1020171229	16	650	18	1020172856				255	Поле 650 не содержит кода подполя.
rsl03_z00.dat	001204871	1204901	1204900	1020171229	17	650	19	1020172916				255	Поле 650 не содержит кода подполя.
rsl03_z00.dat	001204871	1204901	1204900	1020171229	18	650	20	1020172958				255	Поле 650 не содержит кода подполя.
rsl03_z00.dat	001204871	1204901	1204900	1020171229	19	912	21	1020173015				255	Поле 912 не содержит кода подполя.
rsl03_z00.dat	001204871	1204901	1204900	1020171229	20	336	23	1020173087				255	Поле 336 не содержит кода подполя.
rsl03_z00.dat	001204871	1204901	1204900	1020171229	21	337	24	1020173117				255	Поле 337 не содержит кода подполя.
rsl03_z00.dat	001204872	1204902	1204901	1020173146	7	041	9	1020173412				256	Поле 041 не содержит кода подполя.
rsl03_z00.dat	001204872	1204902	1204901	1020173146	11	260	13	1020173751				256	Поле 260 не содержит кода подполя.
rsl03_z00.dat	001204872	1204902	1204901	1020173146	12	300	14	1020173834				256	Поле 300 не содержит кода подполя.
rsl03_z00.dat	001204872	1204902	1204901	1020173146	13	504	15	1020173860				256	Поле 504 не содержит кода подполя.
rsl03_z00.dat	001204872	1204902	1204901	1020173146	15	650	17	1020174751				256	Поле 650 не содержит кода подполя.
rsl03_z00.dat	001204872	1204902	1204901	1020173146	16	650	18	1020174796				256	Поле 650 не содержит кода подполя.
rsl03_z00.dat	001204872	1204902	1204901	1020173146	17	912	19	1020174850				256	Поле 912 не содержит кода подполя.
rsl03_z00.dat	001204872	1204902	1204901	1020173146	18	336	21	1020174922				256	Поле 336 не содержит кода подполя.
rsl03_z00.dat	001204872	1204902	1204901	1020173146	19	337	22	1020174952				256	Поле 337 не содержит кода подполя.
rsl03_z00.dat	001204873	1204903	1204902	1020174981	7	041	9	1020175247				257	Поле 041 не содержит кода подполя.
rsl03_z00.dat	001204873	1204903	1204902	1020174981	11	300	13	1020175549				257	Поле 300 не содержит кода подполя.
rsl03_z00.dat	001204873	1204903	1204902	1020174981	13	650	15	1020176037				257	Поле 650 не содержит кода подполя.
rsl03_z00.dat	001204873	1204903	1204902	1020174981	14	650	16	1020176089				257	Поле 650 не содержит кода подполя.
rsl03_z00.dat	001204873	1204903	1204902	1020174981	15	700	17	1020176136				257	Поле 700 не содержит кода подполя.
rsl03_z00.dat	001204873	1204903	1204902	1020174981	16	700	18	1020176183				257	Поле 700 не содержит кода подполя.
rsl03_z00.dat	001204873	1204903	1204902	1020174981	17	710	19	1020176233				257	Поле 710 не содержит кода подполя.
rsl03_z00.dat	001204873	1204903	1204902	1020174981	18	912	20	1020176291				257	Поле 912 не содержит кода подполя.
rsl03_z00.dat	001204873	1204903	1204902	1020174981	19	336	22	1020176362				257	Поле 336 не содержит кода подполя.
rsl03_z00.dat	001204873	1204903	1204902	1020174981	20	337	23	1020176392				257	Поле 337 не содержит кода подполя.
rsl03_z00.dat	001204874	1204904	1204903	1020176421	7	041	9	1020176688				258	Поле 041 не содержит кода подполя.
rsl03_z00.dat	001204874	1204904	1204903	1020176421	10	260	12	1020176794				258	Поле 260 не содержит кода подполя.
rsl03_z00.dat	001204874	1204904	1204903	1020176421	15	650	17	1020177042				258	Поле 650 не содержит кода подполя.
rsl03_z00.dat	001204874	1204904	1204903	1020176421	16	912	18	1020177087				258	Поле 912 не содержит кода подполя.
rsl03_z00.dat	001204875	1204905	1204904	1020177219	7	041	9	1020177486				259	Поле 041 не содержит кода подполя.
rsl03_z00.dat	001204875	1204905	1204904	1020177219	11	300	13	1020177652				259	Поле 300 не содержит кода подполя.
rsl03_z00.dat	001204875	1204905	1204904	1020177219	14	650	16	1020177910				259	Поле 650 не содержит кода подполя.
rsl03_z00.dat	001204875	1204905	1204904	1020177219	15	650	17	1020177953				259	Поле 650 не содержит кода подполя.
rsl03_z00.dat	001204875	1204905	1204904	1020177219	16	700	18	1020178007				259	Поле 700 не содержит кода подполя.
rsl03_z00.dat	001204875	1204905	1204904	1020177219	17	912	19	1020178052				259	Поле 912 не содержит кода подполя.
rsl03_z00.dat	001204875	1204905	1204904	1020177219	19	337	22	1020178155				259	Поле 337 не содержит кода подполя.
rsl03_z00.dat	001204876	1204906	1204905	1020178185	7	041	9	1020178452				260	Поле 041 не содержит кода подполя.
rsl03_z00.dat	001204876	1204906	1204905	1020178185	11	250	13	1020178615				260	Поле 250 не содержит кода подполя.
rsl03_z00.dat	001204876	1204906	1204905	1020178185	16	650	18	1020179168				260	Поле 650 не содержит кода подполя.
rsl03_z00.dat	001204876	1204906	1204905	1020178185	17	700	19	1020179231				260	Поле 700 не содержит кода подполя.
rsl03_z00.dat	001204876	1204906	1204905	1020178185	18	912	20	1020179275				260	Поле 912 не содержит кода подполя.
rsl03_z00.dat	001204877	1204907	1204906	1020179408	12	300	14	1020180024				261	Поле 300 не содержит кода подполя.
rsl03_z00.dat	001204877	1204907	1204906	1020179408	18	912	20	1020180282				261	Поле 912 не содержит кода подполя.
rsl03_z00.dat	001204877	1204907	1204906	1020179408	19	336	22	1020180354				261	Поле 336 не содержит кода подполя.
rsl03_z00.dat	001204877	1204907	1204906	1020179408	20	337	23	1020180384				261	Поле 337 не содержит кода подполя.
rsl03_z00.dat	001204878	1204908	1204907	1020180413	7	041	9	1020180681				262	Поле 041 не содержит кода подполя.
rsl03_z00.dat	001204878	1204908	1204907	1020180413	11	260	13	1020180831				262	Поле 260 не содержит кода подполя.
rsl03_z00.dat	001204878	1204908	1204907	1020180413	12	300	14	1020180852				262	Поле 300 не содержит кода подполя.
rsl03_z00.dat	001204878	1204908	1204907	1020180413	14	650	16	1020181382				262	Поле 650 не содержит кода подполя.
rsl03_z00.dat	001204878	1204908	1204907	1020180413	15	700	17	1020181440				262	Поле 700 не содержит кода подполя.
rsl03_z00.dat	001204878	1204908	1204907	1020180413	16	700	18	1020181483				262	Поле 700 не содержит кода подполя.
rsl03_z00.dat	001204878	1204908	1204907	1020180413	17	700	19	1020181528				262	Поле 700 не содержит кода подполя.
rsl03_z00.dat	001204878	1204908	1204907	1020180413	18	773	20	1020181566				262	Поле 773 не содержит кода подполя.
rsl03_z00.dat	001204878	1204908	1204907	1020180413	19	912	21	1020181622				262	Поле 912 не содержит кода подполя.
rsl03_z00.dat	001204879	1204909	1204908	1020181754	7	041	9	1020182021				263	Поле 041 не содержит кода подполя.
rsl03_z00.dat	001204879	1204909	1204908	1020181754	12	300	14	1020182271				263	Поле 300 не содержит кода подполя.
rsl03_z00.dat	001204879	1204909	1204908	1020181754	17	650	19	1020183279				263	Поле 650 не содержит кода подполя.
rsl03_z00.dat	001204879	1204909	1204908	1020181754	18	650	20	1020183341				263	Поле 650 не содержит кода подполя.
rsl03_z00.dat	001204879	1204909	1204908	1020181754	19	650	21	1020183432				263	Поле 650 не содержит кода подполя.
rsl03_z00.dat	001204879	1204909	1204908	1020181754	20	650	22	1020183505				263	Поле 650 не содержит кода подполя.
rsl03_z00.dat	001204879	1204909	1204908	1020181754	21	700	23	1020183549				263	Поле 700 не содержит кода подполя.
rsl03_z00.dat	001204879	1204909	1204908	1020181754	22	912	24	1020183595				263	Поле 912 не содержит кода подполя.
rsl03_z00.dat	001204879	1204909	1204908	1020181754	24	337	27	1020183696				263	Поле 337 не содержит кода подполя.
rsl03_z00.dat	001204880	1204910	1204909	1020183725	17	650	19	1020185403				264	Поле 650 не содержит кода подполя.
rsl03_z00.dat	001204880	1204910	1204909	1020183725	18	912	20	1020185464				264	Поле 912 не содержит кода подполя.
rsl03_z00.dat	001204880	1204910	1204909	1020183725	19	336	22	1020185536				264	Поле 336 не содержит кода подполя.
rsl03_z00.dat	001204881	1204911	1204910	1020185594	7	041	9	1020185862				265	Поле 041 не содержит кода подполя.
rsl03_z00.dat	001204881	1204911	1204910	1020185594	12	300	14	1020186118				265	Поле 300 не содержит кода подполя.
rsl03_z00.dat	001204881	1204911	1204910	1020185594	13	490	15	1020186157				265	Поле 490 не содержит кода подполя.
rsl03_z00.dat	001204881	1204911	1204910	1020185594	16	700	18	1020186438				265	Поле 700 не содержит кода подполя.
rsl03_z00.dat	001204881	1204911	1204910	1020185594	17	700	19	1020186485				265	Поле 700 не содержит кода подполя.
rsl03_z00.dat	001204881	1204911	1204910	1020185594	18	700	20	1020186531				265	Поле 700 не содержит кода подполя.
rsl03_z00.dat	001204881	1204911	1204910	1020185594	19	912	21	1020186573				265	Поле 912 не содержит кода подполя.
rsl03_z00.dat	001204881	1204911	1204910	1020185594	20	336	23	1020186645				265	Поле 336 не содержит кода подполя.
rsl03_z00.dat	001204881	1204911	1204910	1020185594	21	337	24	1020186675				265	Поле 337 не содержит кода подполя.
rsl03_z00.dat	001204882	1204912	1204911	1020186702	7	041	9	1020186969				266	Поле 041 не содержит кода подполя.
rsl03_z00.dat	001204882	1204912	1204911	1020186702	12	250	14	1020187259				266	Поле 250 не содержит кода подполя.
rsl03_z00.dat	001204882	1204912	1204911	1020186702	13	260	15	1020187286				266	Поле 260 не содержит кода подполя.
rsl03_z00.dat	001204882	1204912	1204911	1020186702	14	300	16	1020187327				266	Поле 300 не содержит кода подполя.
rsl03_z00.dat	001204882	1204912	1204911	1020186702	15	490	17	1020187353				266	Поле 490 не содержит кода подполя.
rsl03_z00.dat	001204882	1204912	1204911	1020186702	17	650	19	1020187825				266	Поле 650 не содержит кода подполя.
rsl03_z00.dat	001204882	1204912	1204911	1020186702	18	700	20	1020187890				266	Поле 700 не содержит кода подполя.
rsl03_z00.dat	001204882	1204912	1204911	1020186702	19	700	21	1020187932				266	Поле 700 не содержит кода подполя.
rsl03_z00.dat	001204882	1204912	1204911	1020186702	20	912	22	1020187982				266	Поле 912 не содержит кода подполя.
rsl03_z00.dat	001204882	1204912	1204911	1020186702	22	337	25	1020188085				266	Поле 337 не содержит кода подполя.
rsl03_z00.dat	001204883	1204913	1204912	1020188113	7	041	9	1020188381				267	Поле 041 не содержит кода подполя.
rsl03_z00.dat	001204883	1204913	1204912	1020188113	10	260	12	1020188515				267	Поле 260 не содержит кода подполя.
rsl03_z00.dat	001204883	1204913	1204912	1020188113	15	650	17	1020188955				267	Поле 650 не содержит кода подполя.
rsl03_z00.dat	001204883	1204913	1204912	1020188113	16	700	18	1020189028				267	Поле 700 не содержит кода подполя.
rsl03_z00.dat	001204883	1204913	1204912	1020188113	17	912	19	1020189075				267	Поле 912 не содержит кода подполя.
rsl03_z00.dat	001204884	1204914	1204913	1020189206	7	041	9	1020189474				268	Поле 041 не содержит кода подполя.
rsl03_z00.dat	001204884	1204914	1204913	1020189206	10	260	12	1020189608				268	Поле 260 не содержит кода подполя.
rsl03_z00.dat	001204884	1204914	1204913	1020189206	15	650	17	1020190048				268	Поле 650 не содержит кода подполя.
rsl03_z00.dat	001204884	1204914	1204913	1020189206	16	700	18	1020190121				268	Поле 700 не содержит кода подполя.
rsl03_z00.dat	001204884	1204914	1204913	1020189206	17	912	19	1020190168				268	Поле 912 не содержит кода подполя.
rsl03_z00.dat	001204885	1204915	1204914	1020190299	7	041	9	1020190567				269	Поле 041 не содержит кода подполя.
rsl03_z00.dat	001204885	1204915	1204914	1020190299	12	300	14	1020190789				269	Поле 300 не содержит кода подполя.
rsl03_z00.dat	001204885	1204915	1204914	1020190299	16	650	18	1020191512				269	Поле 650 не содержит кода подполя.
rsl03_z00.dat	001204885	1204915	1204914	1020190299	17	700	19	1020191555				269	Поле 700 не содержит кода подполя.
rsl03_z00.dat	001204885	1204915	1204914	1020190299	18	912	20	1020191600				269	Поле 912 не содержит кода подполя.
rsl03_z00.dat	001204885	1204915	1204914	1020190299	19	336	22	1020191671				269	Поле 336 не содержит кода подполя.
rsl03_z00.dat	001204886	1204916	1204915	1020191730	7	041	9	1020191998				270	Поле 041 не содержит кода подполя.
rsl03_z00.dat	001204886	1204916	1204915	1020191730	11	300	13	1020192209				270	Поле 300 не содержит кода подполя.
rsl03_z00.dat	001204886	1204916	1204915	1020191730	15	650	17	1020192528				270	Поле 650 не содержит кода подполя.
rsl03_z00.dat	001204886	1204916	1204915	1020191730	16	700	18	1020192588				270	Поле 700 не содержит кода подполя.
rsl03_z00.dat	001204886	1204916	1204915	1020191730	17	700	19	1020192629				270	Поле 700 не содержит кода подполя.
rsl03_z00.dat	001204886	1204916	1204915	1020191730	18	912	20	1020192671				270	Поле 912 не содержит кода подполя.
rsl03_z00.dat	001204887	1204917	1204916	1020192802	7	041	9	1020193069				271	Поле 041 не содержит кода подполя.
rsl03_z00.dat	001204887	1204917	1204916	1020192802	11	260	13	1020193327				271	Поле 260 не содержит кода подполя.
rsl03_z00.dat	001204887	1204917	1204916	1020192802	12	300	14	1020193363				271	Поле 300 не содержит кода подполя.
rsl03_z00.dat	001204887	1204917	1204916	1020192802	13	490	15	1020193398				271	Поле 490 не содержит кода подполя.
rsl03_z00.dat	001204887	1204917	1204916	1020192802	16	650	18	1020193713				271	Поле 650 не содержит кода подполя.
rsl03_z00.dat	001204887	1204917	1204916	1020192802	17	700	19	1020193774				271	Поле 700 не содержит кода подполя.
rsl03_z00.dat	001204887	1204917	1204916	1020192802	19	912	21	1020193851				271	Поле 912 не содержит кода подполя.
rsl03_z00.dat	001204887	1204917	1204916	1020192802	20	336	23	1020193923				271	Поле 336 не содержит кода подполя.
rsl03_z00.dat	001204887	1204917	1204916	1020192802	21	337	24	1020193953				271	Поле 337 не содержит кода подполя.
rsl03_z00.dat	001204888	1204918	1204917	1020193982	7	041	9	1020194249				272	Поле 041 не содержит кода подполя.
rsl03_z00.dat	001204888	1204918	1204917	1020193982	11	260	13	1020194441				272	Поле 260 не содержит кода подполя.
rsl03_z00.dat	001204888	1204918	1204917	1020193982	16	650	18	1020195091				272	Поле 650 не содержит кода подполя.
rsl03_z00.dat	001204888	1204918	1204917	1020193982	17	700	19	1020195127				272	Поле 700 не содержит кода подполя.
rsl03_z00.dat	001204888	1204918	1204917	1020193982	18	912	20	1020195172				272	Поле 912 не содержит кода подполя.
rsl03_z00.dat	001204888	1204918	1204917	1020193982	19	336	22	1020195244				272	Поле 336 не содержит кода подполя.
rsl03_z00.dat	001204888	1204918	1204917	1020193982	20	337	23	1020195272				272	Поле 337 не содержит кода подполя.
rsl03_z00.dat	001204889	1204919	1204918	1020195299	7	041	9	1020195566				273	Поле 041 не содержит кода подполя.
rsl03_z00.dat	001204889	1204919	1204918	1020195299	14	650	16	1020196338				273	Поле 650 не содержит кода подполя.
rsl03_z00.dat	001204889	1204919	1204918	1020195299	15	912	17	1020196377				273	Поле 912 не содержит кода подполя.
rsl03_z00.dat	001204890	1204920	1204919	1020196510	7	041	9	1020196777				274	Поле 041 не содержит кода подполя.
rsl03_z00.dat	001204890	1204920	1204919	1020196510	10	260	12	1020196898				274	Поле 260 не содержит кода подполя.
rsl03_z00.dat	001204890	1204920	1204919	1020196510	11	300	13	1020196935				274	Поле 300 не содержит кода подполя.
rsl03_z00.dat	001204890	1204920	1204919	1020196510	13	650	15	1020197484				274	Поле 650 не содержит кода подполя.
rsl03_z00.dat	001204890	1204920	1204919	1020196510	14	700	16	1020197532				274	Поле 700 не содержит кода подполя.
rsl03_z00.dat	001204890	1204920	1204919	1020196510	15	700	17	1020197572				274	Поле 700 не содержит кода подполя.
rsl03_z00.dat	001204890	1204920	1204919	1020196510	16	912	18	1020197614				274	Поле 912 не содержит кода подполя.
rsl03_z00.dat	001204890	1204920	1204919	1020196510	17	336	20	1020197686				274	Поле 336 не содержит кода подполя.
rsl03_z00.dat	001204891	1204921	1204920	1020197747	7	041	9	1020198014				275	Поле 041 не содержит кода подполя.
rsl03_z00.dat	001204891	1204921	1204920	1020197747	17	650	19	1020198659				275	Поле 650 не содержит кода подполя.
rsl03_z00.dat	001204891	1204921	1204920	1020197747	18	700	20	1020198751				275	Поле 700 не содержит кода подполя.
rsl03_z00.dat	001204891	1204921	1204920	1020197747	19	700	21	1020198780				275	Поле 700 не содержит кода подполя.
rsl03_z00.dat	001204891	1204921	1204920	1020197747	20	912	22	1020198828				275	Поле 912 не содержит кода подполя.
rsl03_z00.dat	001204891	1204921	1204920	1020197747	21	336	24	1020198900				275	Поле 336 не содержит кода подполя.
rsl03_z00.dat	001204891	1204921	1204920	1020197747	22	337	25	1020198929				275	Поле 337 не содержит кода подполя.
rsl03_z00.dat	001204892	1204922	1204921	1020198957	7	041	9	1020199224				276	Поле 041 не содержит кода подполя.
rsl03_z00.dat	001204892	1204922	1204921	1020198957	11	260	13	1020199446				276	Поле 260 не содержит кода подполя.
rsl03_z00.dat	001204892	1204922	1204921	1020198957	12	300	14	1020199479				276	Поле 300 не содержит кода подполя.
rsl03_z00.dat	001204892	1204922	1204921	1020198957	13	490	15	1020199518				276	Поле 490 не содержит кода подполя.
rsl03_z00.dat	001204892	1204922	1204921	1020198957	15	650	17	1020200075				276	Поле 650 не содержит кода подполя.
rsl03_z00.dat	001204892	1204922	1204921	1020198957	16	700	18	1020200118				276	Поле 700 не содержит кода подполя.
rsl03_z00.dat	001204892	1204922	1204921	1020198957	17	912	19	1020200156				276	Поле 912 не содержит кода подполя.
rsl03_z00.dat	001204892	1204922	1204921	1020198957	19	337	22	1020200258				276	Поле 337 не содержит кода подполя.
rsl03_z00.dat	001204893	1204923	1204922	1020200287	7	041	9	1020200554				277	Поле 041 не содержит кода подполя.
rsl03_z00.dat	001204893	1204923	1204922	1020200287	16	650	18	1020201200				277	Поле 650 не содержит кода подполя.
rsl03_z00.dat	001204893	1204923	1204922	1020200287	17	650	19	1020201245				277	Поле 650 не содержит кода подполя.
rsl03_z00.dat	001204893	1204923	1204922	1020200287	18	650	20	1020201287				277	Поле 650 не содержит кода подполя.
rsl03_z00.dat	001204893	1204923	1204922	1020200287	19	912	21	1020201344				277	Поле 912 не содержит кода подполя.
rsl03_z00.dat	001204894	1204924	1204923	1020201475	7	041	9	1020201742				278	Поле 041 не содержит кода подполя.
rsl03_z00.dat	001204894	1204924	1204923	1020201475	11	260	13	1020201911				278	Поле 260 не содержит кода подполя.
rsl03_z00.dat	001204894	1204924	1204923	1020201475	15	650	17	1020202299				278	Поле 650 не содержит кода подполя.
rsl03_z00.dat	001204894	1204924	1204923	1020201475	16	700	18	1020202360				278	Поле 700 не содержит кода подполя.
rsl03_z00.dat	001204894	1204924	1204923	1020201475	17	912	19	1020202404				278	Поле 912 не содержит кода подполя.
rsl03_z00.dat	001204894	1204924	1204923	1020201475	18	336	21	1020202476				278	Поле 336 не содержит кода подполя.
rsl03_z00.dat	001204895	1204925	1204924	1020202534	10	260	12	1020202965				279	Поле 260 не содержит кода подполя.
rsl03_z00.dat	001204895	1204925	1204924	1020202534	11	300	13	1020202993				279	Поле 300 не содержит кода подполя.
rsl03_z00.dat	001204895	1204925	1204924	1020202534	12	490	14	1020203011				279	Поле 490 не содержит кода подполя.
rsl03_z00.dat	001204895	1204925	1204924	1020202534	17	912	19	1020203248				279	Поле 912 не содержит кода подполя.
rsl03_z00.dat	001204895	1204925	1204924	1020202534	18	336	21	1020203320				279	Поле 336 не содержит кода подполя.
rsl03_z00.dat	001204895	1204925	1204924	1020202534	19	337	22	1020203350				279	Поле 337 не содержит кода подполя.
rsl03_z00.dat	001204896	1204926	1204925	1020203379	7	041	9	1020203647				280	Поле 041 не содержит кода подполя.
rsl03_z00.dat	001204896	1204926	1204925	1020203379	10	260	12	1020203718				280	Поле 260 не содержит кода подполя.
rsl03_z00.dat	001204896	1204926	1204925	1020203379	13	650	15	1020204357				280	Поле 650 не содержит кода подполя.
rsl03_z00.dat	001204896	1204926	1204925	1020203379	14	700	16	1020204418				280	Поле 700 не содержит кода подполя.
rsl03_z00.dat	001204896	1204926	1204925	1020203379	15	700	17	1020204462				280	Поле 700 не содержит кода подполя.
rsl03_z00.dat	001204896	1204926	1204925	1020203379	16	773	18	1020204509				280	Поле 773 не содержит кода подполя.
rsl03_z00.dat	001204896	1204926	1204925	1020203379	17	912	19	1020204574				280	Поле 912 не содержит кода подполя.
rsl03_z00.dat	001204897	1204927	1204926	1020204703	7	041	9	1020204970				281	Поле 041 не содержит кода подполя.
rsl03_z00.dat	001204897	1204927	1204926	1020204703	12	300	14	1020205170				281	Поле 300 не содержит кода подполя.
rsl03_z00.dat	001204897	1204927	1204926	1020204703	16	700	18	1020205810				281	Поле 700 не содержит кода подполя.
rsl03_z00.dat	001204897	1204927	1204926	1020204703	17	912	19	1020205854				281	Поле 912 не содержит кода подполя.
rsl03_z00.dat	001204897	1204927	1204926	1020204703	18	336	21	1020205926				281	Поле 336 не содержит кода подполя.
rsl03_z00.dat	001204898	1204928	1204927	1020205983	7	041	9	1020206250				282	Поле 041 не содержит кода подполя.
rsl03_z00.dat	001204898	1204928	1204927	1020205983	12	300	14	1020206465				282	Поле 300 не содержит кода подполя.
rsl03_z00.dat	001204898	1204928	1204927	1020205983	15	650	17	1020207159				282	Поле 650 не содержит кода подполя.
rsl03_z00.dat	001204898	1204928	1204927	1020205983	16	650	18	1020207197				282	Поле 650 не содержит кода подполя.
rsl03_z00.dat	001204898	1204928	1204927	1020205983	17	700	19	1020207234				282	Поле 700 не содержит кода подполя.
rsl03_z00.dat	001204898	1204928	1204927	1020205983	18	912	20	1020207275				282	Поле 912 не содержит кода подполя.
rsl03_z00.dat	001204898	1204928	1204927	1020205983	19	336	22	1020207347				282	Поле 336 не содержит кода подполя.
rsl03_z00.dat	001204899	1204929	1204928	1020207404	7	041	9	1020207671				283	Поле 041 не содержит кода подполя.
rsl03_z00.dat	001204899	1204929	1204928	1020207404	11	260	13	1020207931				283	Поле 260 не содержит кода подполя.
rsl03_z00.dat	001204899	1204929	1204928	1020207404	12	300	14	1020207965				283	Поле 300 не содержит кода подполя.
rsl03_z00.dat	001204899	1204929	1204928	1020207404	13	490	15	1020207996				283	Поле 490 не содержит кода подполя.
rsl03_z00.dat	001204899	1204929	1204928	1020207404	15	650	17	1020208634				283	Поле 650 не содержит кода подполя.
rsl03_z00.dat	001204899	1204929	1204928	1020207404	16	650	18	1020208677				283	Поле 650 не содержит кода подполя.
rsl03_z00.dat	001204899	1204929	1204928	1020207404	17	700	19	1020208733				283	Поле 700 не содержит кода подполя.
rsl03_z00.dat	001204899	1204929	1204928	1020207404	18	700	20	1020208774				283	Поле 700 не содержит кода подполя.
rsl03_z00.dat	001204899	1204929	1204928	1020207404	19	700	21	1020208808				283	Поле 700 не содержит кода подполя.
rsl03_z00.dat	001204899	1204929	1204928	1020207404	20	912	22	1020208839				283	Поле 912 не содержит кода подполя.
rsl03_z00.dat	001204899	1204929	1204928	1020207404	21	336	24	1020208911				283	Поле 336 не содержит кода подполя.
rsl03_z00.dat	001204899	1204929	1204928	1020207404	22	337	25	1020208941				283	Поле 337 не содержит кода подполя.
rsl03_z00.dat	001204900	1204930	1204929	1020208970	7	041	9	1020209237				284	Поле 041 не содержит кода подполя.
rsl03_z00.dat	001204900	1204930	1204929	1020208970	11	260	13	1020209388				284	Поле 260 не содержит кода подполя.
rsl03_z00.dat	001204900	1204930	1204929	1020208970	12	300	14	1020209433				284	Поле 300 не содержит кода подполя.
rsl03_z00.dat	001204900	1204930	1204929	1020208970	16	650	18	1020210023				284	Поле 650 не содержит кода подполя.
rsl03_z00.dat	001204900	1204930	1204929	1020208970	17	650	19	1020210055				284	Поле 650 не содержит кода подполя.
rsl03_z00.dat	001204900	1204930	1204929	1020208970	18	700	20	1020210086				284	Поле 700 не содержит кода подполя.
rsl03_z00.dat	001204900	1204930	1204929	1020208970	19	912	21	1020210117				284	Поле 912 не содержит кода подполя.
rsl03_z00.dat	001204900	1204930	1204929	1020208970	21	337	24	1020210218				284	Поле 337 не содержит кода подполя.
rsl03_z00.dat	001204901	1204931	1204930	1020210247	7	041	9	1020210514				285	Поле 041 не содержит кода подполя.
rsl03_z00.dat	001204901	1204931	1204930	1020210247	10	260	12	1020210710				285	Поле 260 не содержит кода подполя.
rsl03_z00.dat	001204901	1204931	1204930	1020210247	11	300	13	1020210756				285	Поле 300 не содержит кода подполя.
rsl03_z00.dat	001204901	1204931	1204930	1020210247	14	650	16	1020211322				285	Поле 650 не содержит кода подполя.
rsl03_z00.dat	001204901	1204931	1204930	1020210247	15	650	17	1020211366				285	Поле 650 не содержит кода подполя.
rsl03_z00.dat	001204901	1204931	1204930	1020210247	16	700	18	1020211429				285	Поле 700 не содержит кода подполя.
rsl03_z00.dat	001204901	1204931	1204930	1020210247	17	912	19	1020211474				285	Поле 912 не содержит кода подполя.
rsl03_z00.dat	001204901	1204931	1204930	1020210247	18	336	21	1020211546				285	Поле 336 не содержит кода подполя.
rsl03_z00.dat	001204901	1204931	1204930	1020210247	19	337	22	1020211576				285	Поле 337 не содержит кода подполя.
rsl03_z00.dat	001204902	1204932	1204931	1020211605	7	041	9	1020211872				286	Поле 041 не содержит кода подполя.
rsl03_z00.dat	001204902	1204932	1204931	1020211605	11	260	13	1020212109				286	Поле 260 не содержит кода подполя.
rsl03_z00.dat	001204902	1204932	1204931	1020211605	12	300	14	1020212151				286	Поле 300 не содержит кода подполя.
rsl03_z00.dat	001204902	1204932	1204931	1020211605	16	650	18	1020213030				286	Поле 650 не содержит кода подполя.
rsl03_z00.dat	001204902	1204932	1204931	1020211605	17	650	19	1020213103				286	Поле 650 не содержит кода подполя.
rsl03_z00.dat	001204902	1204932	1204931	1020211605	18	912	20	1020213148				286	Поле 912 не содержит кода подполя.
rsl03_z00.dat	001204902	1204932	1204931	1020211605	19	336	22	1020213220				286	Поле 336 не содержит кода подполя.
rsl03_z00.dat	001204902	1204932	1204931	1020211605	20	337	23	1020213250				286	Поле 337 не содержит кода подполя.
rsl03_z00.dat	001204903	1204933	1204932	1020213279	7	041	9	1020213546				287	Поле 041 не содержит кода подполя.
rsl03_z00.dat	001204903	1204933	1204932	1020213279	12	300	14	1020213779				287	Поле 300 не содержит кода подполя.
rsl03_z00.dat	001204903	1204933	1204932	1020213279	16	650	18	1020214787				287	Поле 650 не содержит кода подполя.
rsl03_z00.dat	001204903	1204933	1204932	1020213279	17	912	19	1020214862				287	Поле 912 не содержит кода подполя.
rsl03_z00.dat	001204904	1204934	1204933	1020214992	7	041	9	1020215259				288	Поле 041 не содержит кода подполя.
rsl03_z00.dat	001204904	1204934	1204933	1020214992	11	260	13	1020215469				288	Поле 260 не содержит кода подполя.
rsl03_z00.dat	001204904	1204934	1204933	1020214992	15	650	17	1020216157				288	Поле 650 не содержит кода подполя.
rsl03_z00.dat	001204904	1204934	1204933	1020214992	16	700	18	1020216218				288	Поле 700 не содержит кода подполя.
rsl03_z00.dat	001204904	1204934	1204933	1020214992	17	912	19	1020216264				288	Поле 912 не содержит кода подполя.
rsl03_z00.dat	001204904	1204934	1204933	1020214992	18	336	21	1020216336				288	Поле 336 не содержит кода подполя.
rsl03_z00.dat	001204904	1204934	1204933	1020214992	19	337	22	1020216366				288	Поле 337 не содержит кода подполя.
rsl03_z00.dat	001204905	1204935	1204934	1020216395	7	041	9	1020216662				289	Поле 041 не содержит кода подполя.
rsl03_z00.dat	001204905	1204935	1204934	1020216395	11	260	13	1020216912				289	Поле 260 не содержит кода подполя.
rsl03_z00.dat	001204905	1204935	1204934	1020216395	12	300	14	1020216947				289	Поле 300 не содержит кода подполя.
rsl03_z00.dat	001204905	1204935	1204934	1020216395	13	490	15	1020216999				289	Поле 490 не содержит кода подполя.
rsl03_z00.dat	001204905	1204935	1204934	1020216395	15	650	17	1020217319				289	Поле 650 не содержит кода подполя.
rsl03_z00.dat	001204905	1204935	1204934	1020216395	16	650	18	1020217367				289	Поле 650 не содержит кода подполя.
rsl03_z00.dat	001204905	1204935	1204934	1020216395	17	700	19	1020217429				289	Поле 700 не содержит кода подполя.
rsl03_z00.dat	001204905	1204935	1204934	1020216395	18	700	20	1020217453				289	Поле 700 не содержит кода подполя.
rsl03_z00.dat	001204905	1204935	1204934	1020216395	19	700	21	1020217497				289	Поле 700 не содержит кода подполя.
rsl03_z00.dat	001204905	1204935	1204934	1020216395	20	912	22	1020217528				289	Поле 912 не содержит кода подполя.
rsl03_z00.dat	001204905	1204935	1204934	1020216395	21	336	24	1020217600				289	Поле 336 не содержит кода подполя.
rsl03_z00.dat	001204905	1204935	1204934	1020216395	22	337	25	1020217630				289	Поле 337 не содержит кода подполя.
rsl03_z00.dat	001204906	1204936	1204935	1020217659	7	041	9	1020217926				290	Поле 041 не содержит кода подполя.
rsl03_z00.dat	001204906	1204936	1204935	1020217659	11	260	13	1020218098				290	Поле 260 не содержит кода подполя.
rsl03_z00.dat	001204906	1204936	1204935	1020217659	12	300	14	1020218143				290	Поле 300 не содержит кода подполя.
rsl03_z00.dat	001204906	1204936	1204935	1020217659	16	700	18	1020219427				290	Поле 700 не содержит кода подполя.
rsl03_z00.dat	001204906	1204936	1204935	1020217659	17	912	19	1020219472				290	Поле 912 не содержит кода подполя.
rsl03_z00.dat	001204906	1204936	1204935	1020217659	18	336	21	1020219544				290	Поле 336 не содержит кода подполя.
rsl03_z00.dat	001204907	1204937	1204936	1020219602	7	041	9	1020219869				291	Поле 041 не содержит кода подполя.
rsl03_z00.dat	001204907	1204937	1204936	1020219602	12	260	14	1020220141				291	Поле 260 не содержит кода подполя.
rsl03_z00.dat	001204907	1204937	1204936	1020219602	13	300	15	1020220182				291	Поле 300 не содержит кода подполя.
rsl03_z00.dat	001204907	1204937	1204936	1020219602	14	490	16	1020220212				291	Поле 490 не содержит кода подполя.
rsl03_z00.dat	001204907	1204937	1204936	1020219602	16	650	18	1020220808				291	Поле 650 не содержит кода подполя.
rsl03_z00.dat	001204907	1204937	1204936	1020219602	17	700	19	1020220869				291	Поле 700 не содержит кода подполя.
rsl03_z00.dat	001204907	1204937	1204936	1020219602	18	700	20	1020220913				291	Поле 700 не содержит кода подполя.
rsl03_z00.dat	001204907	1204937	1204936	1020219602	19	912	21	1020220963				291	Поле 912 не содержит кода подполя.
rsl03_z00.dat	001204907	1204937	1204936	1020219602	21	337	24	1020221066				291	Поле 337 не содержит кода подполя.
rsl03_z00.dat	001204908	1204938	1204937	1020221095	7	041	9	1020221362				292	Поле 041 не содержит кода подполя.
rsl03_z00.dat	001204908	1204938	1204937	1020221095	12	300	14	1020221646				292	Поле 300 не содержит кода подполя.
rsl03_z00.dat	001204908	1204938	1204937	1020221095	13	490	15	1020221682				292	Поле 490 не содержит кода подполя.
rsl03_z00.dat	001204908	1204938	1204937	1020221095	15	650	17	1020222385				292	Поле 650 не содержит кода подполя.
rsl03_z00.dat	001204908	1204938	1204937	1020221095	16	650	18	1020222427				292	Поле 650 не содержит кода подполя.
rsl03_z00.dat	001204908	1204938	1204937	1020221095	17	650	19	1020222469				292	Поле 650 не содержит кода подполя.
rsl03_z00.dat	001204908	1204938	1204937	1020221095	18	700	20	1020222527				292	Поле 700 не содержит кода подполя.
rsl03_z00.dat	001204908	1204938	1204937	1020221095	19	700	21	1020222567				292	Поле 700 не содержит кода подполя.
rsl03_z00.dat	001204908	1204938	1204937	1020221095	20	912	22	1020222600				292	Поле 912 не содержит кода подполя.
rsl03_z00.dat	001204908	1204938	1204937	1020221095	21	336	24	1020222672				292	Поле 336 не содержит кода подполя.
rsl03_z00.dat	001204908	1204938	1204937	1020221095	22	337	25	1020222702				292	Поле 337 не содержит кода подполя.
rsl03_z00.dat	001204909	1204939	1204938	1020222731	7	041	9	1020222998				293	Поле 041 не содержит кода подполя.
rsl03_z00.dat	001204909	1204939	1204938	1020222731	11	260	13	1020223225				293	Поле 260 не содержит кода подполя.
rsl03_z00.dat	001204909	1204939	1204938	1020222731	12	300	14	1020223260				293	Поле 300 не содержит кода подполя.
rsl03_z00.dat	001204909	1204939	1204938	1020222731	15	650	17	1020223915				293	Поле 650 не содержит кода подполя.
rsl03_z00.dat	001204909	1204939	1204938	1020222731	16	650	18	1020224003				293	Поле 650 не содержит кода подполя.
rsl03_z00.dat	001204909	1204939	1204938	1020222731	17	650	19	1020224079				293	Поле 650 не содержит кода подполя.
rsl03_z00.dat	001204909	1204939	1204938	1020222731	18	912	20	1020224150				293	Поле 912 не содержит кода подполя.
rsl03_z00.dat	001204909	1204939	1204938	1020222731	19	336	22	1020224221				293	Поле 336 не содержит кода подполя.
rsl03_z00.dat	001204910	1204940	1204939	1020224282	15	336	18	1020224882				294	Поле 336 не содержит кода подполя.
rsl03_z00.dat	001204911	1204941	1204940	1020224940	7	041	9	1020225208				295	Поле 041 не содержит кода подполя.
rsl03_z00.dat	001204911	1204941	1204940	1020224940	9	245	11	1020225249				295	Поле 245 не содержит кода подполя.
rsl03_z00.dat	001204911	1204941	1204940	1020224940	13	650	15	1020226163				295	Поле 650 не содержит кода подполя.
rsl03_z00.dat	001204911	1204941	1204940	1020224940	14	773	16	1020226224				295	Поле 773 не содержит кода подполя.
rsl03_z00.dat	001204911	1204941	1204940	1020224940	15	912	17	1020226307				295	Поле 912 не содержит кода подполя.
rsl03_z00.dat	001204911	1204941	1204940	1020224940	17	337	20	1020226408				295	Поле 337 не содержит кода подполя.
rsl03_z00.dat	001204912	1204942	1204941	1020226437	7	041	9	1020226705				296	Поле 041 не содержит кода подполя.
rsl03_z00.dat	001204912	1204942	1204941	1020226437	12	300	14	1020226896				296	Поле 300 не содержит кода подполя.
rsl03_z00.dat	001204912	1204942	1204941	1020226437	15	650	17	1020227516				296	Поле 650 не содержит кода подполя.
rsl03_z00.dat	001204912	1204942	1204941	1020226437	16	650	18	1020227572				296	Поле 650 не содержит кода подполя.
rsl03_z00.dat	001204912	1204942	1204941	1020226437	17	700	19	1020227630				296	Поле 700 не содержит кода подполя.
rsl03_z00.dat	001204912	1204942	1204941	1020226437	18	912	20	1020227672				296	Поле 912 не содержит кода подполя.
rsl03_z00.dat	001204913	1204943	1204942	1020227803	7	041	9	1020228070				297	Поле 041 не содержит кода подполя.
rsl03_z00.dat	001204913	1204943	1204942	1020227803	12	300	14	1020228261				297	Поле 300 не содержит кода подполя.
rsl03_z00.dat	001204913	1204943	1204942	1020227803	14	650	16	1020228858				297	Поле 650 не содержит кода подполя.
rsl03_z00.dat	001204913	1204943	1204942	1020227803	15	650	17	1020228914				297	Поле 650 не содержит кода подполя.
rsl03_z00.dat	001204913	1204943	1204942	1020227803	16	700	18	1020228972				297	Поле 700 не содержит кода подполя.
rsl03_z00.dat	001204913	1204943	1204942	1020227803	17	912	19	1020229016				297	Поле 912 не содержит кода подполя.
rsl03_z00.dat	001204914	1204944	1204943	1020229147	7	041	9	1020229414				298	Поле 041 не содержит кода подполя.
rsl03_z00.dat	001204914	1204944	1204943	1020229147	12	300	14	1020229586				298	Поле 300 не содержит кода подполя.
rsl03_z00.dat	001204914	1204944	1204943	1020229147	15	650	17	1020230226				298	Поле 650 не содержит кода подполя.
rsl03_z00.dat	001204914	1204944	1204943	1020229147	16	650	18	1020230282				298	Поле 650 не содержит кода подполя.
rsl03_z00.dat	001204914	1204944	1204943	1020229147	17	912	19	1020230340				298	Поле 912 не содержит кода подполя.
rsl03_z00.dat	001204915	1204945	1204944	1020230472	7	041	9	1020230739				299	Поле 041 не содержит кода подполя.
rsl03_z00.dat	001204915	1204945	1204944	1020230472	13	300	15	1020230967				299	Поле 300 не содержит кода подполя.
rsl03_z00.dat	001204915	1204945	1204944	1020230472	16	650	18	1020231487				299	Поле 650 не содержит кода подполя.
rsl03_z00.dat	001204915	1204945	1204944	1020230472	17	650	19	1020231533				299	Поле 650 не содержит кода подполя.
rsl03_z00.dat	001204915	1204945	1204944	1020230472	18	700	20	1020231607				299	Поле 700 не содержит кода подполя.
rsl03_z00.dat	001204915	1204945	1204944	1020230472	19	912	21	1020231650				299	Поле 912 не содержит кода подполя.
rsl03_z00.dat	001204916	1204946	1204945	1020231781	7	041	9	1020232048				300	Поле 041 не содержит кода подполя.
rsl03_z00.dat	001204916	1204946	1204945	1020231781	11	260	13	1020232229				300	Поле 260 не содержит кода подполя.
rsl03_z00.dat	001204916	1204946	1204945	1020231781	12	300	14	1020232262				300	Поле 300 не содержит кода подполя.
rsl03_z00.dat	001204916	1204946	1204945	1020231781	15	650	17	1020232527				300	Поле 650 не содержит кода подполя.
rsl03_z00.dat	001204916	1204946	1204945	1020231781	16	912	18	1020232562				300	Поле 912 не содержит кода подполя.
rsl03_z00.dat	001204916	1204946	1204945	1020231781	17	336	20	1020232634				300	Поле 336 не содержит кода подполя.
rsl03_z00.dat	001204917	1204947	1204946	1020232692	7	041	9	1020232959				301	Поле 041 не содержит кода подполя.
rsl03_z00.dat	001204917	1204947	1204946	1020232692	11	260	13	1020233098				301	Поле 260 не содержит кода подполя.
rsl03_z00.dat	001204917	1204947	1204946	1020232692	16	650	18	1020233781				301	Поле 650 не содержит кода подполя.
rsl03_z00.dat	001204917	1204947	1204946	1020232692	17	650	19	1020233837				301	Поле 650 не содержит кода подполя.
rsl03_z00.dat	001204917	1204947	1204946	1020232692	18	912	20	1020233895				301	Поле 912 не содержит кода подполя.
rsl03_z00.dat	001204918	1204948	1204947	1020234026	7	041	9	1020234293				302	Поле 041 не содержит кода подполя.
rsl03_z00.dat	001204918	1204948	1204947	1020234026	11	260	13	1020234483				302	Поле 260 не содержит кода подполя.
rsl03_z00.dat	001204918	1204948	1204947	1020234026	12	300	14	1020234517				302	Поле 300 не содержит кода подполя.
rsl03_z00.dat	001204918	1204948	1204947	1020234026	15	555	17	1020235430				302	Поле 555 не содержит кода подполя.
rsl03_z00.dat	001204918	1204948	1204947	1020234026	16	650	18	1020235459				302	Поле 650 не содержит кода подполя.
rsl03_z00.dat	001204918	1204948	1204947	1020234026	17	650	19	1020235514				302	Поле 650 не содержит кода подполя.
rsl03_z00.dat	001204918	1204948	1204947	1020234026	18	700	20	1020235567				302	Поле 700 не содержит кода подполя.
rsl03_z00.dat	001204918	1204948	1204947	1020234026	19	912	21	1020235603				302	Поле 912 не содержит кода подполя.
rsl03_z00.dat	001204918	1204948	1204947	1020234026	20	336	23	1020235675				302	Поле 336 не содержит кода подполя.
rsl03_z00.dat	001204919	1204949	1204948	1020235734	7	041	9	1020236001				303	Поле 041 не содержит кода подполя.
rsl03_z00.dat	001204919	1204949	1204948	1020235734	12	300	14	1020236235				303	Поле 300 не содержит кода подполя.
rsl03_z00.dat	001204919	1204949	1204948	1020235734	15	650	17	1020236794				303	Поле 650 не содержит кода подполя.
rsl03_z00.dat	001204919	1204949	1204948	1020235734	16	700	18	1020236832				303	Поле 700 не содержит кода подполя.
rsl03_z00.dat	001204919	1204949	1204948	1020235734	17	912	19	1020236860				303	Поле 912 не содержит кода подполя.
rsl03_z00.dat	001204919	1204949	1204948	1020235734	18	336	21	1020236930				303	Поле 336 не содержит кода подполя.
rsl03_z00.dat	001204919	1204949	1204948	1020235734	19	337	22	1020236959				303	Поле 337 не содержит кода подполя.
rsl03_z00.dat	001204920	1204950	1204949	1020236988	7	041	9	1020237256				304	Поле 041 не содержит кода подполя.
rsl03_z00.dat	001204920	1204950	1204949	1020236988	11	260	13	1020237480				304	Поле 260 не содержит кода подполя.
rsl03_z00.dat	001204920	1204950	1204949	1020236988	12	300	14	1020237515				304	Поле 300 не содержит кода подполя.
rsl03_z00.dat	001204920	1204950	1204949	1020236988	13	490	15	1020237554				304	Поле 490 не содержит кода подполя.
rsl03_z00.dat	001204920	1204950	1204949	1020236988	15	650	17	1020237968				304	Поле 650 не содержит кода подполя.
rsl03_z00.dat	001204920	1204950	1204949	1020236988	16	700	18	1020238015				304	Поле 700 не содержит кода подполя.
rsl03_z00.dat	001204920	1204950	1204949	1020236988	17	912	19	1020238052				304	Поле 912 не содержит кода подполя.
rsl03_z00.dat	001204920	1204950	1204949	1020236988	18	336	21	1020238124				304	Поле 336 не содержит кода подполя.
rsl03_z00.dat	001204920	1204950	1204949	1020236988	19	337	22	1020238154				304	Поле 337 не содержит кода подполя.
rsl03_z00.dat	001204921	1204951	1204950	1020238183	7	041	9	1020238450				305	Поле 041 не содержит кода подполя.
rsl03_z00.dat	001204921	1204951	1204950	1020238183	11	260	13	1020238733				305	Поле 260 не содержит кода подполя.
rsl03_z00.dat	001204921	1204951	1204950	1020238183	12	300	14	1020238767				305	Поле 300 не содержит кода подполя.
rsl03_z00.dat	001204921	1204951	1204950	1020238183	13	490	15	1020238803				305	Поле 490 не содержит кода подполя.
rsl03_z00.dat	001204921	1204951	1204950	1020238183	14	500	16	1020238836				305	Поле 500 не содержит кода подполя.
rsl03_z00.dat	001204921	1204951	1204950	1020238183	16	650	18	1020239434				305	Поле 650 не содержит кода подполя.
rsl03_z00.dat	001204921	1204951	1204950	1020238183	17	912	19	1020239469				305	Поле 912 не содержит кода подполя.
rsl03_z00.dat	001204921	1204951	1204950	1020238183	18	336	21	1020239541				305	Поле 336 не содержит кода подполя.
rsl03_z00.dat	001204921	1204951	1204950	1020238183	19	337	22	1020239571				305	Поле 337 не содержит кода подполя.
rsl03_z00.dat	001204922	1204952	1204951	1020239600	7	041	9	1020239867				306	Поле 041 не содержит кода подполя.
rsl03_z00.dat	001204922	1204952	1204951	1020239600	11	260	13	1020240054				306	Поле 260 не содержит кода подполя.
rsl03_z00.dat	001204922	1204952	1204951	1020239600	12	300	14	1020240090				306	Поле 300 не содержит кода подполя.
rsl03_z00.dat	001204922	1204952	1204951	1020239600	16	650	18	1020240994				306	Поле 650 не содержит кода подполя.
rsl03_z00.dat	001204922	1204952	1204951	1020239600	17	650	19	1020241047				306	Поле 650 не содержит кода подполя.
rsl03_z00.dat	001204922	1204952	1204951	1020239600	18	650	20	1020241125				306	Поле 650 не содержит кода подполя.
rsl03_z00.dat	001204922	1204952	1204951	1020239600	19	650	21	1020241174				306	Поле 650 не содержит кода подполя.
rsl03_z00.dat	001204922	1204952	1204951	1020239600	20	912	22	1020241233				306	Поле 912 не содержит кода подполя.
rsl03_z00.dat	001204922	1204952	1204951	1020239600	22	337	25	1020241336				306	Поле 337 не содержит кода подполя.
rsl03_z00.dat	001204923	1204953	1204952	1020241365	7	041	9	1020241632				307	Поле 041 не содержит кода подполя.
rsl03_z00.dat	001204923	1204953	1204952	1020241365	11	260	13	1020241800				307	Поле 260 не содержит кода подполя.
rsl03_z00.dat	001204923	1204953	1204952	1020241365	17	650	19	1020242146				307	Поле 650 не содержит кода подполя.
rsl03_z00.dat	001204923	1204953	1204952	1020241365	18	912	20	1020242203				307	Поле 912 не содержит кода подполя.
rsl03_z00.dat	001204923	1204953	1204952	1020241365	19	336	22	1020242275				307	Поле 336 не содержит кода подполя.
rsl03_z00.dat	001204924	1204954	1204953	1020242333	7	041	9	1020242600				308	Поле 041 не содержит кода подполя.
rsl03_z00.dat	001204924	1204954	1204953	1020242333	11	260	13	1020242767				308	Поле 260 не содержит кода подполя.
rsl03_z00.dat	001204924	1204954	1204953	1020242333	12	300	14	1020242801				308	Поле 300 не содержит кода подполя.
rsl03_z00.dat	001204924	1204954	1204953	1020242333	15	650	17	1020243267				308	Поле 650 не содержит кода подполя.
rsl03_z00.dat	001204924	1204954	1204953	1020242333	16	650	18	1020243307				308	Поле 650 не содержит кода подполя.
rsl03_z00.dat	001204924	1204954	1204953	1020242333	17	650	19	1020243347				308	Поле 650 не содержит кода подполя.
rsl03_z00.dat	001204924	1204954	1204953	1020242333	18	650	20	1020243385				308	Поле 650 не содержит кода подполя.
rsl03_z00.dat	001204924	1204954	1204953	1020242333	19	700	21	1020243442				308	Поле 700 не содержит кода подполя.
rsl03_z00.dat	001204924	1204954	1204953	1020242333	20	700	22	1020243474				308	Поле 700 не содержит кода подполя.
rsl03_z00.dat	001204924	1204954	1204953	1020242333	21	912	23	1020243506				308	Поле 912 не содержит кода подполя.
rsl03_z00.dat	001204924	1204954	1204953	1020242333	22	336	25	1020243578				308	Поле 336 не содержит кода подполя.
rsl03_z00.dat	001204925	1204955	1204954	1020243636	7	041	9	1020243903				309	Поле 041 не содержит кода подполя.
rsl03_z00.dat	001204925	1204955	1204954	1020243636	11	260	13	1020244067				309	Поле 260 не содержит кода подполя.
rsl03_z00.dat	001204925	1204955	1204954	1020243636	12	300	14	1020244101				309	Поле 300 не содержит кода подполя.
rsl03_z00.dat	001204925	1204955	1204954	1020243636	15	600	17	1020244856				309	Поле 600 не содержит кода подполя.
rsl03_z00.dat	001204925	1204955	1204954	1020243636	16	650	18	1020244892				309	Поле 650 не содержит кода подполя.
rsl03_z00.dat	001204925	1204955	1204954	1020243636	17	650	19	1020244941				309	Поле 650 не содержит кода подполя.
rsl03_z00.dat	001204925	1204955	1204954	1020243636	18	650	20	1020244984				309	Поле 650 не содержит кода подполя.
rsl03_z00.dat	001204925	1204955	1204954	1020243636	19	700	21	1020245042				309	Поле 700 не содержит кода подполя.
rsl03_z00.dat	001204925	1204955	1204954	1020243636	20	912	22	1020245087				309	Поле 912 не содержит кода подполя.
rsl03_z00.dat	001204925	1204955	1204954	1020243636	21	336	24	1020245159				309	Поле 336 не содержит кода подполя.
rsl03_z00.dat	001204926	1204956	1204955	1020245218	7	041	9	1020245485				310	Поле 041 не содержит кода подполя.
rsl03_z00.dat	001204926	1204956	1204955	1020245218	11	260	13	1020245658				310	Поле 260 не содержит кода подполя.
rsl03_z00.dat	001204926	1204956	1204955	1020245218	12	300	14	1020245692				310	Поле 300 не содержит кода подполя.
rsl03_z00.dat	001204926	1204956	1204955	1020245218	15	650	17	1020245988				310	Поле 650 не содержит кода подполя.
rsl03_z00.dat	001204926	1204956	1204955	1020245218	16	700	18	1020246049				310	Поле 700 не содержит кода подполя.
rsl03_z00.dat	001204926	1204956	1204955	1020245218	17	700	19	1020246092				310	Поле 700 не содержит кода подполя.
rsl03_z00.dat	001204926	1204956	1204955	1020245218	18	912	20	1020246128				310	Поле 912 не содержит кода подполя.
rsl03_z00.dat	001204926	1204956	1204955	1020245218	19	336	22	1020246200				310	Поле 336 не содержит кода подполя.
rsl03_z00.dat	001204927	1204957	1204956	1020246258	7	041	9	1020246525				311	Поле 041 не содержит кода подполя.
rsl03_z00.dat	001204927	1204957	1204956	1020246258	11	260	13	1020246680				311	Поле 260 не содержит кода подполя.
rsl03_z00.dat	001204927	1204957	1204956	1020246258	12	300	14	1020246716				311	Поле 300 не содержит кода подполя.
rsl03_z00.dat	001204927	1204957	1204956	1020246258	15	650	17	1020247367				311	Поле 650 не содержит кода подполя.
rsl03_z00.dat	001204927	1204957	1204956	1020246258	16	650	18	1020247406				311	Поле 650 не содержит кода подполя.
rsl03_z00.dat	001204927	1204957	1204956	1020246258	17	700	19	1020247463				311	Поле 700 не содержит кода подполя.
rsl03_z00.dat	001204927	1204957	1204956	1020246258	18	912	20	1020247506				311	Поле 912 не содержит кода подполя.
rsl03_z00.dat	001204927	1204957	1204956	1020246258	19	336	22	1020247578				311	Поле 336 не содержит кода подполя.
rsl03_z00.dat	001204928	1204958	1204957	1020247636	7	041	9	1020247903				312	Поле 041 не содержит кода подполя.
rsl03_z00.dat	001204928	1204958	1204957	1020247636	12	250	14	1020248171				312	Поле 250 не содержит кода подполя.
rsl03_z00.dat	001204928	1204958	1204957	1020247636	14	300	16	1020248233				312	Поле 300 не содержит кода подполя.
rsl03_z00.dat	001204928	1204958	1204957	1020247636	17	650	19	1020249204				312	Поле 650 не содержит кода подполя.
rsl03_z00.dat	001204928	1204958	1204957	1020247636	18	700	20	1020249263				312	Поле 700 не содержит кода подполя.
rsl03_z00.dat	001204928	1204958	1204957	1020247636	19	700	21	1020249307				312	Поле 700 не содержит кода подполя.
rsl03_z00.dat	001204928	1204958	1204957	1020247636	20	912	22	1020249354				312	Поле 912 не содержит кода подполя.
rsl03_z00.dat	001204928	1204958	1204957	1020247636	21	336	24	1020249426				312	Поле 336 не содержит кода подполя.
rsl03_z00.dat	001204928	1204958	1204957	1020247636	22	337	25	1020249455				312	Поле 337 не содержит кода подполя.
rsl03_z00.dat	001204929	1204959	1204958	1020249484	7	041	9	1020249751				313	Поле 041 не содержит кода подполя.
rsl03_z00.dat	001204929	1204959	1204958	1020249484	10	260	12	1020249945				313	Поле 260 не содержит кода подполя.
rsl03_z00.dat	001204929	1204959	1204958	1020249484	14	700	16	1020250877				313	Поле 700 не содержит кода подполя.
rsl03_z00.dat	001204929	1204959	1204958	1020249484	15	912	17	1020250921				313	Поле 912 не содержит кода подполя.
rsl03_z00.dat	001204929	1204959	1204958	1020249484	16	336	19	1020250993				313	Поле 336 не содержит кода подполя.
rsl03_z00.dat	001204929	1204959	1204958	1020249484	17	337	20	1020251023				313	Поле 337 не содержит кода подполя.
rsl03_z00.dat	001204930	1204960	1204959	1020251052	7	041	9	1020251319				314	Поле 041 не содержит кода подполя.
rsl03_z00.dat	001204930	1204960	1204959	1020251052	12	260	14	1020251490				314	Поле 260 не содержит кода подполя.
rsl03_z00.dat	001204930	1204960	1204959	1020251052	15	490	17	1020251616				314	Поле 490 не содержит кода подполя.
rsl03_z00.dat	001204930	1204960	1204959	1020251052	16	490	18	1020251631				314	Поле 490 не содержит кода подполя.
rsl03_z00.dat	001204930	1204960	1204959	1020251052	18	650	20	1020251986				314	Поле 650 не содержит кода подполя.
rsl03_z00.dat	001204930	1204960	1204959	1020251052	19	912	21	1020252065				314	Поле 912 не содержит кода подполя.
rsl03_z00.dat	001204931	1204961	1204960	1020252196	7	041	9	1020252463				315	Поле 041 не содержит кода подполя.
rsl03_z00.dat	001204931	1204961	1204960	1020252196	12	260	14	1020252663				315	Поле 260 не содержит кода подполя.
rsl03_z00.dat	001204931	1204961	1204960	1020252196	13	300	15	1020252704				315	Поле 300 не содержит кода подполя.
rsl03_z00.dat	001204931	1204961	1204960	1020252196	18	650	20	1020253120				315	Поле 650 не содержит кода подполя.
rsl03_z00.dat	001204931	1204961	1204960	1020252196	19	650	21	1020253194				315	Поле 650 не содержит кода подполя.
rsl03_z00.dat	001204931	1204961	1204960	1020252196	20	912	22	1020253274				315	Поле 912 не содержит кода подполя.
rsl03_z00.dat	001204931	1204961	1204960	1020252196	22	337	25	1020253377				315	Поле 337 не содержит кода подполя.
rsl03_z00.dat	001204932	1204962	1204961	1020253405	7	041	9	1020253672				316	Поле 041 не содержит кода подполя.
rsl03_z00.dat	001204932	1204962	1204961	1020253405	12	260	14	1020253868				316	Поле 260 не содержит кода подполя.
rsl03_z00.dat	001204932	1204962	1204961	1020253405	14	490	16	1020253944				316	Поле 490 не содержит кода подполя.
rsl03_z00.dat	001204932	1204962	1204961	1020253405	18	650	20	1020254345				316	Поле 650 не содержит кода подполя.
rsl03_z00.dat	001204932	1204962	1204961	1020253405	19	912	21	1020254434				316	Поле 912 не содержит кода подполя.
rsl03_z00.dat	001204932	1204962	1204961	1020253405	20	336	23	1020254506				316	Поле 336 не содержит кода подполя.
rsl03_z00.dat	001204933	1204963	1204962	1020254562	7	041	9	1020254829				317	Поле 041 не содержит кода подполя.
rsl03_z00.dat	001204933	1204963	1204962	1020254562	11	260	13	1020255140				317	Поле 260 не содержит кода подполя.
rsl03_z00.dat	001204933	1204963	1204962	1020254562	12	300	14	1020255176				317	Поле 300 не содержит кода подполя.
rsl03_z00.dat	001204933	1204963	1204962	1020254562	13	490	15	1020255212				317	Поле 490 не содержит кода подполя.
rsl03_z00.dat	001204933	1204963	1204962	1020254562	18	700	20	1020255513				317	Поле 700 не содержит кода подполя.
rsl03_z00.dat	001204933	1204963	1204962	1020254562	20	336	23	1020255621				317	Поле 336 не содержит кода подполя.
rsl03_z00.dat	001204933	1204963	1204962	1020254562	21	337	24	1020255651				317	Поле 337 не содержит кода подполя.
rsl03_z00.dat	001204934	1204964	1204963	1020255680	7	041	9	1020255947				318	Поле 041 не содержит кода подполя.
rsl03_z00.dat	001204934	1204964	1204963	1020255680	11	260	13	1020256203				318	Поле 260 не содержит кода подполя.
rsl03_z00.dat	001204934	1204964	1204963	1020255680	12	300	14	1020256238				318	Поле 300 не содержит кода подполя.
rsl03_z00.dat	001204934	1204964	1204963	1020255680	13	490	15	1020256274				318	Поле 490 не содержит кода подполя.
rsl03_z00.dat	001204934	1204964	1204963	1020255680	16	700	18	1020256747				318	Поле 700 не содержит кода подполя.
rsl03_z00.dat	001204934	1204964	1204963	1020255680	17	700	19	1020256787				318	Поле 700 не содержит кода подполя.
rsl03_z00.dat	001204934	1204964	1204963	1020255680	18	700	20	1020256830				318	Поле 700 не содержит кода подполя.
rsl03_z00.dat	001204934	1204964	1204963	1020255680	19	912	21	1020256866				318	Поле 912 не содержит кода подполя.
rsl03_z00.dat	001204934	1204964	1204963	1020255680	20	336	23	1020256938				318	Поле 336 не содержит кода подполя.
rsl03_z00.dat	001204934	1204964	1204963	1020255680	21	337	24	1020256968				318	Поле 337 не содержит кода подполя.
rsl03_z00.dat	001204935	1204965	1204964	1020256997	7	041	9	1020257264				319	Поле 041 не содержит кода подполя.
rsl03_z00.dat	001204935	1204965	1204964	1020256997	11	260	13	1020257498				319	Поле 260 не содержит кода подполя.
rsl03_z00.dat	001204935	1204965	1204964	1020256997	12	300	14	1020257543				319	Поле 300 не содержит кода подполя.
rsl03_z00.dat	001204935	1204965	1204964	1020256997	13	490	15	1020257579				319	Поле 490 не содержит кода подполя.
rsl03_z00.dat	001204935	1204965	1204964	1020256997	15	650	17	1020258012				319	Поле 650 не содержит кода подполя.
rsl03_z00.dat	001204935	1204965	1204964	1020256997	16	650	18	1020258054				319	Поле 650 не содержит кода подполя.
rsl03_z00.dat	001204935	1204965	1204964	1020256997	17	650	19	1020258095				319	Поле 650 не содержит кода подполя.
rsl03_z00.dat	001204935	1204965	1204964	1020256997	18	700	20	1020258153				319	Поле 700 не содержит кода подполя.
rsl03_z00.dat	001204935	1204965	1204964	1020256997	19	700	21	1020258193				319	Поле 700 не содержит кода подполя.
rsl03_z00.dat	001204935	1204965	1204964	1020256997	20	912	22	1020258226				319	Поле 912 не содержит кода подполя.
rsl03_z00.dat	001204935	1204965	1204964	1020256997	21	336	24	1020258298				319	Поле 336 не содержит кода подполя.
rsl03_z00.dat	001204935	1204965	1204964	1020256997	22	337	25	1020258328				319	Поле 337 не содержит кода подполя.
rsl03_z00.dat	001204936	1204966	1204965	1020258357	10	250	12	1020258952				320	Поле 250 не содержит кода подполя.
rsl03_z00.dat	001204936	1204966	1204965	1020258357	11	260	13	1020258979				320	Поле 260 не содержит кода подполя.
rsl03_z00.dat	001204936	1204966	1204965	1020258357	12	300	14	1020259013				320	Поле 300 не содержит кода подполя.
rsl03_z00.dat	001204936	1204966	1204965	1020258357	14	546	16	1020259434				320	Поле 546 не содержит кода подполя.
rsl03_z00.dat	001204936	1204966	1204965	1020258357	15	650	17	1020259456				320	Поле 650 не содержит кода подполя.
rsl03_z00.dat	001204936	1204966	1204965	1020258357	16	700	18	1020259492				320	Поле 700 не содержит кода подполя.
rsl03_z00.dat	001204936	1204966	1204965	1020258357	17	700	19	1020259524				320	Поле 700 не содержит кода подполя.
rsl03_z00.dat	001204936	1204966	1204965	1020258357	18	710	20	1020259554				320	Поле 710 не содержит кода подполя.
rsl03_z00.dat	001204936	1204966	1204965	1020258357	19	912	21	1020259625				320	Поле 912 не содержит кода подполя.
rsl03_z00.dat	001204936	1204966	1204965	1020258357	20	336	23	1020259697				320	Поле 336 не содержит кода подполя.
rsl03_z00.dat	001204936	1204966	1204965	1020258357	21	337	24	1020259727				320	Поле 337 не содержит кода подполя.
rsl03_z00.dat	001204937	1204967	1204966	1020259756	11	260	13	1020260357				321	Поле 260 не содержит кода подполя.
rsl03_z00.dat	001204937	1204967	1204966	1020259756	12	300	14	1020260390				321	Поле 300 не содержит кода подполя.
rsl03_z00.dat	001204937	1204967	1204966	1020259756	14	546	16	1020260885				321	Поле 546 не содержит кода подполя.
rsl03_z00.dat	001204937	1204967	1204966	1020259756	15	600	17	1020260906				321	Поле 600 не содержит кода подполя.
rsl03_z00.dat	001204937	1204967	1204966	1020259756	16	600	18	1020260941				321	Поле 600 не содержит кода подполя.
rsl03_z00.dat	001204937	1204967	1204966	1020259756	17	650	19	1020260975				321	Поле 650 не содержит кода подполя.
rsl03_z00.dat	001204937	1204967	1204966	1020259756	18	912	20	1020261042				321	Поле 912 не содержит кода подполя.
rsl03_z00.dat	001204937	1204967	1204966	1020259756	19	336	22	1020261114				321	Поле 336 не содержит кода подполя.
rsl03_z00.dat	001204937	1204967	1204966	1020259756	20	337	23	1020261144				321	Поле 337 не содержит кода подполя.
rsl03_z00.dat	001204938	1204968	1204967	1020261173	11	260	13	1020261603				322	Поле 260 не содержит кода подполя.
rsl03_z00.dat	001204938	1204968	1204967	1020261173	14	650	16	1020262023				322	Поле 650 не содержит кода подполя.
rsl03_z00.dat	001204938	1204968	1204967	1020261173	15	650	17	1020262062				322	Поле 650 не содержит кода подполя.
rsl03_z00.dat	001204938	1204968	1204967	1020261173	16	912	18	1020262106				322	Поле 912 не содержит кода подполя.
rsl03_z00.dat	001204938	1204968	1204967	1020261173	18	337	21	1020262207				322	Поле 337 не содержит кода подполя.
rsl03_z00.dat	001204939	1204969	1204968	1020262237	10	250	12	1020262890				323	Поле 250 не содержит кода подполя.
rsl03_z00.dat	001204939	1204969	1204968	1020262237	11	260	13	1020262916				323	Поле 260 не содержит кода подполя.
rsl03_z00.dat	001204939	1204969	1204968	1020262237	12	300	14	1020262950				323	Поле 300 не содержит кода подполя.
rsl03_z00.dat	001204939	1204969	1204968	1020262237	14	546	16	1020263485				323	Поле 546 не содержит кода подполя.
rsl03_z00.dat	001204939	1204969	1204968	1020262237	15	650	17	1020263508				323	Поле 650 не содержит кода подполя.
rsl03_z00.dat	001204939	1204969	1204968	1020262237	16	650	18	1020263544				323	Поле 650 не содержит кода подполя.
rsl03_z00.dat	001204939	1204969	1204968	1020262237	17	700	19	1020263653				323	Поле 700 не содержит кода подполя.
rsl03_z00.dat	001204939	1204969	1204968	1020262237	18	700	20	1020263685				323	Поле 700 не содержит кода подполя.
rsl03_z00.dat	001204939	1204969	1204968	1020262237	19	710	21	1020263716				323	Поле 710 не содержит кода подполя.
rsl03_z00.dat	001204939	1204969	1204968	1020262237	20	912	22	1020263787				323	Поле 912 не содержит кода подполя.
rsl03_z00.dat	001204939	1204969	1204968	1020262237	21	336	24	1020263859				323	Поле 336 не содержит кода подполя.
rsl03_z00.dat	001204939	1204969	1204968	1020262237	22	337	25	1020263889				323	Поле 337 не содержит кода подполя.
rsl03_z00.dat	001204940	1204970	1204969	1020263918	7	041	9	1020264184				324	Поле 041 не содержит кода подполя.
rsl03_z00.dat	001204940	1204970	1204969	1020263918	11	250	13	1020264512				324	Поле 250 не содержит кода подполя.
rsl03_z00.dat	001204940	1204970	1204969	1020263918	12	260	14	1020264539				324	Поле 260 не содержит кода подполя.
rsl03_z00.dat	001204940	1204970	1204969	1020263918	13	300	15	1020264573				324	Поле 300 не содержит кода подполя.
rsl03_z00.dat	001204940	1204970	1204969	1020263918	14	504	16	1020264598				324	Поле 504 не содержит кода подполя.
rsl03_z00.dat	001204940	1204970	1204969	1020263918	16	650	18	1020265291				324	Поле 650 не содержит кода подполя.
rsl03_z00.dat	001204940	1204970	1204969	1020263918	17	650	19	1020265327				324	Поле 650 не содержит кода подполя.
rsl03_z00.dat	001204940	1204970	1204969	1020263918	18	700	20	1020265415				324	Поле 700 не содержит кода подполя.
rsl03_z00.dat	001204940	1204970	1204969	1020263918	19	912	21	1020265445				324	Поле 912 не содержит кода подполя.
rsl03_z00.dat	001204940	1204970	1204969	1020263918	20	336	23	1020265517				324	Поле 336 не содержит кода подполя.
rsl03_z00.dat	001204940	1204970	1204969	1020263918	21	337	24	1020265547				324	Поле 337 не содержит кода подполя.
rsl03_z00.dat	001204941	1204971	1204970	1020265576	7	041	9	1020265843				325	Поле 041 не содержит кода подполя.
rsl03_z00.dat	001204941	1204971	1204970	1020265576	16	650	18	1020267057				325	Поле 650 не содержит кода подполя.
rsl03_z00.dat	001204941	1204971	1204970	1020265576	17	650	19	1020267113				325	Поле 650 не содержит кода подполя.
rsl03_z00.dat	001204941	1204971	1204970	1020265576	18	912	20	1020267171				325	Поле 912 не содержит кода подполя.
rsl03_z00.dat	001204942	1204972	1204971	1020267303	7	041	9	1020267570				326	Поле 041 не содержит кода подполя.
rsl03_z00.dat	001204942	1204972	1204971	1020267303	10	250	12	1020267656				326	Поле 250 не содержит кода подполя.
rsl03_z00.dat	001204942	1204972	1204971	1020267303	14	650	16	1020268378				326	Поле 650 не содержит кода подполя.
rsl03_z00.dat	001204942	1204972	1204971	1020267303	15	650	17	1020268411				326	Поле 650 не содержит кода подполя.
rsl03_z00.dat	001204942	1204972	1204971	1020267303	16	912	18	1020268442				326	Поле 912 не содержит кода подполя.
rsl03_z00.dat	001204943	1204973	1204972	1020268575	7	041	9	1020268842				327	Поле 041 не содержит кода подполя.
rsl03_z00.dat	001204943	1204973	1204972	1020268575	10	260	12	1020269007				327	Поле 260 не содержит кода подполя.
rsl03_z00.dat	001204943	1204973	1204972	1020268575	14	700	16	1020269708				327	Поле 700 не содержит кода подполя.
rsl03_z00.dat	001204943	1204973	1204972	1020268575	15	912	17	1020269752				327	Поле 912 не содержит кода подполя.
rsl03_z00.dat	001204943	1204973	1204972	1020268575	16	336	19	1020269823				327	Поле 336 не содержит кода подполя.
rsl03_z00.dat	001204944	1204974	1204973	1020269881	7	041	9	1020270149				328	Поле 041 не содержит кода подполя.
rsl03_z00.dat	001204944	1204974	1204973	1020269881	11	260	13	1020270402				328	Поле 260 не содержит кода подполя.
rsl03_z00.dat	001204944	1204974	1204973	1020269881	12	300	14	1020270437				328	Поле 300 не содержит кода подполя.
rsl03_z00.dat	001204944	1204974	1204973	1020269881	14	650	16	1020271147				328	Поле 650 не содержит кода подполя.
rsl03_z00.dat	001204944	1204974	1204973	1020269881	15	650	17	1020271194				328	Поле 650 не содержит кода подполя.
rsl03_z00.dat	001204944	1204974	1204973	1020269881	16	912	18	1020271232				328	Поле 912 не содержит кода подполя.
rsl03_z00.dat	001204944	1204974	1204973	1020269881	17	336	20	1020271303				328	Поле 336 не содержит кода подполя.
rsl03_z00.dat	001204944	1204974	1204973	1020269881	18	337	21	1020271333				328	Поле 337 не содержит кода подполя.
rsl03_z00.dat	001204945	1204975	1204974	1020271363	7	041	9	1020271630				329	Поле 041 не содержит кода подполя.
rsl03_z00.dat	001204945	1204975	1204974	1020271363	11	260	13	1020271850				329	Поле 260 не содержит кода подполя.
rsl03_z00.dat	001204945	1204975	1204974	1020271363	12	300	14	1020271895				329	Поле 300 не содержит кода подполя.
rsl03_z00.dat	001204945	1204975	1204974	1020271363	16	600	18	1020272780				329	Поле 600 не содержит кода подполя.
rsl03_z00.dat	001204945	1204975	1204974	1020271363	17	600	19	1020272820				329	Поле 600 не содержит кода подполя.
rsl03_z00.dat	001204945	1204975	1204974	1020271363	18	600	20	1020272864				329	Поле 600 не содержит кода подполя.
rsl03_z00.dat	001204945	1204975	1204974	1020271363	19	700	21	1020272901				329	Поле 700 не содержит кода подполя.
rsl03_z00.dat	001204945	1204975	1204974	1020271363	20	700	22	1020272937				329	Поле 700 не содержит кода подполя.
rsl03_z00.dat	001204945	1204975	1204974	1020271363	21	912	23	1020272983				329	Поле 912 не содержит кода подполя.
rsl03_z00.dat	001204945	1204975	1204974	1020271363	22	336	25	1020273055				329	Поле 336 не содержит кода подполя.
rsl03_z00.dat	001204945	1204975	1204974	1020271363	23	337	26	1020273085				329	Поле 337 не содержит кода подполя.
rsl03_z00.dat	001204946	1204976	1204975	1020273114	7	041	9	1020273380				330	Поле 041 не содержит кода подполя.
rsl03_z00.dat	001204946	1204976	1204975	1020273114	11	260	13	1020273575				330	Поле 260 не содержит кода подполя.
rsl03_z00.dat	001204946	1204976	1204975	1020273114	15	650	17	1020274828				330	Поле 650 не содержит кода подполя.
rsl03_z00.dat	001204946	1204976	1204975	1020273114	16	650	18	1020274872				330	Поле 650 не содержит кода подполя.
rsl03_z00.dat	001204946	1204976	1204975	1020273114	17	650	19	1020274928				330	Поле 650 не содержит кода подполя.
rsl03_z00.dat	001204946	1204976	1204975	1020273114	18	650	20	1020274992				330	Поле 650 не содержит кода подполя.
rsl03_z00.dat	001204946	1204976	1204975	1020273114	19	912	21	1020275047				330	Поле 912 не содержит кода подполя.
rsl03_z00.dat	001204946	1204976	1204975	1020273114	21	337	24	1020275147				330	Поле 337 не содержит кода подполя.
rsl03_z00.dat	001204947	1204977	1204976	1020275176	7	041	9	1020275444				331	Поле 041 не содержит кода подполя.
rsl03_z00.dat	001204947	1204977	1204976	1020275176	11	260	13	1020275604				331	Поле 260 не содержит кода подполя.
rsl03_z00.dat	001204947	1204977	1204976	1020275176	12	300	14	1020275640				331	Поле 300 не содержит кода подполя.
rsl03_z00.dat	001204947	1204977	1204976	1020275176	15	650	17	1020276698				331	Поле 650 не содержит кода подполя.
rsl03_z00.dat	001204947	1204977	1204976	1020275176	16	650	18	1020276740				331	Поле 650 не содержит кода подполя.
rsl03_z00.dat	001204947	1204977	1204976	1020275176	17	700	19	1020276798				331	Поле 700 не содержит кода подполя.
rsl03_z00.dat	001204947	1204977	1204976	1020275176	18	912	20	1020276828				331	Поле 912 не содержит кода подполя.
rsl03_z00.dat	001204947	1204977	1204976	1020275176	19	336	22	1020276900				331	Поле 336 не содержит кода подполя.
rsl03_z00.dat	001204948	1204978	1204977	1020276958	7	041	9	1020277224				332	Поле 041 не содержит кода подполя.
rsl03_z00.dat	001204948	1204978	1204977	1020276958	11	260	13	1020277676				332	Поле 260 не содержит кода подполя.
rsl03_z00.dat	001204948	1204978	1204977	1020276958	12	300	14	1020277710				332	Поле 300 не содержит кода подполя.
rsl03_z00.dat	001204948	1204978	1204977	1020276958	13	504	15	1020277736				332	Поле 504 не содержит кода подполя.
rsl03_z00.dat	001204948	1204978	1204977	1020276958	15	650	17	1020278732				332	Поле 650 не содержит кода подполя.
rsl03_z00.dat	001204948	1204978	1204977	1020276958	16	650	18	1020278775				332	Поле 650 не содержит кода подполя.
rsl03_z00.dat	001204948	1204978	1204977	1020276958	17	650	19	1020278817				332	Поле 650 не содержит кода подполя.
rsl03_z00.dat	001204948	1204978	1204977	1020276958	18	912	20	1020278867				332	Поле 912 не содержит кода подполя.
rsl03_z00.dat	001204948	1204978	1204977	1020276958	19	336	22	1020278939				332	Поле 336 не содержит кода подполя.
rsl03_z00.dat	001204949	1204979	1204978	1020278999	11	260	13	1020279716				333	Поле 260 не содержит кода подполя.
rsl03_z00.dat	001204949	1204979	1204978	1020278999	12	300	14	1020279750				333	Поле 300 не содержит кода подполя.
rsl03_z00.dat	001204949	1204979	1204978	1020278999	13	504	15	1020279785				333	Поле 504 не содержит кода подполя.
rsl03_z00.dat	001204949	1204979	1204978	1020278999	15	546	17	1020280343				333	Поле 546 не содержит кода подполя.
rsl03_z00.dat	001204949	1204979	1204978	1020278999	16	650	18	1020280366				333	Поле 650 не содержит кода подполя.
rsl03_z00.dat	001204949	1204979	1204978	1020278999	17	650	19	1020280402				333	Поле 650 не содержит кода подполя.
rsl03_z00.dat	001204949	1204979	1204978	1020278999	18	650	20	1020280489				333	Поле 650 не содержит кода подполя.
rsl03_z00.dat	001204949	1204979	1204978	1020278999	19	650	21	1020280610				333	Поле 650 не содержит кода подполя.
rsl03_z00.dat	001204949	1204979	1204978	1020278999	20	912	22	1020280710				333	Поле 912 не содержит кода подполя.
rsl03_z00.dat	001204949	1204979	1204978	1020278999	21	336	24	1020280782				333	Поле 336 не содержит кода подполя.
rsl03_z00.dat	001204950	1204980	1204979	1020280842	7	041	9	1020281108				334	Поле 041 не содержит кода подполя.
rsl03_z00.dat	001204950	1204980	1204979	1020280842	11	250	13	1020281441				334	Поле 250 не содержит кода подполя.
rsl03_z00.dat	001204950	1204980	1204979	1020280842	12	260	14	1020281468				334	Поле 260 не содержит кода подполя.
rsl03_z00.dat	001204950	1204980	1204979	1020280842	13	300	15	1020281502				334	Поле 300 не содержит кода подполя.
rsl03_z00.dat	001204950	1204980	1204979	1020280842	15	650	17	1020281802				334	Поле 650 не содержит кода подполя.
rsl03_z00.dat	001204950	1204980	1204979	1020280842	16	700	18	1020281862				334	Поле 700 не содержит кода подполя.
rsl03_z00.dat	001204950	1204980	1204979	1020280842	17	912	19	1020281901				334	Поле 912 не содержит кода подполя.
rsl03_z00.dat	001204950	1204980	1204979	1020280842	18	336	21	1020281972				334	Поле 336 не содержит кода подполя.
rsl03_z00.dat	001204950	1204980	1204979	1020280842	19	337	22	1020282002				334	Поле 337 не содержит кода подполя.
rsl03_z00.dat	001204951	1204981	1204980	1020282031	7	041	9	1020282297				335	Поле 041 не содержит кода подполя.
rsl03_z00.dat	001204951	1204981	1204980	1020282031	11	260	13	1020282755				335	Поле 260 не содержит кода подполя.
rsl03_z00.dat	001204951	1204981	1204980	1020282031	12	300	14	1020282789				335	Поле 300 не содержит кода подполя.
rsl03_z00.dat	001204951	1204981	1204980	1020282031	13	504	15	1020282820				335	Поле 504 не содержит кода подполя.
rsl03_z00.dat	001204951	1204981	1204980	1020282031	15	650	17	1020283909				335	Поле 650 не содержит кода подполя.
rsl03_z00.dat	001204951	1204981	1204980	1020282031	16	700	18	1020283968				335	Поле 700 не содержит кода подполя.
rsl03_z00.dat	001204951	1204981	1204980	1020282031	17	912	19	1020284010				335	Поле 912 не содержит кода подполя.
rsl03_z00.dat	001204951	1204981	1204980	1020282031	19	337	22	1020284113				335	Поле 337 не содержит кода подполя.
rsl03_z00.dat	001204952	1204982	1204981	1020284142	11	260	13	1020284974				336	Поле 260 не содержит кода подполя.
rsl03_z00.dat	001204952	1204982	1204981	1020284142	12	300	14	1020285007				336	Поле 300 не содержит кода подполя.
rsl03_z00.dat	001204952	1204982	1204981	1020284142	14	546	16	1020285497				336	Поле 546 не содержит кода подполя.
rsl03_z00.dat	001204952	1204982	1204981	1020284142	16	650	18	1020285552				336	Поле 650 не содержит кода подполя.
rsl03_z00.dat	001204952	1204982	1204981	1020284142	17	650	19	1020285632				336	Поле 650 не содержит кода подполя.
rsl03_z00.dat	001204952	1204982	1204981	1020284142	18	700	20	1020285720				336	Поле 700 не содержит кода подполя.
rsl03_z00.dat	001204952	1204982	1204981	1020284142	19	912	21	1020285753				336	Поле 912 не содержит кода подполя.
rsl03_z00.dat	001204952	1204982	1204981	1020284142	20	336	23	1020285824				336	Поле 336 не содержит кода подполя.
rsl03_z00.dat	001204952	1204982	1204981	1020284142	21	337	24	1020285854				336	Поле 337 не содержит кода подполя.
rsl03_z00.dat	001204953	1204983	1204982	1020285883	12	300	14	1020286519				337	Поле 300 не содержит кода подполя.
rsl03_z00.dat	001204953	1204983	1204982	1020285883	13	490	15	1020286553				337	Поле 490 не содержит кода подполя.
rsl03_z00.dat	001204953	1204983	1204982	1020285883	14	500	16	1020286575				337	Поле 500 не содержит кода подполя.
rsl03_z00.dat	001204953	1204983	1204982	1020285883	16	650	18	1020287223				337	Поле 650 не содержит кода подполя.
rsl03_z00.dat	001204953	1204983	1204982	1020285883	17	650	19	1020287261				337	Поле 650 не содержит кода подполя.
rsl03_z00.dat	001204953	1204983	1204982	1020285883	18	700	20	1020287323				337	Поле 700 не содержит кода подполя.
rsl03_z00.dat	001204953	1204983	1204982	1020285883	19	700	21	1020287355				337	Поле 700 не содержит кода подполя.
rsl03_z00.dat	001204953	1204983	1204982	1020285883	20	700	22	1020287388				337	Поле 700 не содержит кода подполя.
rsl03_z00.dat	001204953	1204983	1204982	1020285883	21	912	23	1020287425				337	Поле 912 не содержит кода подполя.
rsl03_z00.dat	001204953	1204983	1204982	1020285883	22	336	25	1020287497				337	Поле 336 не содержит кода подполя.
rsl03_z00.dat	001204953	1204983	1204982	1020285883	23	337	26	1020287527				337	Поле 337 не содержит кода подполя.
rsl03_z00.dat	001204954	1204984	1204983	1020287556	7	041	9	1020287822				338	Поле 041 не содержит кода подполя.
rsl03_z00.dat	001204954	1204984	1204983	1020287556	11	300	13	1020288053				338	Поле 300 не содержит кода подполя.
rsl03_z00.dat	001204954	1204984	1204983	1020287556	14	650	16	1020289035				338	Поле 650 не содержит кода подполя.
rsl03_z00.dat	001204954	1204984	1204983	1020287556	15	650	17	1020289128				338	Поле 650 не содержит кода подполя.
rsl03_z00.dat	001204954	1204984	1204983	1020287556	16	650	18	1020289220				338	Поле 650 не содержит кода подполя.
rsl03_z00.dat	001204954	1204984	1204983	1020287556	17	700	19	1020289280				338	Поле 700 не содержит кода подполя.
rsl03_z00.dat	001204954	1204984	1204983	1020287556	18	700	20	1020289327				338	Поле 700 не содержит кода подполя.
rsl03_z00.dat	001204954	1204984	1204983	1020287556	19	700	21	1020289371				338	Поле 700 не содержит кода подполя.
rsl03_z00.dat	001204954	1204984	1204983	1020287556	20	700	22	1020289421				338	Поле 700 не содержит кода подполя.
rsl03_z00.dat	001204954	1204984	1204983	1020287556	21	912	23	1020289464				338	Поле 912 не содержит кода подполя.
rsl03_z00.dat	001204954	1204984	1204983	1020287556	22	336	25	1020289536				338	Поле 336 не содержит кода подполя.
rsl03_z00.dat	001204954	1204984	1204983	1020287556	23	337	26	1020289566				338	Поле 337 не содержит кода подполя.
rsl03_z00.dat	001204955	1204985	1204984	1020289595	7	041	9	1020289862				339	Поле 041 не содержит кода подполя.
rsl03_z00.dat	001204955	1204985	1204984	1020289595	11	260	13	1020290068				339	Поле 260 не содержит кода подполя.
rsl03_z00.dat	001204955	1204985	1204984	1020289595	12	300	14	1020290101				339	Поле 300 не содержит кода подполя.
rsl03_z00.dat	001204955	1204985	1204984	1020289595	15	650	17	1020291002				339	Поле 650 не содержит кода подполя.
rsl03_z00.dat	001204955	1204985	1204984	1020289595	16	912	18	1020291051				339	Поле 912 не содержит кода подполя.
rsl03_z00.dat	001204955	1204985	1204984	1020289595	17	336	20	1020291123				339	Поле 336 не содержит кода подполя.
rsl03_z00.dat	001204955	1204985	1204984	1020289595	18	337	21	1020291153				339	Поле 337 не содержит кода подполя.
rsl03_z00.dat	001204956	1204986	1204985	1020291182	7	041	9	1020291449				340	Поле 041 не содержит кода подполя.
rsl03_z00.dat	001204956	1204986	1204985	1020291182	10	260	12	1020291597				340	Поле 260 не содержит кода подполя.
rsl03_z00.dat	001204956	1204986	1204985	1020291182	11	300	13	1020291632				340	Поле 300 не содержит кода подполя.
rsl03_z00.dat	001204956	1204986	1204985	1020291182	14	650	16	1020292195				340	Поле 650 не содержит кода подполя.
rsl03_z00.dat	001204956	1204986	1204985	1020291182	15	650	17	1020292255				340	Поле 650 не содержит кода подполя.
rsl03_z00.dat	001204956	1204986	1204985	1020291182	16	912	18	1020292293				340	Поле 912 не содержит кода подполя.
rsl03_z00.dat	001204957	1204987	1204986	1020292424	9	260	11	1020293033				341	Поле 260 не содержит кода подполя.
rsl03_z00.dat	001204957	1204987	1204986	1020292424	10	500	12	1020293083				341	Поле 500 не содержит кода подполя.
rsl03_z00.dat	001204957	1204987	1204986	1020292424	11	546	13	1020293126				341	Поле 546 не содержит кода подполя.
rsl03_z00.dat	001204957	1204987	1204986	1020292424	12	650	14	1020293148				341	Поле 650 не содержит кода подполя.
rsl03_z00.dat	001204957	1204987	1204986	1020292424	13	650	15	1020293194				341	Поле 650 не содержит кода подполя.
rsl03_z00.dat	001204957	1204987	1204986	1020292424	15	700	17	1020293340				341	Поле 700 не содержит кода подполя.
rsl03_z00.dat	001204957	1204987	1204986	1020292424	17	700	19	1020293428				341	Поле 700 не содержит кода подполя.
rsl03_z00.dat	001204957	1204987	1204986	1020292424	20	336	23	1020293588				341	Поле 336 не содержит кода подполя.
rsl03_z00.dat	001204957	1204987	1204986	1020292424	21	337	24	1020293618				341	Поле 337 не содержит кода подполя.
rsl03_z00.dat	001204958	1204988	1204987	1020293647	7	041	9	1020293914				342	Поле 041 не содержит кода подполя.
rsl03_z00.dat	001204958	1204988	1204987	1020293647	9	245	11	1020293964				342	Поле 245 не содержит кода подполя.
rsl03_z00.dat	001204958	1204988	1204987	1020293647	13	650	15	1020294936				342	Поле 650 не содержит кода подполя.
rsl03_z00.dat	001204958	1204988	1204987	1020293647	14	650	16	1020294982				342	Поле 650 не содержит кода подполя.
rsl03_z00.dat	001204958	1204988	1204987	1020293647	15	650	17	1020295044				342	Поле 650 не содержит кода подполя.
rsl03_z00.dat	001204958	1204988	1204987	1020293647	16	700	18	1020295129				342	Поле 700 не содержит кода подполя.
rsl03_z00.dat	001204958	1204988	1204987	1020293647	17	700	19	1020295174				342	Поле 700 не содержит кода подполя.
rsl03_z00.dat	001204958	1204988	1204987	1020293647	18	700	20	1020295221				342	Поле 700 не содержит кода подполя.
rsl03_z00.dat	001204958	1204988	1204987	1020293647	19	710	21	1020295266				342	Поле 710 не содержит кода подполя.
rsl03_z00.dat	001204958	1204988	1204987	1020293647	20	773	22	1020295312				342	Поле 773 не содержит кода подполя.
rsl03_z00.dat	001204958	1204988	1204987	1020293647	21	912	23	1020295415				342	Поле 912 не содержит кода подполя.
rsl03_z00.dat	001204958	1204988	1204987	1020293647	23	337	26	1020295517				342	Поле 337 не содержит кода подполя.
rsl03_z00.dat	001204959	1204989	1204988	1020295545	10	300	12	1020295953				343	Поле 300 не содержит кода подполя.
rsl03_z00.dat	001204960	1204990	1204989	1020296286	10	260	12	1020296971				344	Поле 260 не содержит кода подполя.
rsl03_z00.dat	001204960	1204990	1204989	1020296286	11	300	13	1020297027				344	Поле 300 не содержит кода подполя.
rsl03_z00.dat	001204960	1204990	1204989	1020296286	12	500	14	1020297044				344	Поле 500 не содержит кода подполя.
rsl03_z00.dat	001204960	1204990	1204989	1020296286	13	600	15	1020297130				344	Поле 600 не содержит кода подполя.
rsl03_z00.dat	001204960	1204990	1204989	1020296286	14	650	16	1020297177				344	Поле 650 не содержит кода подполя.
rsl03_z00.dat	001204960	1204990	1204989	1020296286	15	700	17	1020297207				344	Поле 700 не содержит кода подполя.
rsl03_z00.dat	001204960	1204990	1204989	1020296286	18	912	20	1020297476				344	Поле 912 не содержит кода подполя.
rsl03_z00.dat	001204960	1204990	1204989	1020296286	19	336	22	1020297548				344	Поле 336 не содержит кода подполя.
rsl03_z00.dat	001204960	1204990	1204989	1020296286	20	337	23	1020297578				344	Поле 337 не содержит кода подполя.
rsl03_z00.dat	001204961	1204991	1204990	1020297607	7	041	9	1020297874				345	Поле 041 не содержит кода подполя.
rsl03_z00.dat	001204961	1204991	1204990	1020297607	9	245	11	1020297913				345	Поле 245 не содержит кода подполя.
rsl03_z00.dat	001204961	1204991	1204990	1020297607	13	600	15	1020298860				345	Поле 600 не содержит кода подполя.
rsl03_z00.dat	001204961	1204991	1204990	1020297607	14	650	16	1020298907				345	Поле 650 не содержит кода подполя.
rsl03_z00.dat	001204961	1204991	1204990	1020297607	15	700	17	1020298937				345	Поле 700 не содержит кода подполя.
rsl03_z00.dat	001204961	1204991	1204990	1020297607	16	710	18	1020298979				345	Поле 710 не содержит кода подполя.
rsl03_z00.dat	001204961	1204991	1204990	1020297607	17	711	19	1020299078				345	Поле 711 не содержит кода подполя.
rsl03_z00.dat	001204961	1204991	1204990	1020297607	18	773	20	1020299205				345	Поле 773 не содержит кода подполя.
rsl03_z00.dat	001204961	1204991	1204990	1020297607	19	912	21	1020299268				345	Поле 912 не содержит кода подполя.
rsl03_z00.dat	001204961	1204991	1204990	1020297607	21	337	24	1020299370				345	Поле 337 не содержит кода подполя.
rsl03_z00.dat	001204962	1204992	1204991	1020299399	7	041	9	1020299665				346	Поле 041 не содержит кода подполя.
rsl03_z00.dat	001204962	1204992	1204991	1020299399	12	300	14	1020300059				346	Поле 300 не содержит кода подполя.
rsl03_z00.dat	001204962	1204992	1204991	1020299399	13	504	15	1020300090				346	Поле 504 не содержит кода подполя.
rsl03_z00.dat	001204962	1204992	1204991	1020299399	15	650	17	1020300772				346	Поле 650 не содержит кода подполя.
rsl03_z00.dat	001204962	1204992	1204991	1020299399	16	650	18	1020300819				346	Поле 650 не содержит кода подполя.
rsl03_z00.dat	001204962	1204992	1204991	1020299399	17	650	19	1020300895				346	Поле 650 не содержит кода подполя.
rsl03_z00.dat	001204962	1204992	1204991	1020299399	18	650	20	1020300941				346	Поле 650 не содержит кода подполя.
rsl03_z00.dat	001204962	1204992	1204991	1020299399	19	912	21	1020301002				346	Поле 912 не содержит кода подполя.
rsl03_z00.dat	001204962	1204992	1204991	1020299399	20	336	23	1020301074				346	Поле 336 не содержит кода подполя.
rsl03_z00.dat	001204962	1204992	1204991	1020299399	21	337	24	1020301104				346	Поле 337 не содержит кода подполя.
rsl03_z00.dat	001204963	1204993	1204992	1020301133	7	041	9	1020301399				347	Поле 041 не содержит кода подполя.
rsl03_z00.dat	001204963	1204993	1204992	1020301133	11	260	13	1020301786				347	Поле 260 не содержит кода подполя.
rsl03_z00.dat	001204963	1204993	1204992	1020301133	12	300	14	1020301830				347	Поле 300 не содержит кода подполя.
rsl03_z00.dat	001204963	1204993	1204992	1020301133	13	500	15	1020301861				347	Поле 500 не содержит кода подполя.
rsl03_z00.dat	001204963	1204993	1204992	1020301133	14	504	16	1020301929				347	Поле 504 не содержит кода подполя.
rsl03_z00.dat	001204963	1204993	1204992	1020301133	16	650	18	1020302590				347	Поле 650 не содержит кода подполя.
rsl03_z00.dat	001204963	1204993	1204992	1020301133	17	650	19	1020302653				347	Поле 650 не содержит кода подполя.
rsl03_z00.dat	001204963	1204993	1204992	1020301133	18	650	20	1020302710				347	Поле 650 не содержит кода подполя.
rsl03_z00.dat	001204963	1204993	1204992	1020301133	19	700	21	1020302742				347	Поле 700 не содержит кода подполя.
rsl03_z00.dat	001204963	1204993	1204992	1020301133	20	700	22	1020302785				347	Поле 700 не содержит кода подполя.
rsl03_z00.dat	001204963	1204993	1204992	1020301133	21	912	23	1020302839				347	Поле 912 не содержит кода подполя.
rsl03_z00.dat	001204963	1204993	1204992	1020301133	22	336	25	1020302911				347	Поле 336 не содержит кода подполя.
rsl03_z00.dat	001204963	1204993	1204992	1020301133	23	337	26	1020302940				347	Поле 337 не содержит кода подполя.
rsl03_z00.dat	001204964	1204994	1204993	1020302969	7	041	9	1020303235				348	Поле 041 не содержит кода подполя.
rsl03_z00.dat	001204964	1204994	1204993	1020302969	10	260	12	1020303740				348	Поле 260 не содержит кода подполя.
rsl03_z00.dat	001204964	1204994	1204993	1020302969	11	300	13	1020303784				348	Поле 300 не содержит кода подполя.
rsl03_z00.dat	001204964	1204994	1204993	1020302969	13	504	15	1020304866				348	Поле 504 не содержит кода подполя.
rsl03_z00.dat	001204964	1204994	1204993	1020302969	14	520	16	1020304907				348	Поле 520 не содержит кода подполя.
rsl03_z00.dat	001204964	1204994	1204993	1020302969	15	650	17	1020305363				348	Поле 650 не содержит кода подполя.
rsl03_z00.dat	001204964	1204994	1204993	1020302969	16	700	18	1020305420				348	Поле 700 не содержит кода подполя.
rsl03_z00.dat	001204964	1204994	1204993	1020302969	17	710	19	1020305463				348	Поле 710 не содержит кода подполя.
rsl03_z00.dat	001204964	1204994	1204993	1020302969	18	912	20	1020305504				348	Поле 912 не содержит кода подполя.
rsl03_z00.dat	001204964	1204994	1204993	1020302969	19	336	22	1020305576				348	Поле 336 не содержит кода подполя.
rsl03_z00.dat	001204964	1204994	1204993	1020302969	20	337	23	1020305606				348	Поле 337 не содержит кода подполя.
rsl03_z00.dat	001204965	1204995	1204994	1020305635	7	041	9	1020305901				349	Поле 041 не содержит кода подполя.
rsl03_z00.dat	001204965	1204995	1204994	1020305635	11	260	13	1020306332				349	Поле 260 не содержит кода подполя.
rsl03_z00.dat	001204965	1204995	1204994	1020305635	12	300	14	1020306385				349	Поле 300 не содержит кода подполя.
rsl03_z00.dat	001204965	1204995	1204994	1020305635	14	650	16	1020307528				349	Поле 650 не содержит кода подполя.
rsl03_z00.dat	001204965	1204995	1204994	1020305635	15	912	17	1020307638				349	Поле 912 не содержит кода подполя.
rsl03_z00.dat	001204965	1204995	1204994	1020305635	16	336	19	1020307710				349	Поле 336 не содержит кода подполя.
rsl03_z00.dat	001204965	1204995	1204994	1020305635	17	337	20	1020307740				349	Поле 337 не содержит кода подполя.
rsl03_z00.dat	001204966	1204996	1204995	1020307769	7	041	9	1020308036				350	Поле 041 не содержит кода подполя.
rsl03_z00.dat	001204966	1204996	1204995	1020307769	11	260	13	1020308252				350	Поле 260 не содержит кода подполя.
rsl03_z00.dat	001204966	1204996	1204995	1020307769	15	600	17	1020308898				350	Поле 600 не содержит кода подполя.
rsl03_z00.dat	001204966	1204996	1204995	1020307769	16	650	18	1020308943				350	Поле 650 не содержит кода подполя.
rsl03_z00.dat	001204966	1204996	1204995	1020307769	17	650	19	1020308995				350	Поле 650 не содержит кода подполя.
rsl03_z00.dat	001204966	1204996	1204995	1020307769	18	700	20	1020309054				350	Поле 700 не содержит кода подполя.
rsl03_z00.dat	001204966	1204996	1204995	1020307769	19	912	21	1020309086				350	Поле 912 не содержит кода подполя.
rsl03_z00.dat	001204966	1204996	1204995	1020307769	20	336	23	1020309158				350	Поле 336 не содержит кода подполя.
rsl03_z00.dat	001204966	1204996	1204995	1020307769	21	337	24	1020309188				350	Поле 337 не содержит кода подполя.
rsl03_z00.dat	001204967	1204997	1204996	1020309217	7	041	9	1020309484				351	Поле 041 не содержит кода подполя.
rsl03_z00.dat	001204967	1204997	1204996	1020309217	11	250	13	1020309685				351	Поле 250 не содержит кода подполя.
rsl03_z00.dat	001204967	1204997	1204996	1020309217	12	260	14	1020309712				351	Поле 260 не содержит кода подполя.
rsl03_z00.dat	001204967	1204997	1204996	1020309217	13	300	15	1020309751				351	Поле 300 не содержит кода подполя.
rsl03_z00.dat	001204967	1204997	1204996	1020309217	15	650	17	1020310304				351	Поле 650 не содержит кода подполя.
rsl03_z00.dat	001204967	1204997	1204996	1020309217	16	700	18	1020310331				351	Поле 700 не содержит кода подполя.
rsl03_z00.dat	001204967	1204997	1204996	1020309217	17	700	19	1020310375				351	Поле 700 не содержит кода подполя.
rsl03_z00.dat	001204967	1204997	1204996	1020309217	18	700	20	1020310422				351	Поле 700 не содержит кода подполя.
rsl03_z00.dat	001204967	1204997	1204996	1020309217	19	700	21	1020310464				351	Поле 700 не содержит кода подполя.
rsl03_z00.dat	001204967	1204997	1204996	1020309217	20	912	22	1020310507				351	Поле 912 не содержит кода подполя.
rsl03_z00.dat	001204968	1204998	1204997	1020310636	11	260	13	1020311084				352	Поле 260 не содержит кода подполя.
rsl03_z00.dat	001204968	1204998	1204997	1020310636	16	650	18	1020312248				352	Поле 650 не содержит кода подполя.
rsl03_z00.dat	001204968	1204998	1204997	1020310636	17	912	19	1020312309				352	Поле 912 не содержит кода подполя.
rsl03_z00.dat	001204968	1204998	1204997	1020310636	18	336	21	1020312381				352	Поле 336 не содержит кода подполя.
rsl03_z00.dat	001204969	1204999	1204998	1020312442	7	041	9	1020312709				353	Поле 041 не содержит кода подполя.
rsl03_z00.dat	001204969	1204999	1204998	1020312442	12	260	14	1020312936				353	Поле 260 не содержит кода подполя.
rsl03_z00.dat	001204969	1204999	1204998	1020312442	13	300	15	1020312969				353	Поле 300 не содержит кода подполя.
rsl03_z00.dat	001204969	1204999	1204998	1020312442	17	650	19	1020313635				353	Поле 650 не содержит кода подполя.
rsl03_z00.dat	001204969	1204999	1204998	1020312442	18	700	20	1020313718				353	Поле 700 не содержит кода подполя.
rsl03_z00.dat	001204969	1204999	1204998	1020312442	19	912	21	1020313761				353	Поле 912 не содержит кода подполя.
rsl03_z00.dat	001204969	1204999	1204998	1020312442	21	337	24	1020313863				353	Поле 337 не содержит кода подполя.
rsl03_z00.dat	001204970	1205000	1204999	1020313891	12	250	14	1020314422				354	Поле 250 не содержит кода подполя.
rsl03_z00.dat	001204970	1205000	1204999	1020313891	13	260	15	1020314449				354	Поле 260 не содержит кода подполя.
rsl03_z00.dat	001204970	1205000	1204999	1020313891	14	300	16	1020314491				354	Поле 300 не содержит кода подполя.
rsl03_z00.dat	001204970	1205000	1204999	1020313891	19	912	21	1020314744				354	Поле 912 не содержит кода подполя.
rsl03_z00.dat	001204970	1205000	1204999	1020313891	21	337	24	1020314847				354	Поле 337 не содержит кода подполя.
rsl03_z00.dat	001204971	1205001	1205000	1020314875	7	041	9	1020315143				355	Поле 041 не содержит кода подполя.
rsl03_z00.dat	001204971	1205001	1205000	1020314875	10	245	12	1020315222				355	Поле 245 не содержит кода подполя.
rsl03_z00.dat	001204971	1205001	1205000	1020314875	14	650	16	1020315682				355	Поле 650 не содержит кода подполя.
rsl03_z00.dat	001204971	1205001	1205000	1020314875	15	700	17	1020315764				355	Поле 700 не содержит кода подполя.
rsl03_z00.dat	001204971	1205001	1205000	1020314875	16	773	18	1020315809				355	Поле 773 не содержит кода подполя.
rsl03_z00.dat	001204971	1205001	1205000	1020314875	17	912	19	1020315875				355	Поле 912 не содержит кода подполя.
rsl03_z00.dat	001204971	1205001	1205000	1020314875	19	337	22	1020315976				355	Поле 337 не содержит кода подполя.
rsl03_z00.dat	001204972	1205002	1205001	1020316004	7	041	9	1020316271				356	Поле 041 не содержит кода подполя.
rsl03_z00.dat	001204972	1205002	1205001	1020316004	12	260	14	1020316498				356	Поле 260 не содержит кода подполя.
rsl03_z00.dat	001204972	1205002	1205001	1020316004	13	300	15	1020316531				356	Поле 300 не содержит кода подполя.
rsl03_z00.dat	001204972	1205002	1205001	1020316004	17	650	19	1020317197				356	Поле 650 не содержит кода подполя.
rsl03_z00.dat	001204972	1205002	1205001	1020316004	18	700	20	1020317280				356	Поле 700 не содержит кода подполя.
rsl03_z00.dat	001204972	1205002	1205001	1020316004	19	912	21	1020317323				356	Поле 912 не содержит кода подполя.
rsl03_z00.dat	001204972	1205002	1205001	1020316004	21	337	24	1020317425				356	Поле 337 не содержит кода подполя.
rsl03_z00.dat	001204973	1205003	1205002	1020317453	7	041	9	1020317720				357	Поле 041 не содержит кода подполя.
rsl03_z00.dat	001204973	1205003	1205002	1020317453	12	250	14	1020317928				357	Поле 250 не содержит кода подполя.
rsl03_z00.dat	001204973	1205003	1205002	1020317453	13	260	15	1020317955				357	Поле 260 не содержит кода подполя.
rsl03_z00.dat	001204973	1205003	1205002	1020317453	16	490	18	1020318059				357	Поле 490 не содержит кода подполя.
rsl03_z00.dat	001204973	1205003	1205002	1020317453	18	650	20	1020318483				357	Поле 650 не содержит кода подполя.
rsl03_z00.dat	001204973	1205003	1205002	1020317453	19	912	21	1020318565				357	Поле 912 не содержит кода подполя.
rsl03_z00.dat	001204973	1205003	1205002	1020317453	21	337	24	1020318666				357	Поле 337 не содержит кода подполя.
rsl03_z00.dat	001204974	1205004	1205003	1020318694	7	041	9	1020318961				358	Поле 041 не содержит кода подполя.
rsl03_z00.dat	001204974	1205004	1205003	1020318694	12	260	14	1020319142				358	Поле 260 не содержит кода подполя.
rsl03_z00.dat	001204974	1205004	1205003	1020318694	18	650	20	1020319889				358	Поле 650 не содержит кода подполя.
rsl03_z00.dat	001204974	1205004	1205003	1020318694	19	912	21	1020319928				358	Поле 912 не содержит кода подполя.
rsl03_z00.dat	001204975	1205005	1205004	1020320059	12	260	14	1020320578				359	Поле 260 не содержит кода подполя.
rsl03_z00.dat	001204975	1205005	1205004	1020320059	13	300	15	1020320615				359	Поле 300 не содержит кода подполя.
rsl03_z00.dat	001204975	1205005	1205004	1020320059	17	650	19	1020321817				359	Поле 650 не содержит кода подполя.
rsl03_z00.dat	001204975	1205005	1205004	1020320059	18	650	20	1020321905				359	Поле 650 не содержит кода подполя.
rsl03_z00.dat	001204975	1205005	1205004	1020320059	19	912	21	1020321970				359	Поле 912 не содержит кода подполя.
rsl03_z00.dat	001204975	1205005	1205004	1020320059	20	336	23	1020322041				359	Поле 336 не содержит кода подполя.
rsl03_z00.dat	001204976	1205006	1205005	1020322101	7	041	9	1020322368				360	Поле 041 не содержит кода подполя.
rsl03_z00.dat	001204976	1205006	1205005	1020322101	12	250	14	1020322560				360	Поле 250 не содержит кода подполя.
rsl03_z00.dat	001204976	1205006	1205005	1020322101	13	260	15	1020322586				360	Поле 260 не содержит кода подполя.
rsl03_z00.dat	001204976	1205006	1205005	1020322101	14	300	16	1020322629				360	Поле 300 не содержит кода подполя.
rsl03_z00.dat	001204976	1205006	1205005	1020322101	18	650	20	1020323761				360	Поле 650 не содержит кода подполя.
rsl03_z00.dat	001204976	1205006	1205005	1020322101	19	912	21	1020323792				360	Поле 912 не содержит кода подполя.
rsl03_z00.dat	001204977	1205007	1205006	1020323920	7	041	9	1020324187				361	Поле 041 не содержит кода подполя.
rsl03_z00.dat	001204977	1205007	1205006	1020323920	11	260	13	1020324366				361	Поле 260 не содержит кода подполя.
rsl03_z00.dat	001204977	1205007	1205006	1020323920	12	300	14	1020324400				361	Поле 300 не содержит кода подполя.
rsl03_z00.dat	001204977	1205007	1205006	1020323920	16	650	18	1020324965				361	Поле 650 не содержит кода подполя.
rsl03_z00.dat	001204977	1205007	1205006	1020323920	17	700	19	1020325026				361	Поле 700 не содержит кода подполя.
rsl03_z00.dat	001204977	1205007	1205006	1020323920	18	700	20	1020325054				361	Поле 700 не содержит кода подполя.
rsl03_z00.dat	001204977	1205007	1205006	1020323920	19	912	21	1020325087				361	Поле 912 не содержит кода подполя.
rsl03_z00.dat	001204977	1205007	1205006	1020323920	20	336	23	1020325159				361	Поле 336 не содержит кода подполя.
rsl03_z00.dat	001204978	1205008	1205007	1020325217	7	041	9	1020325484				362	Поле 041 не содержит кода подполя.
rsl03_z00.dat	001204978	1205008	1205007	1020325217	11	260	13	1020325695				362	Поле 260 не содержит кода подполя.
rsl03_z00.dat	001204978	1205008	1205007	1020325217	15	650	17	1020326244				362	Поле 650 не содержит кода подполя.
rsl03_z00.dat	001204978	1205008	1205007	1020325217	16	700	18	1020326287				362	Поле 700 не содержит кода подполя.
rsl03_z00.dat	001204978	1205008	1205007	1020325217	17	912	19	1020326332				362	Поле 912 не содержит кода подполя.
rsl03_z00.dat	001204978	1205008	1205007	1020325217	18	336	21	1020326404				362	Поле 336 не содержит кода подполя.
rsl03_z00.dat	001204978	1205008	1205007	1020325217	19	337	22	1020326433				362	Поле 337 не содержит кода подполя.
rsl03_z00.dat	001204979	1205009	1205008	1020326462	7	041	9	1020326729				363	Поле 041 не содержит кода подполя.
rsl03_z00.dat	001204979	1205009	1205008	1020326462	12	300	14	1020327016				363	Поле 300 не содержит кода подполя.
rsl03_z00.dat	001204979	1205009	1205008	1020326462	13	490	15	1020327052				363	Поле 490 не содержит кода подполя.
rsl03_z00.dat	001204979	1205009	1205008	1020326462	15	650	17	1020327470				363	Поле 650 не содержит кода подполя.
rsl03_z00.dat	001204979	1205009	1205008	1020326462	16	650	18	1020327515				363	Поле 650 не содержит кода подполя.
rsl03_z00.dat	001204979	1205009	1205008	1020326462	17	700	19	1020327573				363	Поле 700 не содержит кода подполя.
rsl03_z00.dat	001204979	1205009	1205008	1020326462	18	700	20	1020327613				363	Поле 700 не содержит кода подполя.
rsl03_z00.dat	001204979	1205009	1205008	1020326462	19	912	21	1020327646				363	Поле 912 не содержит кода подполя.
rsl03_z00.dat	001204979	1205009	1205008	1020326462	20	336	23	1020327718				363	Поле 336 не содержит кода подполя.
rsl03_z00.dat	001204979	1205009	1205008	1020326462	21	337	24	1020327748				363	Поле 337 не содержит кода подполя.
rsl03_z00.dat	001204980	1205010	1205009	1020327777	7	041	9	1020328045				364	Поле 041 не содержит кода подполя.
rsl03_z00.dat	001204980	1205010	1205009	1020327777	11	260	13	1020328203				364	Поле 260 не содержит кода подполя.
rsl03_z00.dat	001204980	1205010	1205009	1020327777	15	650	17	1020328580				364	Поле 650 не содержит кода подполя.
rsl03_z00.dat	001204980	1205010	1205009	1020327777	16	912	18	1020328641				364	Поле 912 не содержит кода подполя.
rsl03_z00.dat	001204980	1205010	1205009	1020327777	17	336	20	1020328713				364	Поле 336 не содержит кода подполя.
rsl03_z00.dat	001204981	1205011	1205010	1020328771	7	041	9	1020329037				365	Поле 041 не содержит кода подполя.
rsl03_z00.dat	001204981	1205011	1205010	1020328771	15	650	17	1020329897				365	Поле 650 не содержит кода подполя.
rsl03_z00.dat	001204981	1205011	1205010	1020328771	16	700	18	1020329930				365	Поле 700 не содержит кода подполя.
rsl03_z00.dat	001204981	1205011	1205010	1020328771	17	912	19	1020329974				365	Поле 912 не содержит кода подполя.
rsl03_z00.dat	001204981	1205011	1205010	1020328771	18	336	21	1020330045				365	Поле 336 не содержит кода подполя.
rsl03_z00.dat	001204981	1205011	1205010	1020328771	19	337	22	1020330074				365	Поле 337 не содержит кода подполя.
rsl03_z00.dat	001204982	1205012	1205011	1020330103	14	650	16	1020330768				366	Поле 650 не содержит кода подполя.
rsl03_z00.dat	001204982	1205012	1205011	1020330103	15	650	17	1020330816				366	Поле 650 не содержит кода подполя.
rsl03_z00.dat	001204982	1205012	1205011	1020330103	16	650	18	1020330861				366	Поле 650 не содержит кода подполя.
rsl03_z00.dat	001204982	1205012	1205011	1020330103	17	912	19	1020330918				366	Поле 912 не содержит кода подполя.
rsl03_z00.dat	001204982	1205012	1205011	1020330103	19	337	22	1020331021				366	Поле 337 не содержит кода подполя.
rsl03_z00.dat	001204983	1205013	1205012	1020331050	12	300	14	1020331473				367	Поле 300 не содержит кода подполя.
rsl03_z00.dat	001204983	1205013	1205012	1020331050	14	650	16	1020331870				367	Поле 650 не содержит кода подполя.
rsl03_z00.dat	001204983	1205013	1205012	1020331050	15	912	17	1020331930				367	Поле 912 не содержит кода подполя.
rsl03_z00.dat	001204983	1205013	1205012	1020331050	16	336	19	1020332002				367	Поле 336 не содержит кода подполя.
rsl03_z00.dat	001204984	1205014	1205013	1020332062	14	650	16	1020332646				368	Поле 650 не содержит кода подполя.
rsl03_z00.dat	001204984	1205014	1205013	1020332062	15	912	17	1020332681				368	Поле 912 не содержит кода подполя.
rsl03_z00.dat	001204984	1205014	1205013	1020332062	16	336	19	1020332752				368	Поле 336 не содержит кода подполя.
rsl03_z00.dat	001204985	1205015	1205014	1020332809	10	260	12	1020333265				369	Поле 260 не содержит кода подполя.
rsl03_z00.dat	001204985	1205015	1205014	1020332809	11	300	13	1020333309				369	Поле 300 не содержит кода подполя.
rsl03_z00.dat	001204985	1205015	1205014	1020332809	14	650	16	1020333919				369	Поле 650 не содержит кода подполя.
rsl03_z00.dat	001204985	1205015	1205014	1020332809	15	700	17	1020333962				369	Поле 700 не содержит кода подполя.
rsl03_z00.dat	001204985	1205015	1205014	1020332809	16	710	18	1020334004				369	Поле 710 не содержит кода подполя.
rsl03_z00.dat	001204985	1205015	1205014	1020332809	17	912	19	1020334064				369	Поле 912 не содержит кода подполя.
rsl03_z00.dat	001204985	1205015	1205014	1020332809	18	336	21	1020334136				369	Поле 336 не содержит кода подполя.
rsl03_z00.dat	001204986	1205016	1205015	1020334192	7	041	9	1020334459				370	Поле 041 не содержит кода подполя.
rsl03_z00.dat	001204986	1205016	1205015	1020334192	10	260	12	1020334643				370	Поле 260 не содержит кода подполя.
rsl03_z00.dat	001204986	1205016	1205015	1020334192	14	700	16	1020335503				370	Поле 700 не содержит кода подполя.
rsl03_z00.dat	001204986	1205016	1205015	1020334192	15	912	17	1020335550				370	Поле 912 не содержит кода подполя.
rsl03_z00.dat	001204986	1205016	1205015	1020334192	16	336	19	1020335622				370	Поле 336 не содержит кода подполя.
rsl03_z00.dat	001204986	1205016	1205015	1020334192	17	337	20	1020335652				370	Поле 337 не содержит кода подполя.
rsl03_z00.dat	001204987	1205017	1205016	1020335681	7	041	9	1020335948				371	Поле 041 не содержит кода подполя.
rsl03_z00.dat	001204987	1205017	1205016	1020335681	12	300	14	1020336150				371	Поле 300 не содержит кода подполя.
rsl03_z00.dat	001204987	1205017	1205016	1020335681	13	490	15	1020336189				371	Поле 490 не содержит кода подполя.
rsl03_z00.dat	001204987	1205017	1205016	1020335681	16	650	18	1020336808				371	Поле 650 не содержит кода подполя.
rsl03_z00.dat	001204987	1205017	1205016	1020335681	17	650	19	1020336882				371	Поле 650 не содержит кода подполя.
rsl03_z00.dat	001204987	1205017	1205016	1020335681	18	912	20	1020336973				371	Поле 912 не содержит кода подполя.
rsl03_z00.dat	001204988	1205018	1205017	1020337104	7	041	9	1020337371				372	Поле 041 не содержит кода подполя.
rsl03_z00.dat	001204988	1205018	1205017	1020337104	11	260	13	1020337633				372	Поле 260 не содержит кода подполя.
rsl03_z00.dat	001204988	1205018	1205017	1020337104	13	490	15	1020337710				372	Поле 490 не содержит кода подполя.
rsl03_z00.dat	001204988	1205018	1205017	1020337104	15	650	17	1020338248				372	Поле 650 не содержит кода подполя.
rsl03_z00.dat	001204988	1205018	1205017	1020337104	16	700	18	1020338288				372	Поле 700 не содержит кода подполя.
rsl03_z00.dat	001204988	1205018	1205017	1020337104	17	700	19	1020338334				372	Поле 700 не содержит кода подполя.
rsl03_z00.dat	001204988	1205018	1205017	1020337104	18	700	20	1020338377				372	Поле 700 не содержит кода подполя.
rsl03_z00.dat	001204988	1205018	1205017	1020337104	19	912	21	1020338422				372	Поле 912 не содержит кода подполя.
rsl03_z00.dat	001204988	1205018	1205017	1020337104	20	336	23	1020338494				372	Поле 336 не содержит кода подполя.
rsl03_z00.dat	001204988	1205018	1205017	1020337104	21	337	24	1020338524				372	Поле 337 не содержит кода подполя.
rsl03_z00.dat	001204989	1205019	1205018	1020338553	7	041	9	1020338820				373	Поле 041 не содержит кода подполя.
rsl03_z00.dat	001204989	1205019	1205018	1020338553	12	260	14	1020339013				373	Поле 260 не содержит кода подполя.
rsl03_z00.dat	001204989	1205019	1205018	1020338553	14	490	16	1020339090				373	Поле 490 не содержит кода подполя.
rsl03_z00.dat	001204989	1205019	1205018	1020338553	18	650	20	1020339565				373	Поле 650 не содержит кода подполя.
rsl03_z00.dat	001204989	1205019	1205018	1020338553	19	912	21	1020339654				373	Поле 912 не содержит кода подполя.
rsl03_z00.dat	001204990	1205020	1205019	1020339784	7	041	9	1020340051				374	Поле 041 не содержит кода подполя.
rsl03_z00.dat	001204990	1205020	1205019	1020339784	12	260	14	1020340231				374	Поле 260 не содержит кода подполя.
rsl03_z00.dat	001204990	1205020	1205019	1020339784	16	490	18	1020340373				374	Поле 490 не содержит кода подполя.
rsl03_z00.dat	001204990	1205020	1205019	1020339784	18	650	20	1020340781				374	Поле 650 не содержит кода подполя.
rsl03_z00.dat	001204990	1205020	1205019	1020339784	19	912	21	1020340820				374	Поле 912 не содержит кода подполя.
rsl03_z00.dat	001204990	1205020	1205019	1020339784	20	336	23	1020340892				374	Поле 336 не содержит кода подполя.
rsl03_z00.dat	001204991	1205021	1205020	1020340953	7	041	9	1020341220				375	Поле 041 не содержит кода подполя.
rsl03_z00.dat	001204991	1205021	1205020	1020340953	12	260	14	1020341447				375	Поле 260 не содержит кода подполя.
rsl03_z00.dat	001204991	1205021	1205020	1020340953	13	300	15	1020341478				375	Поле 300 не содержит кода подполя.
rsl03_z00.dat	001204991	1205021	1205020	1020340953	17	650	19	1020342145				375	Поле 650 не содержит кода подполя.
rsl03_z00.dat	001204991	1205021	1205020	1020340953	18	650	20	1020342218				375	Поле 650 не содержит кода подполя.
rsl03_z00.dat	001204991	1205021	1205020	1020340953	19	700	21	1020342300				375	Поле 700 не содержит кода подполя.
rsl03_z00.dat	001204991	1205021	1205020	1020340953	20	912	22	1020342343				375	Поле 912 не содержит кода подполя.
rsl03_z00.dat	001204991	1205021	1205020	1020340953	21	336	24	1020342414				375	Поле 336 не содержит кода подполя.
rsl03_z00.dat	001204991	1205021	1205020	1020340953	22	337	25	1020342444				375	Поле 337 не содержит кода подполя.
rsl03_z00.dat	001204992	1205022	1205021	1020342473	7	041	9	1020342740				376	Поле 041 не содержит кода подполя.
rsl03_z00.dat	001204992	1205022	1205021	1020342473	12	260	14	1020342909				376	Поле 260 не содержит кода подполя.
rsl03_z00.dat	001204992	1205022	1205021	1020342473	16	490	18	1020343052				376	Поле 490 не содержит кода подполя.
rsl03_z00.dat	001204992	1205022	1205021	1020342473	19	650	21	1020343294				376	Поле 650 не содержит кода подполя.
rsl03_z00.dat	001204992	1205022	1205021	1020342473	20	912	22	1020343374				376	Поле 912 не содержит кода подполя.
rsl03_z00.dat	001204993	1205023	1205022	1020343505	7	041	9	1020343772				377	Поле 041 не содержит кода подполя.
rsl03_z00.dat	001204993	1205023	1205022	1020343505	12	260	14	1020343952				377	Поле 260 не содержит кода подполя.
rsl03_z00.dat	001204993	1205023	1205022	1020343505	16	490	18	1020344087				377	Поле 490 не содержит кода подполя.
rsl03_z00.dat	001204993	1205023	1205022	1020343505	18	650	20	1020344497				377	Поле 650 не содержит кода подполя.
rsl03_z00.dat	001204993	1205023	1205022	1020343505	19	912	21	1020344536				377	Поле 912 не содержит кода подполя.
rsl03_z00.dat	001204994	1205024	1205023	1020344666	7	041	9	1020344933				378	Поле 041 не содержит кода подполя.
rsl03_z00.dat	001204994	1205024	1205023	1020344666	12	260	14	1020345179				378	Поле 260 не содержит кода подполя.
rsl03_z00.dat	001204994	1205024	1205023	1020344666	13	300	15	1020345220				378	Поле 300 не содержит кода подполя.
rsl03_z00.dat	001204994	1205024	1205023	1020344666	15	490	17	1020345266				378	Поле 490 не содержит кода подполя.
rsl03_z00.dat	001204994	1205024	1205023	1020344666	17	650	19	1020345576				378	Поле 650 не содержит кода подполя.
rsl03_z00.dat	001204994	1205024	1205023	1020344666	18	912	20	1020345653				378	Поле 912 не содержит кода подполя.
rsl03_z00.dat	001204994	1205024	1205023	1020344666	19	336	22	1020345724				378	Поле 336 не содержит кода подполя.
rsl03_z00.dat	001204994	1205024	1205023	1020344666	20	337	23	1020345754				378	Поле 337 не содержит кода подполя.
rsl03_z00.dat	001204995	1205025	1205024	1020345783	7	041	9	1020346050				379	Поле 041 не содержит кода подполя.
rsl03_z00.dat	001204995	1205025	1205024	1020345783	11	260	13	1020346269				379	Поле 260 не содержит кода подполя.
rsl03_z00.dat	001204995	1205025	1205024	1020345783	12	300	14	1020346314				379	Поле 300 не содержит кода подполя.
rsl03_z00.dat	001204995	1205025	1205024	1020345783	16	700	18	1020346997				379	Поле 700 не содержит кода подполя.
rsl03_z00.dat	001204995	1205025	1205024	1020345783	17	912	19	1020347037				379	Поле 912 не содержит кода подполя.
rsl03_z00.dat	001204995	1205025	1205024	1020345783	18	336	21	1020347108				379	Поле 336 не содержит кода подполя.
rsl03_z00.dat	001204995	1205025	1205024	1020345783	19	337	22	1020347138				379	Поле 337 не содержит кода подполя.
rsl03_z00.dat	001204996	1205026	1205025	1020347167	7	041	9	1020347434				380	Поле 041 не содержит кода подполя.
rsl03_z00.dat	001204996	1205026	1205025	1020347167	12	300	14	1020347720				380	Поле 300 не содержит кода подполя.
rsl03_z00.dat	001204996	1205026	1205025	1020347167	13	490	15	1020347756				380	Поле 490 не содержит кода подполя.
rsl03_z00.dat	001204996	1205026	1205025	1020347167	15	650	17	1020348176				380	Поле 650 не содержит кода подполя.
rsl03_z00.dat	001204996	1205026	1205025	1020347167	16	650	18	1020348218				380	Поле 650 не содержит кода подполя.
rsl03_z00.dat	001204996	1205026	1205025	1020347167	17	650	19	1020348282				380	Поле 650 не содержит кода подполя.
rsl03_z00.dat	001204996	1205026	1205025	1020347167	18	700	20	1020348340				380	Поле 700 не содержит кода подполя.
rsl03_z00.dat	001204996	1205026	1205025	1020347167	19	700	21	1020348380				380	Поле 700 не содержит кода подполя.
rsl03_z00.dat	001204996	1205026	1205025	1020347167	20	912	22	1020348413				380	Поле 912 не содержит кода подполя.
rsl03_z00.dat	001204996	1205026	1205025	1020347167	21	336	24	1020348485				380	Поле 336 не содержит кода подполя.
rsl03_z00.dat	001204996	1205026	1205025	1020347167	22	337	25	1020348515				380	Поле 337 не содержит кода подполя.
rsl03_z00.dat	001204997	1205027	1205026	1020348544	7	041	9	1020348811				381	Поле 041 не содержит кода подполя.
rsl03_z00.dat	001204997	1205027	1205026	1020348544	11	260	13	1020349039				381	Поле 260 не содержит кода подполя.
rsl03_z00.dat	001204997	1205027	1205026	1020348544	12	300	14	1020349083				381	Поле 300 не содержит кода подполя.
rsl03_z00.dat	001204997	1205027	1205026	1020348544	13	490	15	1020349119				381	Поле 490 не содержит кода подполя.
rsl03_z00.dat	001204997	1205027	1205026	1020348544	15	650	17	1020349376				381	Поле 650 не содержит кода подполя.
rsl03_z00.dat	001204997	1205027	1205026	1020348544	16	650	18	1020349418				381	Поле 650 не содержит кода подполя.
rsl03_z00.dat	001204997	1205027	1205026	1020348544	17	700	19	1020349476				381	Поле 700 не содержит кода подполя.
rsl03_z00.dat	001204997	1205027	1205026	1020348544	18	700	20	1020349516				381	Поле 700 не содержит кода подполя.
rsl03_z00.dat	001204997	1205027	1205026	1020348544	19	912	21	1020349549				381	Поле 912 не содержит кода подполя.
rsl03_z00.dat	001204997	1205027	1205026	1020348544	20	336	23	1020349621				381	Поле 336 не содержит кода подполя.
rsl03_z00.dat	001204997	1205027	1205026	1020348544	21	337	24	1020349651				381	Поле 337 не содержит кода подполя.
rsl03_z00.dat	001204998	1205028	1205027	1020349680	7	041	9	1020349947				382	Поле 041 не содержит кода подполя.
rsl03_z00.dat	001204998	1205028	1205027	1020349680	12	300	14	1020350202				382	Поле 300 не содержит кода подполя.
rsl03_z00.dat	001204998	1205028	1205027	1020349680	16	700	18	1020350893				382	Поле 700 не содержит кода подполя.
rsl03_z00.dat	001204998	1205028	1205027	1020349680	17	700	19	1020350931				382	Поле 700 не содержит кода подполя.
rsl03_z00.dat	001204998	1205028	1205027	1020349680	18	912	20	1020350966				382	Поле 912 не содержит кода подполя.
rsl03_z00.dat	001204998	1205028	1205027	1020349680	19	336	22	1020351038				382	Поле 336 не содержит кода подполя.
rsl03_z00.dat	001204998	1205028	1205027	1020349680	20	337	23	1020351068				382	Поле 337 не содержит кода подполя.
rsl03_z00.dat	001204999	1205029	1205028	1020351097	7	041	9	1020351364				383	Поле 041 не содержит кода подполя.
rsl03_z00.dat	001204999	1205029	1205028	1020351097	12	300	14	1020351644				383	Поле 300 не содержит кода подполя.
rsl03_z00.dat	001204999	1205029	1205028	1020351097	13	490	15	1020351680				383	Поле 490 не содержит кода подполя.
rsl03_z00.dat	001204999	1205029	1205028	1020351097	15	650	17	1020351963				383	Поле 650 не содержит кода подполя.
rsl03_z00.dat	001204999	1205029	1205028	1020351097	16	650	18	1020352008				383	Поле 650 не содержит кода подполя.
rsl03_z00.dat	001204999	1205029	1205028	1020351097	17	700	19	1020352066				383	Поле 700 не содержит кода подполя.
rsl03_z00.dat	001204999	1205029	1205028	1020351097	18	700	20	1020352106				383	Поле 700 не содержит кода подполя.
rsl03_z00.dat	001204999	1205029	1205028	1020351097	19	912	21	1020352139				383	Поле 912 не содержит кода подполя.
rsl03_z00.dat	001204999	1205029	1205028	1020351097	20	336	23	1020352211				383	Поле 336 не содержит кода подполя.
rsl03_z00.dat	001204999	1205029	1205028	1020351097	21	337	24	1020352241				383	Поле 337 не содержит кода подполя.
rsl03_z00.dat	001205000	1205030	1205029	1020352270	7	041	9	1020352537				384	Поле 041 не содержит кода подполя.
rsl03_z00.dat	001205000	1205030	1205029	1020352270	14	490	16	1020352807				384	Поле 490 не содержит кода подполя.
rsl03_z00.dat	001205000	1205030	1205029	1020352270	16	650	18	1020353830				384	Поле 650 не содержит кода подполя.
rsl03_z00.dat	001205000	1205030	1205029	1020352270	17	650	19	1020353886				384	Поле 650 не содержит кода подполя.
rsl03_z00.dat	001205000	1205030	1205029	1020352270	18	912	20	1020353944				384	Поле 912 не содержит кода подполя.
rsl03_z00.dat	001205000	1205030	1205029	1020352270	19	336	22	1020354015				384	Поле 336 не содержит кода подполя.
rsl03_z00.dat	001205001	1205031	1205030	1020354075	7	041	9	1020354342				385	Поле 041 не содержит кода подполя.
rsl03_z00.dat	001205001	1205031	1205030	1020354075	12	300	14	1020354633				385	Поле 300 не содержит кода подполя.
rsl03_z00.dat	001205001	1205031	1205030	1020354075	16	650	18	1020355257				385	Поле 650 не содержит кода подполя.
rsl03_z00.dat	001205001	1205031	1205030	1020354075	17	700	19	1020355296				385	Поле 700 не содержит кода подполя.
rsl03_z00.dat	001205001	1205031	1205030	1020354075	18	700	20	1020355342				385	Поле 700 не содержит кода подполя.
rsl03_z00.dat	001205001	1205031	1205030	1020354075	19	700	21	1020355387				385	Поле 700 не содержит кода подполя.
rsl03_z00.dat	001205001	1205031	1205030	1020354075	20	912	22	1020355431				385	Поле 912 не содержит кода подполя.
rsl03_z00.dat	001205001	1205031	1205030	1020354075	21	336	24	1020355503				385	Поле 336 не содержит кода подполя.
rsl03_z00.dat	001205001	1205031	1205030	1020354075	22	337	25	1020355533				385	Поле 337 не содержит кода подполя.
rsl03_z00.dat	001205002	1205032	1205031	1020355562	7	041	9	1020355829				386	Поле 041 не содержит кода подполя.
rsl03_z00.dat	001205002	1205032	1205031	1020355562	11	250	13	1020355993				386	Поле 250 не содержит кода подполя.
rsl03_z00.dat	001205002	1205032	1205031	1020355562	12	260	14	1020356012				386	Поле 260 не содержит кода подполя.
rsl03_z00.dat	001205002	1205032	1205031	1020355562	13	300	15	1020356047				386	Поле 300 не содержит кода подполя.
rsl03_z00.dat	001205002	1205032	1205031	1020355562	15	555	17	1020356359				386	Поле 555 не содержит кода подполя.
rsl03_z00.dat	001205002	1205032	1205031	1020355562	16	650	18	1020356401				386	Поле 650 не содержит кода подполя.
rsl03_z00.dat	001205002	1205032	1205031	1020355562	17	650	19	1020356450				386	Поле 650 не содержит кода подполя.
rsl03_z00.dat	001205002	1205032	1205031	1020355562	18	700	20	1020356487				386	Поле 700 не содержит кода подполя.
rsl03_z00.dat	001205002	1205032	1205031	1020355562	19	912	21	1020356522				386	Поле 912 не содержит кода подполя.
rsl03_z00.dat	001205003	1205033	1205032	1020356650	11	260	13	1020357135				387	Поле 260 не содержит кода подполя.
rsl03_z00.dat	001205003	1205033	1205032	1020356650	12	300	14	1020357171				387	Поле 300 не содержит кода подполя.
rsl03_z00.dat	001205003	1205033	1205032	1020356650	15	546	17	1020357984				387	Поле 546 не содержит кода подполя.
rsl03_z00.dat	001205003	1205033	1205032	1020356650	16	650	18	1020358006				387	Поле 650 не содержит кода подполя.
rsl03_z00.dat	001205003	1205033	1205032	1020356650	17	912	19	1020358085				387	Поле 912 не содержит кода подполя.
rsl03_z00.dat	001205003	1205033	1205032	1020356650	19	337	22	1020358188				387	Поле 337 не содержит кода подполя.
rsl03_z00.dat	001205004	1205034	1205033	1020358217	7	041	9	1020358484				388	Поле 041 не содержит кода подполя.
rsl03_z00.dat	001205004	1205034	1205033	1020358217	10	260	12	1020358626				388	Поле 260 не содержит кода подполя.
rsl03_z00.dat	001205004	1205034	1205033	1020358217	11	300	13	1020358661				388	Поле 300 не содержит кода подполя.
rsl03_z00.dat	001205004	1205034	1205033	1020358217	14	650	16	1020359207				388	Поле 650 не содержит кода подполя.
rsl03_z00.dat	001205004	1205034	1205033	1020358217	15	650	17	1020359279				388	Поле 650 не содержит кода подполя.
rsl03_z00.dat	001205004	1205034	1205033	1020358217	16	912	18	1020359355				388	Поле 912 не содержит кода подполя.
rsl03_z00.dat	001205005	1205035	1205034	1020359486	7	041	9	1020359753				389	Поле 041 не содержит кода подполя.
rsl03_z00.dat	001205005	1205035	1205034	1020359486	11	250	13	1020359925				389	Поле 250 не содержит кода подполя.
rsl03_z00.dat	001205005	1205035	1205034	1020359486	12	260	14	1020359947				389	Поле 260 не содержит кода подполя.
rsl03_z00.dat	001205005	1205035	1205034	1020359486	13	300	15	1020359982				389	Поле 300 не содержит кода подполя.
rsl03_z00.dat	001205005	1205035	1205034	1020359486	15	580	17	1020360552				389	Поле 580 не содержит кода подполя.
rsl03_z00.dat	001205005	1205035	1205034	1020359486	16	650	18	1020360591				389	Поле 650 не содержит кода подполя.
rsl03_z00.dat	001205005	1205035	1205034	1020359486	17	700	19	1020360652				389	Поле 700 не содержит кода подполя.
rsl03_z00.dat	001205005	1205035	1205034	1020359486	18	912	20	1020360687				389	Поле 912 не содержит кода подполя.
rsl03_z00.dat	001205006	1205036	1205035	1020360816	7	041	9	1020361082				390	Поле 041 не содержит кода подполя.
rsl03_z00.dat	001205006	1205036	1205035	1020360816	10	260	12	1020361406				390	Поле 260 не содержит кода подполя.
rsl03_z00.dat	001205006	1205036	1205035	1020360816	11	300	13	1020361443				390	Поле 300 не содержит кода подполя.
rsl03_z00.dat	001205006	1205036	1205035	1020360816	12	490	14	1020361474				390	Поле 490 не содержит кода подполя.
rsl03_z00.dat	001205006	1205036	1205035	1020360816	13	504	15	1020361506				390	Поле 504 не содержит кода подполя.
rsl03_z00.dat	001205006	1205036	1205035	1020360816	15	650	17	1020362514				390	Поле 650 не содержит кода подполя.
rsl03_z00.dat	001205006	1205036	1205035	1020360816	16	650	18	1020362557				390	Поле 650 не содержит кода подполя.
rsl03_z00.dat	001205006	1205036	1205035	1020360816	17	650	19	1020362601				390	Поле 650 не содержит кода подполя.
rsl03_z00.dat	001205006	1205036	1205035	1020360816	18	650	20	1020362660				390	Поле 650 не содержит кода подполя.
rsl03_z00.dat	001205006	1205036	1205035	1020360816	19	700	21	1020362712				390	Поле 700 не содержит кода подполя.
rsl03_z00.dat	001205006	1205036	1205035	1020360816	20	710	22	1020362757				390	Поле 710 не содержит кода подполя.
rsl03_z00.dat	001205006	1205036	1205035	1020360816	21	912	23	1020362839				390	Поле 912 не содержит кода подполя.
rsl03_z00.dat	001205006	1205036	1205035	1020360816	22	336	25	1020362911				390	Поле 336 не содержит кода подполя.
rsl03_z00.dat	001205006	1205036	1205035	1020360816	23	337	26	1020362940				390	Поле 337 не содержит кода подполя.
rsl03_z00.dat	001205007	1205037	1205036	1020362969	7	041	9	1020363237				391	Поле 041 не содержит кода подполя.
rsl03_z00.dat	001205007	1205037	1205036	1020362969	12	300	14	1020363485				391	Поле 300 не содержит кода подполя.
rsl03_z00.dat	001205007	1205037	1205036	1020362969	15	650	17	1020364227				391	Поле 650 не содержит кода подполя.
rsl03_z00.dat	001205007	1205037	1205036	1020362969	16	700	18	1020364303				391	Поле 700 не содержит кода подполя.
rsl03_z00.dat	001205007	1205037	1205036	1020362969	17	912	19	1020364338				391	Поле 912 не содержит кода подполя.
rsl03_z00.dat	001205007	1205037	1205036	1020362969	18	336	21	1020364410				391	Поле 336 не содержит кода подполя.
rsl03_z00.dat	001205007	1205037	1205036	1020362969	19	337	22	1020364439				391	Поле 337 не содержит кода подполя.
rsl03_z00.dat	001205008	1205038	1205037	1020364468	7	041	9	1020364735				392	Поле 041 не содержит кода подполя.
rsl03_z00.dat	001205008	1205038	1205037	1020364468	11	260	13	1020364909				392	Поле 260 не содержит кода подполя.
rsl03_z00.dat	001205008	1205038	1205037	1020364468	14	504	16	1020365049				392	Поле 504 не содержит кода подполя.
rsl03_z00.dat	001205008	1205038	1205037	1020364468	16	650	18	1020365735				392	Поле 650 не содержит кода подполя.
rsl03_z00.dat	001205008	1205038	1205037	1020364468	17	650	19	1020365814				392	Поле 650 не содержит кода подполя.
rsl03_z00.dat	001205008	1205038	1205037	1020364468	18	650	20	1020365911				392	Поле 650 не содержит кода подполя.
rsl03_z00.dat	001205008	1205038	1205037	1020364468	19	912	21	1020366016				392	Поле 912 не содержит кода подполя.
rsl03_z00.dat	001205008	1205038	1205037	1020364468	20	336	23	1020366088				392	Поле 336 не содержит кода подполя.
rsl03_z00.dat	001205009	1205039	1205038	1020366147	14	650	16	1020366834				393	Поле 650 не содержит кода подполя.
rsl03_z00.dat	001205009	1205039	1205038	1020366147	15	650	17	1020366895				393	Поле 650 не содержит кода подполя.
rsl03_z00.dat	001205009	1205039	1205038	1020366147	16	650	18	1020366951				393	Поле 650 не содержит кода подполя.
rsl03_z00.dat	001205009	1205039	1205038	1020366147	17	912	19	1020367008				393	Поле 912 не содержит кода подполя.
rsl03_z00.dat	001205009	1205039	1205038	1020366147	18	336	21	1020367079				393	Поле 336 не содержит кода подполя.
rsl03_z00.dat	001205010	1205040	1205039	1020367137	7	041	9	1020367403				394	Поле 041 не содержит кода подполя.
rsl03_z00.dat	001205010	1205040	1205039	1020367137	10	245	12	1020367478				394	Поле 245 не содержит кода подполя.
rsl03_z00.dat	001205010	1205040	1205039	1020367137	14	650	16	1020368098				394	Поле 650 не содержит кода подполя.
rsl03_z00.dat	001205010	1205040	1205039	1020367137	15	650	17	1020368128				394	Поле 650 не содержит кода подполя.
rsl03_z00.dat	001205010	1205040	1205039	1020367137	16	650	18	1020368162				394	Поле 650 не содержит кода подполя.
rsl03_z00.dat	001205010	1205040	1205039	1020367137	17	912	19	1020368203				394	Поле 912 не содержит кода подполя.
rsl03_z00.dat	001205011	1205041	1205040	1020368335	7	041	9	1020368602				395	Поле 041 не содержит кода подполя.
rsl03_z00.dat	001205011	1205041	1205040	1020368335	12	300	14	1020368817				395	Поле 300 не содержит кода подполя.
rsl03_z00.dat	001205011	1205041	1205040	1020368335	16	650	18	1020369639				395	Поле 650 не содержит кода подполя.
rsl03_z00.dat	001205011	1205041	1205040	1020368335	17	912	19	1020369670				395	Поле 912 не содержит кода подполя.
rsl03_z00.dat	001205011	1205041	1205040	1020368335	19	337	22	1020369773				395	Поле 337 не содержит кода подполя.
rsl03_z00.dat	001205012	1205042	1205041	1020369802	7	041	9	1020370069				396	Поле 041 не содержит кода подполя.
rsl03_z00.dat	001205012	1205042	1205041	1020369802	10	260	12	1020370241				396	Поле 260 не содержит кода подполя.
rsl03_z00.dat	001205012	1205042	1205041	1020369802	14	650	16	1020370839				396	Поле 650 не содержит кода подполя.
rsl03_z00.dat	001205012	1205042	1205041	1020369802	15	650	17	1020370910				396	Поле 650 не содержит кода подполя.
rsl03_z00.dat	001205012	1205042	1205041	1020369802	16	700	18	1020370986				396	Поле 700 не содержит кода подполя.
rsl03_z00.dat	001205012	1205042	1205041	1020369802	17	912	19	1020371027				396	Поле 912 не содержит кода подполя.
rsl03_z00.dat	001205012	1205042	1205041	1020369802	18	336	21	1020371099				396	Поле 336 не содержит кода подполя.
rsl03_z00.dat	001205012	1205042	1205041	1020369802	19	337	22	1020371129				396	Поле 337 не содержит кода подполя.
rsl03_z00.dat	001205013	1205043	1205042	1020371157	7	041	9	1020371424				397	Поле 041 не содержит кода подполя.
rsl03_z00.dat	001205013	1205043	1205042	1020371157	12	300	14	1020371649				397	Поле 300 не содержит кода подполя.
rsl03_z00.dat	001205013	1205043	1205042	1020371157	15	650	17	1020371875				397	Поле 650 не содержит кода подполя.
rsl03_z00.dat	001205013	1205043	1205042	1020371157	16	700	18	1020371937				397	Поле 700 не содержит кода подполя.
rsl03_z00.dat	001205013	1205043	1205042	1020371157	17	912	19	1020371981				397	Поле 912 не содержит кода подполя.
rsl03_z00.dat	001205013	1205043	1205042	1020371157	18	336	21	1020372053				397	Поле 336 не содержит кода подполя.
rsl03_z00.dat	001205014	1205044	1205043	1020372111	7	041	9	1020372378				398	Поле 041 не содержит кода подполя.
rsl03_z00.dat	001205014	1205044	1205043	1020372111	12	260	14	1020372569				398	Поле 260 не содержит кода подполя.
rsl03_z00.dat	001205014	1205044	1205043	1020372111	17	650	19	1020373059				398	Поле 650 не содержит кода подполя.
rsl03_z00.dat	001205014	1205044	1205043	1020372111	18	700	20	1020373131				398	Поле 700 не содержит кода подполя.
rsl03_z00.dat	001205014	1205044	1205043	1020372111	19	912	21	1020373174				398	Поле 912 не содержит кода подполя.
rsl03_z00.dat	001205014	1205044	1205043	1020372111	20	336	23	1020373246				398	Поле 336 не содержит кода подполя.
rsl03_z00.dat	001205015	1205045	1205044	1020373304	7	041	9	1020373571				399	Поле 041 не содержит кода подполя.
rsl03_z00.dat	001205015	1205045	1205044	1020373304	12	260	14	1020373764				399	Поле 260 не содержит кода подполя.
rsl03_z00.dat	001205015	1205045	1205044	1020373304	14	490	16	1020373841				399	Поле 490 не содержит кода подполя.
rsl03_z00.dat	001205015	1205045	1205044	1020373304	18	650	20	1020374318				399	Поле 650 не содержит кода подполя.
rsl03_z00.dat	001205015	1205045	1205044	1020373304	19	912	21	1020374407				399	Поле 912 не содержит кода подполя.
rsl03_z00.dat	001205016	1205046	1205045	1020374538	12	250	14	1020375069				400	Поле 250 не содержит кода подполя.
rsl03_z00.dat	001205016	1205046	1205045	1020374538	14	300	16	1020375170				400	Поле 300 не содержит кода подполя.
rsl03_z00.dat	001205016	1205046	1205045	1020374538	20	336	23	1020375513				400	Поле 336 не содержит кода подполя.
rsl03_z00.dat	001205017	1205047	1205046	1020375571	7	041	9	1020375839				401	Поле 041 не содержит кода подполя.
rsl03_z00.dat	001205017	1205047	1205046	1020375571	10	245	12	1020375918				401	Поле 245 не содержит кода подполя.
rsl03_z00.dat	001205017	1205047	1205046	1020375571	14	650	16	1020376378				401	Поле 650 не содержит кода подполя.
rsl03_z00.dat	001205017	1205047	1205046	1020375571	15	700	17	1020376460				401	Поле 700 не содержит кода подполя.
rsl03_z00.dat	001205017	1205047	1205046	1020375571	16	773	18	1020376505				401	Поле 773 не содержит кода подполя.
rsl03_z00.dat	001205017	1205047	1205046	1020375571	17	912	19	1020376571				401	Поле 912 не содержит кода подполя.
rsl03_z00.dat	001205017	1205047	1205046	1020375571	19	337	22	1020376672				401	Поле 337 не содержит кода подполя.
rsl03_z00.dat	001205018	1205048	1205047	1020376700	7	041	9	1020376967				402	Поле 041 не содержит кода подполя.
rsl03_z00.dat	001205018	1205048	1205047	1020376700	12	260	14	1020377220				402	Поле 260 не содержит кода подполя.
rsl03_z00.dat	001205018	1205048	1205047	1020376700	13	300	15	1020377261				402	Поле 300 не содержит кода подполя.
rsl03_z00.dat	001205018	1205048	1205047	1020376700	17	650	19	1020377973				402	Поле 650 не содержит кода подполя.
rsl03_z00.dat	001205018	1205048	1205047	1020376700	18	912	20	1020378054				402	Поле 912 не содержит кода подполя.
rsl03_z00.dat	001205018	1205048	1205047	1020376700	19	336	22	1020378126				402	Поле 336 не содержит кода подполя.
rsl03_z00.dat	001205018	1205048	1205047	1020376700	20	337	23	1020378156				402	Поле 337 не содержит кода подполя.
rsl03_z00.dat	001205019	1205049	1205048	1020378185	7	041	9	1020378452				403	Поле 041 не содержит кода подполя.
rsl03_z00.dat	001205019	1205049	1205048	1020378185	12	260	14	1020378724				403	Поле 260 не содержит кода подполя.
rsl03_z00.dat	001205019	1205049	1205048	1020378185	13	300	15	1020378765				403	Поле 300 не содержит кода подполя.
rsl03_z00.dat	001205019	1205049	1205048	1020378185	14	490	16	1020378795				403	Поле 490 не содержит кода подполя.
rsl03_z00.dat	001205019	1205049	1205048	1020378185	16	650	18	1020379400				403	Поле 650 не содержит кода подполя.
rsl03_z00.dat	001205019	1205049	1205048	1020378185	17	700	19	1020379461				403	Поле 700 не содержит кода подполя.
rsl03_z00.dat	001205019	1205049	1205048	1020378185	18	700	20	1020379504				403	Поле 700 не содержит кода подполя.
rsl03_z00.dat	001205019	1205049	1205048	1020378185	19	912	21	1020379554				403	Поле 912 не содержит кода подполя.
rsl03_z00.dat	001205019	1205049	1205048	1020378185	21	337	24	1020379657				403	Поле 337 не содержит кода подполя.
rsl03_z00.dat	001205020	1205050	1205049	1020379686	7	041	9	1020379953				404	Поле 041 не содержит кода подполя.
rsl03_z00.dat	001205020	1205050	1205049	1020379686	12	260	14	1020380146				404	Поле 260 не содержит кода подполя.
rsl03_z00.dat	001205020	1205050	1205049	1020379686	14	490	16	1020380218				404	Поле 490 не содержит кода подполя.
rsl03_z00.dat	001205020	1205050	1205049	1020379686	18	650	20	1020380663				404	Поле 650 не содержит кода подполя.
rsl03_z00.dat	001205020	1205050	1205049	1020379686	19	912	21	1020380752				404	Поле 912 не содержит кода подполя.
rsl03_z00.dat	001205020	1205050	1205049	1020379686	20	336	23	1020380824				404	Поле 336 не содержит кода подполя.
rsl03_z00.dat	001205021	1205051	1205050	1020380885	7	041	9	1020381152				405	Поле 041 не содержит кода подполя.
rsl03_z00.dat	001205021	1205051	1205050	1020380885	12	260	14	1020381355				405	Поле 260 не содержит кода подполя.
rsl03_z00.dat	001205021	1205051	1205050	1020380885	17	650	19	1020381932				405	Поле 650 не содержит кода подполя.
rsl03_z00.dat	001205021	1205051	1205050	1020380885	18	700	20	1020381971				405	Поле 700 не содержит кода подполя.
rsl03_z00.dat	001205021	1205051	1205050	1020380885	19	912	21	1020382014				405	Поле 912 не содержит кода подполя.
rsl03_z00.dat	001205021	1205051	1205050	1020380885	20	336	23	1020382086				405	Поле 336 не содержит кода подполя.
rsl03_z00.dat	001205022	1205052	1205051	1020382144	7	041	9	1020382411				406	Поле 041 не содержит кода подполя.
rsl03_z00.dat	001205022	1205052	1205051	1020382144	11	260	13	1020382642				406	Поле 260 не содержит кода подполя.
rsl03_z00.dat	001205022	1205052	1205051	1020382144	12	300	14	1020382678				406	Поле 300 не содержит кода подполя.
rsl03_z00.dat	001205022	1205052	1205051	1020382144	13	490	15	1020382714				406	Поле 490 не содержит кода подполя.
rsl03_z00.dat	001205022	1205052	1205051	1020382144	15	650	17	1020383092				406	Поле 650 не содержит кода подполя.
rsl03_z00.dat	001205022	1205052	1205051	1020382144	16	650	18	1020383134				406	Поле 650 не содержит кода подполя.
rsl03_z00.dat	001205022	1205052	1205051	1020382144	17	650	19	1020383176				406	Поле 650 не содержит кода подполя.
rsl03_z00.dat	001205022	1205052	1205051	1020382144	18	700	20	1020383233				406	Поле 700 не содержит кода подполя.
rsl03_z00.dat	001205022	1205052	1205051	1020382144	19	700	21	1020383274				406	Поле 700 не содержит кода подполя.
rsl03_z00.dat	001205022	1205052	1205051	1020382144	20	912	22	1020383318				406	Поле 912 не содержит кода подполя.
rsl03_z00.dat	001205022	1205052	1205051	1020382144	21	336	24	1020383390				406	Поле 336 не содержит кода подполя.
rsl03_z00.dat	001205022	1205052	1205051	1020382144	22	337	25	1020383419				406	Поле 337 не содержит кода подполя.
rsl03_z00.dat	001205023	1205053	1205052	1020383447	7	041	9	1020383713				407	Поле 041 не содержит кода подполя.
rsl03_z00.dat	001205023	1205053	1205052	1020383447	11	250	13	1020383986				407	Поле 250 не содержит кода подполя.
rsl03_z00.dat	001205023	1205053	1205052	1020383447	12	260	14	1020384020				407	Поле 260 не содержит кода подполя.
rsl03_z00.dat	001205023	1205053	1205052	1020383447	13	300	15	1020384103				407	Поле 300 не содержит кода подполя.
rsl03_z00.dat	001205023	1205053	1205052	1020383447	16	650	18	1020384757				407	Поле 650 не содержит кода подполя.
rsl03_z00.dat	001205023	1205053	1205052	1020383447	17	650	19	1020384784				407	Поле 650 не содержит кода подполя.
rsl03_z00.dat	001205023	1205053	1205052	1020383447	18	650	20	1020384814				407	Поле 650 не содержит кода подполя.
rsl03_z00.dat	001205023	1205053	1205052	1020383447	19	650	21	1020384850				407	Поле 650 не содержит кода подполя.
rsl03_z00.dat	001205023	1205053	1205052	1020383447	20	912	22	1020384904				407	Поле 912 не содержит кода подполя.
rsl03_z00.dat	001205023	1205053	1205052	1020383447	21	336	24	1020384976				407	Поле 336 не содержит кода подполя.
rsl03_z00.dat	001205023	1205053	1205052	1020383447	22	337	25	1020385006				407	Поле 337 не содержит кода подполя.
rsl03_z00.dat	001205024	1205054	1205053	1020385035	14	650	16	1020385951				408	Поле 650 не содержит кода подполя.
rsl03_z00.dat	001205024	1205054	1205053	1020385035	15	912	17	1020386013				408	Поле 912 не содержит кода подполя.
rsl03_z00.dat	001205024	1205054	1205053	1020385035	17	337	20	1020386116				408	Поле 337 не содержит кода подполя.
rsl03_z00.dat	001205025	1205055	1205054	1020386145	15	650	17	1020387149				409	Поле 650 не содержит кода подполя.
rsl03_z00.dat	001205025	1205055	1205054	1020386145	16	912	18	1020387179				409	Поле 912 не содержит кода подполя.
rsl03_z00.dat	001205025	1205055	1205054	1020386145	18	337	21	1020387282				409	Поле 337 не содержит кода подполя.
rsl03_z00.dat	001205026	1205056	1205055	1020387311	7	041	9	1020387578				410	Поле 041 не содержит кода подполя.
rsl03_z00.dat	001205026	1205056	1205055	1020387311	11	260	13	1020387734				410	Поле 260 не содержит кода подполя.
rsl03_z00.dat	001205026	1205056	1205055	1020387311	16	650	18	1020388776				410	Поле 650 не содержит кода подполя.
rsl03_z00.dat	001205026	1205056	1205055	1020387311	17	650	19	1020388832				410	Поле 650 не содержит кода подполя.
rsl03_z00.dat	001205026	1205056	1205055	1020387311	18	912	20	1020388890				410	Поле 912 не содержит кода подполя.
rsl03_z00.dat	001205027	1205057	1205056	1020389021	7	041	9	1020389288				411	Поле 041 не содержит кода подполя.
rsl03_z00.dat	001205027	1205057	1205056	1020389021	10	260	12	1020389444				411	Поле 260 не содержит кода подполя.
rsl03_z00.dat	001205027	1205057	1205056	1020389021	11	300	13	1020389485				411	Поле 300 не содержит кода подполя.
rsl03_z00.dat	001205027	1205057	1205056	1020389021	14	650	16	1020389772				411	Поле 650 не содержит кода подполя.
rsl03_z00.dat	001205027	1205057	1205056	1020389021	15	650	17	1020389802				411	Поле 650 не содержит кода подполя.
rsl03_z00.dat	001205027	1205057	1205056	1020389021	16	700	18	1020389860				411	Поле 700 не содержит кода подполя.
rsl03_z00.dat	001205027	1205057	1205056	1020389021	17	700	19	1020389889				411	Поле 700 не содержит кода подполя.
rsl03_z00.dat	001205027	1205057	1205056	1020389021	18	912	20	1020389919				411	Поле 912 не содержит кода подполя.
rsl03_z00.dat	001205028	1205058	1205057	1020390051	7	041	9	1020390318				412	Поле 041 не содержит кода подполя.
rsl03_z00.dat	001205028	1205058	1205057	1020390051	11	260	13	1020390481				412	Поле 260 не содержит кода подполя.
rsl03_z00.dat	001205028	1205058	1205057	1020390051	12	300	14	1020390515				412	Поле 300 не содержит кода подполя.
rsl03_z00.dat	001205028	1205058	1205057	1020390051	16	650	18	1020391115				412	Поле 650 не содержит кода подполя.
rsl03_z00.dat	001205028	1205058	1205057	1020390051	17	912	19	1020391189				412	Поле 912 не содержит кода подполя.
rsl03_z00.dat	001205029	1205059	1205058	1020391320	7	041	9	1020391587				413	Поле 041 не содержит кода подполя.
rsl03_z00.dat	001205029	1205059	1205058	1020391320	12	300	14	1020391793				413	Поле 300 не содержит кода подполя.
rsl03_z00.dat	001205029	1205059	1205058	1020391320	13	490	15	1020391832				413	Поле 490 не содержит кода подполя.
rsl03_z00.dat	001205029	1205059	1205058	1020391320	16	650	18	1020392337				413	Поле 650 не содержит кода подполя.
rsl03_z00.dat	001205029	1205059	1205058	1020391320	17	912	19	1020392411				413	Поле 912 не содержит кода подполя.
rsl03_z00.dat	001205030	1205060	1205059	1020392542	11	260	13	1020392952				414	Поле 260 не содержит кода подполя.
rsl03_z00.dat	001205030	1205060	1205059	1020392542	15	546	17	1020393619				414	Поле 546 не содержит кода подполя.
rsl03_z00.dat	001205030	1205060	1205059	1020392542	16	650	18	1020393642				414	Поле 650 не содержит кода подполя.
rsl03_z00.dat	001205030	1205060	1205059	1020392542	17	912	19	1020393691				414	Поле 912 не содержит кода подполя.
rsl03_z00.dat	001205031	1205061	1205060	1020393821	7	041	9	1020394088				415	Поле 041 не содержит кода подполя.
rsl03_z00.dat	001205031	1205061	1205060	1020393821	12	300	14	1020394311				415	Поле 300 не содержит кода подполя.
rsl03_z00.dat	001205031	1205061	1205060	1020393821	16	650	18	1020395282				415	Поле 650 не содержит кода подполя.
rsl03_z00.dat	001205031	1205061	1205060	1020393821	17	700	19	1020395342				415	Поле 700 не содержит кода подполя.
rsl03_z00.dat	001205031	1205061	1205060	1020393821	18	912	20	1020395377				415	Поле 912 не содержит кода подполя.
rsl03_z00.dat	001205031	1205061	1205060	1020393821	19	336	22	1020395449				415	Поле 336 не содержит кода подполя.
rsl03_z00.dat	001205032	1205062	1205061	1020395507	14	650	16	1020396058				416	Поле 650 не содержит кода подполя.
rsl03_z00.dat	001205033	1205063	1205062	1020396224	7	041	9	1020396490				417	Поле 041 не содержит кода подполя.
rsl03_z00.dat	001205033	1205063	1205062	1020396224	16	912	18	1020397400				417	Поле 912 не содержит кода подполя.
rsl03_z00.dat	001205034	1205064	1205063	1020397531	7	041	9	1020397797				418	Поле 041 не содержит кода подполя.
rsl03_z00.dat	001205034	1205064	1205063	1020397531	11	260	13	1020397958				418	Поле 260 не содержит кода подполя.
rsl03_z00.dat	001205034	1205064	1205063	1020397531	12	300	14	1020398005				418	Поле 300 не содержит кода подполя.
rsl03_z00.dat	001205034	1205064	1205063	1020397531	16	912	18	1020398441				418	Поле 912 не содержит кода подполя.
rsl03_z00.dat	001205035	1205065	1205064	1020398572	7	041	9	1020398838				419	Поле 041 не содержит кода подполя.
rsl03_z00.dat	001205035	1205065	1205064	1020398572	11	260	13	1020399054				419	Поле 260 не содержит кода подполя.
rsl03_z00.dat	001205035	1205065	1205064	1020398572	12	300	14	1020399102				419	Поле 300 не содержит кода подполя.
rsl03_z00.dat	001205035	1205065	1205064	1020398572	15	600	17	1020399800				419	Поле 600 не содержит кода подполя.
rsl03_z00.dat	001205035	1205065	1205064	1020398572	16	912	18	1020399853				419	Поле 912 не содержит кода подполя.
rsl03_z00.dat	001205035	1205065	1205064	1020398572	18	337	21	1020399956				419	Поле 337 не содержит кода подполя.
rsl03_z00.dat	001205036	1205066	1205065	1020399985	7	041	9	1020400250				420	Поле 041 не содержит кода подполя.
rsl03_z00.dat	001205036	1205066	1205065	1020399985	15	912	17	1020400575				420	Поле 912 не содержит кода подполя.
rsl03_z00.dat	001205036	1205066	1205065	1020399985	17	337	20	1020400677				420	Поле 337 не содержит кода подполя.
rsl03_z00.dat	001205037	1205067	1205066	1020400707	7	041	9	1020400973				421	Поле 041 не содержит кода подполя.
rsl03_z00.dat	001205037	1205067	1205066	1020400707	15	650	17	1020401880				421	Поле 650 не содержит кода подполя.
rsl03_z00.dat	001205037	1205067	1205066	1020400707	16	650	18	1020401916				421	Поле 650 не содержит кода подполя.
rsl03_z00.dat	001205037	1205067	1205066	1020400707	17	912	19	1020401951				421	Поле 912 не содержит кода подполя.
rsl03_z00.dat	001205037	1205067	1205066	1020400707	19	337	22	1020402052				421	Поле 337 не содержит кода подполя.
rsl03_z00.dat	001205038	1205068	1205067	1020402081	7	041	9	1020402348				422	Поле 041 не содержит кода подполя.
rsl03_z00.dat	001205038	1205068	1205067	1020402081	11	250	13	1020402591				422	Поле 250 не содержит кода подполя.
rsl03_z00.dat	001205038	1205068	1205067	1020402081	12	260	14	1020402611				422	Поле 260 не содержит кода подполя.
rsl03_z00.dat	001205038	1205068	1205067	1020402081	16	650	18	1020402932				422	Поле 650 не содержит кода подполя.
rsl03_z00.dat	001205038	1205068	1205067	1020402081	17	700	19	1020402969				422	Поле 700 не содержит кода подполя.
rsl03_z00.dat	001205038	1205068	1205067	1020402081	18	912	20	1020403004				422	Поле 912 не содержит кода подполя.
rsl03_z00.dat	001205038	1205068	1205067	1020402081	19	336	22	1020403076				422	Поле 336 не содержит кода подполя.
rsl03_z00.dat	001205038	1205068	1205067	1020402081	20	337	23	1020403106				422	Поле 337 не содержит кода подполя.
rsl03_z00.dat	001205039	1205069	1205068	1020403135	7	041	9	1020403402				423	Поле 041 не содержит кода подполя.
rsl03_z00.dat	001205039	1205069	1205068	1020403135	12	300	14	1020403683				423	Поле 300 не содержит кода подполя.
rsl03_z00.dat	001205039	1205069	1205068	1020403135	13	490	15	1020403713				423	Поле 490 не содержит кода подполя.
rsl03_z00.dat	001205039	1205069	1205068	1020403135	16	650	18	1020404307				423	Поле 650 не содержит кода подполя.
rsl03_z00.dat	001205039	1205069	1205068	1020403135	17	650	19	1020404351				423	Поле 650 не содержит кода подполя.
rsl03_z00.dat	001205039	1205069	1205068	1020403135	18	650	20	1020404396				423	Поле 650 не содержит кода подполя.
rsl03_z00.dat	001205039	1205069	1205068	1020403135	19	700	21	1020404441				423	Поле 700 не содержит кода подполя.
rsl03_z00.dat	001205039	1205069	1205068	1020403135	20	700	22	1020404475				423	Поле 700 не содержит кода подполя.
rsl03_z00.dat	001205039	1205069	1205068	1020403135	21	912	23	1020404505				423	Поле 912 не содержит кода подполя.
rsl03_z00.dat	001205039	1205069	1205068	1020403135	22	336	25	1020404577				423	Поле 336 не содержит кода подполя.
rsl03_z00.dat	001205039	1205069	1205068	1020403135	23	337	26	1020404607				423	Поле 337 не содержит кода подполя.
rsl03_z00.dat	001205040	1205070	1205069	1020404636	7	041	9	1020404903				424	Поле 041 не содержит кода подполя.
rsl03_z00.dat	001205040	1205070	1205069	1020404636	12	300	14	1020405204				424	Поле 300 не содержит кода подполя.
rsl03_z00.dat	001205040	1205070	1205069	1020404636	13	490	15	1020405240				424	Поле 490 не содержит кода подполя.
rsl03_z00.dat	001205040	1205070	1205069	1020404636	15	650	17	1020405673				424	Поле 650 не содержит кода подполя.
rsl03_z00.dat	001205040	1205070	1205069	1020404636	16	650	18	1020405715				424	Поле 650 не содержит кода подполя.
rsl03_z00.dat	001205040	1205070	1205069	1020404636	17	650	19	1020405758				424	Поле 650 не содержит кода подполя.
rsl03_z00.dat	001205040	1205070	1205069	1020404636	18	700	20	1020405816				424	Поле 700 не содержит кода подполя.
rsl03_z00.dat	001205040	1205070	1205069	1020404636	19	700	21	1020405855				424	Поле 700 не содержит кода подполя.
rsl03_z00.dat	001205040	1205070	1205069	1020404636	20	912	22	1020405888				424	Поле 912 не содержит кода подполя.
rsl03_z00.dat	001205040	1205070	1205069	1020404636	21	336	24	1020405960				424	Поле 336 не содержит кода подполя.
rsl03_z00.dat	001205040	1205070	1205069	1020404636	22	337	25	1020405990				424	Поле 337 не содержит кода подполя.
rsl03_z00.dat	001205041	1205071	1205070	1020406019	7	041	9	1020406286				425	Поле 041 не содержит кода подполя.
rsl03_z00.dat	001205041	1205071	1205070	1020406019	12	300	14	1020406489				425	Поле 300 не содержит кода подполя.
rsl03_z00.dat	001205041	1205071	1205070	1020406019	15	650	17	1020406843				425	Поле 650 не содержит кода подполя.
rsl03_z00.dat	001205041	1205071	1205070	1020406019	16	650	18	1020406887				425	Поле 650 не содержит кода подполя.
rsl03_z00.dat	001205041	1205071	1205070	1020406019	17	700	19	1020406945				425	Поле 700 не содержит кода подполя.
rsl03_z00.dat	001205041	1205071	1205070	1020406019	18	912	20	1020406975				425	Поле 912 не содержит кода подполя.
rsl03_z00.dat	001205041	1205071	1205070	1020406019	20	337	23	1020407075				425	Поле 337 не содержит кода подполя.
rsl03_z00.dat	001205042	1205072	1205071	1020407104	7	041	9	1020407371				426	Поле 041 не содержит кода подполя.
rsl03_z00.dat	001205042	1205072	1205071	1020407104	11	260	13	1020407610				426	Поле 260 не содержит кода подполя.
rsl03_z00.dat	001205042	1205072	1205071	1020407104	13	490	15	1020407679				426	Поле 490 не содержит кода подполя.
rsl03_z00.dat	001205042	1205072	1205071	1020407104	15	650	17	1020408509				426	Поле 650 не содержит кода подполя.
rsl03_z00.dat	001205042	1205072	1205071	1020407104	16	650	18	1020408563				426	Поле 650 не содержит кода подполя.
rsl03_z00.dat	001205042	1205072	1205071	1020407104	17	650	19	1020408598				426	Поле 650 не содержит кода подполя.
rsl03_z00.dat	001205042	1205072	1205071	1020407104	18	700	20	1020408645				426	Поле 700 не содержит кода подполя.
rsl03_z00.dat	001205042	1205072	1205071	1020407104	19	912	21	1020408677				426	Поле 912 не содержит кода подполя.
rsl03_z00.dat	001205042	1205072	1205071	1020407104	20	336	23	1020408748				426	Поле 336 не содержит кода подполя.
rsl03_z00.dat	001205042	1205072	1205071	1020407104	21	337	24	1020408778				426	Поле 337 не содержит кода подполя.
rsl03_z00.dat	001205043	1205073	1205072	1020408806	7	041	9	1020409073				427	Поле 041 не содержит кода подполя.
rsl03_z00.dat	001205043	1205073	1205072	1020408806	11	260	13	1020409271				427	Поле 260 не содержит кода подполя.
rsl03_z00.dat	001205043	1205073	1205072	1020408806	12	300	14	1020409307				427	Поле 300 не содержит кода подполя.
rsl03_z00.dat	001205043	1205073	1205072	1020408806	15	650	17	1020409870				427	Поле 650 не содержит кода подполя.
rsl03_z00.dat	001205043	1205073	1205072	1020408806	16	650	18	1020409903				427	Поле 650 не содержит кода подполя.
rsl03_z00.dat	001205043	1205073	1205072	1020408806	17	912	19	1020409936				427	Поле 912 не содержит кода подполя.
rsl03_z00.dat	001205043	1205073	1205072	1020408806	19	337	22	1020410039				427	Поле 337 не содержит кода подполя.
rsl03_z00.dat	001205044	1205074	1205073	1020410068	7	041	9	1020410335				428	Поле 041 не содержит кода подполя.
rsl03_z00.dat	001205044	1205074	1205073	1020410068	11	260	13	1020410506				428	Поле 260 не содержит кода подполя.
rsl03_z00.dat	001205044	1205074	1205073	1020410068	12	300	14	1020410542				428	Поле 300 не содержит кода подполя.
rsl03_z00.dat	001205044	1205074	1205073	1020410068	15	650	17	1020410840				428	Поле 650 не содержит кода подполя.
rsl03_z00.dat	001205044	1205074	1205073	1020410068	16	700	18	1020410901				428	Поле 700 не содержит кода подполя.
rsl03_z00.dat	001205044	1205074	1205073	1020410068	17	912	19	1020410938				428	Поле 912 не содержит кода подполя.
rsl03_z00.dat	001205044	1205074	1205073	1020410068	18	336	21	1020411010				428	Поле 336 не содержит кода подполя.
rsl03_z00.dat	001205045	1205075	1205074	1020411068	7	041	9	1020411335				429	Поле 041 не содержит кода подполя.
rsl03_z00.dat	001205045	1205075	1205074	1020411068	11	260	13	1020411501				429	Поле 260 не содержит кода подполя.
rsl03_z00.dat	001205045	1205075	1205074	1020411068	12	300	14	1020411547				429	Поле 300 не содержит кода подполя.
rsl03_z00.dat	001205045	1205075	1205074	1020411068	15	650	17	1020412229				429	Поле 650 не содержит кода подполя.
rsl03_z00.dat	001205045	1205075	1205074	1020411068	16	650	18	1020412268				429	Поле 650 не содержит кода подполя.
rsl03_z00.dat	001205045	1205075	1205074	1020411068	17	700	19	1020412325				429	Поле 700 не содержит кода подполя.
rsl03_z00.dat	001205045	1205075	1205074	1020411068	18	912	20	1020412358				429	Поле 912 не содержит кода подполя.
rsl03_z00.dat	001205045	1205075	1205074	1020411068	19	336	22	1020412430				429	Поле 336 не содержит кода подполя.
rsl03_z00.dat	001205045	1205075	1205074	1020411068	20	337	23	1020412457				429	Поле 337 не содержит кода подполя.
rsl03_z00.dat	001205046	1205076	1205075	1020412486	12	260	14	1020413051				430	Поле 260 не содержит кода подполя.
rsl03_z00.dat	001205046	1205076	1205075	1020412486	13	300	15	1020413080				430	Поле 300 не содержит кода подполя.
rsl03_z00.dat	001205046	1205076	1205075	1020412486	14	504	16	1020413110				430	Поле 504 не содержит кода подполя.
rsl03_z00.dat	001205046	1205076	1205075	1020412486	16	650	18	1020413538				430	Поле 650 не содержит кода подполя.
rsl03_z00.dat	001205046	1205076	1205075	1020412486	17	650	19	1020413608				430	Поле 650 не содержит кода подполя.
rsl03_z00.dat	001205046	1205076	1205075	1020412486	18	912	20	1020413656				430	Поле 912 не содержит кода подполя.
rsl03_z00.dat	001205046	1205076	1205075	1020412486	19	336	22	1020413728				430	Поле 336 не содержит кода подполя.
rsl03_z00.dat	001205046	1205076	1205075	1020412486	20	337	23	1020413758				430	Поле 337 не содержит кода подполя.
rsl03_z00.dat	001205047	1205077	1205076	1020413787	7	041	9	1020414054				431	Поле 041 не содержит кода подполя.
rsl03_z00.dat	001205047	1205077	1205076	1020413787	12	300	14	1020414281				431	Поле 300 не содержит кода подполя.
rsl03_z00.dat	001205047	1205077	1205076	1020413787	16	650	18	1020415163				431	Поле 650 не содержит кода подполя.
rsl03_z00.dat	001205047	1205077	1205076	1020413787	17	700	19	1020415210				431	Поле 700 не содержит кода подполя.
rsl03_z00.dat	001205047	1205077	1205076	1020413787	18	912	20	1020415255				431	Поле 912 не содержит кода подполя.
rsl03_z00.dat	001205047	1205077	1205076	1020413787	19	336	22	1020415326				431	Поле 336 не содержит кода подполя.
rsl03_z00.dat	001205047	1205077	1205076	1020413787	20	337	23	1020415356				431	Поле 337 не содержит кода подполя.
rsl03_z00.dat	001205048	1205078	1205077	1020415382	7	041	9	1020415649				432	Поле 041 не содержит кода подполя.
rsl03_z00.dat	001205048	1205078	1205077	1020415382	11	260	13	1020415860				432	Поле 260 не содержит кода подполя.
rsl03_z00.dat	001205048	1205078	1205077	1020415382	13	490	15	1020415929				432	Поле 490 не содержит кода подполя.
rsl03_z00.dat	001205048	1205078	1205077	1020415382	15	650	17	1020416505				432	Поле 650 не содержит кода подполя.
rsl03_z00.dat	001205048	1205078	1205077	1020415382	16	700	18	1020416550				432	Поле 700 не содержит кода подполя.
rsl03_z00.dat	001205048	1205078	1205077	1020415382	17	912	19	1020416585				432	Поле 912 не содержит кода подполя.
rsl03_z00.dat	001205048	1205078	1205077	1020415382	18	336	21	1020416657				432	Поле 336 не содержит кода подполя.
rsl03_z00.dat	001205048	1205078	1205077	1020415382	19	337	22	1020416687				432	Поле 337 не содержит кода подполя.
rsl03_z00.dat	001205049	1205079	1205078	1020416716	12	300	14	1020417153				433	Поле 300 не содержит кода подполя.
rsl03_z00.dat	001205049	1205079	1205078	1020416716	15	650	17	1020417817				433	Поле 650 не содержит кода подполя.
rsl03_z00.dat	001205049	1205079	1205078	1020416716	16	912	18	1020417851				433	Поле 912 не содержит кода подполя.
rsl03_z00.dat	001205050	1205080	1205079	1020417985	7	041	9	1020418252				434	Поле 041 не содержит кода подполя.
rsl03_z00.dat	001205050	1205080	1205079	1020417985	11	260	13	1020418470				434	Поле 260 не содержит кода подполя.
rsl03_z00.dat	001205050	1205080	1205079	1020417985	12	300	14	1020418506				434	Поле 300 не содержит кода подполя.
rsl03_z00.dat	001205050	1205080	1205079	1020417985	16	650	18	1020419487				434	Поле 650 не содержит кода подполя.
rsl03_z00.dat	001205050	1205080	1205079	1020417985	17	650	19	1020419526				434	Поле 650 не содержит кода подполя.
rsl03_z00.dat	001205050	1205080	1205079	1020417985	18	650	20	1020419569				434	Поле 650 не содержит кода подполя.
rsl03_z00.dat	001205050	1205080	1205079	1020417985	19	700	21	1020419626				434	Поле 700 не содержит кода подполя.
rsl03_z00.dat	001205050	1205080	1205079	1020417985	20	700	22	1020419666				434	Поле 700 не содержит кода подполя.
rsl03_z00.dat	001205050	1205080	1205079	1020417985	21	912	23	1020419696				434	Поле 912 не содержит кода подполя.
rsl03_z00.dat	001205050	1205080	1205079	1020417985	22	336	25	1020419768				434	Поле 336 не содержит кода подполя.
rsl03_z00.dat	001205050	1205080	1205079	1020417985	23	337	26	1020419796				434	Поле 337 не содержит кода подполя.
rsl03_z00.dat	001205051	1205081	1205080	1020419825	7	041	9	1020420092				435	Поле 041 не содержит кода подполя.
rsl03_z00.dat	001205051	1205081	1205080	1020419825	11	250	13	1020420296				435	Поле 250 не содержит кода подполя.
rsl03_z00.dat	001205051	1205081	1205080	1020419825	13	300	15	1020420355				435	Поле 300 не содержит кода подполя.
rsl03_z00.dat	001205051	1205081	1205080	1020419825	15	650	17	1020420956				435	Поле 650 не содержит кода подполя.
rsl03_z00.dat	001205051	1205081	1205080	1020419825	16	700	18	1020421017				435	Поле 700 не содержит кода подполя.
rsl03_z00.dat	001205051	1205081	1205080	1020419825	17	912	19	1020421053				435	Поле 912 не содержит кода подполя.
rsl03_z00.dat	001205051	1205081	1205080	1020419825	18	336	21	1020421125				435	Поле 336 не содержит кода подполя.
rsl03_z00.dat	001205051	1205081	1205080	1020419825	19	337	22	1020421155				435	Поле 337 не содержит кода подполя.
rsl03_z00.dat	001205052	1205082	1205081	1020421184	7	041	9	1020421451				436	Поле 041 не содержит кода подполя.
rsl03_z00.dat	001205052	1205082	1205081	1020421184	12	300	14	1020421650				436	Поле 300 не содержит кода подполя.
rsl03_z00.dat	001205052	1205082	1205081	1020421184	14	650	16	1020421820				436	Поле 650 не содержит кода подполя.
rsl03_z00.dat	001205052	1205082	1205081	1020421184	15	700	17	1020421854				436	Поле 700 не содержит кода подполя.
rsl03_z00.dat	001205052	1205082	1205081	1020421184	16	912	18	1020421899				436	Поле 912 не содержит кода подполя.
rsl03_z00.dat	001205052	1205082	1205081	1020421184	17	336	20	1020421971				436	Поле 336 не содержит кода подполя.
rsl03_z00.dat	001205053	1205083	1205082	1020422027	7	041	9	1020422295				437	Поле 041 не содержит кода подполя.
rsl03_z00.dat	001205053	1205083	1205082	1020422027	15	650	17	1020423036				437	Поле 650 не содержит кода подполя.
rsl03_z00.dat	001205053	1205083	1205082	1020422027	16	650	18	1020423092				437	Поле 650 не содержит кода подполя.
rsl03_z00.dat	001205053	1205083	1205082	1020422027	17	912	19	1020423150				437	Поле 912 не содержит кода подполя.
rsl03_z00.dat	001205053	1205083	1205082	1020422027	18	336	21	1020423222				437	Поле 336 не содержит кода подполя.
rsl03_z00.dat	001205054	1205084	1205083	1020423281	7	041	9	1020423548				438	Поле 041 не содержит кода подполя.
rsl03_z00.dat	001205054	1205084	1205083	1020423281	12	300	14	1020423808				438	Поле 300 не содержит кода подполя.
rsl03_z00.dat	001205054	1205084	1205083	1020423281	13	490	15	1020423844				438	Поле 490 не содержит кода подполя.
rsl03_z00.dat	001205054	1205084	1205083	1020423281	16	555	18	1020424730				438	Поле 555 не содержит кода подполя.
rsl03_z00.dat	001205054	1205084	1205083	1020423281	17	650	19	1020424764				438	Поле 650 не содержит кода подполя.
rsl03_z00.dat	001205054	1205084	1205083	1020423281	18	650	20	1020424840				438	Поле 650 не содержит кода подполя.
rsl03_z00.dat	001205054	1205084	1205083	1020423281	19	650	21	1020424890				438	Поле 650 не содержит кода подполя.
rsl03_z00.dat	001205054	1205084	1205083	1020423281	20	700	22	1020424923				438	Поле 700 не содержит кода подполя.
rsl03_z00.dat	001205054	1205084	1205083	1020423281	21	912	23	1020424959				438	Поле 912 не содержит кода подполя.
rsl03_z00.dat	001205054	1205084	1205083	1020423281	22	336	25	1020425031				438	Поле 336 не содержит кода подполя.
rsl03_z00.dat	001205054	1205084	1205083	1020423281	23	337	26	1020425061				438	Поле 337 не содержит кода подполя.
rsl03_z00.dat	001205055	1205085	1205084	1020425090	7	041	9	1020425358				439	Поле 041 не содержит кода подполя.
rsl03_z00.dat	001205055	1205085	1205084	1020425090	15	650	17	1020426551				439	Поле 650 не содержит кода подполя.
rsl03_z00.dat	001205055	1205085	1205084	1020425090	16	650	18	1020426596				439	Поле 650 не содержит кода подполя.
rsl03_z00.dat	001205055	1205085	1205084	1020425090	17	650	19	1020426651				439	Поле 650 не содержит кода подполя.
rsl03_z00.dat	001205055	1205085	1205084	1020425090	18	650	20	1020426693				439	Поле 650 не содержит кода подполя.
rsl03_z00.dat	001205055	1205085	1205084	1020425090	19	912	21	1020426750				439	Поле 912 не содержит кода подполя.
rsl03_z00.dat	001205056	1205086	1205085	1020426884	7	041	9	1020427150				440	Поле 041 не содержит кода подполя.
rsl03_z00.dat	001205056	1205086	1205085	1020426884	12	300	14	1020427366				440	Поле 300 не содержит кода подполя.
rsl03_z00.dat	001205056	1205086	1205085	1020426884	14	650	16	1020428086				440	Поле 650 не содержит кода подполя.
rsl03_z00.dat	001205056	1205086	1205085	1020426884	15	912	17	1020428139				440	Поле 912 не содержит кода подполя.
rsl03_z00.dat	001205057	1205087	1205086	1020428270	7	041	9	1020428536				441	Поле 041 не содержит кода подполя.
rsl03_z00.dat	001205057	1205087	1205086	1020428270	10	260	12	1020428974				441	Поле 260 не содержит кода подполя.
rsl03_z00.dat	001205057	1205087	1205086	1020428270	11	300	13	1020429006				441	Поле 300 не содержит кода подполя.
rsl03_z00.dat	001205057	1205087	1205086	1020428270	13	504	15	1020429170				441	Поле 504 не содержит кода подполя.
rsl03_z00.dat	001205057	1205087	1205086	1020428270	15	600	17	1020429990				441	Поле 600 не содержит кода подполя.
rsl03_z00.dat	001205057	1205087	1205086	1020428270	16	650	18	1020430037				441	Поле 650 не содержит кода подполя.
rsl03_z00.dat	001205057	1205087	1205086	1020428270	17	700	19	1020430093				441	Поле 700 не содержит кода подполя.
rsl03_z00.dat	001205057	1205087	1205086	1020428270	18	700	20	1020430131				441	Поле 700 не содержит кода подполя.
rsl03_z00.dat	001205057	1205087	1205086	1020428270	19	710	21	1020430174				441	Поле 710 не содержит кода подполя.
rsl03_z00.dat	001205057	1205087	1205086	1020428270	20	912	22	1020430262				441	Поле 912 не содержит кода подполя.
rsl03_z00.dat	001205057	1205087	1205086	1020428270	21	336	24	1020430334				441	Поле 336 не содержит кода подполя.
rsl03_z00.dat	001205057	1205087	1205086	1020428270	22	337	25	1020430364				441	Поле 337 не содержит кода подполя.
rsl03_z00.dat	001205058	1205088	1205087	1020430393	12	500	14	1020430848				442	Поле 500 не содержит кода подполя.
rsl03_z00.dat	001205058	1205088	1205087	1020430393	15	336	18	1020431013				442	Поле 336 не содержит кода подполя.
rsl03_z00.dat	001205059	1205089	1205088	1020431074	7	041	9	1020431340				443	Поле 041 не содержит кода подполя.
rsl03_z00.dat	001205059	1205089	1205088	1020431074	10	260	12	1020431441				443	Поле 260 не содержит кода подполя.
rsl03_z00.dat	001205059	1205089	1205088	1020431074	11	300	13	1020431461				443	Поле 300 не содержит кода подполя.
rsl03_z00.dat	001205059	1205089	1205088	1020431074	13	650	15	1020431998				443	Поле 650 не содержит кода подполя.
rsl03_z00.dat	001205059	1205089	1205088	1020431074	14	773	16	1020432059				443	Поле 773 не содержит кода подполя.
rsl03_z00.dat	001205059	1205089	1205088	1020431074	15	912	17	1020432144				443	Поле 912 не содержит кода подполя.
rsl03_z00.dat	001205059	1205089	1205088	1020431074	16	336	19	1020432216				443	Поле 336 не содержит кода подполя.
rsl03_z00.dat	001205060	1205090	1205089	1020432273	10	260	12	1020432778				444	Поле 260 не содержит кода подполя.
rsl03_z00.dat	001205060	1205090	1205089	1020432273	11	300	13	1020432829				444	Поле 300 не содержит кода подполя.
rsl03_z00.dat	001205060	1205090	1205089	1020432273	15	700	17	1020433126				444	Поле 700 не содержит кода подполя.
rsl03_z00.dat	001205060	1205090	1205089	1020432273	16	710	18	1020433171				444	Поле 710 не содержит кода подполя.
rsl03_z00.dat	001205060	1205090	1205089	1020432273	18	336	21	1020433301				444	Поле 336 не содержит кода подполя.
rsl03_z00.dat	001205060	1205090	1205089	1020432273	19	337	22	1020433331				444	Поле 337 не содержит кода подполя.
rsl03_z00.dat	001205061	1205091	1205090	1020433360	7	041	9	1020433628				445	Поле 041 не содержит кода подполя.
rsl03_z00.dat	001205061	1205091	1205090	1020433360	9	245	11	1020433687				445	Поле 245 не содержит кода подполя.
rsl03_z00.dat	001205061	1205091	1205090	1020433360	10	260	12	1020433705				445	Поле 260 не содержит кода подполя.
rsl03_z00.dat	001205061	1205091	1205090	1020433360	13	555	15	1020434250				445	Поле 555 не содержит кода подполя.
rsl03_z00.dat	001205061	1205091	1205090	1020433360	14	650	16	1020434284				445	Поле 650 не содержит кода подполя.
rsl03_z00.dat	001205061	1205091	1205090	1020433360	15	700	17	1020434370				445	Поле 700 не содержит кода подполя.
rsl03_z00.dat	001205061	1205091	1205090	1020433360	16	710	18	1020434416				445	Поле 710 не содержит кода подполя.
rsl03_z00.dat	001205061	1205091	1205090	1020433360	17	773	19	1020434475				445	Поле 773 не содержит кода подполя.
rsl03_z00.dat	001205061	1205091	1205090	1020433360	18	912	20	1020434529				445	Поле 912 не содержит кода подполя.
rsl03_z00.dat	001205061	1205091	1205090	1020433360	20	337	23	1020434630				445	Поле 337 не содержит кода подполя.
rsl03_z00.dat	001205062	1205092	1205091	1020434659	7	041	9	1020434925				446	Поле 041 не содержит кода подполя.
rsl03_z00.dat	001205062	1205092	1205091	1020434659	11	300	13	1020435222				446	Поле 300 не содержит кода подполя.
rsl03_z00.dat	001205062	1205092	1205091	1020434659	14	912	16	1020435474				446	Поле 912 не содержит кода подполя.
rsl03_z00.dat	001205062	1205092	1205091	1020434659	15	336	18	1020435546				446	Поле 336 не содержит кода подполя.
rsl03_z00.dat	001205062	1205092	1205091	1020434659	16	337	19	1020435576				446	Поле 337 не содержит кода подполя.
rsl03_z00.dat	001205063	1205093	1205092	1020435605	7	041	9	1020435872				447	Поле 041 не содержит кода подполя.
rsl03_z00.dat	001205063	1205093	1205092	1020435605	12	300	14	1020436152				447	Поле 300 не содержит кода подполя.
rsl03_z00.dat	001205063	1205093	1205092	1020435605	13	490	15	1020436188				447	Поле 490 не содержит кода подполя.
rsl03_z00.dat	001205063	1205093	1205092	1020435605	15	520	17	1020436457				447	Поле 520 не содержит кода подполя.
rsl03_z00.dat	001205063	1205093	1205092	1020435605	17	700	19	1020436868				447	Поле 700 не содержит кода подполя.
rsl03_z00.dat	001205063	1205093	1205092	1020435605	18	912	20	1020436902				447	Поле 912 не содержит кода подполя.
rsl03_z00.dat	001205063	1205093	1205092	1020435605	19	336	22	1020436974				447	Поле 336 не содержит кода подполя.
rsl03_z00.dat	001205063	1205093	1205092	1020435605	20	337	23	1020437004				447	Поле 337 не содержит кода подполя.
rsl03_z00.dat	001205064	1205094	1205093	1020437033	7	041	9	1020437299				448	Поле 041 не содержит кода подполя.
rsl03_z00.dat	001205064	1205094	1205093	1020437033	11	260	13	1020437510				448	Поле 260 не содержит кода подполя.
rsl03_z00.dat	001205064	1205094	1205093	1020437033	12	300	14	1020437579				448	Поле 300 не содержит кода подполя.
rsl03_z00.dat	001205064	1205094	1205093	1020437033	16	650	18	1020438273				448	Поле 650 не содержит кода подполя.
rsl03_z00.dat	001205064	1205094	1205093	1020437033	17	912	19	1020438327				448	Поле 912 не содержит кода подполя.
rsl03_z00.dat	001205064	1205094	1205093	1020437033	18	336	21	1020438399				448	Поле 336 не содержит кода подполя.
rsl03_z00.dat	001205065	1205095	1205094	1020438457	7	041	9	1020438723				449	Поле 041 не содержит кода подполя.
rsl03_z00.dat	001205065	1205095	1205094	1020438457	11	260	13	1020438977				449	Поле 260 не содержит кода подполя.
rsl03_z00.dat	001205065	1205095	1205094	1020438457	12	300	14	1020439022				449	Поле 300 не содержит кода подполя.
rsl03_z00.dat	001205065	1205095	1205094	1020438457	13	504	15	1020439053				449	Поле 504 не содержит кода подполя.
rsl03_z00.dat	001205065	1205095	1205094	1020438457	15	650	17	1020439706				449	Поле 650 не содержит кода подполя.
rsl03_z00.dat	001205065	1205095	1205094	1020438457	16	650	18	1020439757				449	Поле 650 не содержит кода подполя.
rsl03_z00.dat	001205065	1205095	1205094	1020438457	17	912	19	1020439804				449	Поле 912 не содержит кода подполя.
rsl03_z00.dat	001205065	1205095	1205094	1020438457	18	336	21	1020439876				449	Поле 336 не содержит кода подполя.
rsl03_z00.dat	001205065	1205095	1205094	1020438457	19	337	22	1020439906				449	Поле 337 не содержит кода подполя.
rsl03_z00.dat	001205066	1205096	1205095	1020439935	7	041	9	1020440201				450	Поле 041 не содержит кода подполя.
rsl03_z00.dat	001205066	1205096	1205095	1020439935	11	260	13	1020440380				450	Поле 260 не содержит кода подполя.
rsl03_z00.dat	001205066	1205096	1205095	1020439935	12	300	14	1020440421				450	Поле 300 не содержит кода подполя.
rsl03_z00.dat	001205066	1205096	1205095	1020439935	15	650	17	1020441117				450	Поле 650 не содержит кода подполя.
rsl03_z00.dat	001205066	1205096	1205095	1020439935	16	912	18	1020441187				450	Поле 912 не содержит кода подполя.
rsl03_z00.dat	001205066	1205096	1205095	1020439935	17	336	20	1020441259				450	Поле 336 не содержит кода подполя.
rsl03_z00.dat	001205067	1205097	1205096	1020441318	7	041	9	1020441585				451	Поле 041 не содержит кода подполя.
rsl03_z00.dat	001205067	1205097	1205096	1020441318	11	260	13	1020441728				451	Поле 260 не содержит кода подполя.
rsl03_z00.dat	001205067	1205097	1205096	1020441318	12	300	14	1020441771				451	Поле 300 не содержит кода подполя.
rsl03_z00.dat	001205067	1205097	1205096	1020441318	15	650	17	1020441987				451	Поле 650 не содержит кода подполя.
rsl03_z00.dat	001205067	1205097	1205096	1020441318	16	700	18	1020442026				451	Поле 700 не содержит кода подполя.
rsl03_z00.dat	001205067	1205097	1205096	1020441318	17	912	19	1020442069				451	Поле 912 не содержит кода подполя.
rsl03_z00.dat	001205068	1205098	1205097	1020442202	7	041	9	1020442467				452	Поле 041 не содержит кода подполя.
rsl03_z00.dat	001205068	1205098	1205097	1020442202	11	260	13	1020442688				452	Поле 260 не содержит кода подполя.
rsl03_z00.dat	001205068	1205098	1205097	1020442202	12	300	14	1020442747				452	Поле 300 не содержит кода подполя.
rsl03_z00.dat	001205068	1205098	1205097	1020442202	14	650	16	1020443482				452	Поле 650 не содержит кода подполя.
rsl03_z00.dat	001205068	1205098	1205097	1020442202	15	912	17	1020443517				452	Поле 912 не содержит кода подполя.
rsl03_z00.dat	001205068	1205098	1205097	1020442202	16	336	19	1020443589				452	Поле 336 не содержит кода подполя.
rsl03_z00.dat	001205068	1205098	1205097	1020442202	17	337	20	1020443619				452	Поле 337 не содержит кода подполя.
rsl03_z00.dat	001205069	1205099	1205098	1020443647	7	041	9	1020443914				453	Поле 041 не содержит кода подполя.
rsl03_z00.dat	001205069	1205099	1205098	1020443647	12	300	14	1020444071				453	Поле 300 не содержит кода подполя.
rsl03_z00.dat	001205069	1205099	1205098	1020443647	15	650	17	1020444647				453	Поле 650 не содержит кода подполя.
rsl03_z00.dat	001205069	1205099	1205098	1020443647	16	650	18	1020444703				453	Поле 650 не содержит кода подполя.
rsl03_z00.dat	001205069	1205099	1205098	1020443647	17	650	19	1020444731				453	Поле 650 не содержит кода подполя.
rsl03_z00.dat	001205069	1205099	1205098	1020443647	18	912	20	1020444771				453	Поле 912 не содержит кода подполя.
rsl03_z00.dat	001205070	1205100	1205099	1020444903	7	041	9	1020445170				454	Поле 041 не содержит кода подполя.
rsl03_z00.dat	001205070	1205100	1205099	1020444903	12	300	14	1020445412				454	Поле 300 не содержит кода подполя.
rsl03_z00.dat	001205070	1205100	1205099	1020444903	14	650	16	1020446197				454	Поле 650 не содержит кода подполя.
rsl03_z00.dat	001205070	1205100	1205099	1020444903	15	650	17	1020446232				454	Поле 650 не содержит кода подполя.
rsl03_z00.dat	001205070	1205100	1205099	1020444903	16	700	18	1020446276				454	Поле 700 не содержит кода подполя.
rsl03_z00.dat	001205070	1205100	1205099	1020444903	17	912	19	1020446305				454	Поле 912 не содержит кода подполя.
rsl03_z00.dat	001205070	1205100	1205099	1020444903	18	336	21	1020446377				454	Поле 336 не содержит кода подполя.
rsl03_z00.dat	001205070	1205100	1205099	1020444903	19	337	22	1020446407				454	Поле 337 не содержит кода подполя.
rsl03_z00.dat	001205071	1205101	1205100	1020446434	11	260	13	1020446886				455	Поле 260 не содержит кода подполя.
rsl03_z00.dat	001205071	1205101	1205100	1020446434	12	300	14	1020446916				455	Поле 300 не содержит кода подполя.
rsl03_z00.dat	001205071	1205101	1205100	1020446434	15	546	17	1020447729				455	Поле 546 не содержит кода подполя.
rsl03_z00.dat	001205071	1205101	1205100	1020446434	16	650	18	1020447751				455	Поле 650 не содержит кода подполя.
rsl03_z00.dat	001205071	1205101	1205100	1020446434	17	912	19	1020447799				455	Поле 912 не содержит кода подполя.
rsl03_z00.dat	001205071	1205101	1205100	1020446434	19	337	22	1020447902				455	Поле 337 не содержит кода подполя.
rsl03_z00.dat	001205072	1205102	1205101	1020447931	7	041	9	1020448198				456	Поле 041 не содержит кода подполя.
rsl03_z00.dat	001205072	1205102	1205101	1020447931	11	260	13	1020448365				456	Поле 260 не содержит кода подполя.
rsl03_z00.dat	001205072	1205102	1205101	1020447931	12	300	14	1020448401				456	Поле 300 не содержит кода подполя.
rsl03_z00.dat	001205072	1205102	1205101	1020447931	15	650	17	1020448999				456	Поле 650 не содержит кода подполя.
rsl03_z00.dat	001205072	1205102	1205101	1020447931	16	650	18	1020449025				456	Поле 650 не содержит кода подполя.
rsl03_z00.dat	001205072	1205102	1205101	1020447931	17	650	19	1020449052				456	Поле 650 не содержит кода подполя.
rsl03_z00.dat	001205072	1205102	1205101	1020447931	18	700	20	1020449094				456	Поле 700 не содержит кода подполя.
rsl03_z00.dat	001205072	1205102	1205101	1020447931	19	700	21	1020449124				456	Поле 700 не содержит кода подполя.
rsl03_z00.dat	001205072	1205102	1205101	1020447931	20	912	22	1020449157				456	Поле 912 не содержит кода подполя.
rsl03_z00.dat	001205072	1205102	1205101	1020447931	21	336	24	1020449229				456	Поле 336 не содержит кода подполя.
rsl03_z00.dat	001205073	1205103	1205102	1020449288	7	041	9	1020449556				457	Поле 041 не содержит кода подполя.
rsl03_z00.dat	001205073	1205103	1205102	1020449288	11	260	13	1020449723				457	Поле 260 не содержит кода подполя.
rsl03_z00.dat	001205073	1205103	1205102	1020449288	14	650	16	1020450588				457	Поле 650 не содержит кода подполя.
rsl03_z00.dat	001205073	1205103	1205102	1020449288	15	650	17	1020450623				457	Поле 650 не содержит кода подполя.
rsl03_z00.dat	001205073	1205103	1205102	1020449288	16	650	18	1020450655				457	Поле 650 не содержит кода подполя.
rsl03_z00.dat	001205073	1205103	1205102	1020449288	17	912	19	1020450698				457	Поле 912 не содержит кода подполя.
rsl03_z00.dat	001205074	1205104	1205103	1020450828	7	041	9	1020451095				458	Поле 041 не содержит кода подполя.
rsl03_z00.dat	001205074	1205104	1205103	1020450828	11	260	13	1020451252				458	Поле 260 не содержит кода подполя.
rsl03_z00.dat	001205074	1205104	1205103	1020450828	12	300	14	1020451297				458	Поле 300 не содержит кода подполя.
rsl03_z00.dat	001205074	1205104	1205103	1020450828	15	650	17	1020452259				458	Поле 650 не содержит кода подполя.
rsl03_z00.dat	001205074	1205104	1205103	1020450828	16	650	18	1020452298				458	Поле 650 не содержит кода подполя.
rsl03_z00.dat	001205074	1205104	1205103	1020450828	17	700	19	1020452356				458	Поле 700 не содержит кода подполя.
rsl03_z00.dat	001205074	1205104	1205103	1020450828	18	912	20	1020452388				458	Поле 912 не содержит кода подполя.
rsl03_z00.dat	001205074	1205104	1205103	1020450828	20	337	23	1020452489				458	Поле 337 не содержит кода подполя.
rsl03_z00.dat	001205075	1205105	1205104	1020452518	7	041	9	1020452786				459	Поле 041 не содержит кода подполя.
rsl03_z00.dat	001205075	1205105	1205104	1020452518	11	260	13	1020452942				459	Поле 260 не содержит кода подполя.
rsl03_z00.dat	001205075	1205105	1205104	1020452518	12	300	14	1020452975				459	Поле 300 не содержит кода подполя.
rsl03_z00.dat	001205075	1205105	1205104	1020452518	15	650	17	1020453633				459	Поле 650 не содержит кода подполя.
rsl03_z00.dat	001205075	1205105	1205104	1020452518	16	700	18	1020453694				459	Поле 700 не содержит кода подполя.
rsl03_z00.dat	001205075	1205105	1205104	1020452518	17	912	19	1020453730				459	Поле 912 не содержит кода подполя.
rsl03_z00.dat	001205075	1205105	1205104	1020452518	18	336	21	1020453802				459	Поле 336 не содержит кода подполя.
rsl03_z00.dat	001205076	1205106	1205105	1020453861	7	041	9	1020454128				460	Поле 041 не содержит кода подполя.
rsl03_z00.dat	001205076	1205106	1205105	1020453861	11	260	13	1020454333				460	Поле 260 не содержит кода подполя.
rsl03_z00.dat	001205076	1205106	1205105	1020453861	12	300	14	1020454367				460	Поле 300 не содержит кода подполя.
rsl03_z00.dat	001205076	1205106	1205105	1020453861	17	600	19	1020455367				460	Поле 600 не содержит кода подполя.
rsl03_z00.dat	001205076	1205106	1205105	1020453861	18	650	20	1020455416				460	Поле 650 не содержит кода подполя.
rsl03_z00.dat	001205076	1205106	1205105	1020453861	19	650	21	1020455466				460	Поле 650 не содержит кода подполя.
rsl03_z00.dat	001205076	1205106	1205105	1020453861	20	912	22	1020455546				460	Поле 912 не содержит кода подполя.
rsl03_z00.dat	001205076	1205106	1205105	1020453861	21	336	24	1020455617				460	Поле 336 не содержит кода подполя.
rsl03_z00.dat	001205077	1205107	1205106	1020455676	7	041	9	1020455944				461	Поле 041 не содержит кода подполя.
rsl03_z00.dat	001205077	1205107	1205106	1020455676	11	260	13	1020456114				461	Поле 260 не содержит кода подполя.
rsl03_z00.dat	001205077	1205107	1205106	1020455676	16	912	18	1020456673				461	Поле 912 не содержит кода подполя.
rsl03_z00.dat	001205078	1205108	1205107	1020456804	7	041	9	1020457070				462	Поле 041 не содержит кода подполя.
rsl03_z00.dat	001205078	1205108	1205107	1020456804	11	260	13	1020457247				462	Поле 260 не содержит кода подполя.
rsl03_z00.dat	001205078	1205108	1205107	1020456804	14	555	16	1020457569				462	Поле 555 не содержит кода подполя.
rsl03_z00.dat	001205078	1205108	1205107	1020456804	15	600	17	1020457608				462	Поле 600 не содержит кода подполя.
rsl03_z00.dat	001205078	1205108	1205107	1020456804	16	650	18	1020457637				462	Поле 650 не содержит кода подполя.
rsl03_z00.dat	001205078	1205108	1205107	1020456804	17	650	19	1020457673				462	Поле 650 не содержит кода подполя.
rsl03_z00.dat	001205078	1205108	1205107	1020456804	18	650	20	1020457707				462	Поле 650 не содержит кода подполя.
rsl03_z00.dat	001205078	1205108	1205107	1020456804	19	912	21	1020457738				462	Поле 912 не содержит кода подполя.
rsl03_z00.dat	001205078	1205108	1205107	1020456804	21	337	24	1020457841				462	Поле 337 не содержит кода подполя.
rsl03_z00.dat	001429730	1362510	1362509	1357231181	12	260	14	1357231629				463	Поле 260 не содержит кода подполя.
