file	recordId	recordNumber	recordIndex	byteOffset	fieldIndex	tag	sourceFieldNumber	fieldByteOffset	indicatorIndex	subfieldIndex	problemByteOffset	reportLine	message
rsl01_z00.dat	000499416	429917	429916	558519749	10	044	12	558520073				7	Поле 044 не содержит кода подполя.
rsl01_z00.dat	000519618	445560	445559	578738405	10	044	12	578738723				8	Поле 044 не содержит кода подполя.
rsl01_z00.dat	000544002	464380	464379	603032096	9	044	11	603032389				10	Поле 044 не содержит кода подполя.
rsl01_z00.dat	000608007	521402	521401	692681153	14	246	16	692681845				11	Поле 246 не содержит кода подполя.
rsl01_z00.dat	000952914	936042	936041	1254135273	9	044	11	1254135560				15	Поле 044 не содержит кода подполя.
rsl01_z00.dat	002086634	2044195	2044194	2896021104	9	044	11	2896021404				55	Поле 044 не содержит кода подполя.
rsl01_z00.dat	004235406	3872994	3872993	5396417325	12	600	14	5396418132				246	Поле 600 не содержит кода подполя.
rsl01_z00.dat	004427345	4138350	4138349	5810633088	6	044	8	5810633297				259	Поле 044 не содержит кода подполя.
rsl01_z00.dat	004437031	4144841	4144840	5817939184	7	044	9	5817939400				260	Поле 044 не содержит кода подполя.
rsl01_z00.dat	004474163	4168190	4168189	5843160291	7	044	9	5843160507				261	Поле 044 не содержит кода подполя.
rsl01_z00.dat	004542755	4195293	4195292	5882265156	13	362	15	5882265855				265	Поле 362 не содержит кода подполя.
rsl01_z00.dat	004909419	4537317	4537316	6410432793	9	300	11	6410433225				289	Поле 300 не содержит кода подполя.
rsl01_z00.dat	004908701	4538706	4538705	6412261997	10	300	12	6412262557				290	Поле 300 не содержит кода подполя.
rsl01_z00.dat	004908923	5082305	5082304	7222093346	9	300	11	7222093787				491	Поле 300 не содержит кода подполя.
rsl01_z00.dat	009725777	9136346	9136345	12875269160	4	017	6	12875269311				1469	Поле 017 не содержит кода подполя.
rsl01_z00.dat	009964566	9365886	9365885	13266687693	16	952	24	13266688906				1478	Поле 952 не содержит кода подполя.
rsl01_z00.dat	009964566	9365886	9365885	13266687693	17	952	25	13266688926				1478	Поле 952 не содержит кода подполя.
rsl01_z00.dat	009964566	9365886	9365885	13266687693	18	952	26	13266688946				1478	Поле 952 не содержит кода подполя.
rsl01_z00.dat	010216615	9597202	9597201	13657631089	19	500	21	13657632050				1492	Поле 500 не содержит кода подполя.
rsl01_z00.dat	004512015	10392884	10392883	15039207601	13	362	15	15039208393				1658	Поле 362 не содержит кода подполя.
rsl01_z00.dat	004911332	10428005	10428004	15105651197	11	300	13	15105651883				1660	Поле 300 не содержит кода подполя.
rsl01_z00.dat	015163431	10490656	10490655	15226363450	12	111	14	15226363856				1665	Поле 111 не содержит кода подполя.
rsl01_z00.dat	011197807	10577952	10577951	15387285676	11	044	13	15387286035				1678	Поле 044 не содержит кода подполя.
rsl01_z00.dat	011183074	10904765	10904764	15975608019	9	044	11	15975608294				1741	Поле 044 не содержит кода подполя.
rsl01_z00.dat	011630161	11084024	11084023	16317426357	4	017	6	16317426508				1790	Поле 017 не содержит кода подполя.
rsl01_z00.dat	011182909	11178490	11178489	16486451764	9	044	11	16486452040				1817	Поле 044 не содержит кода подполя.
rsl01_z00.dat	011768442	11363980	11363979	16820207851	11	250	13	16820208253				1822	Поле 250 не содержит кода подполя.
rsl01_z00.dat	015163434	11376879	11376878	16844056525	12	111	14	16844056952				1824	Поле 111 не содержит кода подполя.
rsl01_z00.dat	011819269	11525218	11525217	17138423627	9	044	11	17138423936				1885	Поле 044 не содержит кода подполя.
rsl01_z00.dat	011821779	11526561	11526560	17140695044	8	044	10	17140695309				1886	Поле 044 не содержит кода подполя.
rsl01_z00.dat	012218967	11861032	11861031	17697636036	10	246	12	17697636447				1964	Поле 246 не содержит кода подполя.
rsl01_z00.dat	012233758	11874828	11874827	17718747344	4	017	6	17718747495				1971	Поле 017 не содержит кода подполя.
rsl01_z00.dat	012993588	12656981	12656980	19005666382	11	534	13	19005666878				2046	Поле 534 не содержит кода подполя.
rsl01_z00.dat	012993707	12657124	12657123	19005971054	11	534	13	19005971605				2047	Поле 534 не содержит кода подполя.
rsl01_z00.dat	010999050	13467370	13467369	20307592781	9	044	11	20307593062				2179	Поле 044 не содержит кода подполя.
rsl01_z00.dat	013843957	13716532	13716531	20675806557	14	362	16	20675807256				2192	Поле 362 не содержит кода подполя.
rsl01_z00.dat	013896061	13787358	13787357	20795195095	3	017	5	20795195196				2194	Поле 017 не содержит кода подполя.
rsl01_z00.dat	015149470	14750754	14750753	21756127332	13	111	15	21756127760				2252	Поле 111 не содержит кода подполя.
rsl01_z00.dat	015152457	14880607	14880606	21887532937	11	246	13	21887533405				2254	Поле 246 не содержит кода подполя.
rsl01_z00.dat	015033183	14966557	14966556	21978150750	10	362	12	21978151308				2255	Поле 362 не содержит кода подполя.
rsl01_z00.dat	015143187	15092661	15092660	22199450033	12	111	14	22199450439				2256	Поле 111 не содержит кода подполя.
rsl01_z00.dat	015142945	15110648	15110647	22231142545	14	111	16	22231143002				2257	Поле 111 не содержит кода подполя.
rsl01_z00.dat	015143183	15110868	15110867	22231515887	11	111	13	22231516225				2258	Поле 111 не содержит кода подполя.
rsl01_z00.dat	015143192	15110871	15110870	22231518551	12	111	14	22231518978				2259	Поле 111 не содержит кода подполя.
rsl01_z00.dat	015143226	15110910	15110909	22231576301	12	111	14	22231576725				2260	Поле 111 не содержит кода подполя.
rsl01_z00.dat	015143231	15110918	15110917	22231592041	11	111	13	22231592400				2261	Поле 111 не содержит кода подполя.
rsl01_z00.dat	015144124	15111572	15111571	22232512771	13	111	15	22232513234				2262	Поле 111 не содержит кода подполя.
rsl01_z00.dat	015144161	15111588	15111587	22232537981	12	111	14	22232538374				2263	Поле 111 не содержит кода подполя.
rsl01_z00.dat	015144568	15111941	15111940	22233017127	15	111	17	22233017628				2264	Поле 111 не содержит кода подполя.
rsl01_z00.dat	015144579	15111954	15111953	22233036775	12	111	14	22233037163				2265	Поле 111 не содержит кода подполя.
rsl01_z00.dat	015144657	15112011	15112010	22233126175	12	111	14	22233126567				2266	Поле 111 не содержит кода подполя.
rsl01_z00.dat	015145356	15112576	15112575	22233943004	12	111	14	22233943389				2267	Поле 111 не содержит кода подполя.
rsl01_z00.dat	015148607	15115909	15115908	22239082655	11	111	13	22239083020				2268	Поле 111 не содержит кода подполя.
rsl01_z00.dat	015148676	15115978	15115977	22239180452	12	111	14	22239180839				2269	Поле 111 не содержит кода подполя.
rsl01_z00.dat	015149448	15116781	15116780	22240360240	10	111	12	22240360555				2270	Поле 111 не содержит кода подполя.
rsl01_z00.dat	015149582	15116868	15116867	22240524555	11	111	13	22240524879				2271	Поле 111 не содержит кода подполя.
rsl01_z00.dat	015152499	15119579	15119578	22244760483	11	111	13	22244760808				2272	Поле 111 не содержит кода подполя.
rsl01_z00.dat	015153363	15120362	15120361	22245797056	13	111	15	22245797559				2273	Поле 111 не содержит кода подполя.
rsl01_z00.dat	015153670	15120662	15120661	22246228375	13	111	15	22246228829				2274	Поле 111 не содержит кода подполя.
rsl01_z00.dat	015162832	15130524	15130523	22261195743	12	111	14	22261196116				2275	Поле 111 не содержит кода подполя.
rsl01_z00.dat	015162865	15130548	15130547	22261226645	12	111	14	22261227045				2276	Поле 111 не содержит кода подполя.
rsl01_z00.dat	015162869	15130551	15130550	22261230828	12	111	14	22261231244				2277	Поле 111 не содержит кода подполя.
rsl01_z00.dat	015162936	15130596	15130595	22261293857	12	111	14	22261294261				2278	Поле 111 не содержит кода подполя.
rsl01_z00.dat	015162943	15130604	15130603	22261304764	12	111	14	22261305151				2279	Поле 111 не содержит кода подполя.
rsl01_z00.dat	015162966	15130627	15130626	22261333478	12	111	14	22261333878				2280	Поле 111 не содержит кода подполя.
rsl01_z00.dat	015162977	15130637	15130636	22261345114	12	111	14	22261345514				2281	Поле 111 не содержит кода подполя.
rsl01_z00.dat	015162994	15130640	15130639	22261351817	11	111	13	22261352192				2282	Поле 111 не содержит кода подполя.
rsl01_z00.dat	015163074	15130721	15130720	22261455410	11	111	13	22261455774				2283	Поле 111 не содержит кода подполя.
rsl01_z00.dat	015163084	15130727	15130726	22261466237	11	111	13	22261466609				2284	Поле 111 не содержит кода подполя.
rsl01_z00.dat	015163129	15130768	15130767	22261526338	11	111	13	22261526702				2285	Поле 111 не содержит кода подполя.
rsl01_z00.dat	015163137	15130776	15130775	22261535380	11	111	13	22261535752				2286	Поле 111 не содержит кода подполя.
rsl01_z00.dat	015163141	15130781	15130780	22261543243	11	111	13	22261543618				2287	Поле 111 не содержит кода подполя.
rsl01_z00.dat	015163147	15130786	15130785	22261550972	11	111	13	22261551338				2288	Поле 111 не содержит кода подполя.
rsl01_z00.dat	015163179	15130823	15130822	22261604611	11	111	13	22261604974				2289	Поле 111 не содержит кода подполя.
rsl01_z00.dat	015163182	15130828	15130827	22261611941	11	111	13	22261612305				2290	Поле 111 не содержит кода подполя.
rsl01_z00.dat	015163186	15130831	15130830	22261622282	11	111	13	22261622641				2291	Поле 111 не содержит кода подполя.
rsl01_z00.dat	015163189	15130833	15130832	22261626356	11	111	13	22261626724				2292	Поле 111 не содержит кода подполя.
rsl01_z00.dat	015163190	15130834	15130833	22261629544	11	111	13	22261629908				2293	Поле 111 не содержит кода подполя.
rsl01_z00.dat	015163193	15130837	15130836	22261634769	11	111	13	22261635134				2294	Поле 111 не содержит кода подполя.
rsl01_z00.dat	015163195	15130842	15130841	22261642495	11	111	13	22261642876				2295	Поле 111 не содержит кода подполя.
rsl01_z00.dat	015163198	15130845	15130844	22261647523	11	111	13	22261647888				2296	Поле 111 не содержит кода подполя.
rsl01_z00.dat	015163202	15130848	15130847	22261650826	11	111	13	22261651207				2297	Поле 111 не содержит кода подполя.
rsl01_z00.dat	015163204	15130851	15130850	22261657255	11	111	13	22261657626				2298	Поле 111 не содержит кода подполя.
rsl01_z00.dat	015163208	15130852	15130851	22261660212	11	111	13	22261660558				2299	Поле 111 не содержит кода подполя.
rsl01_z00.dat	015163381	15131011	15131010	22261886174	12	111	14	22261886601				2300	Поле 111 не содержит кода подполя.
rsl01_z00.dat	015163388	15131017	15131016	22261892906	12	111	14	22261893317				2301	Поле 111 не содержит кода подполя.
rsl01_z00.dat	015163429	15131054	15131053	22261958573	12	111	14	22261958981				2302	Поле 111 не содержит кода подполя.
rsl01_z00.dat	015163444	15131064	15131063	22261973721	12	111	14	22261974124				2303	Поле 111 не содержит кода подполя.
rsl01_z00.dat	015163451	15131071	15131070	22261986600	12	111	14	22261987019				2304	Поле 111 не содержит кода подполя.
rsl01_z00.dat	015163455	15131075	15131074	22261991692	12	111	14	22261992122				2305	Поле 111 не содержит кода подполя.
rsl01_z00.dat	015163462	15131082	15131081	22261999940	12	111	14	22262000314				2306	Поле 111 не содержит кода подполя.
rsl01_z00.dat	015163467	15131087	15131086	22262009699	12	111	14	22262010129				2307	Поле 111 не содержит кода подполя.
rsl01_z00.dat	015163473	15131095	15131094	22262020067	12	111	14	22262020460				2308	Поле 111 не содержит кода подполя.
rsl01_z00.dat	015316878	15267097	15267096	22440226058	14	952	19	22440226856				2313	Поле 952 не содержит кода подполя.
rsl01_z00.dat	015316878	15267097	15267096	22440226058	15	952	20	22440226876				2313	Поле 952 не содержит кода подполя.
rsl01_z00.dat	015069423	15270989	15270988	22446680689	16	952	21	22446682382				2314	Поле 952 не содержит кода подполя.
rsl01_z00.dat	015114248	15271162	15271161	22446960659	16	952	22	22446962800				2315	Поле 952 не содержит кода подполя.
rsl01_z00.dat	015114248	15271162	15271161	22446960659	17	952	23	22446962824				2315	Поле 952 не содержит кода подполя.
rsl01_z00.dat	015114248	15271162	15271161	22446960659	18	952	24	22446962848				2315	Поле 952 не содержит кода подполя.
rsl01_z00.dat	015603440	15418210	15418209	22601222245	18	952	30	22601223948				2316	Поле 952 не содержит кода подполя.
rsl01_z00.dat	015603440	15418210	15418209	22601222245	19	952	31	22601223972				2316	Поле 952 не содержит кода подполя.
rsl01_z00.dat	015603440	15418210	15418209	22601222245	20	952	32	22601223996				2316	Поле 952 не содержит кода подполя.
rsl01_z00.dat	015154914	15466273	15466272	22649602789	13	111	15	22649603246				2317	Поле 111 не содержит кода подполя.
rsl01_z00.dat	015609873	15524347	15524346	22710323824	15	952	23	22710325413				2318	Поле 952 не содержит кода подполя.
rsl01_z00.dat	015651196	15625540	15625539	22830759692	19	500	21	22830760775				2320	Поле 500 не содержит кода подполя.
rsl01_z00.dat	015646137	15628762	15628761	22834996619	14	515	16	22834997661				2321	Поле 515 не содержит кода подполя.
rsl01_z00.dat	015659454	15633243	15633242	22842093907	26	952	32	22842095377				2322	Поле 952 не содержит кода подполя.
rsl01_z00.dat	015656763	15634563	15634562	22844424511	21	700	23	22844425992				2323	Поле 700 не содержит кода подполя.
rsl01_z00.dat	015649233	15679398	15679397	22865548962	12	504	14	22865550049				2324	Поле 504 не содержит кода подполя.
rsl03_z00.dat	000815415	816659	816658	701273648	5	022	7	701273817				7	Поле 022 не содержит кода подполя.
rsl03_z00.dat	000815416	816660	816659	701274722	5	022	7	701274891				8	Поле 022 не содержит кода подполя.
rsl03_z00.dat	000815417	816661	816660	701275809	5	022	7	701275978				9	Поле 022 не содержит кода подполя.
rsl03_z00.dat	000815418	816662	816661	701276943	5	022	7	701277112				10	Поле 022 не содержит кода подполя.
rsl03_z00.dat	000827526	828887	828886	714238330	5	022	7	714238500				11	Поле 022 не содержит кода подполя.
rsl03_z00.dat	000827527	828888	828887	714239324	5	022	7	714239494				12	Поле 022 не содержит кода подполя.
rsl03_z00.dat	000840983	842412	842411	725790106	5	022	7	725790276				13	Поле 022 не содержит кода подполя.
rsl03_z00.dat	000840985	842414	842413	725792088	5	022	7	725792258				14	Поле 022 не содержит кода подполя.
rsl03_z00.dat	000840986	842415	842414	725793067	5	022	7	725793237				15	Поле 022 не содержит кода подполя.
rsl03_z00.dat	000848740	850169	850168	732068946	5	022	7	732069116				16	Поле 022 не содержит кода подполя.
rsl03_z00.dat	000848741	850170	850169	732069929	5	022	7	732070099				17	Поле 022 не содержит кода подполя.
rsl03_z00.dat	000848742	850171	850170	732070867	5	022	7	732071037				18	Поле 022 не содержит кода подполя.
rsl03_z00.dat	000874687	876186	876185	753782398	5	022	7	753782568				19	Поле 022 не содержит кода подполя.
rsl03_z00.dat	000886200	887799	887798	763784036	5	022	7	763784206				20	Поле 022 не содержит кода подполя.
rsl03_z00.dat	000886201	887800	887799	763785056	5	022	7	763785226				21	Поле 022 не содержит кода подполя.
rsl03_z00.dat	000886202	887801	887800	763786032	5	022	7	763786202				22	Поле 022 не содержит кода подполя.
rsl03_z00.dat	000912741	914448	914447	786168959	5	022	7	786169129				24	Поле 022 не содержит кода подполя.
rsl03_z00.dat	000912742	914449	914448	786170019	5	022	7	786170189				25	Поле 022 не содержит кода подполя.
rsl03_z00.dat	000912770	914477	914476	786192519	5	022	7	786192689				26	Поле 022 не содержит кода подполя.
rsl03_z00.dat	000929565	931386	931385	800866206	5	022	7	800866375				27	Поле 022 не содержит кода подполя.
rsl03_z00.dat	000929566	931387	931386	800867259	5	022	7	800867428				28	Поле 022 не содержит кода подполя.
rsl03_z00.dat	000929567	931388	931387	800868320	5	022	7	800868489				29	Поле 022 не содержит кода подполя.
rsl03_z00.dat	000935110	936932	936931	805302370	5	022	7	805302540				30	Поле 022 не содержит кода подполя.
rsl03_z00.dat	000935111	936933	936932	805303462	5	022	7	805303632				31	Поле 022 не содержит кода подполя.
rsl03_z00.dat	000954708	956585	956584	821065558	6	022	8	821065771				34	Поле 022 не содержит кода подполя.
rsl03_z00.dat	000958280	960159	960158	823999246	5	022	7	823999416				35	Поле 022 не содержит кода подполя.
rsl03_z00.dat	000958281	960160	960159	824000213	5	022	7	824000383				36	Поле 022 не содержит кода подполя.
rsl03_z00.dat	000998180	1000292	1000291	858356231	10	490	12	858356909				37	Поле 490 не содержит кода подполя.
rsl03_z00.dat	001013367	1014870	1014869	871200330	5	022	7	871200500				38	Поле 022 не содержит кода подполя.
rsl03_z00.dat	001013368	1014871	1014870	871201396	5	022	7	871201566				39	Поле 022 не содержит кода подполя.
rsl03_z00.dat	001013396	1014899	1014898	871223549	5	022	7	871223719				40	Поле 022 не содержит кода подполя.
rsl03_z00.dat	001013398	1014901	1014900	871225511	5	022	7	871225681				41	Поле 022 не содержит кода подполя.
rsl03_z00.dat	001013399	1014902	1014901	871226700	5	022	7	871226870				42	Поле 022 не содержит кода подполя.
rsl03_z00.dat	001166707	1166848	1166847	994918161	13	 01	19	994918857				48	Поле  01 не содержит кода подполя.
rsl03_z00.dat	001183050	1183176	1183175	1005820200	8	100	10	1005820452				62	Поле 100 не содержит кода подполя.
rsl03_z00.dat	001190048	1190078	1190077	1010448900	7	100	9	1010449126				81	Поле 100 не содержит кода подполя.
rsl03_z00.dat	001200258	1200288	1200287	1017105490	12	QQ9	17	1017106151				356	Поле QQ9 не содержит кода подполя.
rsl03_z00.dat	001204621	1204651	1204650	1019842606	7	041	9	1019842872				362	Поле 041 не содержит кода подполя.
rsl03_z00.dat	001204621	1204651	1204650	1019842606	10	260	12	1019842998				362	Поле 260 не содержит кода подполя.
rsl03_z00.dat	001204621	1204651	1204650	1019842606	15	650	17	1019843308				362	Поле 650 не содержит кода подполя.
rsl03_z00.dat	001204621	1204651	1204650	1019842606	16	912	18	1019843387				362	Поле 912 не содержит кода подполя.
rsl03_z00.dat	001204622	1204652	1204651	1019843519	7	041	9	1019843784				363	Поле 041 не содержит кода подполя.
rsl03_z00.dat	001204622	1204652	1204651	1019843519	11	300	13	1019844051				363	Поле 300 не содержит кода подполя.
rsl03_z00.dat	001204622	1204652	1204651	1019843519	13	520	15	1019844397				363	Поле 520 не содержит кода подполя.
rsl03_z00.dat	001204622	1204652	1204651	1019843519	14	650	16	1019844784				363	Поле 650 не содержит кода подполя.
rsl03_z00.dat	001204622	1204652	1204651	1019843519	16	700	18	1019844878				363	Поле 700 не содержит кода подполя.
rsl03_z00.dat	001204622	1204652	1204651	1019843519	17	710	19	1019844925				363	Поле 710 не содержит кода подполя.
rsl03_z00.dat	001204622	1204652	1204651	1019843519	18	912	20	1019844966				363	Поле 912 не содержит кода подполя.
rsl03_z00.dat	001204622	1204652	1204651	1019843519	19	336	22	1019845038				363	Поле 336 не содержит кода подполя.
rsl03_z00.dat	001204622	1204652	1204651	1019843519	20	337	23	1019845068				363	Поле 337 не содержит кода подполя.
rsl03_z00.dat	001204623	1204653	1204652	1019845097	7	041	9	1019845364				364	Поле 041 не содержит кода подполя.
rsl03_z00.dat	001204623	1204653	1204652	1019845097	11	260	13	1019845599				364	Поле 260 не содержит кода подполя.
rsl03_z00.dat	001204623	1204653	1204652	1019845097	12	300	14	1019845635				364	Поле 300 не содержит кода подполя.
rsl03_z00.dat	001204623	1204653	1204652	1019845097	14	650	16	1019845957				364	Поле 650 не содержит кода подполя.
rsl03_z00.dat	001204623	1204653	1204652	1019845097	15	710	17	1019845998				364	Поле 710 не содержит кода подполя.
rsl03_z00.dat	001204623	1204653	1204652	1019845097	16	912	18	1019846066				364	Поле 912 не содержит кода подполя.
rsl03_z00.dat	001204623	1204653	1204652	1019845097	17	336	20	1019846138				364	Поле 336 не содержит кода подполя.
rsl03_z00.dat	001204623	1204653	1204652	1019845097	18	337	21	1019846168				364	Поле 337 не содержит кода подполя.
rsl03_z00.dat	001204624	1204654	1204653	1019846197	7	041	9	1019846463				365	Поле 041 не содержит кода подполя.
rsl03_z00.dat	001204624	1204654	1204653	1019846197	10	260	12	1019846592				365	Поле 260 не содержит кода подполя.
rsl03_z00.dat	001204624	1204654	1204653	1019846197	11	300	13	1019846632				365	Поле 300 не содержит кода подполя.
rsl03_z00.dat	001204625	1204655	1204654	1019846911	7	041	9	1019847179				366	Поле 041 не содержит кода подполя.
rsl03_z00.dat	001204625	1204655	1204654	1019846911	10	250	12	1019847262				366	Поле 250 не содержит кода подполя.
rsl03_z00.dat	001204625	1204655	1204654	1019846911	16	650	18	1019847740				366	Поле 650 не содержит кода подполя.
rsl03_z00.dat	001204625	1204655	1204654	1019846911	17	650	19	1019847813				366	Поле 650 не содержит кода подполя.
rsl03_z00.dat	001204625	1204655	1204654	1019846911	18	912	20	1019847858				366	Поле 912 не содержит кода подполя.
rsl03_z00.dat	001204626	1204656	1204655	1019847991	11	260	13	1019848505				367	Поле 260 не содержит кода подполя.
rsl03_z00.dat	001204626	1204656	1204655	1019847991	12	300	14	1019848555				367	Поле 300 не содержит кода подполя.
rsl03_z00.dat	001204626	1204656	1204655	1019847991	18	336	21	1019848883				367	Поле 336 не содержит кода подполя.
rsl03_z00.dat	001204626	1204656	1204655	1019847991	19	337	22	1019848913				367	Поле 337 не содержит кода подполя.
rsl03_z00.dat	001204627	1204657	1204656	1019848942	7	041	9	1019849209				368	Поле 041 не содержит кода подполя.
rsl03_z00.dat	001204627	1204657	1204656	1019848942	10	260	12	1019849296				368	Поле 260 не содержит кода подполя.
rsl03_z00.dat	001204627	1204657	1204656	1019848942	11	300	13	1019849316				368	Поле 300 не содержит кода подполя.
rsl03_z00.dat	001204627	1204657	1204656	1019848942	13	650	15	1019850068				368	Поле 650 не содержит кода подполя.
rsl03_z00.dat	001204627	1204657	1204656	1019848942	14	650	16	1019850144				368	Поле 650 не содержит кода подполя.
rsl03_z00.dat	001204627	1204657	1204656	1019848942	15	650	17	1019850217				368	Поле 650 не содержит кода подполя.
rsl03_z00.dat	001204627	1204657	1204656	1019848942	16	700	18	1019850265				368	Поле 700 не содержит кода подполя.
rsl03_z00.dat	001204627	1204657	1204656	1019848942	17	773	19	1019850310				368	Поле 773 не содержит кода подполя.
rsl03_z00.dat	001204627	1204657	1204656	1019848942	18	912	20	1019850398				368	Поле 912 не содержит кода подполя.
rsl03_z00.dat	001204628	1204658	1204657	1019850528	7	041	9	1019850794				369	Поле 041 не содержит кода подполя.
rsl03_z00.dat	001204628	1204658	1204657	1019850528	11	300	13	1019851027				369	Поле 300 не содержит кода подполя.
rsl03_z00.dat	001204628	1204658	1204657	1019850528	15	650	17	1019851951				369	Поле 650 не содержит кода подполя.
rsl03_z00.dat	001204628	1204658	1204657	1019850528	16	650	18	1019852003				369	Поле 650 не содержит кода подполя.
rsl03_z00.dat	001204628	1204658	1204657	1019850528	17	650	19	1019852038				369	Поле 650 не содержит кода подполя.
rsl03_z00.dat	001204628	1204658	1204657	1019850528	18	700	20	1019852080				369	Поле 700 не содержит кода подполя.
rsl03_z00.dat	001204628	1204658	1204657	1019850528	19	700	21	1019852124				369	Поле 700 не содержит кода подполя.
rsl03_z00.dat	001204628	1204658	1204657	1019850528	20	700	22	1019852171				369	Поле 700 не содержит кода подполя.
rsl03_z00.dat	001204628	1204658	1204657	1019850528	21	912	23	1019852221				369	Поле 912 не содержит кода подполя.
rsl03_z00.dat	001204628	1204658	1204657	1019850528	22	336	25	1019852292				369	Поле 336 не содержит кода подполя.
rsl03_z00.dat	001204628	1204658	1204657	1019850528	23	337	26	1019852321				369	Поле 337 не содержит кода подполя.
rsl03_z00.dat	001204629	1204659	1204658	1019852349	7	041	9	1019852615				370	Поле 041 не содержит кода подполя.
rsl03_z00.dat	001204629	1204659	1204658	1019852349	11	260	13	1019852938				370	Поле 260 не содержит кода подполя.
rsl03_z00.dat	001204629	1204659	1204658	1019852349	12	300	14	1019852975				370	Поле 300 не содержит кода подполя.
rsl03_z00.dat	001204629	1204659	1204658	1019852349	13	504	15	1019853006				370	Поле 504 не содержит кода подполя.
rsl03_z00.dat	001204629	1204659	1204658	1019852349	15	650	17	1019853859				370	Поле 650 не содержит кода подполя.
rsl03_z00.dat	001204629	1204659	1204658	1019852349	16	650	18	1019853942				370	Поле 650 не содержит кода подполя.
rsl03_z00.dat	001204629	1204659	1204658	1019852349	17	912	19	1019854020				370	Поле 912 не содержит кода подполя.
rsl03_z00.dat	001204629	1204659	1204658	1019852349	18	336	21	1019854092				370	Поле 336 не содержит кода подполя.
rsl03_z00.dat	001204629	1204659	1204658	1019852349	19	337	22	1019854122				370	Поле 337 не содержит кода подполя.
rsl03_z00.dat	001204630	1204660	1204659	1019854151	7	041	9	1019854417				371	Поле 041 не содержит кода подполя.
rsl03_z00.dat	001204630	1204660	1204659	1019854151	11	250	13	1019854793				371	Поле 250 не содержит кода подполя.
rsl03_z00.dat	001204630	1204660	1204659	1019854151	12	260	14	1019854827				371	Поле 260 не содержит кода подполя.
rsl03_z00.dat	001204630	1204660	1204659	1019854151	13	300	15	1019854865				371	Поле 300 не содержит кода подполя.
rsl03_z00.dat	001204630	1204660	1204659	1019854151	14	504	16	1019854891				371	Поле 504 не содержит кода подполя.
rsl03_z00.dat	001204630	1204660	1204659	1019854151	16	650	18	1019855721				371	Поле 650 не содержит кода подполя.
rsl03_z00.dat	001204630	1204660	1204659	1019854151	17	650	19	1019855767				371	Поле 650 не содержит кода подполя.
rsl03_z00.dat	001204630	1204660	1204659	1019854151	18	650	20	1019855848				371	Поле 650 не содержит кода подполя.
rsl03_z00.dat	001204630	1204660	1204659	1019854151	19	912	21	1019855911				371	Поле 912 не содержит кода подполя.
rsl03_z00.dat	001204630	1204660	1204659	1019854151	20	336	23	1019855983				371	Поле 336 не содержит кода подполя.
rsl03_z00.dat	001204630	1204660	1204659	1019854151	21	337	24	1019856013				371	Поле 337 не содержит кода подполя.
rsl03_z00.dat	001204631	1204661	1204660	1019856042	7	041	9	1019856308				372	Поле 041 не содержит кода подполя.
rsl03_z00.dat	001204631	1204661	1204660	1019856042	10	260	12	1019856632				372	Поле 260 не содержит кода подполя.
rsl03_z00.dat	001204631	1204661	1204660	1019856042	11	300	13	1019856688				372	Поле 300 не содержит кода подполя.
rsl03_z00.dat	001204631	1204661	1204660	1019856042	12	500	14	1019856714				372	Поле 500 не содержит кода подполя.
rsl03_z00.dat	001204631	1204661	1204660	1019856042	13	504	15	1019856745				372	Поле 504 не содержит кода подполя.
rsl03_z00.dat	001204631	1204661	1204660	1019856042	17	650	19	1019857141				372	Поле 650 не содержит кода подполя.
rsl03_z00.dat	001204631	1204661	1204660	1019856042	18	650	20	1019857189				372	Поле 650 не содержит кода подполя.
rsl03_z00.dat	001204631	1204661	1204660	1019856042	19	700	21	1019857231				372	Поле 700 не содержит кода подполя.
rsl03_z00.dat	001204631	1204661	1204660	1019856042	20	700	22	1019857272				372	Поле 700 не содержит кода подполя.
rsl03_z00.dat	001204631	1204661	1204660	1019856042	21	700	23	1019857313				372	Поле 700 не содержит кода подполя.
rsl03_z00.dat	001204631	1204661	1204660	1019856042	22	710	24	1019857357				372	Поле 710 не содержит кода подполя.
rsl03_z00.dat	001204631	1204661	1204660	1019856042	23	912	25	1019857466				372	Поле 912 не содержит кода подполя.
rsl03_z00.dat	001204631	1204661	1204660	1019856042	24	336	27	1019857538				372	Поле 336 не содержит кода подполя.
rsl03_z00.dat	001204631	1204661	1204660	1019856042	25	337	28	1019857568				372	Поле 337 не содержит кода подполя.
rsl03_z00.dat	001204632	1204662	1204661	1019857597	7	041	9	1019857863				373	Поле 041 не содержит кода подполя.
rsl03_z00.dat	001204632	1204662	1204661	1019857597	11	260	13	1019858005				373	Поле 260 не содержит кода подполя.
rsl03_z00.dat	001204632	1204662	1204661	1019857597	14	650	16	1019858144				373	Поле 650 не содержит кода подполя.
rsl03_z00.dat	001204633	1204663	1204662	1019858352	7	041	9	1019858617				374	Поле 041 не содержит кода подполя.
rsl03_z00.dat	001204633	1204663	1204662	1019858352	11	260	13	1019858870				374	Поле 260 не содержит кода подполя.
rsl03_z00.dat	001204633	1204663	1204662	1019858352	12	300	14	1019858926				374	Поле 300 не содержит кода подполя.
rsl03_z00.dat	001204633	1204663	1204662	1019858352	14	650	16	1019859621				374	Поле 650 не содержит кода подполя.
rsl03_z00.dat	001204633	1204663	1204662	1019858352	15	650	17	1019859670				374	Поле 650 не содержит кода подполя.
rsl03_z00.dat	001204633	1204663	1204662	1019858352	16	912	18	1019859740				374	Поле 912 не содержит кода подполя.
rsl03_z00.dat	001204633	1204663	1204662	1019858352	17	336	20	1019859811				374	Поле 336 не содержит кода подполя.
rsl03_z00.dat	001204633	1204663	1204662	1019858352	18	337	21	1019859841				374	Поле 337 не содержит кода подполя.
rsl03_z00.dat	001204634	1204664	1204663	1019859870	7	041	9	1019860138				375	Поле 041 не содержит кода подполя.
rsl03_z00.dat	001204634	1204664	1204663	1019859870	10	260	12	1019860276				375	Поле 260 не содержит кода подполя.
rsl03_z00.dat	001204634	1204664	1204663	1019859870	11	300	13	1019860314				375	Поле 300 не содержит кода подполя.
rsl03_z00.dat	001204634	1204664	1204663	1019859870	13	650	15	1019860878				375	Поле 650 не содержит кода подполя.
rsl03_z00.dat	001204634	1204664	1204663	1019859870	14	700	16	1019860940				375	Поле 700 не содержит кода подполя.
rsl03_z00.dat	001204634	1204664	1204663	1019859870	15	700	17	1019860981				375	Поле 700 не содержит кода подполя.
rsl03_z00.dat	001204634	1204664	1204663	1019859870	16	912	18	1019861022				375	Поле 912 не содержит кода подполя.
rsl03_z00.dat	001204635	1204665	1204664	1019861153	7	041	9	1019861419				376	Поле 041 не содержит кода подполя.
rsl03_z00.dat	001204635	1204665	1204664	1019861153	10	245	12	1019861492				376	Поле 245 не содержит кода подполя.
rsl03_z00.dat	001204635	1204665	1204664	1019861153	16	912	18	1019861762				376	Поле 912 не содержит кода подполя.
rsl03_z00.dat	001204635	1204665	1204664	1019861153	17	336	20	1019861834				376	Поле 336 не содержит кода подполя.
rsl03_z00.dat	001204636	1204666	1204665	1019861894	7	041	9	1019862160				377	Поле 041 не содержит кода подполя.
rsl03_z00.dat	001204636	1204666	1204665	1019861894	10	245	12	1019862233				377	Поле 245 не содержит кода подполя.
rsl03_z00.dat	001204636	1204666	1204665	1019861894	15	650	17	1019862476				377	Поле 650 не содержит кода подполя.
rsl03_z00.dat	001204636	1204666	1204665	1019861894	16	912	18	1019862519				377	Поле 912 не содержит кода подполя.
rsl03_z00.dat	001204636	1204666	1204665	1019861894	17	336	20	1019862591				377	Поле 336 не содержит кода подполя.
rsl03_z00.dat	001204636	1204666	1204665	1019861894	18	337	21	1019862621				377	Поле 337 не содержит кода подполя.
rsl03_z00.dat	001204637	1204667	1204666	1019862650	11	300	13	1019863216				378	Поле 300 не содержит кода подполя.
rsl03_z00.dat	001204637	1204667	1204666	1019862650	15	912	17	1019863571				378	Поле 912 не содержит кода подполя.
rsl03_z00.dat	001204637	1204667	1204666	1019862650	16	336	19	1019863643				378	Поле 336 не содержит кода подполя.
rsl03_z00.dat	001204637	1204667	1204666	1019862650	17	337	20	1019863673				378	Поле 337 не содержит кода подполя.
rsl03_z00.dat	001204638	1204668	1204667	1019863702	7	041	9	1019863968				379	Поле 041 не содержит кода подполя.
rsl03_z00.dat	001204638	1204668	1204667	1019863702	9	245	11	1019864000				379	Поле 245 не содержит кода подполя.
rsl03_z00.dat	001204638	1204668	1204667	1019863702	13	650	15	1019864457				379	Поле 650 не содержит кода подполя.
rsl03_z00.dat	001204638	1204668	1204667	1019863702	14	710	16	1019864487				379	Поле 710 не содержит кода подполя.
rsl03_z00.dat	001204638	1204668	1204667	1019863702	15	773	17	1019864614				379	Поле 773 не содержит кода подполя.
rsl03_z00.dat	001204638	1204668	1204667	1019863702	16	912	18	1019864750				379	Поле 912 не содержит кода подполя.
rsl03_z00.dat	001204638	1204668	1204667	1019863702	18	337	21	1019864852				379	Поле 337 не содержит кода подполя.
rsl03_z00.dat	001204639	1204669	1204668	1019864881	7	041	9	1019865146				380	Поле 041 не содержит кода подполя.
rsl03_z00.dat	001204639	1204669	1204668	1019864881	10	260	12	1019865374				380	Поле 260 не содержит кода подполя.
rsl03_z00.dat	001204639	1204669	1204668	1019864881	11	300	13	1019865420				380	Поле 300 не содержит кода подполя.
rsl03_z00.dat	001204639	1204669	1204668	1019864881	12	504	14	1019865455				380	Поле 504 не содержит кода подполя.
rsl03_z00.dat	001204639	1204669	1204668	1019864881	14	650	16	1019866110				380	Поле 650 не содержит кода подполя.
rsl03_z00.dat	001204639	1204669	1204668	1019864881	15	700	17	1019866140				380	Поле 700 не содержит кода подполя.
rsl03_z00.dat	001204639	1204669	1204668	1019864881	16	710	18	1019866184				380	Поле 710 не содержит кода подполя.
rsl03_z00.dat	001204639	1204669	1204668	1019864881	17	912	19	1019866250				380	Поле 912 не содержит кода подполя.
rsl03_z00.dat	001204639	1204669	1204668	1019864881	18	336	21	1019866322				380	Поле 336 не содержит кода подполя.
rsl03_z00.dat	001204639	1204669	1204668	1019864881	19	337	22	1019866352				380	Поле 337 не содержит кода подполя.
rsl03_z00.dat	001204640	1204670	1204669	1019866381	7	041	9	1019866647				381	Поле 041 не содержит кода подполя.
rsl03_z00.dat	001204640	1204670	1204669	1019866381	10	260	12	1019866980				381	Поле 260 не содержит кода подполя.
rsl03_z00.dat	001204640	1204670	1204669	1019866381	11	300	13	1019867019				381	Поле 300 не содержит кода подполя.
rsl03_z00.dat	001204640	1204670	1204669	1019866381	12	504	14	1019867049				381	Поле 504 не содержит кода подполя.
rsl03_z00.dat	001204640	1204670	1204669	1019866381	14	650	16	1019867893				381	Поле 650 не содержит кода подполя.
rsl03_z00.dat	001204640	1204670	1204669	1019866381	15	700	17	1019867943				381	Поле 700 не содержит кода подполя.
rsl03_z00.dat	001204640	1204670	1204669	1019866381	16	700	18	1019867993				381	Поле 700 не содержит кода подполя.
rsl03_z00.dat	001204640	1204670	1204669	1019866381	17	700	19	1019868035				381	Поле 700 не содержит кода подполя.
rsl03_z00.dat	001204640	1204670	1204669	1019866381	18	912	20	1019868079				381	Поле 912 не содержит кода подполя.
rsl03_z00.dat	001204640	1204670	1204669	1019866381	19	336	22	1019868151				381	Поле 336 не содержит кода подполя.
rsl03_z00.dat	001204640	1204670	1204669	1019866381	20	337	23	1019868181				381	Поле 337 не содержит кода подполя.
rsl03_z00.dat	001204641	1204671	1204670	1019868210	7	041	9	1019868476				382	Поле 041 не содержит кода подполя.
rsl03_z00.dat	001204641	1204671	1204670	1019868210	13	504	15	1019869090				382	Поле 504 не содержит кода подполя.
rsl03_z00.dat	001204641	1204671	1204670	1019868210	15	650	17	1019869407				382	Поле 650 не содержит кода подполя.
rsl03_z00.dat	001204641	1204671	1204670	1019868210	16	700	18	1019869465				382	Поле 700 не содержит кода подполя.
rsl03_z00.dat	001204641	1204671	1204670	1019868210	18	912	20	1019869630				382	Поле 912 не содержит кода подполя.
rsl03_z00.dat	001204641	1204671	1204670	1019868210	19	336	22	1019869702				382	Поле 336 не содержит кода подполя.
rsl03_z00.dat	001204642	1204672	1204671	1019869762	7	041	9	1019870028				383	Поле 041 не содержит кода подполя.
rsl03_z00.dat	001204642	1204672	1204671	1019869762	11	260	13	1019870458				383	Поле 260 не содержит кода подполя.
rsl03_z00.dat	001204642	1204672	1204671	1019869762	12	300	14	1019870541				383	Поле 300 не содержит кода подполя.
rsl03_z00.dat	001204642	1204672	1204671	1019869762	13	490	15	1019870572				383	Поле 490 не содержит кода подполя.
rsl03_z00.dat	001204642	1204672	1204671	1019869762	14	504	16	1019870595				383	Поле 504 не содержит кода подполя.
rsl03_z00.dat	001204642	1204672	1204671	1019869762	16	650	18	1019871237				383	Поле 650 не содержит кода подполя.
rsl03_z00.dat	001204642	1204672	1204671	1019869762	17	912	19	1019871280				383	Поле 912 не содержит кода подполя.
rsl03_z00.dat	001204642	1204672	1204671	1019869762	18	336	21	1019871352				383	Поле 336 не содержит кода подполя.
rsl03_z00.dat	001204642	1204672	1204671	1019869762	19	337	22	1019871382				383	Поле 337 не содержит кода подполя.
rsl03_z00.dat	001204643	1204673	1204672	1019871411	10	260	12	1019872103				384	Поле 260 не содержит кода подполя.
rsl03_z00.dat	001204643	1204673	1204672	1019871411	11	300	13	1019872153				384	Поле 300 не содержит кода подполя.
rsl03_z00.dat	001204643	1204673	1204672	1019871411	12	500	14	1019872171				384	Поле 500 не содержит кода подполя.
rsl03_z00.dat	001204643	1204673	1204672	1019871411	13	600	15	1019872258				384	Поле 600 не содержит кода подполя.
rsl03_z00.dat	001204643	1204673	1204672	1019871411	14	650	16	1019872305				384	Поле 650 не содержит кода подполя.
rsl03_z00.dat	001204643	1204673	1204672	1019871411	15	700	17	1019872335				384	Поле 700 не содержит кода подполя.
rsl03_z00.dat	001204643	1204673	1204672	1019871411	18	912	20	1019872601				384	Поле 912 не содержит кода подполя.
rsl03_z00.dat	001204643	1204673	1204672	1019871411	19	336	22	1019872673				384	Поле 336 не содержит кода подполя.
rsl03_z00.dat	001204643	1204673	1204672	1019871411	20	337	23	1019872703				384	Поле 337 не содержит кода подполя.
rsl03_z00.dat	001204644	1204674	1204673	1019872732	7	041	9	1019872999				385	Поле 041 не содержит кода подполя.
rsl03_z00.dat	001204644	1204674	1204673	1019872732	13	600	15	1019873371				385	Поле 600 не содержит кода подполя.
rsl03_z00.dat	001204644	1204674	1204673	1019872732	14	650	16	1019873418				385	Поле 650 не содержит кода подполя.
rsl03_z00.dat	001204644	1204674	1204673	1019872732	15	700	17	1019873448				385	Поле 700 не содержит кода подполя.
rsl03_z00.dat	001204644	1204674	1204673	1019872732	16	710	18	1019873490				385	Поле 710 не содержит кода подполя.
rsl03_z00.dat	001204644	1204674	1204673	1019872732	19	912	21	1019873787				385	Поле 912 не содержит кода подполя.
rsl03_z00.dat	001204644	1204674	1204673	1019872732	21	337	24	1019873889				385	Поле 337 не содержит кода подполя.
rsl03_z00.dat	001204645	1204675	1204674	1019873918	10	260	12	1019874407				386	Поле 260 не содержит кода подполя.
rsl03_z00.dat	001204645	1204675	1204674	1019873918	11	300	13	1019874447				386	Поле 300 не содержит кода подполя.
rsl03_z00.dat	001204645	1204675	1204674	1019873918	12	650	14	1019874465				386	Поле 650 не содержит кода подполя.
rsl03_z00.dat	001204645	1204675	1204674	1019873918	17	336	20	1019874772				386	Поле 336 не содержит кода подполя.
rsl03_z00.dat	001204646	1204676	1204675	1019874832	7	041	9	1019875099				387	Поле 041 не содержит кода подполя.
rsl03_z00.dat	001204646	1204676	1204675	1019874832	9	245	11	1019875140				387	Поле 245 не содержит кода подполя.
rsl03_z00.dat	001204646	1204676	1204675	1019874832	13	650	15	1019875708				387	Поле 650 не содержит кода подполя.
rsl03_z00.dat	001204646	1204676	1204675	1019874832	14	650	16	1019875777				387	Поле 650 не содержит кода подполя.
rsl03_z00.dat	001204646	1204676	1204675	1019874832	15	700	17	1019875852				387	Поле 700 не содержит кода подполя.
rsl03_z00.dat	001204646	1204676	1204675	1019874832	16	700	18	1019875894				387	Поле 700 не содержит кода подполя.
rsl03_z00.dat	001204646	1204676	1204675	1019874832	17	773	19	1019875944				387	Поле 773 не содержит кода подполя.
rsl03_z00.dat	001204646	1204676	1204675	1019874832	18	912	20	1019876053				387	Поле 912 не содержит кода подполя.
rsl03_z00.dat	001204646	1204676	1204675	1019874832	20	337	23	1019876155				387	Поле 337 не содержит кода подполя.
rsl03_z00.dat	001204647	1204677	1204676	1019876184	7	041	9	1019876449				388	Поле 041 не содержит кода подполя.
rsl03_z00.dat	001204647	1204677	1204676	1019876184	10	260	12	1019876687				388	Поле 260 не содержит кода подполя.
rsl03_z00.dat	001204647	1204677	1204676	1019876184	11	300	13	1019876743				388	Поле 300 не содержит кода подполя.
rsl03_z00.dat	001204647	1204677	1204676	1019876184	15	555	17	1019877238				388	Поле 555 не содержит кода подполя.
rsl03_z00.dat	001204647	1204677	1204676	1019876184	18	710	20	1019877367				388	Поле 710 не содержит кода подполя.
rsl03_z00.dat	001204647	1204677	1204676	1019876184	19	711	21	1019877474				388	Поле 711 не содержит кода подполя.
rsl03_z00.dat	001204647	1204677	1204676	1019876184	20	912	22	1019877580				388	Поле 912 не содержит кода подполя.
rsl03_z00.dat	001204647	1204677	1204676	1019876184	21	336	24	1019877652				388	Поле 336 не содержит кода подполя.
rsl03_z00.dat	001204648	1204678	1204677	1019877712	7	041	9	1019877977				389	Поле 041 не содержит кода подполя.
rsl03_z00.dat	001204648	1204678	1204677	1019877712	11	260	13	1019878282				389	Поле 260 не содержит кода подполя.
rsl03_z00.dat	001204648	1204678	1204677	1019877712	12	300	14	1019878338				389	Поле 300 не содержит кода подполя.
rsl03_z00.dat	001204648	1204678	1204677	1019877712	13	490	15	1019878369				389	Поле 490 не содержит кода подполя.
rsl03_z00.dat	001204648	1204678	1204677	1019877712	14	504	16	1019878397				389	Поле 504 не содержит кода подполя.
rsl03_z00.dat	001204648	1204678	1204677	1019877712	16	650	18	1019879337				389	Поле 650 не содержит кода подполя.
rsl03_z00.dat	001204648	1204678	1204677	1019877712	17	650	19	1019879378				389	Поле 650 не содержит кода подполя.
rsl03_z00.dat	001204648	1204678	1204677	1019877712	18	700	20	1019879417				389	Поле 700 не содержит кода подполя.
rsl03_z00.dat	001204648	1204678	1204677	1019877712	19	700	21	1019879461				389	Поле 700 не содержит кода подполя.
rsl03_z00.dat	001204648	1204678	1204677	1019877712	20	912	22	1019879511				389	Поле 912 не содержит кода подполя.
rsl03_z00.dat	001204648	1204678	1204677	1019877712	21	336	24	1019879583				389	Поле 336 не содержит кода подполя.
rsl03_z00.dat	001204648	1204678	1204677	1019877712	22	337	25	1019879613				389	Поле 337 не содержит кода подполя.
rsl03_z00.dat	001204649	1204679	1204678	1019879642	7	041	9	1019879907				390	Поле 041 не содержит кода подполя.
rsl03_z00.dat	001204649	1204679	1204678	1019879642	11	260	13	1019880192				390	Поле 260 не содержит кода подполя.
rsl03_z00.dat	001204649	1204679	1204678	1019879642	12	300	14	1019880247				390	Поле 300 не содержит кода подполя.
rsl03_z00.dat	001204649	1204679	1204678	1019879642	13	490	15	1019880282				390	Поле 490 не содержит кода подполя.
rsl03_z00.dat	001204649	1204679	1204678	1019879642	14	504	16	1019880310				390	Поле 504 не содержит кода подполя.
rsl03_z00.dat	001204649	1204679	1204678	1019879642	16	650	18	1019881040				390	Поле 650 не содержит кода подполя.
rsl03_z00.dat	001204649	1204679	1204678	1019879642	17	700	19	1019881110				390	Поле 700 не содержит кода подполя.
rsl03_z00.dat	001204649	1204679	1204678	1019879642	18	700	20	1019881153				390	Поле 700 не содержит кода подполя.
rsl03_z00.dat	001204649	1204679	1204678	1019879642	19	912	21	1019881202				390	Поле 912 не содержит кода подполя.
rsl03_z00.dat	001204649	1204679	1204678	1019879642	20	336	23	1019881274				390	Поле 336 не содержит кода подполя.
rsl03_z00.dat	001204649	1204679	1204678	1019879642	21	337	24	1019881304				390	Поле 337 не содержит кода подполя.
rsl03_z00.dat	001204650	1204680	1204679	1019881333	7	041	9	1019881599				391	Поле 041 не содержит кода подполя.
rsl03_z00.dat	001204650	1204680	1204679	1019881333	12	300	14	1019882025				391	Поле 300 не содержит кода подполя.
rsl03_z00.dat	001204650	1204680	1204679	1019881333	13	504	15	1019882060				391	Поле 504 не содержит кода подполя.
rsl03_z00.dat	001204650	1204680	1204679	1019881333	15	650	17	1019882932				391	Поле 650 не содержит кода подполя.
rsl03_z00.dat	001204650	1204680	1204679	1019881333	16	650	18	1019882977				391	Поле 650 не содержит кода подполя.
rsl03_z00.dat	001204650	1204680	1204679	1019881333	17	700	19	1019883035				391	Поле 700 не содержит кода подполя.
rsl03_z00.dat	001204650	1204680	1204679	1019881333	18	700	20	1019883080				391	Поле 700 не содержит кода подполя.
rsl03_z00.dat	001204650	1204680	1204679	1019881333	19	912	21	1019883128				391	Поле 912 не содержит кода подполя.
rsl03_z00.dat	001204650	1204680	1204679	1019881333	20	336	23	1019883200				391	Поле 336 не содержит кода подполя.
rsl03_z00.dat	001204650	1204680	1204679	1019881333	21	337	24	1019883229				391	Поле 337 не содержит кода подполя.
rsl03_z00.dat	001204651	1204681	1204680	1019883257	11	260	13	1019883678				392	Поле 260 не содержит кода подполя.
rsl03_z00.dat	001204651	1204681	1204680	1019883257	14	650	16	1019884252				392	Поле 650 не содержит кода подполя.
rsl03_z00.dat	001204651	1204681	1204680	1019883257	15	650	17	1019884275				392	Поле 650 не содержит кода подполя.
rsl03_z00.dat	001204651	1204681	1204680	1019883257	16	650	18	1019884306				392	Поле 650 не содержит кода подполя.
rsl03_z00.dat	001204651	1204681	1204680	1019883257	17	912	19	1019884339				392	Поле 912 не содержит кода подполя.
rsl03_z00.dat	001204651	1204681	1204680	1019883257	19	337	22	1019884440				392	Поле 337 не содержит кода подполя.
rsl03_z00.dat	001204652	1204682	1204681	1019884469	7	041	9	1019884735				393	Поле 041 не содержит кода подполя.
rsl03_z00.dat	001204652	1204682	1204681	1019884469	12	250	14	1019885096				393	Поле 250 не содержит кода подполя.
rsl03_z00.dat	001204652	1204682	1204681	1019884469	13	260	15	1019885133				393	Поле 260 не содержит кода подполя.
rsl03_z00.dat	001204652	1204682	1204681	1019884469	14	300	16	1019885216				393	Поле 300 не содержит кода подполя.
rsl03_z00.dat	001204652	1204682	1204681	1019884469	15	504	17	1019885241				393	Поле 504 не содержит кода подполя.
rsl03_z00.dat	001204652	1204682	1204681	1019884469	17	650	19	1019885992				393	Поле 650 не содержит кода подполя.
rsl03_z00.dat	001204652	1204682	1204681	1019884469	18	650	20	1019886040				393	Поле 650 не содержит кода подполя.
rsl03_z00.dat	001204652	1204682	1204681	1019884469	19	912	21	1019886092				393	Поле 912 не содержит кода подполя.
rsl03_z00.dat	001204652	1204682	1204681	1019884469	20	336	23	1019886163				393	Поле 336 не содержит кода подполя.
rsl03_z00.dat	001204652	1204682	1204681	1019884469	21	337	24	1019886193				393	Поле 337 не содержит кода подполя.
rsl03_z00.dat	001204653	1204683	1204682	1019886222	7	041	9	1019886488				394	Поле 041 не содержит кода подполя.
rsl03_z00.dat	001204653	1204683	1204682	1019886222	11	260	13	1019886796				394	Поле 260 не содержит кода подполя.
rsl03_z00.dat	001204653	1204683	1204682	1019886222	12	300	14	1019886850				394	Поле 300 не содержит кода подполя.
rsl03_z00.dat	001204653	1204683	1204682	1019886222	16	650	18	1019887989				394	Поле 650 не содержит кода подполя.
rsl03_z00.dat	001204653	1204683	1204682	1019886222	17	650	19	1019888046				394	Поле 650 не содержит кода подполя.
rsl03_z00.dat	001204653	1204683	1204682	1019886222	18	700	20	1019888093				394	Поле 700 не содержит кода подполя.
rsl03_z00.dat	001204653	1204683	1204682	1019886222	19	912	21	1019888133				394	Поле 912 не содержит кода подполя.
rsl03_z00.dat	001204653	1204683	1204682	1019886222	20	336	23	1019888205				394	Поле 336 не содержит кода подполя.
rsl03_z00.dat	001204653	1204683	1204682	1019886222	21	337	24	1019888235				394	Поле 337 не содержит кода подполя.
rsl03_z00.dat	001204654	1204684	1204683	1019888264	7	041	9	1019888529				395	Поле 041 не содержит кода подполя.
rsl03_z00.dat	001204654	1204684	1204683	1019888264	10	260	12	1019888780				395	Поле 260 не содержит кода подполя.
rsl03_z00.dat	001204654	1204684	1204683	1019888264	11	300	13	1019888836				395	Поле 300 не содержит кода подполя.
rsl03_z00.dat	001204654	1204684	1204683	1019888264	12	504	14	1019888866				395	Поле 504 не содержит кода подполя.
rsl03_z00.dat	001204654	1204684	1204683	1019888264	14	650	16	1019889871				395	Поле 650 не содержит кода подполя.
rsl03_z00.dat	001204654	1204684	1204683	1019888264	15	650	17	1019889897				395	Поле 650 не содержит кода подполя.
rsl03_z00.dat	001204654	1204684	1204683	1019888264	16	700	18	1019889947				395	Поле 700 не содержит кода подполя.
rsl03_z00.dat	001204654	1204684	1204683	1019888264	17	700	19	1019889990				395	Поле 700 не содержит кода подполя.
rsl03_z00.dat	001204654	1204684	1204683	1019888264	18	710	20	1019890034				395	Поле 710 не содержит кода подполя.
rsl03_z00.dat	001204654	1204684	1204683	1019888264	19	912	21	1019890141				395	Поле 912 не содержит кода подполя.
rsl03_z00.dat	001204654	1204684	1204683	1019888264	20	336	23	1019890212				395	Поле 336 не содержит кода подполя.
rsl03_z00.dat	001204654	1204684	1204683	1019888264	21	337	24	1019890242				395	Поле 337 не содержит кода подполя.
rsl03_z00.dat	001204655	1204685	1204684	1019890270	7	041	9	1019890536				396	Поле 041 не содержит кода подполя.
rsl03_z00.dat	001204655	1204685	1204684	1019890270	10	260	12	1019891036				396	Поле 260 не содержит кода подполя.
rsl03_z00.dat	001204655	1204685	1204684	1019890270	11	300	13	1019891080				396	Поле 300 не содержит кода подполя.
rsl03_z00.dat	001204655	1204685	1204684	1019890270	12	500	14	1019891114				396	Поле 500 не содержит кода подполя.
rsl03_z00.dat	001204655	1204685	1204684	1019890270	13	500	15	1019891157				396	Поле 500 не содержит кода подполя.
rsl03_z00.dat	001204655	1204685	1204684	1019890270	14	504	16	1019891278				396	Поле 504 не содержит кода подполя.
rsl03_z00.dat	001204655	1204685	1204684	1019890270	16	650	18	1019891922				396	Поле 650 не содержит кода подполя.
rsl03_z00.dat	001204655	1204685	1204684	1019890270	17	650	19	1019892012				396	Поле 650 не содержит кода подполя.
rsl03_z00.dat	001204655	1204685	1204684	1019890270	18	700	20	1019892108				396	Поле 700 не содержит кода подполя.
rsl03_z00.dat	001204655	1204685	1204684	1019890270	19	700	21	1019892155				396	Поле 700 не содержит кода подполя.
rsl03_z00.dat	001204655	1204685	1204684	1019890270	20	700	22	1019892199				396	Поле 700 не содержит кода подполя.
rsl03_z00.dat	001204655	1204685	1204684	1019890270	21	710	23	1019892246				396	Поле 710 не содержит кода подполя.
rsl03_z00.dat	001204655	1204685	1204684	1019890270	22	912	24	1019892367				396	Поле 912 не содержит кода подполя.
rsl03_z00.dat	001204655	1204685	1204684	1019890270	23	336	26	1019892439				396	Поле 336 не содержит кода подполя.
rsl03_z00.dat	001204655	1204685	1204684	1019890270	24	337	27	1019892469				396	Поле 337 не содержит кода подполя.
rsl03_z00.dat	001204656	1204686	1204685	1019892498	9	260	11	1019892936				397	Поле 260 не содержит кода подполя.
rsl03_z00.dat	001204656	1204686	1204685	1019892498	12	650	14	1019893144				397	Поле 650 не содержит кода подполя.
rsl03_z00.dat	001204656	1204686	1204685	1019892498	14	700	16	1019893215				397	Поле 700 не содержит кода подполя.
rsl03_z00.dat	001204656	1204686	1204685	1019892498	15	710	17	1019893260				397	Поле 710 не содержит кода подполя.
rsl03_z00.dat	001204656	1204686	1204685	1019892498	16	912	18	1019893326				397	Поле 912 не содержит кода подполя.
rsl03_z00.dat	001204656	1204686	1204685	1019892498	17	336	20	1019893397				397	Поле 336 не содержит кода подполя.
rsl03_z00.dat	001204656	1204686	1204685	1019892498	18	337	21	1019893427				397	Поле 337 не содержит кода подполя.
rsl03_z00.dat	001204657	1204687	1204686	1019893456	7	041	9	1019893723				398	Поле 041 не содержит кода подполя.
rsl03_z00.dat	001204657	1204687	1204686	1019893456	13	650	15	1019894151				398	Поле 650 не содержит кода подполя.
rsl03_z00.dat	001204657	1204687	1204686	1019893456	14	650	16	1019894182				398	Поле 650 не содержит кода подполя.
rsl03_z00.dat	001204657	1204687	1204686	1019893456	15	700	17	1019894223				398	Поле 700 не содержит кода подполя.
rsl03_z00.dat	001204657	1204687	1204686	1019893456	16	710	18	1019894268				398	Поле 710 не содержит кода подполя.
rsl03_z00.dat	001204657	1204687	1204686	1019893456	17	773	19	1019894334				398	Поле 773 не содержит кода подполя.
rsl03_z00.dat	001204657	1204687	1204686	1019893456	18	912	20	1019894381				398	Поле 912 не содержит кода подполя.
rsl03_z00.dat	001204657	1204687	1204686	1019893456	20	337	23	1019894483				398	Поле 337 не содержит кода подполя.
rsl03_z00.dat	001204658	1204688	1204687	1019894512	11	300	13	1019894952				399	Поле 300 не содержит кода подполя.
rsl03_z00.dat	001204658	1204688	1204687	1019894512	13	336	16	1019895043				399	Поле 336 не содержит кода подполя.
rsl03_z00.dat	001204659	1204689	1204688	1019895101	7	041	9	1019895367				400	Поле 041 не содержит кода подполя.
rsl03_z00.dat	001204659	1204689	1204688	1019895101	9	245	11	1019895407				400	Поле 245 не содержит кода подполя.
rsl03_z00.dat	001204659	1204689	1204688	1019895101	10	260	12	1019895423				400	Поле 260 не содержит кода подполя.
rsl03_z00.dat	001204659	1204689	1204688	1019895101	13	773	15	1019896467				400	Поле 773 не содержит кода подполя.
rsl03_z00.dat	001204659	1204689	1204688	1019895101	14	912	16	1019896545				400	Поле 912 не содержит кода подполя.
rsl03_z00.dat	001204659	1204689	1204688	1019895101	16	337	19	1019896646				400	Поле 337 не содержит кода подполя.
rsl03_z00.dat	001204660	1204690	1204689	1019896675	7	041	9	1019896941				401	Поле 041 не содержит кода подполя.
rsl03_z00.dat	001204660	1204690	1204689	1019896675	11	260	13	1019897092				401	Поле 260 не содержит кода подполя.
rsl03_z00.dat	001204660	1204690	1204689	1019896675	14	650	16	1019897501				401	Поле 650 не содержит кода подполя.
rsl03_z00.dat	001204660	1204690	1204689	1019896675	15	912	17	1019897562				401	Поле 912 не содержит кода подполя.
rsl03_z00.dat	001204661	1204691	1204690	1019897693	7	041	9	1019897959				402	Поле 041 не содержит кода подполя.
rsl03_z00.dat	001204661	1204691	1204690	1019897693	11	250	13	1019898147				402	Поле 250 не содержит кода подполя.
rsl03_z00.dat	001204661	1204691	1204690	1019897693	16	650	18	1019898578				402	Поле 650 не содержит кода подполя.
rsl03_z00.dat	001204661	1204691	1204690	1019897693	17	650	19	1019898613				402	Поле 650 не содержит кода подполя.
rsl03_z00.dat	001204661	1204691	1204690	1019897693	18	650	20	1019898687				402	Поле 650 не содержит кода подполя.
rsl03_z00.dat	001204661	1204691	1204690	1019897693	19	912	21	1019898760				402	Поле 912 не содержит кода подполя.
rsl03_z00.dat	001204661	1204691	1204690	1019897693	21	337	24	1019898861				402	Поле 337 не содержит кода подполя.
rsl03_z00.dat	001204662	1204692	1204691	1019898890	7	041	9	1019899156				403	Поле 041 не содержит кода подполя.
rsl03_z00.dat	001204662	1204692	1204691	1019898890	14	650	16	1019900174				403	Поле 650 не содержит кода подполя.
rsl03_z00.dat	001204662	1204692	1204691	1019898890	15	650	17	1019900226				403	Поле 650 не содержит кода подполя.
rsl03_z00.dat	001204662	1204692	1204691	1019898890	16	650	18	1019900275				403	Поле 650 не содержит кода подполя.
rsl03_z00.dat	001204662	1204692	1204691	1019898890	17	650	19	1019900320				403	Поле 650 не содержит кода подполя.
rsl03_z00.dat	001204662	1204692	1204691	1019898890	18	700	20	1019900379				403	Поле 700 не содержит кода подполя.
rsl03_z00.dat	001204662	1204692	1204691	1019898890	19	912	21	1019900413				403	Поле 912 не содержит кода подполя.
rsl03_z00.dat	001204662	1204692	1204691	1019898890	20	336	23	1019900484				403	Поле 336 не содержит кода подполя.
rsl03_z00.dat	001204662	1204692	1204691	1019898890	21	337	24	1019900514				403	Поле 337 не содержит кода подполя.
rsl03_z00.dat	001204663	1204693	1204692	1019900543	14	650	16	1019901408				404	Поле 650 не содержит кода подполя.
rsl03_z00.dat	001204663	1204693	1204692	1019900543	15	650	17	1019901442				404	Поле 650 не содержит кода подполя.
rsl03_z00.dat	001204663	1204693	1204692	1019900543	16	912	18	1019901482				404	Поле 912 не содержит кода подполя.
rsl03_z00.dat	001204664	1204694	1204693	1019901614	11	300	13	1019902054				405	Поле 300 не содержит кода подполя.
rsl03_z00.dat	001204664	1204694	1204693	1019901614	13	336	16	1019902145				405	Поле 336 не содержит кода подполя.
rsl03_z00.dat	001204665	1204695	1204694	1019902203	7	041	9	1019902469				406	Поле 041 не содержит кода подполя.
rsl03_z00.dat	001204665	1204695	1204694	1019902203	9	245	11	1019902509				406	Поле 245 не содержит кода подполя.
rsl03_z00.dat	001204665	1204695	1204694	1019902203	10	260	12	1019902525				406	Поле 260 не содержит кода подполя.
rsl03_z00.dat	001204665	1204695	1204694	1019902203	13	773	15	1019903614				406	Поле 773 не содержит кода подполя.
rsl03_z00.dat	001204665	1204695	1204694	1019902203	14	912	16	1019903691				406	Поле 912 не содержит кода подполя.
rsl03_z00.dat	001204665	1204695	1204694	1019902203	16	337	19	1019903792				406	Поле 337 не содержит кода подполя.
rsl03_z00.dat	001204666	1204696	1204695	1019903821	7	041	9	1019904086				407	Поле 041 не содержит кода подполя.
rsl03_z00.dat	001204666	1204696	1204695	1019903821	10	260	12	1019904325				407	Поле 260 не содержит кода подполя.
rsl03_z00.dat	001204666	1204696	1204695	1019903821	11	300	13	1019904365				407	Поле 300 не содержит кода подполя.
rsl03_z00.dat	001204666	1204696	1204695	1019903821	12	500	14	1019904395				407	Поле 500 не содержит кода подполя.
rsl03_z00.dat	001204666	1204696	1204695	1019903821	15	650	17	1019904789				407	Поле 650 не содержит кода подполя.
rsl03_z00.dat	001204666	1204696	1204695	1019903821	16	700	18	1019904837				407	Поле 700 не содержит кода подполя.
rsl03_z00.dat	001204666	1204696	1204695	1019903821	17	700	19	1019904881				407	Поле 700 не содержит кода подполя.
rsl03_z00.dat	001204666	1204696	1204695	1019903821	18	700	20	1019904925				407	Поле 700 не содержит кода подполя.
rsl03_z00.dat	001204666	1204696	1204695	1019903821	19	700	21	1019904966				407	Поле 700 не содержит кода подполя.
rsl03_z00.dat	001204666	1204696	1204695	1019903821	20	912	22	1019905007				407	Поле 912 не содержит кода подполя.
rsl03_z00.dat	001204666	1204696	1204695	1019903821	21	336	24	1019905079				407	Поле 336 не содержит кода подполя.
rsl03_z00.dat	001204666	1204696	1204695	1019903821	22	337	25	1019905108				407	Поле 337 не содержит кода подполя.
rsl03_z00.dat	001204667	1204697	1204696	1019905137	7	041	9	1019905403				408	Поле 041 не содержит кода подполя.
rsl03_z00.dat	001204667	1204697	1204696	1019905137	15	650	17	1019906636				408	Поле 650 не содержит кода подполя.
rsl03_z00.dat	001204667	1204697	1204696	1019905137	16	650	18	1019906680				408	Поле 650 не содержит кода подполя.
rsl03_z00.dat	001204667	1204697	1204696	1019905137	17	700	19	1019906729				408	Поле 700 не содержит кода подполя.
rsl03_z00.dat	001204667	1204697	1204696	1019905137	18	700	20	1019906773				408	Поле 700 не содержит кода подполя.
rsl03_z00.dat	001204667	1204697	1204696	1019905137	19	912	21	1019906824				408	Поле 912 не содержит кода подполя.
rsl03_z00.dat	001204667	1204697	1204696	1019905137	20	336	23	1019906896				408	Поле 336 не содержит кода подполя.
rsl03_z00.dat	001204667	1204697	1204696	1019905137	21	337	24	1019906926				408	Поле 337 не содержит кода подполя.
rsl03_z00.dat	001204668	1204698	1204697	1019906955	7	041	9	1019907222				409	Поле 041 не содержит кода подполя.
rsl03_z00.dat	001204668	1204698	1204697	1019906955	11	260	13	1019907470				409	Поле 260 не содержит кода подполя.
rsl03_z00.dat	001204668	1204698	1204697	1019906955	12	300	14	1019907519				409	Поле 300 не содержит кода подполя.
rsl03_z00.dat	001204668	1204698	1204697	1019906955	14	650	16	1019908179				409	Поле 650 не содержит кода подполя.
rsl03_z00.dat	001204668	1204698	1204697	1019906955	15	700	17	1019908216				409	Поле 700 не содержит кода подполя.
rsl03_z00.dat	001204668	1204698	1204697	1019906955	16	912	18	1019908266				409	Поле 912 не содержит кода подполя.
rsl03_z00.dat	001204668	1204698	1204697	1019906955	17	336	20	1019908338				409	Поле 336 не содержит кода подполя.
rsl03_z00.dat	001204668	1204698	1204697	1019906955	18	337	21	1019908368				409	Поле 337 не содержит кода подполя.
rsl03_z00.dat	001204669	1204699	1204698	1019908397	7	041	9	1019908664				410	Поле 041 не содержит кода подполя.
rsl03_z00.dat	001204669	1204699	1204698	1019908397	11	260	13	1019908800				410	Поле 260 не содержит кода подполя.
rsl03_z00.dat	001204669	1204699	1204698	1019908397	12	300	14	1019908846				410	Поле 300 не содержит кода подполя.
rsl03_z00.dat	001204669	1204699	1204698	1019908397	15	650	17	1019909542				410	Поле 650 не содержит кода подполя.
rsl03_z00.dat	001204669	1204699	1204698	1019908397	16	700	18	1019909590				410	Поле 700 не содержит кода подполя.
rsl03_z00.dat	001204669	1204699	1204698	1019908397	17	912	19	1019909633				410	Поле 912 не содержит кода подполя.
rsl03_z00.dat	001204669	1204699	1204698	1019908397	19	337	22	1019909736				410	Поле 337 не содержит кода подполя.
rsl03_z00.dat	001204670	1204700	1204699	1019909765	7	041	9	1019910031				411	Поле 041 не содержит кода подполя.
rsl03_z00.dat	001204670	1204700	1204699	1019909765	10	260	12	1019910211				411	Поле 260 не содержит кода подполя.
rsl03_z00.dat	001204670	1204700	1204699	1019909765	11	300	13	1019910267				411	Поле 300 не содержит кода подполя.
rsl03_z00.dat	001204670	1204700	1204699	1019909765	13	650	15	1019911408				411	Поле 650 не содержит кода подполя.
rsl03_z00.dat	001204670	1204700	1204699	1019909765	14	650	16	1019911444				411	Поле 650 не содержит кода подполя.
rsl03_z00.dat	001204670	1204700	1204699	1019909765	15	700	17	1019911499				411	Поле 700 не содержит кода подполя.
rsl03_z00.dat	001204670	1204700	1204699	1019909765	16	700	18	1019911542				411	Поле 700 не содержит кода подполя.
rsl03_z00.dat	001204670	1204700	1204699	1019909765	17	700	19	1019911588				411	Поле 700 не содержит кода подполя.
rsl03_z00.dat	001204670	1204700	1204699	1019909765	18	700	20	1019911632				411	Поле 700 не содержит кода подполя.
rsl03_z00.dat	001204670	1204700	1204699	1019909765	19	912	21	1019911676				411	Поле 912 не содержит кода подполя.
rsl03_z00.dat	001204670	1204700	1204699	1019909765	20	336	23	1019911748				411	Поле 336 не содержит кода подполя.
rsl03_z00.dat	001204671	1204701	1204700	1019911808	10	300	12	1019912396				412	Поле 300 не содержит кода подполя.
rsl03_z00.dat	001204671	1204701	1204700	1019911808	12	650	14	1019912501				412	Поле 650 не содержит кода подполя.
rsl03_z00.dat	001204671	1204701	1204700	1019911808	13	650	15	1019912527				412	Поле 650 не содержит кода подполя.
rsl03_z00.dat	001204671	1204701	1204700	1019911808	17	912	19	1019912732				412	Поле 912 не содержит кода подполя.
rsl03_z00.dat	001204671	1204701	1204700	1019911808	18	336	21	1019912804				412	Поле 336 не содержит кода подполя.
rsl03_z00.dat	001204672	1204702	1204701	1019912862	7	041	9	1019913129				413	Поле 041 не содержит кода подполя.
rsl03_z00.dat	001204672	1204702	1204701	1019912862	9	245	11	1019913164				413	Поле 245 не содержит кода подполя.
rsl03_z00.dat	001204672	1204702	1204701	1019912862	13	650	15	1019913676				413	Поле 650 не содержит кода подполя.
rsl03_z00.dat	001204672	1204702	1204701	1019912862	14	650	16	1019913702				413	Поле 650 не содержит кода подполя.
rsl03_z00.dat	001204672	1204702	1204701	1019912862	15	700	17	1019913732				413	Поле 700 не содержит кода подполя.
rsl03_z00.dat	001204672	1204702	1204701	1019912862	16	700	18	1019913777				413	Поле 700 не содержит кода подполя.
rsl03_z00.dat	001204672	1204702	1204701	1019912862	17	710	19	1019913817				413	Поле 710 не содержит кода подполя.
rsl03_z00.dat	001204672	1204702	1204701	1019912862	18	773	20	1019913909				413	Поле 773 не содержит кода подполя.
rsl03_z00.dat	001204672	1204702	1204701	1019912862	19	912	21	1019913976				413	Поле 912 не содержит кода подполя.
rsl03_z00.dat	001204672	1204702	1204701	1019912862	21	337	24	1019914077				413	Поле 337 не содержит кода подполя.
rsl03_z00.dat	001204673	1204703	1204702	1019914106	10	260	12	1019914597				414	Поле 260 не содержит кода подполя.
rsl03_z00.dat	001204673	1204703	1204702	1019914106	11	300	13	1019914638				414	Поле 300 не содержит кода подполя.
rsl03_z00.dat	001204673	1204703	1204702	1019914106	13	504	15	1019914796				414	Поле 504 не содержит кода подполя.
rsl03_z00.dat	001204673	1204703	1204702	1019914106	16	650	18	1019915183				414	Поле 650 не содержит кода подполя.
rsl03_z00.dat	001204673	1204703	1204702	1019914106	17	650	19	1019915222				414	Поле 650 не содержит кода подполя.
rsl03_z00.dat	001204673	1204703	1204702	1019914106	18	710	20	1019915249				414	Поле 710 не содержит кода подполя.
rsl03_z00.dat	001204673	1204703	1204702	1019914106	19	912	21	1019915368				414	Поле 912 не содержит кода подполя.
rsl03_z00.dat	001204673	1204703	1204702	1019914106	20	336	23	1019915440				414	Поле 336 не содержит кода подполя.
rsl03_z00.dat	001204673	1204703	1204702	1019914106	21	337	24	1019915469				414	Поле 337 не содержит кода подполя.
rsl03_z00.dat	001204674	1204704	1204703	1019915498	14	650	16	1019916592				415	Поле 650 не содержит кода подполя.
rsl03_z00.dat	001204674	1204704	1204703	1019915498	15	912	17	1019916627				415	Поле 912 не содержит кода подполя.
rsl03_z00.dat	001204674	1204704	1204703	1019915498	17	337	20	1019916729				415	Поле 337 не содержит кода подполя.
rsl03_z00.dat	001204675	1204705	1204704	1019916758	7	041	9	1019917024				416	Поле 041 не содержит кода подполя.
rsl03_z00.dat	001204675	1204705	1204704	1019916758	12	300	14	1019917244				416	Поле 300 не содержит кода подполя.
rsl03_z00.dat	001204675	1204705	1204704	1019916758	14	700	16	1019917495				416	Поле 700 не содержит кода подполя.
rsl03_z00.dat	001204675	1204705	1204704	1019916758	15	912	17	1019917530				416	Поле 912 не содержит кода подполя.
rsl03_z00.dat	001204675	1204705	1204704	1019916758	17	337	20	1019917633				416	Поле 337 не содержит кода подполя.
rsl03_z00.dat	001204676	1204706	1204705	1019917662	11	260	13	1019918228				417	Поле 260 не содержит кода подполя.
rsl03_z00.dat	001204676	1204706	1204705	1019917662	12	300	14	1019918311				417	Поле 300 не содержит кода подполя.
rsl03_z00.dat	001204676	1204706	1204705	1019917662	14	546	16	1019918557				417	Поле 546 не содержит кода подполя.
rsl03_z00.dat	001204676	1204706	1204705	1019917662	17	912	19	1019918665				417	Поле 912 не содержит кода подполя.
rsl03_z00.dat	001204676	1204706	1204705	1019917662	18	336	21	1019918737				417	Поле 336 не содержит кода подполя.
rsl03_z00.dat	001204676	1204706	1204705	1019917662	19	337	22	1019918767				417	Поле 337 не содержит кода подполя.
rsl03_z00.dat	001204677	1204707	1204706	1019918796	7	041	9	1019919062				418	Поле 041 не содержит кода подполя.
rsl03_z00.dat	001204677	1204707	1204706	1019918796	12	300	14	1019919368				418	Поле 300 не содержит кода подполя.
rsl03_z00.dat	001204677	1204707	1204706	1019918796	13	504	15	1019919393				418	Поле 504 не содержит кода подполя.
rsl03_z00.dat	001204677	1204707	1204706	1019918796	15	650	17	1019919983				418	Поле 650 не содержит кода подполя.
rsl03_z00.dat	001204677	1204707	1204706	1019918796	16	650	18	1019920039				418	Поле 650 не содержит кода подполя.
rsl03_z00.dat	001204677	1204707	1204706	1019918796	17	700	19	1019920097				418	Поле 700 не содержит кода подполя.
rsl03_z00.dat	001204677	1204707	1204706	1019918796	18	912	20	1019920143				418	Поле 912 не содержит кода подполя.
rsl03_z00.dat	001204677	1204707	1204706	1019918796	19	336	22	1019920214				418	Поле 336 не содержит кода подполя.
rsl03_z00.dat	001204677	1204707	1204706	1019918796	20	337	23	1019920244				418	Поле 337 не содержит кода подполя.
rsl03_z00.dat	001204678	1204708	1204707	1019920273	11	260	13	1019920839				419	Поле 260 не содержит кода подполя.
rsl03_z00.dat	001204678	1204708	1204707	1019920273	12	300	14	1019920891				419	Поле 300 не содержит кода подполя.
rsl03_z00.dat	001204678	1204708	1204707	1019920273	13	546	15	1019920909				419	Поле 546 не содержит кода подполя.
rsl03_z00.dat	001204678	1204708	1204707	1019920273	14	650	16	1019920932				419	Поле 650 не содержит кода подполя.
rsl03_z00.dat	001204678	1204708	1204707	1019920273	15	912	17	1019920968				419	Поле 912 не содержит кода подполя.
rsl03_z00.dat	001204678	1204708	1204707	1019920273	16	336	19	1019921040				419	Поле 336 не содержит кода подполя.
rsl03_z00.dat	001204678	1204708	1204707	1019920273	17	337	20	1019921070				419	Поле 337 не содержит кода подполя.
rsl03_z00.dat	001204679	1204709	1204708	1019921099	7	041	9	1019921366				420	Поле 041 не содержит кода подполя.
rsl03_z00.dat	001204679	1204709	1204708	1019921099	9	245	11	1019921409				420	Поле 245 не содержит кода подполя.
rsl03_z00.dat	001204679	1204709	1204708	1019921099	13	650	15	1019921877				420	Поле 650 не содержит кода подполя.
rsl03_z00.dat	001204679	1204709	1204708	1019921099	14	773	16	1019921913				420	Поле 773 не содержит кода подполя.
rsl03_z00.dat	001204679	1204709	1204708	1019921099	15	912	17	1019921978				420	Поле 912 не содержит кода подполя.
rsl03_z00.dat	001204679	1204709	1204708	1019921099	17	337	20	1019922079				420	Поле 337 не содержит кода подполя.
rsl03_z00.dat	001204680	1204710	1204709	1019922108	7	041	9	1019922374				421	Поле 041 не содержит кода подполя.
rsl03_z00.dat	001204680	1204710	1204709	1019922108	11	260	13	1019922517				421	Поле 260 не содержит кода подполя.
rsl03_z00.dat	001204680	1204710	1204709	1019922108	15	912	17	1019922698				421	Поле 912 не содержит кода подполя.
rsl03_z00.dat	001204681	1204711	1204710	1019922829	7	041	9	1019923094				422	Поле 041 не содержит кода подполя.
rsl03_z00.dat	001204681	1204711	1204710	1019922829	11	260	13	1019923228				422	Поле 260 не содержит кода подполя.
rsl03_z00.dat	001204681	1204711	1204710	1019922829	14	650	16	1019924010				422	Поле 650 не содержит кода подполя.
rsl03_z00.dat	001204681	1204711	1204710	1019922829	15	912	17	1019924045				422	Поле 912 не содержит кода подполя.
rsl03_z00.dat	001204682	1204712	1204711	1019924176	12	300	14	1019924635				423	Поле 300 не содержит кода подполя.
rsl03_z00.dat	001204682	1204712	1204711	1019924176	14	650	16	1019925262				423	Поле 650 не содержит кода подполя.
rsl03_z00.dat	001204682	1204712	1204711	1019924176	15	650	17	1019925316				423	Поле 650 не содержит кода подполя.
rsl03_z00.dat	001204682	1204712	1204711	1019924176	16	650	18	1019925368				423	Поле 650 не содержит кода подполя.
rsl03_z00.dat	001204682	1204712	1204711	1019924176	17	912	19	1019925425				423	Поле 912 не содержит кода подполя.
rsl03_z00.dat	001204682	1204712	1204711	1019924176	18	336	21	1019925497				423	Поле 336 не содержит кода подполя.
rsl03_z00.dat	001204683	1204713	1204712	1019925557	11	260	13	1019926010				424	Поле 260 не содержит кода подполя.
rsl03_z00.dat	001204683	1204713	1204712	1019925557	12	300	14	1019926064				424	Поле 300 не содержит кода подполя.
rsl03_z00.dat	001204683	1204713	1204712	1019925557	15	650	17	1019926631				424	Поле 650 не содержит кода подполя.
rsl03_z00.dat	001204683	1204713	1204712	1019925557	16	912	18	1019926673				424	Поле 912 не содержит кода подполя.
rsl03_z00.dat	001204683	1204713	1204712	1019925557	18	337	21	1019926776				424	Поле 337 не содержит кода подполя.
rsl03_z00.dat	001204684	1204714	1204713	1019926805	7	041	9	1019927071				425	Поле 041 не содержит кода подполя.
rsl03_z00.dat	001204684	1204714	1204713	1019926805	14	650	16	1019927549				425	Поле 650 не содержит кода подполя.
rsl03_z00.dat	001204684	1204714	1204713	1019926805	15	912	17	1019927584				425	Поле 912 не содержит кода подполя.
rsl03_z00.dat	001204684	1204714	1204713	1019926805	16	336	19	1019927655				425	Поле 336 не содержит кода подполя.
rsl03_z00.dat	001204685	1204715	1204714	1019927713	7	041	9	1019927980				426	Поле 041 не содержит кода подполя.
rsl03_z00.dat	001204685	1204715	1204714	1019927713	13	650	15	1019929106				426	Поле 650 не содержит кода подполя.
rsl03_z00.dat	001204685	1204715	1204714	1019927713	14	650	16	1019929195				426	Поле 650 не содержит кода подполя.
rsl03_z00.dat	001204685	1204715	1204714	1019927713	15	650	17	1019929274				426	Поле 650 не содержит кода подполя.
rsl03_z00.dat	001204685	1204715	1204714	1019927713	16	710	18	1019929369				426	Поле 710 не содержит кода подполя.
rsl03_z00.dat	001204685	1204715	1204714	1019927713	17	912	19	1019929421				426	Поле 912 не содержит кода подполя.
rsl03_z00.dat	001204685	1204715	1204714	1019927713	18	336	21	1019929492				426	Поле 336 не содержит кода подполя.
rsl03_z00.dat	001204686	1204716	1204715	1019929552	7	041	9	1019929817				427	Поле 041 не содержит кода подполя.
rsl03_z00.dat	001204686	1204716	1204715	1019929552	12	300	14	1019930014				427	Поле 300 не содержит кода подполя.
rsl03_z00.dat	001204686	1204716	1204715	1019929552	14	650	16	1019930789				427	Поле 650 не содержит кода подполя.
rsl03_z00.dat	001204686	1204716	1204715	1019929552	15	650	17	1019930847				427	Поле 650 не содержит кода подполя.
rsl03_z00.dat	001204686	1204716	1204715	1019929552	16	912	18	1019930900				427	Поле 912 не содержит кода подполя.
rsl03_z00.dat	001204687	1204717	1204716	1019931031	7	041	9	1019931297				428	Поле 041 не содержит кода подполя.
rsl03_z00.dat	001204687	1204717	1204716	1019931031	11	300	13	1019931544				428	Поле 300 не содержит кода подполя.
rsl03_z00.dat	001204687	1204717	1204716	1019931031	13	650	15	1019932111				428	Поле 650 не содержит кода подполя.
rsl03_z00.dat	001204687	1204717	1204716	1019931031	14	650	16	1019932173				428	Поле 650 не содержит кода подполя.
rsl03_z00.dat	001204687	1204717	1204716	1019931031	15	700	17	1019932224				428	Поле 700 не содержит кода подполя.
rsl03_z00.dat	001204687	1204717	1204716	1019931031	16	710	18	1019932255				428	Поле 710 не содержит кода подполя.
rsl03_z00.dat	001204687	1204717	1204716	1019931031	17	912	19	1019932332				428	Поле 912 не содержит кода подполя.
rsl03_z00.dat	001204688	1204718	1204717	1019932464	7	041	9	1019932729				429	Поле 041 не содержит кода подполя.
rsl03_z00.dat	001204688	1204718	1204717	1019932464	10	260	12	1019933064				429	Поле 260 не содержит кода подполя.
rsl03_z00.dat	001204688	1204718	1204717	1019932464	11	300	13	1019933105				429	Поле 300 не содержит кода подполя.
rsl03_z00.dat	001204688	1204718	1204717	1019932464	12	504	14	1019933136				429	Поле 504 не содержит кода подполя.
rsl03_z00.dat	001204688	1204718	1204717	1019932464	14	650	16	1019933828				429	Поле 650 не содержит кода подполя.
rsl03_z00.dat	001204688	1204718	1204717	1019932464	15	650	17	1019933895				429	Поле 650 не содержит кода подполя.
rsl03_z00.dat	001204688	1204718	1204717	1019932464	16	700	18	1019933964				429	Поле 700 не содержит кода подполя.
rsl03_z00.dat	001204688	1204718	1204717	1019932464	17	710	19	1019934010				429	Поле 710 не содержит кода подполя.
rsl03_z00.dat	001204688	1204718	1204717	1019932464	18	912	20	1019934081				429	Поле 912 не содержит кода подполя.
rsl03_z00.dat	001204688	1204718	1204717	1019932464	19	336	22	1019934152				429	Поле 336 не содержит кода подполя.
rsl03_z00.dat	001204688	1204718	1204717	1019932464	20	337	23	1019934182				429	Поле 337 не содержит кода подполя.
rsl03_z00.dat	001204689	1204719	1204718	1019934211	11	250	13	1019934714				430	Поле 250 не содержит кода подполя.
rsl03_z00.dat	001204689	1204719	1204718	1019934211	12	260	14	1019934734				430	Поле 260 не содержит кода подполя.
rsl03_z00.dat	001204689	1204719	1204718	1019934211	13	300	15	1019934787				430	Поле 300 не содержит кода подполя.
rsl03_z00.dat	001204689	1204719	1204718	1019934211	15	650	17	1019935306				430	Поле 650 не содержит кода подполя.
rsl03_z00.dat	001204689	1204719	1204718	1019934211	16	650	18	1019935380				430	Поле 650 не содержит кода подполя.
rsl03_z00.dat	001204689	1204719	1204718	1019934211	17	912	19	1019935420				430	Поле 912 не содержит кода подполя.
rsl03_z00.dat	001204689	1204719	1204718	1019934211	18	336	21	1019935492				430	Поле 336 не содержит кода подполя.
rsl03_z00.dat	001204689	1204719	1204718	1019934211	19	337	22	1019935521				430	Поле 337 не содержит кода подполя.
rsl03_z00.dat	001204690	1204720	1204719	1019935550	7	041	9	1019935816				431	Поле 041 не содержит кода подполя.
rsl03_z00.dat	001204690	1204720	1204719	1019935550	13	504	15	1019936086				431	Поле 504 не содержит кода подполя.
rsl03_z00.dat	001204690	1204720	1204719	1019935550	15	650	17	1019936721				431	Поле 650 не содержит кода подполя.
rsl03_z00.dat	001204690	1204720	1204719	1019935550	16	912	18	1019936771				431	Поле 912 не содержит кода подполя.
rsl03_z00.dat	001204690	1204720	1204719	1019935550	18	337	21	1019936874				431	Поле 337 не содержит кода подполя.
rsl03_z00.dat	001204691	1204721	1204720	1019936903	7	041	9	1019937168				432	Поле 041 не содержит кода подполя.
rsl03_z00.dat	001204691	1204721	1204720	1019936903	10	260	12	1019937374				432	Поле 260 не содержит кода подполя.
rsl03_z00.dat	001204691	1204721	1204720	1019936903	15	546	17	1019937882				432	Поле 546 не содержит кода подполя.
rsl03_z00.dat	001204691	1204721	1204720	1019936903	16	700	18	1019937910				432	Поле 700 не содержит кода подполя.
rsl03_z00.dat	001204691	1204721	1204720	1019936903	17	710	19	1019937948				432	Поле 710 не содержит кода подполя.
rsl03_z00.dat	001204691	1204721	1204720	1019936903	18	912	20	1019938016				432	Поле 912 не содержит кода подполя.
rsl03_z00.dat	001204691	1204721	1204720	1019936903	19	336	22	1019938088				432	Поле 336 не содержит кода подполя.
rsl03_z00.dat	001204691	1204721	1204720	1019936903	20	337	23	1019938118				432	Поле 337 не содержит кода подполя.
rsl03_z00.dat	001204692	1204722	1204721	1019938147	7	041	9	1019938412				433	Поле 041 не содержит кода подполя.
rsl03_z00.dat	001204692	1204722	1204721	1019938147	10	260	12	1019938672				433	Поле 260 не содержит кода подполя.
rsl03_z00.dat	001204692	1204722	1204721	1019938147	11	300	13	1019938713				433	Поле 300 не содержит кода подполя.
rsl03_z00.dat	001204692	1204722	1204721	1019938147	12	500	14	1019938744				433	Поле 500 не содержит кода подполя.
rsl03_z00.dat	001204692	1204722	1204721	1019938147	17	650	19	1019939303				433	Поле 650 не содержит кода подполя.
rsl03_z00.dat	001204692	1204722	1204721	1019938147	18	700	20	1019939381				433	Поле 700 не содержит кода подполя.
rsl03_z00.dat	001204692	1204722	1204721	1019938147	19	700	21	1019939423				433	Поле 700 не содержит кода подполя.
rsl03_z00.dat	001204692	1204722	1204721	1019938147	20	700	22	1019939462				433	Поле 700 не содержит кода подполя.
rsl03_z00.dat	001204692	1204722	1204721	1019938147	21	710	23	1019939504				433	Поле 710 не содержит кода подполя.
rsl03_z00.dat	001204692	1204722	1204721	1019938147	22	912	24	1019939572				433	Поле 912 не содержит кода подполя.
rsl03_z00.dat	001204692	1204722	1204721	1019938147	23	336	26	1019939644				433	Поле 336 не содержит кода подполя.
rsl03_z00.dat	001204692	1204722	1204721	1019938147	24	337	27	1019939674				433	Поле 337 не содержит кода подполя.
rsl03_z00.dat	001204693	1204723	1204722	1019939703	7	041	9	1019939968				434	Поле 041 не содержит кода подполя.
rsl03_z00.dat	001204693	1204723	1204722	1019939703	11	260	13	1019940397				434	Поле 260 не содержит кода подполя.
rsl03_z00.dat	001204693	1204723	1204722	1019939703	12	300	14	1019940453				434	Поле 300 не содержит кода подполя.
rsl03_z00.dat	001204693	1204723	1204722	1019939703	13	504	15	1019940484				434	Поле 504 не содержит кода подполя.
rsl03_z00.dat	001204693	1204723	1204722	1019939703	17	912	19	1019940931				434	Поле 912 не содержит кода подполя.
rsl03_z00.dat	001204693	1204723	1204722	1019939703	19	337	22	1019941033				434	Поле 337 не содержит кода подполя.
rsl03_z00.dat	001204694	1204724	1204723	1019941062	7	041	9	1019941327				435	Поле 041 не содержит кода подполя.
rsl03_z00.dat	001204694	1204724	1204723	1019941062	10	260	12	1019941592				435	Поле 260 не содержит кода подполя.
rsl03_z00.dat	001204694	1204724	1204723	1019941062	11	300	13	1019941638				435	Поле 300 не содержит кода подполя.
rsl03_z00.dat	001204694	1204724	1204723	1019941062	16	650	18	1019942301				435	Поле 650 не содержит кода подполя.
rsl03_z00.dat	001204694	1204724	1204723	1019941062	17	650	19	1019942333				435	Поле 650 не содержит кода подполя.
rsl03_z00.dat	001204694	1204724	1204723	1019941062	18	700	20	1019942409				435	Поле 700 не содержит кода подполя.
rsl03_z00.dat	001204694	1204724	1204723	1019941062	19	710	21	1019942453				435	Поле 710 не содержит кода подполя.
rsl03_z00.dat	001204694	1204724	1204723	1019941062	20	912	22	1019942580				435	Поле 912 не содержит кода подполя.
rsl03_z00.dat	001204694	1204724	1204723	1019941062	21	336	24	1019942652				435	Поле 336 не содержит кода подполя.
rsl03_z00.dat	001204695	1204725	1204724	1019942712	7	041	9	1019942977				436	Поле 041 не содержит кода подполя.
rsl03_z00.dat	001204695	1204725	1204724	1019942712	10	260	12	1019943320				436	Поле 260 не содержит кода подполя.
rsl03_z00.dat	001204695	1204725	1204724	1019942712	11	300	13	1019943366				436	Поле 300 не содержит кода подполя.
rsl03_z00.dat	001204695	1204725	1204724	1019942712	15	650	17	1019943793				436	Поле 650 не содержит кода подполя.
rsl03_z00.dat	001204695	1204725	1204724	1019942712	16	650	18	1019943871				436	Поле 650 не содержит кода подполя.
rsl03_z00.dat	001204695	1204725	1204724	1019942712	19	710	21	1019944043				436	Поле 710 не содержит кода подполя.
rsl03_z00.dat	001204695	1204725	1204724	1019942712	20	912	22	1019944172				436	Поле 912 не содержит кода подполя.
rsl03_z00.dat	001204695	1204725	1204724	1019942712	21	336	24	1019944244				436	Поле 336 не содержит кода подполя.
rsl03_z00.dat	001204695	1204725	1204724	1019942712	22	337	25	1019944274				436	Поле 337 не содержит кода подполя.
rsl03_z00.dat	001204696	1204726	1204725	1019944303	11	260	13	1019944820				437	Поле 260 не содержит кода подполя.
rsl03_z00.dat	001204696	1204726	1204725	1019944303	12	300	14	1019944863				437	Поле 300 не содержит кода подполя.
rsl03_z00.dat	001204696	1204726	1204725	1019944303	14	650	16	1019945490				437	Поле 650 не содержит кода подполя.
rsl03_z00.dat	001204696	1204726	1204725	1019944303	15	650	17	1019945520				437	Поле 650 не содержит кода подполя.
rsl03_z00.dat	001204696	1204726	1204725	1019944303	16	650	18	1019945562				437	Поле 650 не содержит кода подполя.
rsl03_z00.dat	001204696	1204726	1204725	1019944303	17	650	19	1019945601				437	Поле 650 не содержит кода подполя.
rsl03_z00.dat	001204696	1204726	1204725	1019944303	18	912	20	1019945651				437	Поле 912 не содержит кода подполя.
rsl03_z00.dat	001204696	1204726	1204725	1019944303	19	336	22	1019945723				437	Поле 336 не содержит кода подполя.
rsl03_z00.dat	001204696	1204726	1204725	1019944303	20	337	23	1019945753				437	Поле 337 не содержит кода подполя.
rsl03_z00.dat	001204697	1204727	1204726	1019945782	11	250	13	1019946219				438	Поле 250 не содержит кода подполя.
rsl03_z00.dat	001204697	1204727	1204726	1019945782	15	546	17	1019946612				438	Поле 546 не содержит кода подполя.
rsl03_z00.dat	001204697	1204727	1204726	1019945782	16	650	18	1019946635				438	Поле 650 не содержит кода подполя.
rsl03_z00.dat	001204697	1204727	1204726	1019945782	17	650	19	1019946671				438	Поле 650 не содержит кода подполя.
rsl03_z00.dat	001204697	1204727	1204726	1019945782	18	650	20	1019946706				438	Поле 650 не содержит кода подполя.
rsl03_z00.dat	001204697	1204727	1204726	1019945782	19	700	21	1019946751				438	Поле 700 не содержит кода подполя.
rsl03_z00.dat	001204697	1204727	1204726	1019945782	20	912	22	1019946794				438	Поле 912 не содержит кода подполя.
rsl03_z00.dat	001204697	1204727	1204726	1019945782	21	336	24	1019946866				438	Поле 336 не содержит кода подполя.
rsl03_z00.dat	001204698	1204728	1204727	1019946924	7	041	9	1019947190				439	Поле 041 не содержит кода подполя.
rsl03_z00.dat	001204698	1204728	1204727	1019946924	11	250	13	1019947449				439	Поле 250 не содержит кода подполя.
rsl03_z00.dat	001204698	1204728	1204727	1019946924	12	260	14	1019947488				439	Поле 260 не содержит кода подполя.
rsl03_z00.dat	001204698	1204728	1204727	1019946924	13	300	15	1019947598				439	Поле 300 не содержит кода подполя.
rsl03_z00.dat	001204698	1204728	1204727	1019946924	16	650	18	1019948453				439	Поле 650 не содержит кода подполя.
rsl03_z00.dat	001204698	1204728	1204727	1019946924	17	700	19	1019948519				439	Поле 700 не содержит кода подполя.
rsl03_z00.dat	001204698	1204728	1204727	1019946924	18	912	20	1019948565				439	Поле 912 не содержит кода подполя.
rsl03_z00.dat	001204698	1204728	1204727	1019946924	20	337	23	1019948666				439	Поле 337 не содержит кода подполя.
rsl03_z00.dat	001204699	1204729	1204728	1019948695	10	260	12	1019949282				440	Поле 260 не содержит кода подполя.
rsl03_z00.dat	001204699	1204729	1204728	1019948695	11	300	13	1019949316				440	Поле 300 не содержит кода подполя.
rsl03_z00.dat	001204699	1204729	1204728	1019948695	15	546	17	1019950610				440	Поле 546 не содержит кода подполя.
rsl03_z00.dat	001204699	1204729	1204728	1019948695	16	650	18	1019950638				440	Поле 650 не содержит кода подполя.
rsl03_z00.dat	001204699	1204729	1204728	1019948695	17	650	19	1019950697				440	Поле 650 не содержит кода подполя.
rsl03_z00.dat	001204699	1204729	1204728	1019948695	18	700	20	1019950763				440	Поле 700 не содержит кода подполя.
rsl03_z00.dat	001204699	1204729	1204728	1019948695	19	710	21	1019950805				440	Поле 710 не содержит кода подполя.
rsl03_z00.dat	001204699	1204729	1204728	1019948695	20	912	22	1019950885				440	Поле 912 не содержит кода подполя.
rsl03_z00.dat	001204699	1204729	1204728	1019948695	21	336	24	1019950957				440	Поле 336 не содержит кода подполя.
rsl03_z00.dat	001204699	1204729	1204728	1019948695	22	337	25	1019950986				440	Поле 337 не содержит кода подполя.
rsl03_z00.dat	001204700	1204730	1204729	1019951015	7	041	9	1019951282				441	Поле 041 не содержит кода подполя.
rsl03_z00.dat	001204700	1204730	1204729	1019951015	10	260	12	1019951556				441	Поле 260 не содержит кода подполя.
rsl03_z00.dat	001204700	1204730	1204729	1019951015	11	300	13	1019951666				441	Поле 300 не содержит кода подполя.
rsl03_z00.dat	001204700	1204730	1204729	1019951015	13	504	15	1019951735				441	Поле 504 не содержит кода подполя.
rsl03_z00.dat	001204700	1204730	1204729	1019951015	15	650	17	1019952627				441	Поле 650 не содержит кода подполя.
rsl03_z00.dat	001204700	1204730	1204729	1019951015	16	650	18	1019952669				441	Поле 650 не содержит кода подполя.
rsl03_z00.dat	001204700	1204730	1204729	1019951015	17	650	19	1019952739				441	Поле 650 не содержит кода подполя.
rsl03_z00.dat	001204700	1204730	1204729	1019951015	18	650	20	1019952819				441	Поле 650 не содержит кода подполя.
rsl03_z00.dat	001204700	1204730	1204729	1019951015	19	700	21	1019952871				441	Поле 700 не содержит кода подполя.
rsl03_z00.dat	001204700	1204730	1204729	1019951015	20	700	22	1019952914				441	Поле 700 не содержит кода подполя.
rsl03_z00.dat	001204700	1204730	1204729	1019951015	21	700	23	1019952947				441	Поле 700 не содержит кода подполя.
rsl03_z00.dat	001204700	1204730	1204729	1019951015	22	912	24	1019952992				441	Поле 912 не содержит кода подполя.
rsl03_z00.dat	001204700	1204730	1204729	1019951015	23	336	26	1019953064				441	Поле 336 не содержит кода подполя.
rsl03_z00.dat	001204700	1204730	1204729	1019951015	24	337	27	1019953094				441	Поле 337 не содержит кода подполя.
rsl03_z00.dat	001204701	1204731	1204730	1019953122	7	041	9	1019953388				442	Поле 041 не содержит кода подполя.
rsl03_z00.dat	001204701	1204731	1204730	1019953122	11	260	13	1019953671				442	Поле 260 не содержит кода подполя.
rsl03_z00.dat	001204701	1204731	1204730	1019953122	12	300	14	1019953754				442	Поле 300 не содержит кода подполя.
rsl03_z00.dat	001204701	1204731	1204730	1019953122	13	490	15	1019953785				442	Поле 490 не содержит кода подполя.
rsl03_z00.dat	001204701	1204731	1204730	1019953122	16	650	18	1019954774				442	Поле 650 не содержит кода подполя.
rsl03_z00.dat	001204701	1204731	1204730	1019953122	17	650	19	1019954839				442	Поле 650 не содержит кода подполя.
rsl03_z00.dat	001204701	1204731	1204730	1019953122	18	650	20	1019954883				442	Поле 650 не содержит кода подполя.
rsl03_z00.dat	001204701	1204731	1204730	1019953122	19	912	21	1019954921				442	Поле 912 не содержит кода подполя.
rsl03_z00.dat	001204701	1204731	1204730	1019953122	20	336	23	1019954992				442	Поле 336 не содержит кода подполя.
rsl03_z00.dat	001204701	1204731	1204730	1019953122	21	337	24	1019955022				442	Поле 337 не содержит кода подполя.
rsl03_z00.dat	001204702	1204732	1204731	1019955051	7	041	9	1019955317				443	Поле 041 не содержит кода подполя.
rsl03_z00.dat	001204702	1204732	1204731	1019955051	10	260	12	1019955584				443	Поле 260 не содержит кода подполя.
rsl03_z00.dat	001204702	1204732	1204731	1019955051	13	504	15	1019955916				443	Поле 504 не содержит кода подполя.
rsl03_z00.dat	001204702	1204732	1204731	1019955051	15	650	17	1019956787				443	Поле 650 не содержит кода подполя.
rsl03_z00.dat	001204702	1204732	1204731	1019955051	16	650	18	1019956859				443	Поле 650 не содержит кода подполя.
rsl03_z00.dat	001204702	1204732	1204731	1019955051	17	700	19	1019956945				443	Поле 700 не содержит кода подполя.
rsl03_z00.dat	001204702	1204732	1204731	1019955051	18	700	20	1019956990				443	Поле 700 не содержит кода подполя.
rsl03_z00.dat	001204702	1204732	1204731	1019955051	19	710	21	1019957038				443	Поле 710 не содержит кода подполя.
rsl03_z00.dat	001204702	1204732	1204731	1019955051	20	912	22	1019957131				443	Поле 912 не содержит кода подполя.
rsl03_z00.dat	001204702	1204732	1204731	1019955051	21	336	24	1019957202				443	Поле 336 не содержит кода подполя.
rsl03_z00.dat	001204702	1204732	1204731	1019955051	22	337	25	1019957232				443	Поле 337 не содержит кода подполя.
rsl03_z00.dat	001204703	1204733	1204732	1019957261	7	041	9	1019957527				444	Поле 041 не содержит кода подполя.
rsl03_z00.dat	001204703	1204733	1204732	1019957261	10	260	12	1019957916				444	Поле 260 не содержит кода подполя.
rsl03_z00.dat	001204703	1204733	1204732	1019957261	11	300	13	1019957972				444	Поле 300 не содержит кода подполя.
rsl03_z00.dat	001204703	1204733	1204732	1019957261	12	490	14	1019958003				444	Поле 490 не содержит кода подполя.
rsl03_z00.dat	001204703	1204733	1204732	1019957261	13	500	15	1019958052				444	Поле 500 не содержит кода подполя.
rsl03_z00.dat	001204703	1204733	1204732	1019957261	14	504	16	1019958095				444	Поле 504 не содержит кода подполя.
rsl03_z00.dat	001204703	1204733	1204732	1019957261	16	650	18	1019958770				444	Поле 650 не содержит кода подполя.
rsl03_z00.dat	001204703	1204733	1204732	1019957261	17	650	19	1019958821				444	Поле 650 не содержит кода подполя.
rsl03_z00.dat	001204703	1204733	1204732	1019957261	18	650	20	1019958884				444	Поле 650 не содержит кода подполя.
rsl03_z00.dat	001204703	1204733	1204732	1019957261	19	650	21	1019958926				444	Поле 650 не содержит кода подполя.
rsl03_z00.dat	001204703	1204733	1204732	1019957261	20	700	22	1019958989				444	Поле 700 не содержит кода подполя.
rsl03_z00.dat	001204703	1204733	1204732	1019957261	21	700	23	1019959031				444	Поле 700 не содержит кода подполя.
rsl03_z00.dat	001204703	1204733	1204732	1019957261	22	700	24	1019959071				444	Поле 700 не содержит кода подполя.
rsl03_z00.dat	001204703	1204733	1204732	1019957261	23	710	25	1019959114				444	Поле 710 не содержит кода подполя.
rsl03_z00.dat	001204703	1204733	1204732	1019957261	24	912	26	1019959249				444	Поле 912 не содержит кода подполя.
rsl03_z00.dat	001204703	1204733	1204732	1019957261	25	336	28	1019959321				444	Поле 336 не содержит кода подполя.
rsl03_z00.dat	001204703	1204733	1204732	1019957261	26	337	29	1019959351				444	Поле 337 не содержит кода подполя.
rsl03_z00.dat	001204704	1204734	1204733	1019959380	7	041	9	1019959646				445	Поле 041 не содержит кода подполя.
rsl03_z00.dat	001204704	1204734	1204733	1019959380	11	260	13	1019960060				445	Поле 260 не содержит кода подполя.
rsl03_z00.dat	001204704	1204734	1204733	1019959380	12	300	14	1019960098				445	Поле 300 не содержит кода подполя.
rsl03_z00.dat	001204704	1204734	1204733	1019959380	13	504	15	1019960124				445	Поле 504 не содержит кода подполя.
rsl03_z00.dat	001204704	1204734	1204733	1019959380	15	650	17	1019960827				445	Поле 650 не содержит кода подполя.
rsl03_z00.dat	001204704	1204734	1204733	1019959380	16	700	18	1019960870				445	Поле 700 не содержит кода подполя.
rsl03_z00.dat	001204704	1204734	1204733	1019959380	17	700	19	1019960910				445	Поле 700 не содержит кода подполя.
rsl03_z00.dat	001204704	1204734	1204733	1019959380	18	912	20	1019960959				445	Поле 912 не содержит кода подполя.
rsl03_z00.dat	001204704	1204734	1204733	1019959380	19	336	22	1019961031				445	Поле 336 не содержит кода подполя.
rsl03_z00.dat	001204704	1204734	1204733	1019959380	20	337	23	1019961061				445	Поле 337 не содержит кода подполя.
rsl03_z00.dat	001204705	1204735	1204734	1019961090	7	041	9	1019961356				446	Поле 041 не содержит кода подполя.
rsl03_z00.dat	001204705	1204735	1204734	1019961090	11	260	13	1019961576				446	Поле 260 не содержит кода подполя.
rsl03_z00.dat	001204705	1204735	1204734	1019961090	12	300	14	1019961651				446	Поле 300 не содержит кода подполя.
rsl03_z00.dat	001204705	1204735	1204734	1019961090	15	555	17	1019962444				446	Поле 555 не содержит кода подполя.
rsl03_z00.dat	001204705	1204735	1204734	1019961090	16	650	18	1019962479				446	Поле 650 не содержит кода подполя.
rsl03_z00.dat	001204705	1204735	1204734	1019961090	17	700	19	1019962513				446	Поле 700 не содержит кода подполя.
rsl03_z00.dat	001204705	1204735	1204734	1019961090	18	912	20	1019962545				446	Поле 912 не содержит кода подполя.
rsl03_z00.dat	001204706	1204736	1204735	1019962676	7	041	9	1019962942				447	Поле 041 не содержит кода подполя.
rsl03_z00.dat	001204706	1204736	1204735	1019962676	13	650	15	1019963370				447	Поле 650 не содержит кода подполя.
rsl03_z00.dat	001204706	1204736	1204735	1019962676	14	700	16	1019963405				447	Поле 700 не содержит кода подполя.
rsl03_z00.dat	001204706	1204736	1204735	1019962676	15	912	17	1019963434				447	Поле 912 не содержит кода подполя.
rsl03_z00.dat	001204706	1204736	1204735	1019962676	16	336	19	1019963506				447	Поле 336 не содержит кода подполя.
rsl03_z00.dat	001204706	1204736	1204735	1019962676	17	337	20	1019963537				447	Поле 337 не содержит кода подполя.
rsl03_z00.dat	001204707	1204737	1204736	1019963566	7	041	9	1019963832				448	Поле 041 не содержит кода подполя.
rsl03_z00.dat	001204707	1204737	1204736	1019963566	11	260	13	1019964025				448	Поле 260 не содержит кода подполя.
rsl03_z00.dat	001204707	1204737	1204736	1019963566	15	650	17	1019964699				448	Поле 650 не содержит кода подполя.
rsl03_z00.dat	001204707	1204737	1204736	1019963566	16	700	18	1019964770				448	Поле 700 не содержит кода подполя.
rsl03_z00.dat	001204707	1204737	1204736	1019963566	17	912	19	1019964813				448	Поле 912 не содержит кода подполя.
rsl03_z00.dat	001204707	1204737	1204736	1019963566	19	337	22	1019964916				448	Поле 337 не содержит кода подполя.
rsl03_z00.dat	001204708	1204738	1204737	1019964945	7	041	9	1019965211				449	Поле 041 не содержит кода подполя.
rsl03_z00.dat	001204708	1204738	1204737	1019964945	11	260	13	1019965417				449	Поле 260 не содержит кода подполя.
rsl03_z00.dat	001204708	1204738	1204737	1019964945	12	300	14	1019965460				449	Поле 300 не содержит кода подполя.
rsl03_z00.dat	001204708	1204738	1204737	1019964945	15	650	17	1019966192				449	Поле 650 не содержит кода подполя.
rsl03_z00.dat	001204708	1204738	1204737	1019964945	16	650	18	1019966232				449	Поле 650 не содержит кода подполя.
rsl03_z00.dat	001204708	1204738	1204737	1019964945	17	912	19	1019966306				449	Поле 912 не содержит кода подполя.
rsl03_z00.dat	001204708	1204738	1204737	1019964945	18	336	21	1019966378				449	Поле 336 не содержит кода подполя.
rsl03_z00.dat	001204709	1204739	1204738	1019966438	7	041	9	1019966703				450	Поле 041 не содержит кода подполя.
rsl03_z00.dat	001204709	1204739	1204738	1019966438	10	260	12	1019966960				450	Поле 260 не содержит кода подполя.
rsl03_z00.dat	001204709	1204739	1204738	1019966438	11	300	13	1019967016				450	Поле 300 не содержит кода подполя.
rsl03_z00.dat	001204709	1204739	1204738	1019966438	12	500	14	1019967047				450	Поле 500 не содержит кода подполя.
rsl03_z00.dat	001204709	1204739	1204738	1019966438	15	650	17	1019967536				450	Поле 650 не содержит кода подполя.
rsl03_z00.dat	001204709	1204739	1204738	1019966438	16	650	18	1019967565				450	Поле 650 не содержит кода подполя.
rsl03_z00.dat	001204709	1204739	1204738	1019966438	17	700	19	1019967610				450	Поле 700 не содержит кода подполя.
rsl03_z00.dat	001204709	1204739	1204738	1019966438	18	700	20	1019967654				450	Поле 700 не содержит кода подполя.
rsl03_z00.dat	001204709	1204739	1204738	1019966438	19	700	21	1019967697				450	Поле 700 не содержит кода подполя.
rsl03_z00.dat	001204709	1204739	1204738	1019966438	20	710	22	1019967739				450	Поле 710 не содержит кода подполя.
rsl03_z00.dat	001204709	1204739	1204738	1019966438	21	912	23	1019967848				450	Поле 912 не содержит кода подполя.
rsl03_z00.dat	001204709	1204739	1204738	1019966438	22	336	25	1019967920				450	Поле 336 не содержит кода подполя.
rsl03_z00.dat	001204709	1204739	1204738	1019966438	23	337	26	1019967950				450	Поле 337 не содержит кода подполя.
rsl03_z00.dat	001204710	1204740	1204739	1019967979	14	260	16	1019968581				451	Поле 260 не содержит кода подполя.
rsl03_z00.dat	001204710	1204740	1204739	1019967979	19	600	21	1019969336				451	Поле 600 не содержит кода подполя.
rsl03_z00.dat	001204710	1204740	1204739	1019967979	20	650	22	1019969386				451	Поле 650 не содержит кода подполя.
rsl03_z00.dat	001204710	1204740	1204739	1019967979	21	650	23	1019969486				451	Поле 650 не содержит кода подполя.
rsl03_z00.dat	001204710	1204740	1204739	1019967979	22	650	24	1019969550				451	Поле 650 не содержит кода подполя.
rsl03_z00.dat	001204710	1204740	1204739	1019967979	23	700	25	1019969626				451	Поле 700 не содержит кода подполя.
rsl03_z00.dat	001204710	1204740	1204739	1019967979	24	700	26	1019969674				451	Поле 700 не содержит кода подполя.
rsl03_z00.dat	001204710	1204740	1204739	1019967979	25	912	27	1019969717				451	Поле 912 не содержит кода подполя.
rsl03_z00.dat	001204710	1204740	1204739	1019967979	26	336	29	1019969789				451	Поле 336 не содержит кода подполя.
rsl03_z00.dat	001204710	1204740	1204739	1019967979	27	337	30	1019969818				451	Поле 337 не содержит кода подполя.
rsl03_z00.dat	001204711	1204741	1204740	1019969846	7	041	9	1019970112				452	Поле 041 не содержит кода подполя.
rsl03_z00.dat	001204711	1204741	1204740	1019969846	10	260	12	1019970430				452	Поле 260 не содержит кода подполя.
rsl03_z00.dat	001204711	1204741	1204740	1019969846	11	300	13	1019970484				452	Поле 300 не содержит кода подполя.
rsl03_z00.dat	001204711	1204741	1204740	1019969846	12	504	14	1019970515				452	Поле 504 не содержит кода подполя.
rsl03_z00.dat	001204711	1204741	1204740	1019969846	14	650	16	1019971102				452	Поле 650 не содержит кода подполя.
rsl03_z00.dat	001204711	1204741	1204740	1019969846	15	700	17	1019971151				452	Поле 700 не содержит кода подполя.
rsl03_z00.dat	001204711	1204741	1204740	1019969846	16	710	18	1019971198				452	Поле 710 не содержит кода подполя.
rsl03_z00.dat	001204711	1204741	1204740	1019969846	17	912	19	1019971296				452	Поле 912 не содержит кода подполя.
rsl03_z00.dat	001204711	1204741	1204740	1019969846	18	336	21	1019971368				452	Поле 336 не содержит кода подполя.
rsl03_z00.dat	001204711	1204741	1204740	1019969846	19	337	22	1019971398				452	Поле 337 не содержит кода подполя.
rsl03_z00.dat	001204712	1204742	1204741	1019971427	7	041	9	1019971692				453	Поле 041 не содержит кода подполя.
rsl03_z00.dat	001204712	1204742	1204741	1019971427	11	260	13	1019972035				453	Поле 260 не содержит кода подполя.
rsl03_z00.dat	001204712	1204742	1204741	1019971427	12	300	14	1019972091				453	Поле 300 не содержит кода подполя.
rsl03_z00.dat	001204712	1204742	1204741	1019971427	13	500	15	1019972122				453	Поле 500 не содержит кода подполя.
rsl03_z00.dat	001204712	1204742	1204741	1019971427	15	650	17	1019972436				453	Поле 650 не содержит кода подполя.
rsl03_z00.dat	001204712	1204742	1204741	1019971427	16	650	18	1019972484				453	Поле 650 не содержит кода подполя.
rsl03_z00.dat	001204712	1204742	1204741	1019971427	17	650	19	1019972511				453	Поле 650 не содержит кода подполя.
rsl03_z00.dat	001204712	1204742	1204741	1019971427	19	912	21	1019972594				453	Поле 912 не содержит кода подполя.
rsl03_z00.dat	001204712	1204742	1204741	1019971427	20	336	23	1019972666				453	Поле 336 не содержит кода подполя.
rsl03_z00.dat	001204712	1204742	1204741	1019971427	21	337	24	1019972696				453	Поле 337 не содержит кода подполя.
rsl03_z00.dat	001204713	1204743	1204742	1019972725	10	260	12	1019973292				454	Поле 260 не содержит кода подполя.
rsl03_z00.dat	001204713	1204743	1204742	1019972725	12	650	14	1019973368				454	Поле 650 не содержит кода подполя.
rsl03_z00.dat	001204713	1204743	1204742	1019972725	13	912	15	1019973409				454	Поле 912 не содержит кода подполя.
rsl03_z00.dat	001204713	1204743	1204742	1019972725	15	337	18	1019973511				454	Поле 337 не содержит кода подполя.
rsl03_z00.dat	001204714	1204744	1204743	1019973540	7	041	9	1019973806				455	Поле 041 не содержит кода подполя.
rsl03_z00.dat	001204714	1204744	1204743	1019973540	9	245	11	1019973847				455	Поле 245 не содержит кода подполя.
rsl03_z00.dat	001204714	1204744	1204743	1019973540	13	650	15	1019974929				455	Поле 650 не содержит кода подполя.
rsl03_z00.dat	001204714	1204744	1204743	1019973540	14	773	16	1019974970				455	Поле 773 не содержит кода подполя.
rsl03_z00.dat	001204714	1204744	1204743	1019973540	15	912	17	1019975172				455	Поле 912 не содержит кода подполя.
rsl03_z00.dat	001204714	1204744	1204743	1019973540	17	337	20	1019975273				455	Поле 337 не содержит кода подполя.
rsl03_z00.dat	001204715	1204745	1204744	1019975302	7	041	9	1019975568				456	Поле 041 не содержит кода подполя.
rsl03_z00.dat	001204715	1204745	1204744	1019975302	12	300	14	1019975796				456	Поле 300 не содержит кода подполя.
rsl03_z00.dat	001204715	1204745	1204744	1019975302	15	700	17	1019976976				456	Поле 700 не содержит кода подполя.
rsl03_z00.dat	001204715	1204745	1204744	1019975302	16	912	18	1019977028				456	Поле 912 не содержит кода подполя.
rsl03_z00.dat	001204716	1204746	1204745	1019977159	7	041	9	1019977425				457	Поле 041 не содержит кода подполя.
rsl03_z00.dat	001204716	1204746	1204745	1019977159	11	260	13	1019977803				457	Поле 260 не содержит кода подполя.
rsl03_z00.dat	001204716	1204746	1204745	1019977159	12	300	14	1019977849				457	Поле 300 не содержит кода подполя.
rsl03_z00.dat	001204716	1204746	1204745	1019977159	13	504	15	1019977896				457	Поле 504 не содержит кода подполя.
rsl03_z00.dat	001204716	1204746	1204745	1019977159	15	650	17	1019978957				457	Поле 650 не содержит кода подполя.
rsl03_z00.dat	001204716	1204746	1204745	1019977159	16	650	18	1019979009				457	Поле 650 не содержит кода подполя.
rsl03_z00.dat	001204716	1204746	1204745	1019977159	17	650	19	1019979068				457	Поле 650 не содержит кода подполя.
rsl03_z00.dat	001204716	1204746	1204745	1019977159	18	650	20	1019979117				457	Поле 650 не содержит кода подполя.
rsl03_z00.dat	001204716	1204746	1204745	1019977159	19	700	21	1019979162				457	Поле 700 не содержит кода подполя.
rsl03_z00.dat	001204716	1204746	1204745	1019977159	20	700	22	1019979208				457	Поле 700 не содержит кода подполя.
rsl03_z00.dat	001204716	1204746	1204745	1019977159	21	912	23	1019979254				457	Поле 912 не содержит кода подполя.
rsl03_z00.dat	001204716	1204746	1204745	1019977159	22	336	25	1019979326				457	Поле 336 не содержит кода подполя.
rsl03_z00.dat	001204716	1204746	1204745	1019977159	23	337	26	1019979356				457	Поле 337 не содержит кода подполя.
rsl03_z00.dat	001204717	1204747	1204746	1019979385	7	041	9	1019979653				458	Поле 041 не содержит кода подполя.
rsl03_z00.dat	001204717	1204747	1204746	1019979385	12	300	14	1019979874				458	Поле 300 не содержит кода подполя.
rsl03_z00.dat	001204717	1204747	1204746	1019979385	15	650	17	1019980606				458	Поле 650 не содержит кода подполя.
rsl03_z00.dat	001204717	1204747	1204746	1019979385	16	700	18	1019980647				458	Поле 700 не содержит кода подполя.
rsl03_z00.dat	001204717	1204747	1204746	1019979385	17	912	19	1019980682				458	Поле 912 не содержит кода подполя.
rsl03_z00.dat	001204717	1204747	1204746	1019979385	18	336	21	1019980753				458	Поле 336 не содержит кода подполя.
rsl03_z00.dat	001204718	1204748	1204747	1019980810	7	041	9	1019981076				459	Поле 041 не содержит кода подполя.
rsl03_z00.dat	001204718	1204748	1204747	1019980810	12	300	14	1019981527				459	Поле 300 не содержит кода подполя.
rsl03_z00.dat	001204718	1204748	1204747	1019980810	13	504	15	1019981558				459	Поле 504 не содержит кода подполя.
rsl03_z00.dat	001204718	1204748	1204747	1019980810	15	650	17	1019982208				459	Поле 650 не содержит кода подполя.
rsl03_z00.dat	001204718	1204748	1204747	1019980810	16	650	18	1019982286				459	Поле 650 не содержит кода подполя.
rsl03_z00.dat	001204718	1204748	1204747	1019980810	17	700	19	1019982314				459	Поле 700 не содержит кода подполя.
rsl03_z00.dat	001204718	1204748	1204747	1019980810	18	700	20	1019982361				459	Поле 700 не содержит кода подполя.
rsl03_z00.dat	001204718	1204748	1204747	1019980810	19	912	21	1019982414				459	Поле 912 не содержит кода подполя.
rsl03_z00.dat	001204718	1204748	1204747	1019980810	20	336	23	1019982486				459	Поле 336 не содержит кода подполя.
rsl03_z00.dat	001204718	1204748	1204747	1019980810	21	337	24	1019982516				459	Поле 337 не содержит кода подполя.
rsl03_z00.dat	001204719	1204749	1204748	1019982544	10	260	12	1019983058				460	Поле 260 не содержит кода подполя.
rsl03_z00.dat	001204719	1204749	1204748	1019982544	11	300	13	1019983103				460	Поле 300 не содержит кода подполя.
rsl03_z00.dat	001204719	1204749	1204748	1019982544	15	546	17	1019983704				460	Поле 546 не содержит кода подполя.
rsl03_z00.dat	001204719	1204749	1204748	1019982544	16	650	18	1019983752				460	Поле 650 не содержит кода подполя.
rsl03_z00.dat	001204719	1204749	1204748	1019982544	17	650	19	1019983801				460	Поле 650 не содержит кода подполя.
rsl03_z00.dat	001204719	1204749	1204748	1019982544	18	650	20	1019983854				460	Поле 650 не содержит кода подполя.
rsl03_z00.dat	001204719	1204749	1204748	1019982544	19	650	21	1019983911				460	Поле 650 не содержит кода подполя.
rsl03_z00.dat	001204719	1204749	1204748	1019982544	20	700	22	1019983961				460	Поле 700 не содержит кода подполя.
rsl03_z00.dat	001204719	1204749	1204748	1019982544	21	710	23	1019984006				460	Поле 710 не содержит кода подполя.
rsl03_z00.dat	001204719	1204749	1204748	1019982544	22	912	24	1019984099				460	Поле 912 не содержит кода подполя.
rsl03_z00.dat	001204719	1204749	1204748	1019982544	23	336	26	1019984171				460	Поле 336 не содержит кода подполя.
rsl03_z00.dat	001204720	1204750	1204749	1019984231	7	041	9	1019984497				461	Поле 041 не содержит кода подполя.
rsl03_z00.dat	001204720	1204750	1204749	1019984231	10	260	12	1019984789				461	Поле 260 не содержит кода подполя.
rsl03_z00.dat	001204720	1204750	1204749	1019984231	11	300	13	1019984836				461	Поле 300 не содержит кода подполя.
rsl03_z00.dat	001204720	1204750	1204749	1019984231	15	600	17	1019985789				461	Поле 600 не содержит кода подполя.
rsl03_z00.dat	001204720	1204750	1204749	1019984231	16	650	18	1019985832				461	Поле 650 не содержит кода подполя.
rsl03_z00.dat	001204720	1204750	1204749	1019984231	17	650	19	1019985870				461	Поле 650 не содержит кода подполя.
rsl03_z00.dat	001204720	1204750	1204749	1019984231	18	700	20	1019985912				461	Поле 700 не содержит кода подполя.
rsl03_z00.dat	001204720	1204750	1204749	1019984231	19	710	21	1019985958				461	Поле 710 не содержит кода подполя.
rsl03_z00.dat	001204720	1204750	1204749	1019984231	20	912	22	1019986006				461	Поле 912 не содержит кода подполя.
rsl03_z00.dat	001204720	1204750	1204749	1019984231	21	336	24	1019986078				461	Поле 336 не содержит кода подполя.
rsl03_z00.dat	001204720	1204750	1204749	1019984231	22	337	25	1019986108				461	Поле 337 не содержит кода подполя.
rsl03_z00.dat	001204721	1204751	1204750	1019986137	7	041	9	1019986404				462	Поле 041 не содержит кода подполя.
rsl03_z00.dat	001204721	1204751	1204750	1019986137	14	650	16	1019987082				462	Поле 650 не содержит кода подполя.
rsl03_z00.dat	001204721	1204751	1204750	1019986137	15	650	17	1019987131				462	Поле 650 не содержит кода подполя.
rsl03_z00.dat	001204721	1204751	1204750	1019986137	16	650	18	1019987177				462	Поле 650 не содержит кода подполя.
rsl03_z00.dat	001204721	1204751	1204750	1019986137	17	912	19	1019987222				462	Поле 912 не содержит кода подполя.
rsl03_z00.dat	001204721	1204751	1204750	1019986137	18	336	21	1019987294				462	Поле 336 не содержит кода подполя.
rsl03_z00.dat	001204722	1204752	1204751	1019987354	7	041	9	1019987620				463	Поле 041 не содержит кода подполя.
rsl03_z00.dat	001204722	1204752	1204751	1019987354	12	300	14	1019987930				463	Поле 300 не содержит кода подполя.
rsl03_z00.dat	001204722	1204752	1204751	1019987354	13	504	15	1019987977				463	Поле 504 не содержит кода подполя.
rsl03_z00.dat	001204722	1204752	1204751	1019987354	15	546	17	1019988677				463	Поле 546 не содержит кода подполя.
rsl03_z00.dat	001204722	1204752	1204751	1019987354	16	650	18	1019988699				463	Поле 650 не содержит кода подполя.
rsl03_z00.dat	001204722	1204752	1204751	1019987354	17	650	19	1019988754				463	Поле 650 не содержит кода подполя.
rsl03_z00.dat	001204722	1204752	1204751	1019987354	18	912	20	1019988808				463	Поле 912 не содержит кода подполя.
rsl03_z00.dat	001204722	1204752	1204751	1019987354	19	336	22	1019988880				463	Поле 336 не содержит кода подполя.
rsl03_z00.dat	001204722	1204752	1204751	1019987354	20	337	23	1019988910				463	Поле 337 не содержит кода подполя.
rsl03_z00.dat	001204723	1204753	1204752	1019988939	7	041	9	1019989205				464	Поле 041 не содержит кода подполя.
rsl03_z00.dat	001204723	1204753	1204752	1019988939	11	260	13	1019989518				464	Поле 260 не содержит кода подполя.
rsl03_z00.dat	001204723	1204753	1204752	1019988939	12	300	14	1019989598				464	Поле 300 не содержит кода подполя.
rsl03_z00.dat	001204723	1204753	1204752	1019988939	13	504	15	1019989629				464	Поле 504 не содержит кода подполя.
rsl03_z00.dat	001204723	1204753	1204752	1019988939	15	650	17	1019990037				464	Поле 650 не содержит кода подполя.
rsl03_z00.dat	001204723	1204753	1204752	1019988939	16	650	18	1019990122				464	Поле 650 не содержит кода подполя.
rsl03_z00.dat	001204723	1204753	1204752	1019988939	17	650	19	1019990167				464	Поле 650 не содержит кода подполя.
rsl03_z00.dat	001204723	1204753	1204752	1019988939	18	700	20	1019990212				464	Поле 700 не содержит кода подполя.
rsl03_z00.dat	001204723	1204753	1204752	1019988939	19	912	21	1019990254				464	Поле 912 не содержит кода подполя.
rsl03_z00.dat	001204723	1204753	1204752	1019988939	20	336	23	1019990326				464	Поле 336 не содержит кода подполя.
rsl03_z00.dat	001204723	1204753	1204752	1019988939	21	337	24	1019990355				464	Поле 337 не содержит кода подполя.
rsl03_z00.dat	001204724	1204754	1204753	1019990384	7	041	9	1019990650				465	Поле 041 не содержит кода подполя.
rsl03_z00.dat	001204724	1204754	1204753	1019990384	12	300	14	1019990878				465	Поле 300 не содержит кода подполя.
rsl03_z00.dat	001204724	1204754	1204753	1019990384	15	912	17	1019991325				465	Поле 912 не содержит кода подполя.
rsl03_z00.dat	001204724	1204754	1204753	1019990384	17	337	20	1019991428				465	Поле 337 не содержит кода подполя.
rsl03_z00.dat	001204725	1204755	1204754	1019991457	11	300	13	1019991897				466	Поле 300 не содержит кода подполя.
rsl03_z00.dat	001204725	1204755	1204754	1019991457	14	336	17	1019992024				466	Поле 336 не содержит кода подполя.
rsl03_z00.dat	001204726	1204756	1204755	1019992082	7	041	9	1019992348				467	Поле 041 не содержит кода подполя.
rsl03_z00.dat	001204726	1204756	1204755	1019992082	9	245	11	1019992388				467	Поле 245 не содержит кода подполя.
rsl03_z00.dat	001204726	1204756	1204755	1019992082	10	260	12	1019992404				467	Поле 260 не содержит кода подполя.
rsl03_z00.dat	001204726	1204756	1204755	1019992082	13	650	15	1019993071				467	Поле 650 не содержит кода подполя.
rsl03_z00.dat	001204726	1204756	1204755	1019992082	14	773	16	1019993106				467	Поле 773 не содержит кода подполя.
rsl03_z00.dat	001204726	1204756	1204755	1019992082	15	912	17	1019993169				467	Поле 912 не содержит кода подполя.
rsl03_z00.dat	001204726	1204756	1204755	1019992082	17	337	20	1019993270				467	Поле 337 не содержит кода подполя.
rsl03_z00.dat	001204727	1204757	1204756	1019993299	7	041	9	1019993565				468	Поле 041 не содержит кода подполя.
rsl03_z00.dat	001204727	1204757	1204756	1019993299	11	260	13	1019993699				468	Поле 260 не содержит кода подполя.
rsl03_z00.dat	001204727	1204757	1204756	1019993299	14	650	16	1019994387				468	Поле 650 не содержит кода подполя.
rsl03_z00.dat	001204727	1204757	1204756	1019993299	15	912	17	1019994422				468	Поле 912 не содержит кода подполя.
rsl03_z00.dat	001204728	1204758	1204757	1019994554	7	041	9	1019994820				469	Поле 041 не содержит кода подполя.
rsl03_z00.dat	001204728	1204758	1204757	1019994554	11	260	13	1019995185				469	Поле 260 не содержит кода подполя.
rsl03_z00.dat	001204728	1204758	1204757	1019994554	12	300	14	1019995231				469	Поле 300 не содержит кода подполя.
rsl03_z00.dat	001204728	1204758	1204757	1019994554	13	504	15	1019995257				469	Поле 504 не содержит кода подполя.
rsl03_z00.dat	001204728	1204758	1204757	1019994554	15	650	17	1019995744				469	Поле 650 не содержит кода подполя.
rsl03_z00.dat	001204728	1204758	1204757	1019994554	16	650	18	1019995837				469	Поле 650 не содержит кода подполя.
rsl03_z00.dat	001204728	1204758	1204757	1019994554	17	650	19	1019995883				469	Поле 650 не содержит кода подполя.
rsl03_z00.dat	001204728	1204758	1204757	1019994554	18	700	20	1019995941				469	Поле 700 не содержит кода подполя.
rsl03_z00.dat	001204728	1204758	1204757	1019994554	19	912	21	1019995982				469	Поле 912 не содержит кода подполя.
rsl03_z00.dat	001204728	1204758	1204757	1019994554	20	336	23	1019996054				469	Поле 336 не содержит кода подполя.
rsl03_z00.dat	001204728	1204758	1204757	1019994554	21	337	24	1019996083				469	Поле 337 не содержит кода подполя.
rsl03_z00.dat	001204729	1204759	1204758	1019996112	7	041	9	1019996377				470	Поле 041 не содержит кода подполя.
rsl03_z00.dat	001204729	1204759	1204758	1019996112	10	260	12	1019996828				470	Поле 260 не содержит кода подполя.
rsl03_z00.dat	001204729	1204759	1204758	1019996112	11	300	13	1019996870				470	Поле 300 не содержит кода подполя.
rsl03_z00.dat	001204729	1204759	1204758	1019996112	12	504	14	1019996904				470	Поле 504 не содержит кода подполя.
rsl03_z00.dat	001204729	1204759	1204758	1019996112	18	336	21	1019997392				470	Поле 336 не содержит кода подполя.
rsl03_z00.dat	001204729	1204759	1204758	1019996112	19	337	22	1019997422				470	Поле 337 не содержит кода подполя.
rsl03_z00.dat	001204730	1204760	1204759	1019997451	10	260	12	1019997825				471	Поле 260 не содержит кода подполя.
rsl03_z00.dat	001204730	1204760	1204759	1019997451	11	300	13	1019997857				471	Поле 300 не содержит кода подполя.
rsl03_z00.dat	001204730	1204760	1204759	1019997451	15	912	17	1019998044				471	Поле 912 не содержит кода подполя.
rsl03_z00.dat	001204731	1204761	1204760	1019998177	7	041	9	1019998446				472	Поле 041 не содержит кода подполя.
rsl03_z00.dat	001204731	1204761	1204760	1019998177	11	260	13	1019998567				472	Поле 260 не содержит кода подполя.
rsl03_z00.dat	001204731	1204761	1204760	1019998177	14	650	16	1019998829				472	Поле 650 не содержит кода подполя.
rsl03_z00.dat	001204731	1204761	1204760	1019998177	15	650	17	1019998907				472	Поле 650 не содержит кода подполя.
rsl03_z00.dat	001204731	1204761	1204760	1019998177	16	650	18	1019998948				472	Поле 650 не содержит кода подполя.
rsl03_z00.dat	001204731	1204761	1204760	1019998177	17	773	19	1019998993				472	Поле 773 не содержит кода подполя.
rsl03_z00.dat	001204731	1204761	1204760	1019998177	18	912	20	1019999024				472	Поле 912 не содержит кода подполя.
rsl03_z00.dat	001204732	1204762	1204761	1019999154	12	260	14	1019999715				473	Поле 260 не содержит кода подполя.
rsl03_z00.dat	001204732	1204762	1204761	1019999154	14	504	16	1019999799				473	Поле 504 не содержит кода подполя.
rsl03_z00.dat	001204732	1204762	1204761	1019999154	16	534	18	1020000419				473	Поле 534 не содержит кода подполя.
rsl03_z00.dat	001204732	1204762	1204761	1019999154	17	650	19	1020000520				473	Поле 650 не содержит кода подполя.
rsl03_z00.dat	001204732	1204762	1204761	1019999154	18	650	20	1020000559				473	Поле 650 не содержит кода подполя.
rsl03_z00.dat	001204732	1204762	1204761	1019999154	19	650	21	1020000599				473	Поле 650 не содержит кода подполя.
rsl03_z00.dat	001204732	1204762	1204761	1019999154	20	700	22	1020000628				473	Поле 700 не содержит кода подполя.
rsl03_z00.dat	001204732	1204762	1204761	1019999154	21	912	23	1020000659				473	Поле 912 не содержит кода подполя.
rsl03_z00.dat	001204732	1204762	1204761	1019999154	22	336	25	1020000731				473	Поле 336 не содержит кода подполя.
rsl03_z00.dat	001204732	1204762	1204761	1019999154	23	337	26	1020000760				473	Поле 337 не содержит кода подполя.
rsl03_z00.dat	001204733	1204763	1204762	1020000789	7	041	9	1020001056				474	Поле 041 не содержит кода подполя.
rsl03_z00.dat	001204733	1204763	1204762	1020000789	11	250	13	1020001244				474	Поле 250 не содержит кода подполя.
rsl03_z00.dat	001204733	1204763	1204762	1020000789	12	260	14	1020001278				474	Поле 260 не содержит кода подполя.
rsl03_z00.dat	001204733	1204763	1204762	1020000789	16	555	18	1020002397				474	Поле 555 не содержит кода подполя.
rsl03_z00.dat	001204733	1204763	1204762	1020000789	17	650	19	1020002464				474	Поле 650 не содержит кода подполя.
rsl03_z00.dat	001204733	1204763	1204762	1020000789	18	650	20	1020002509				474	Поле 650 не содержит кода подполя.
rsl03_z00.dat	001204733	1204763	1204762	1020000789	19	912	21	1020002541				474	Поле 912 не содержит кода подполя.
rsl03_z00.dat	001204734	1204764	1204763	1020002671	7	041	9	1020002938				475	Поле 041 не содержит кода подполя.
rsl03_z00.dat	001204734	1204764	1204763	1020002671	11	260	13	1020003134				475	Поле 260 не содержит кода подполя.
rsl03_z00.dat	001204734	1204764	1204763	1020002671	12	300	14	1020003180				475	Поле 300 не содержит кода подполя.
rsl03_z00.dat	001204734	1204764	1204763	1020002671	15	650	17	1020003513				475	Поле 650 не содержит кода подполя.
rsl03_z00.dat	001204734	1204764	1204763	1020002671	16	650	18	1020003553				475	Поле 650 не содержит кода подполя.
rsl03_z00.dat	001204734	1204764	1204763	1020002671	17	912	19	1020003596				475	Поле 912 не содержит кода подполя.
rsl03_z00.dat	001204734	1204764	1204763	1020002671	19	337	22	1020003699				475	Поле 337 не содержит кода подполя.
rsl03_z00.dat	001204735	1204765	1204764	1020003728	7	041	9	1020003995				476	Поле 041 не содержит кода подполя.
rsl03_z00.dat	001204735	1204765	1204764	1020003728	11	260	13	1020004192				476	Поле 260 не содержит кода подполя.
rsl03_z00.dat	001204735	1204765	1204764	1020003728	12	300	14	1020004236				476	Поле 300 не содержит кода подполя.
rsl03_z00.dat	001204735	1204765	1204764	1020003728	15	650	17	1020004699				476	Поле 650 не содержит кода подполя.
rsl03_z00.dat	001204735	1204765	1204764	1020003728	16	650	18	1020004737				476	Поле 650 не содержит кода подполя.
rsl03_z00.dat	001204735	1204765	1204764	1020003728	17	700	19	1020004775				476	Поле 700 не содержит кода подполя.
rsl03_z00.dat	001204735	1204765	1204764	1020003728	18	912	20	1020004816				476	Поле 912 не содержит кода подполя.
rsl03_z00.dat	001204735	1204765	1204764	1020003728	19	336	22	1020004888				476	Поле 336 не содержит кода подполя.
rsl03_z00.dat	001204735	1204765	1204764	1020003728	20	337	23	1020004917				476	Поле 337 не содержит кода подполя.
rsl03_z00.dat	001204736	1204766	1204765	1020004944	7	041	9	1020005211				477	Поле 041 не содержит кода подполя.
rsl03_z00.dat	001204736	1204766	1204765	1020004944	12	300	14	1020005387				477	Поле 300 не содержит кода подполя.
rsl03_z00.dat	001204736	1204766	1204765	1020004944	15	650	17	1020005883				477	Поле 650 не содержит кода подполя.
rsl03_z00.dat	001204736	1204766	1204765	1020004944	16	912	18	1020005928				477	Поле 912 не содержит кода подполя.
rsl03_z00.dat	001204736	1204766	1204765	1020004944	17	336	20	1020005999				477	Поле 336 не содержит кода подполя.
rsl03_z00.dat	001204737	1204767	1204766	1020006059	7	041	9	1020006326				478	Поле 041 не содержит кода подполя.
rsl03_z00.dat	001204737	1204767	1204766	1020006059	11	260	13	1020006516				478	Поле 260 не содержит кода подполя.
rsl03_z00.dat	001204737	1204767	1204766	1020006059	12	300	14	1020006561				478	Поле 300 не содержит кода подполя.
rsl03_z00.dat	001204737	1204767	1204766	1020006059	16	650	18	1020007344				478	Поле 650 не содержит кода подполя.
rsl03_z00.dat	001204737	1204767	1204766	1020006059	17	650	19	1020007383				478	Поле 650 не содержит кода подполя.
rsl03_z00.dat	001204737	1204767	1204766	1020006059	18	700	20	1020007441				478	Поле 700 не содержит кода подполя.
rsl03_z00.dat	001204737	1204767	1204766	1020006059	19	700	21	1020007475				478	Поле 700 не содержит кода подполя.
rsl03_z00.dat	001204737	1204767	1204766	1020006059	20	912	22	1020007515				478	Поле 912 не содержит кода подполя.
rsl03_z00.dat	001204737	1204767	1204766	1020006059	21	336	24	1020007586				478	Поле 336 не содержит кода подполя.
rsl03_z00.dat	001204738	1204768	1204767	1020007644	7	041	9	1020007911				479	Поле 041 не содержит кода подполя.
rsl03_z00.dat	001204738	1204768	1204767	1020007644	17	555	19	1020008569				479	Поле 555 не содержит кода подполя.
rsl03_z00.dat	001204738	1204768	1204767	1020007644	18	650	20	1020008603				479	Поле 650 не содержит кода подполя.
rsl03_z00.dat	001204738	1204768	1204767	1020007644	19	700	21	1020008645				479	Поле 700 не содержит кода подполя.
rsl03_z00.dat	001204738	1204768	1204767	1020007644	20	912	22	1020008684				479	Поле 912 не содержит кода подполя.
rsl03_z00.dat	001204738	1204768	1204767	1020007644	21	336	24	1020008756				479	Поле 336 не содержит кода подполя.
rsl03_z00.dat	001204739	1204769	1204768	1020008817	7	041	9	1020009085				480	Поле 041 не содержит кода подполя.
rsl03_z00.dat	001204739	1204769	1204768	1020008817	11	260	13	1020009264				480	Поле 260 не содержит кода подполя.
rsl03_z00.dat	001204739	1204769	1204768	1020008817	12	300	14	1020009310				480	Поле 300 не содержит кода подполя.
rsl03_z00.dat	001204739	1204769	1204768	1020008817	16	650	18	1020009875				480	Поле 650 не содержит кода подполя.
rsl03_z00.dat	001204739	1204769	1204768	1020008817	17	650	19	1020009914				480	Поле 650 не содержит кода подполя.
rsl03_z00.dat	001204739	1204769	1204768	1020008817	18	700	20	1020009971				480	Поле 700 не содержит кода подполя.
rsl03_z00.dat	001204739	1204769	1204768	1020008817	19	700	21	1020010011				480	Поле 700 не содержит кода подполя.
rsl03_z00.dat	001204739	1204769	1204768	1020008817	20	912	22	1020010050				480	Поле 912 не содержит кода подполя.
rsl03_z00.dat	001204739	1204769	1204768	1020008817	21	336	24	1020010122				480	Поле 336 не содержит кода подполя.
rsl03_z00.dat	001204740	1204770	1204769	1020010180	7	041	9	1020010447				481	Поле 041 не содержит кода подполя.
rsl03_z00.dat	001204740	1204770	1204769	1020010180	12	300	14	1020010636				481	Поле 300 не содержит кода подполя.
rsl03_z00.dat	001204740	1204770	1204769	1020010180	15	650	17	1020011385				481	Поле 650 не содержит кода подполя.
rsl03_z00.dat	001204740	1204770	1204769	1020010180	16	912	18	1020011417				481	Поле 912 не содержит кода подполя.
rsl03_z00.dat	001204740	1204770	1204769	1020010180	17	336	20	1020011488				481	Поле 336 не содержит кода подполя.
rsl03_z00.dat	001204741	1204771	1204770	1020011548	7	041	9	1020011815				482	Поле 041 не содержит кода подполя.
rsl03_z00.dat	001204741	1204771	1204770	1020011548	11	260	13	1020011975				482	Поле 260 не содержит кода подполя.
rsl03_z00.dat	001204741	1204771	1204770	1020011548	12	300	14	1020012009				482	Поле 300 не содержит кода подполя.
rsl03_z00.dat	001204741	1204771	1204770	1020011548	15	650	17	1020012681				482	Поле 650 не содержит кода подполя.
rsl03_z00.dat	001204741	1204771	1204770	1020011548	16	700	18	1020012743				482	Поле 700 не содержит кода подполя.
rsl03_z00.dat	001204741	1204771	1204770	1020011548	17	912	19	1020012790				482	Поле 912 не содержит кода подполя.
rsl03_z00.dat	001204741	1204771	1204770	1020011548	18	336	21	1020012862				482	Поле 336 не содержит кода подполя.
rsl03_z00.dat	001204742	1204772	1204771	1020012922	7	041	9	1020013189				483	Поле 041 не содержит кода подполя.
rsl03_z00.dat	001204742	1204772	1204771	1020012922	15	650	17	1020013769				483	Поле 650 не содержит кода подполя.
rsl03_z00.dat	001204742	1204772	1204771	1020012922	16	912	18	1020013829				483	Поле 912 не содержит кода подполя.
rsl03_z00.dat	001204743	1204773	1204772	1020013959	12	260	14	1020014477				484	Поле 260 не содержит кода подполя.
rsl03_z00.dat	001204743	1204773	1204772	1020013959	13	300	15	1020014518				484	Поле 300 не содержит кода подполя.
rsl03_z00.dat	001204743	1204773	1204772	1020013959	14	490	16	1020014552				484	Поле 490 не содержит кода подполя.
rsl03_z00.dat	001204743	1204773	1204772	1020013959	17	546	19	1020015254				484	Поле 546 не содержит кода подполя.
rsl03_z00.dat	001204743	1204773	1204772	1020013959	18	650	20	1020015277				484	Поле 650 не содержит кода подполя.
rsl03_z00.dat	001204743	1204773	1204772	1020013959	19	650	21	1020015312				484	Поле 650 не содержит кода подполя.
rsl03_z00.dat	001204743	1204773	1204772	1020013959	20	700	22	1020015413				484	Поле 700 не содержит кода подполя.
rsl03_z00.dat	001204743	1204773	1204772	1020013959	21	912	23	1020015460				484	Поле 912 не содержит кода подполя.
rsl03_z00.dat	001204743	1204773	1204772	1020013959	23	337	26	1020015563				484	Поле 337 не содержит кода подполя.
rsl03_z00.dat	001204744	1204774	1204773	1020015592	12	250	14	1020016087				485	Поле 250 не содержит кода подполя.
rsl03_z00.dat	001204744	1204774	1204773	1020015592	13	260	15	1020016114				485	Поле 260 не содержит кода подполя.
rsl03_z00.dat	001204744	1204774	1204773	1020015592	19	336	22	1020016459				485	Поле 336 не содержит кода подполя.
rsl03_z00.dat	001204745	1204775	1204774	1020016517	7	041	9	1020016785				486	Поле 041 не содержит кода подполя.
rsl03_z00.dat	001204745	1204775	1204774	1020016517	10	245	12	1020016850				486	Поле 245 не содержит кода подполя.
rsl03_z00.dat	001204745	1204775	1204774	1020016517	14	650	16	1020017696				486	Поле 650 не содержит кода подполя.
rsl03_z00.dat	001204745	1204775	1204774	1020016517	15	773	17	1020017764				486	Поле 773 не содержит кода подполя.
rsl03_z00.dat	001204745	1204775	1204774	1020016517	16	912	18	1020017828				486	Поле 912 не содержит кода подполя.
rsl03_z00.dat	001204745	1204775	1204774	1020016517	17	336	20	1020017900				486	Поле 336 не содержит кода подполя.
rsl03_z00.dat	001204745	1204775	1204774	1020016517	18	337	21	1020017927				486	Поле 337 не содержит кода подполя.
rsl03_z00.dat	001204746	1204776	1204775	1020017956	12	250	14	1020018451				487	Поле 250 не содержит кода подполя.
rsl03_z00.dat	001204746	1204776	1204775	1020017956	13	260	15	1020018478				487	Поле 260 не содержит кода подполя.
rsl03_z00.dat	001204746	1204776	1204775	1020017956	19	336	22	1020018823				487	Поле 336 не содержит кода подполя.
rsl03_z00.dat	001204747	1204777	1204776	1020018881	7	041	9	1020019149				488	Поле 041 не содержит кода подполя.
rsl03_z00.dat	001204747	1204777	1204776	1020018881	10	245	12	1020019214				488	Поле 245 не содержит кода подполя.
rsl03_z00.dat	001204747	1204777	1204776	1020018881	14	650	16	1020020055				488	Поле 650 не содержит кода подполя.
rsl03_z00.dat	001204747	1204777	1204776	1020018881	15	773	17	1020020123				488	Поле 773 не содержит кода подполя.
rsl03_z00.dat	001204747	1204777	1204776	1020018881	16	912	18	1020020187				488	Поле 912 не содержит кода подполя.
rsl03_z00.dat	001204747	1204777	1204776	1020018881	17	336	20	1020020259				488	Поле 336 не содержит кода подполя.
rsl03_z00.dat	001204747	1204777	1204776	1020018881	18	337	21	1020020286				488	Поле 337 не содержит кода подполя.
rsl03_z00.dat	001204748	1204778	1204777	1020020315	7	041	9	1020020582				489	Поле 041 не содержит кода подполя.
rsl03_z00.dat	001204748	1204778	1204777	1020020315	11	260	13	1020020783				489	Поле 260 не содержит кода подполя.
rsl03_z00.dat	001204748	1204778	1204777	1020020315	12	300	14	1020020819				489	Поле 300 не содержит кода подполя.
rsl03_z00.dat	001204748	1204778	1204777	1020020315	17	650	19	1020021571				489	Поле 650 не содержит кода подполя.
rsl03_z00.dat	001204748	1204778	1204777	1020020315	18	650	20	1020021640				489	Поле 650 не содержит кода подполя.
rsl03_z00.dat	001204748	1204778	1204777	1020020315	19	650	21	1020021712				489	Поле 650 не содержит кода подполя.
rsl03_z00.dat	001204748	1204778	1204777	1020020315	20	650	22	1020021788				489	Поле 650 не содержит кода подполя.
rsl03_z00.dat	001204748	1204778	1204777	1020020315	21	700	23	1020021883				489	Поле 700 не содержит кода подполя.
rsl03_z00.dat	001204748	1204778	1204777	1020020315	22	912	24	1020021929				489	Поле 912 не содержит кода подполя.
rsl03_z00.dat	001204748	1204778	1204777	1020020315	24	337	27	1020022032				489	Поле 337 не содержит кода подполя.
rsl03_z00.dat	001204749	1204779	1204778	1020022061	7	041	9	1020022329				490	Поле 041 не содержит кода подполя.
rsl03_z00.dat	001204749	1204779	1204778	1020022061	13	650	15	1020022733				490	Поле 650 не содержит кода подполя.
rsl03_z00.dat	001204749	1204779	1204778	1020022061	14	700	16	1020022824				490	Поле 700 не содержит кода подполя.
rsl03_z00.dat	001204749	1204779	1204778	1020022061	15	912	17	1020022857				490	Поле 912 не содержит кода подполя.
rsl03_z00.dat	001204750	1204780	1204779	1020022990	7	041	9	1020023258				491	Поле 041 не содержит кода подполя.
rsl03_z00.dat	001204750	1204780	1204779	1020022990	12	250	14	1020023456				491	Поле 250 не содержит кода подполя.
rsl03_z00.dat	001204750	1204780	1204779	1020022990	14	300	16	1020023526				491	Поле 300 не содержит кода подполя.
rsl03_z00.dat	001204750	1204780	1204779	1020022990	18	650	20	1020023966				491	Поле 650 не содержит кода подполя.
rsl03_z00.dat	001204750	1204780	1204779	1020022990	19	700	21	1020023998				491	Поле 700 не содержит кода подполя.
rsl03_z00.dat	001204750	1204780	1204779	1020022990	20	912	22	1020024035				491	Поле 912 не содержит кода подполя.
rsl03_z00.dat	001204750	1204780	1204779	1020022990	21	336	24	1020024107				491	Поле 336 не содержит кода подполя.
rsl03_z00.dat	001204751	1204781	1204780	1020024167	7	041	9	1020024434				492	Поле 041 не содержит кода подполя.
rsl03_z00.dat	001204751	1204781	1204780	1020024167	11	250	13	1020024671				492	Поле 250 не содержит кода подполя.
rsl03_z00.dat	001204751	1204781	1204780	1020024167	13	300	15	1020024739				492	Поле 300 не содержит кода подполя.
rsl03_z00.dat	001204751	1204781	1204780	1020024167	17	650	19	1020025296				492	Поле 650 не содержит кода подполя.
rsl03_z00.dat	001204751	1204781	1204780	1020024167	18	700	20	1020025372				492	Поле 700 не содержит кода подполя.
rsl03_z00.dat	001204751	1204781	1204780	1020024167	19	700	21	1020025418				492	Поле 700 не содержит кода подполя.
rsl03_z00.dat	001204751	1204781	1204780	1020024167	20	700	22	1020025466				492	Поле 700 не содержит кода подполя.
rsl03_z00.dat	001204751	1204781	1204780	1020024167	21	700	23	1020025507				492	Поле 700 не содержит кода подполя.
rsl03_z00.dat	001204751	1204781	1204780	1020024167	22	912	24	1020025552				492	Поле 912 не содержит кода подполя.
rsl03_z00.dat	001204751	1204781	1204780	1020024167	23	336	26	1020025623				492	Поле 336 не содержит кода подполя.
rsl03_z00.dat	001204751	1204781	1204780	1020024167	24	337	27	1020025653				492	Поле 337 не содержит кода подполя.
rsl03_z00.dat	001204752	1204782	1204781	1020025682	7	041	9	1020025949				493	Поле 041 не содержит кода подполя.
rsl03_z00.dat	001204752	1204782	1204781	1020025682	11	300	13	1020026116				493	Поле 300 не содержит кода подполя.
rsl03_z00.dat	001204752	1204782	1204781	1020025682	14	650	16	1020026361				493	Поле 650 не содержит кода подполя.
rsl03_z00.dat	001204752	1204782	1204781	1020025682	15	650	17	1020026408				493	Поле 650 не содержит кода подполя.
rsl03_z00.dat	001204752	1204782	1204781	1020025682	16	700	18	1020026453				493	Поле 700 не содержит кода подполя.
rsl03_z00.dat	001204752	1204782	1204781	1020025682	17	912	19	1020026489				493	Поле 912 не содержит кода подполя.
rsl03_z00.dat	001204753	1204783	1204782	1020026621	7	041	9	1020026888				494	Поле 041 не содержит кода подполя.
rsl03_z00.dat	001204753	1204783	1204782	1020026621	12	250	14	1020027106				494	Поле 250 не содержит кода подполя.
rsl03_z00.dat	001204753	1204783	1204782	1020026621	13	260	15	1020027133				494	Поле 260 не содержит кода подполя.
rsl03_z00.dat	001204753	1204783	1204782	1020026621	14	300	16	1020027174				494	Поле 300 не содержит кода подполя.
rsl03_z00.dat	001204753	1204783	1204782	1020026621	15	490	17	1020027209				494	Поле 490 не содержит кода подполя.
rsl03_z00.dat	001204753	1204783	1204782	1020026621	16	490	18	1020027231				494	Поле 490 не содержит кода подполя.
rsl03_z00.dat	001204753	1204783	1204782	1020026621	18	650	20	1020027595				494	Поле 650 не содержит кода подполя.
rsl03_z00.dat	001204753	1204783	1204782	1020026621	19	912	21	1020027677				494	Поле 912 не содержит кода подполя.
rsl03_z00.dat	001204754	1204784	1204783	1020027807	7	041	9	1020028075				495	Поле 041 не содержит кода подполя.
rsl03_z00.dat	001204754	1204784	1204783	1020027807	10	260	12	1020028245				495	Поле 260 не содержит кода подполя.
rsl03_z00.dat	001204754	1204784	1204783	1020027807	16	912	18	1020028521				495	Поле 912 не содержит кода подполя.
rsl03_z00.dat	001204754	1204784	1204783	1020027807	17	336	20	1020028593				495	Поле 336 не содержит кода подполя.
rsl03_z00.dat	001204755	1204785	1204784	1020028651	7	041	9	1020028918				496	Поле 041 не содержит кода подполя.
rsl03_z00.dat	001204755	1204785	1204784	1020028651	11	300	13	1020029086				496	Поле 300 не содержит кода подполя.
rsl03_z00.dat	001204755	1204785	1204784	1020028651	14	650	16	1020029331				496	Поле 650 не содержит кода подполя.
rsl03_z00.dat	001204755	1204785	1204784	1020028651	15	650	17	1020029378				496	Поле 650 не содержит кода подполя.
rsl03_z00.dat	001204755	1204785	1204784	1020028651	16	700	18	1020029423				496	Поле 700 не содержит кода подполя.
rsl03_z00.dat	001204755	1204785	1204784	1020028651	17	912	19	1020029459				496	Поле 912 не содержит кода подполя.
rsl03_z00.dat	001204756	1204786	1204785	1020029590	7	041	9	1020029858				497	Поле 041 не содержит кода подполя.
rsl03_z00.dat	001204756	1204786	1204785	1020029590	11	300	13	1020030046				497	Поле 300 не содержит кода подполя.
rsl03_z00.dat	001204756	1204786	1204785	1020029590	13	650	15	1020030432				497	Поле 650 не содержит кода подполя.
rsl03_z00.dat	001204756	1204786	1204785	1020029590	14	650	16	1020030483				497	Поле 650 не содержит кода подполя.
rsl03_z00.dat	001204756	1204786	1204785	1020029590	15	650	17	1020030561				497	Поле 650 не содержит кода подполя.
rsl03_z00.dat	001204756	1204786	1204785	1020029590	16	700	18	1020030652				497	Поле 700 не содержит кода подполя.
rsl03_z00.dat	001204756	1204786	1204785	1020029590	17	700	19	1020030694				497	Поле 700 не содержит кода подполя.
rsl03_z00.dat	001204756	1204786	1204785	1020029590	18	912	20	1020030724				497	Поле 912 не содержит кода подполя.
rsl03_z00.dat	001204757	1204787	1204786	1020030855	7	041	9	1020031122				498	Поле 041 не содержит кода подполя.
rsl03_z00.dat	001204757	1204787	1204786	1020030855	11	300	13	1020031302				498	Поле 300 не содержит кода подполя.
rsl03_z00.dat	001204757	1204787	1204786	1020030855	14	650	16	1020031548				498	Поле 650 не содержит кода подполя.
rsl03_z00.dat	001204757	1204787	1204786	1020030855	15	650	17	1020031594				498	Поле 650 не содержит кода подполя.
rsl03_z00.dat	001204757	1204787	1204786	1020030855	16	700	18	1020031639				498	Поле 700 не содержит кода подполя.
rsl03_z00.dat	001204757	1204787	1204786	1020030855	17	912	19	1020031675				498	Поле 912 не содержит кода подполя.
rsl03_z00.dat	001204757	1204787	1204786	1020030855	18	336	21	1020031747				498	Поле 336 не содержит кода подполя.
rsl03_z00.dat	001204758	1204788	1204787	1020031808	7	041	9	1020032076				499	Поле 041 не содержит кода подполя.
rsl03_z00.dat	001204758	1204788	1204787	1020031808	10	260	12	1020032248				499	Поле 260 не содержит кода подполя.
rsl03_z00.dat	001204758	1204788	1204787	1020031808	16	912	18	1020032524				499	Поле 912 не содержит кода подполя.
rsl03_z00.dat	001204758	1204788	1204787	1020031808	17	336	20	1020032596				499	Поле 336 не содержит кода подполя.
rsl03_z00.dat	001204759	1204789	1204788	1020032654	7	041	9	1020032922				500	Поле 041 не содержит кода подполя.
rsl03_z00.dat	001204759	1204789	1204788	1020032654	11	300	13	1020033111				500	Поле 300 не содержит кода подполя.
rsl03_z00.dat	001204759	1204789	1204788	1020032654	13	650	15	1020033495				500	Поле 650 не содержит кода подполя.
rsl03_z00.dat	001204759	1204789	1204788	1020032654	14	650	16	1020033547				500	Поле 650 не содержит кода подполя.
rsl03_z00.dat	001204759	1204789	1204788	1020032654	15	650	17	1020033625				500	Поле 650 не содержит кода подполя.
rsl03_z00.dat	001204759	1204789	1204788	1020032654	16	700	18	1020033716				500	Поле 700 не содержит кода подполя.
rsl03_z00.dat	001204759	1204789	1204788	1020032654	17	700	19	1020033758				500	Поле 700 не содержит кода подполя.
rsl03_z00.dat	001204759	1204789	1204788	1020032654	18	912	20	1020033788				500	Поле 912 не содержит кода подполя.
rsl03_z00.dat	001204759	1204789	1204788	1020032654	19	336	22	1020033860				500	Поле 336 не содержит кода подполя.
rsl03_z00.dat	001204760	1204790	1204789	1020033919	7	041	9	1020034187				501	Поле 041 не содержит кода подполя.
rsl03_z00.dat	001204760	1204790	1204789	1020033919	10	260	12	1020034350				501	Поле 260 не содержит кода подполя.
rsl03_z00.dat	001204760	1204790	1204789	1020033919	12	490	14	1020034425				501	Поле 490 не содержит кода подполя.
rsl03_z00.dat	001204760	1204790	1204789	1020033919	16	912	18	1020034625				501	Поле 912 не содержит кода подполя.
rsl03_z00.dat	001204760	1204790	1204789	1020033919	17	336	20	1020034697				501	Поле 336 не содержит кода подполя.
rsl03_z00.dat	001204761	1204791	1204790	1020034754	7	041	9	1020035022				502	Поле 041 не содержит кода подполя.
rsl03_z00.dat	001204761	1204791	1204790	1020034754	11	300	13	1020035217				502	Поле 300 не содержит кода подполя.
rsl03_z00.dat	001204761	1204791	1204790	1020034754	14	650	16	1020035362				502	Поле 650 не содержит кода подполя.
rsl03_z00.dat	001204761	1204791	1204790	1020034754	16	700	18	1020035443				502	Поле 700 не содержит кода подполя.
rsl03_z00.dat	001204761	1204791	1204790	1020034754	17	912	19	1020035485				502	Поле 912 не содержит кода подполя.
rsl03_z00.dat	001204762	1204792	1204791	1020035616	7	041	9	1020035884				503	Поле 041 не содержит кода подполя.
rsl03_z00.dat	001204762	1204792	1204791	1020035616	10	260	12	1020035993				503	Поле 260 не содержит кода подполя.
rsl03_z00.dat	001204762	1204792	1204791	1020035616	14	650	16	1020036275				503	Поле 650 не содержит кода подполя.
rsl03_z00.dat	001204762	1204792	1204791	1020035616	15	912	17	1020036317				503	Поле 912 не содержит кода подполя.
rsl03_z00.dat	001204763	1204793	1204792	1020036448	7	041	9	1020036716				504	Поле 041 не содержит кода подполя.
rsl03_z00.dat	001204763	1204793	1204792	1020036448	10	260	12	1020036823				504	Поле 260 не содержит кода подполя.
rsl03_z00.dat	001204763	1204793	1204792	1020036448	14	650	16	1020037102				504	Поле 650 не содержит кода подполя.
rsl03_z00.dat	001204763	1204793	1204792	1020036448	15	912	17	1020037144				504	Поле 912 не содержит кода подполя.
rsl03_z00.dat	001204764	1204794	1204793	1020037277	7	041	9	1020037544				505	Поле 041 не содержит кода подполя.
rsl03_z00.dat	001204764	1204794	1204793	1020037277	12	250	14	1020037777				505	Поле 250 не содержит кода подполя.
rsl03_z00.dat	001204764	1204794	1204793	1020037277	13	260	15	1020037804				505	Поле 260 не содержит кода подполя.
rsl03_z00.dat	001204764	1204794	1204793	1020037277	14	300	16	1020037845				505	Поле 300 не содержит кода подполя.
rsl03_z00.dat	001204764	1204794	1204793	1020037277	17	650	19	1020038369				505	Поле 650 не содержит кода подполя.
rsl03_z00.dat	001204764	1204794	1204793	1020037277	18	912	20	1020038467				505	Поле 912 не содержит кода подполя.
rsl03_z00.dat	001204764	1204794	1204793	1020037277	19	336	22	1020038539				505	Поле 336 не содержит кода подполя.
rsl03_z00.dat	001204765	1204795	1204794	1020038597	7	041	9	1020038864				506	Поле 041 не содержит кода подполя.
rsl03_z00.dat	001204765	1204795	1204794	1020038597	11	300	13	1020039041				506	Поле 300 не содержит кода подполя.
rsl03_z00.dat	001204765	1204795	1204794	1020038597	14	650	16	1020039273				506	Поле 650 не содержит кода подполя.
rsl03_z00.dat	001204765	1204795	1204794	1020038597	15	700	17	1020039369				506	Поле 700 не содержит кода подполя.
rsl03_z00.dat	001204765	1204795	1204794	1020038597	16	912	18	1020039410				506	Поле 912 не содержит кода подполя.
rsl03_z00.dat	001204766	1204796	1204795	1020039542	7	041	9	1020039810				507	Поле 041 не содержит кода подполя.
rsl03_z00.dat	001204766	1204796	1204795	1020039542	10	260	12	1020039957				507	Поле 260 не содержит кода подполя.
rsl03_z00.dat	001204766	1204796	1204795	1020039542	11	300	13	1020040000				507	Поле 300 не содержит кода подполя.
rsl03_z00.dat	001204766	1204796	1204795	1020039542	15	700	17	1020040238				507	Поле 700 не содержит кода подполя.
rsl03_z00.dat	001204766	1204796	1204795	1020039542	16	912	18	1020040284				507	Поле 912 не содержит кода подполя.
rsl03_z00.dat	001204766	1204796	1204795	1020039542	18	337	21	1020040386				507	Поле 337 не содержит кода подполя.
rsl03_z00.dat	001204767	1204797	1204796	1020040415	7	041	9	1020040683				508	Поле 041 не содержит кода подполя.
rsl03_z00.dat	001204767	1204797	1204796	1020040415	12	300	14	1020040905				508	Поле 300 не содержит кода подполя.
rsl03_z00.dat	001204767	1204797	1204796	1020040415	16	700	18	1020041383				508	Поле 700 не содержит кода подполя.
rsl03_z00.dat	001204767	1204797	1204796	1020040415	17	912	19	1020041429				508	Поле 912 не содержит кода подполя.
rsl03_z00.dat	001204768	1204798	1204797	1020041559	7	041	9	1020041825				509	Поле 041 не содержит кода подполя.
rsl03_z00.dat	001204768	1204798	1204797	1020041559	11	260	13	1020042171				509	Поле 260 не содержит кода подполя.
rsl03_z00.dat	001204768	1204798	1204797	1020041559	12	300	14	1020042218				509	Поле 300 не содержит кода подполя.
rsl03_z00.dat	001204768	1204798	1204797	1020041559	13	490	15	1020042243				509	Поле 490 не содержит кода подполя.
rsl03_z00.dat	001204768	1204798	1204797	1020041559	14	504	16	1020042287				509	Поле 504 не содержит кода подполя.
rsl03_z00.dat	001204768	1204798	1204797	1020041559	16	650	18	1020042948				509	Поле 650 не содержит кода подполя.
rsl03_z00.dat	001204768	1204798	1204797	1020041559	17	912	19	1020042981				509	Поле 912 не содержит кода подполя.
rsl03_z00.dat	001204768	1204798	1204797	1020041559	18	336	21	1020043053				509	Поле 336 не содержит кода подполя.
rsl03_z00.dat	001204768	1204798	1204797	1020041559	19	337	22	1020043083				509	Поле 337 не содержит кода подполя.
rsl03_z00.dat	001204769	1204799	1204798	1020043112	7	041	9	1020043380				510	Поле 041 не содержит кода подполя.
rsl03_z00.dat	001204769	1204799	1204798	1020043112	11	260	13	1020043586				510	Поле 260 не содержит кода подполя.
rsl03_z00.dat	001204769	1204799	1204798	1020043112	16	650	18	1020043815				510	Поле 650 не содержит кода подполя.
rsl03_z00.dat	001204769	1204799	1204798	1020043112	18	700	20	1020043892				510	Поле 700 не содержит кода подполя.
rsl03_z00.dat	001204769	1204799	1204798	1020043112	20	336	23	1020044001				510	Поле 336 не содержит кода подполя.
rsl03_z00.dat	001204769	1204799	1204798	1020043112	21	337	24	1020044031				510	Поле 337 не содержит кода подполя.
rsl03_z00.dat	001204770	1204800	1204799	1020044060	7	041	9	1020044327				511	Поле 041 не содержит кода подполя.
rsl03_z00.dat	001204770	1204800	1204799	1020044060	15	912	17	1020044841				511	Поле 912 не содержит кода подполя.
rsl03_z00.dat	001204770	1204800	1204799	1020044060	16	336	19	1020044913				511	Поле 336 не содержит кода подполя.
rsl03_z00.dat	001204770	1204800	1204799	1020044060	17	337	20	1020044943				511	Поле 337 не содержит кода подполя.
rsl03_z00.dat	001204771	1204801	1204800	1020044972	7	041	9	1020045239				512	Поле 041 не содержит кода подполя.
rsl03_z00.dat	001204771	1204801	1204800	1020044972	11	260	13	1020045438				512	Поле 260 не содержит кода подполя.
rsl03_z00.dat	001204771	1204801	1204800	1020044972	16	650	18	1020046081				512	Поле 650 не содержит кода подполя.
rsl03_z00.dat	001204771	1204801	1204800	1020044972	17	700	19	1020046124				512	Поле 700 не содержит кода подполя.
rsl03_z00.dat	001204771	1204801	1204800	1020044972	18	912	20	1020046171				512	Поле 912 не содержит кода подполя.
rsl03_z00.dat	001204771	1204801	1204800	1020044972	19	336	22	1020046243				512	Поле 336 не содержит кода подполя.
rsl03_z00.dat	001204771	1204801	1204800	1020044972	20	337	23	1020046273				512	Поле 337 не содержит кода подполя.
rsl03_z00.dat	001204772	1204802	1204801	1020046301	7	041	9	1020046568				513	Поле 041 не содержит кода подполя.
rsl03_z00.dat	001204772	1204802	1204801	1020046301	12	300	14	1020046849				513	Поле 300 не содержит кода подполя.
rsl03_z00.dat	001204772	1204802	1204801	1020046301	13	490	15	1020046885				513	Поле 490 не содержит кода подполя.
rsl03_z00.dat	001204772	1204802	1204801	1020046301	15	520	17	1020047151				513	Поле 520 не содержит кода подполя.
rsl03_z00.dat	001204772	1204802	1204801	1020046301	16	600	18	1020047503				513	Поле 600 не содержит кода подполя.
rsl03_z00.dat	001204772	1204802	1204801	1020046301	18	650	20	1020047597				513	Поле 650 не содержит кода подполя.
rsl03_z00.dat	001204772	1204802	1204801	1020046301	19	650	21	1020047653				513	Поле 650 не содержит кода подполя.
rsl03_z00.dat	001204772	1204802	1204801	1020046301	20	700	22	1020047711				513	Поле 700 не содержит кода подполя.
rsl03_z00.dat	001204772	1204802	1204801	1020046301	21	700	23	1020047742				513	Поле 700 не содержит кода подполя.
rsl03_z00.dat	001204772	1204802	1204801	1020046301	22	912	24	1020047785				513	Поле 912 не содержит кода подполя.
rsl03_z00.dat	001204772	1204802	1204801	1020046301	23	336	26	1020047857				513	Поле 336 не содержит кода подполя.
rsl03_z00.dat	001204772	1204802	1204801	1020046301	24	337	27	1020047887				513	Поле 337 не содержит кода подполя.
rsl03_z00.dat	001204773	1204803	1204802	1020047916	7	041	9	1020048183				514	Поле 041 не содержит кода подполя.
rsl03_z00.dat	001204773	1204803	1204802	1020047916	12	300	14	1020048500				514	Поле 300 не содержит кода подполя.
rsl03_z00.dat	001204773	1204803	1204802	1020047916	13	490	15	1020048536				514	Поле 490 не содержит кода подполя.
rsl03_z00.dat	001204773	1204803	1204802	1020047916	16	650	18	1020048930				514	Поле 650 не содержит кода подполя.
rsl03_z00.dat	001204773	1204803	1204802	1020047916	17	700	19	1020048973				514	Поле 700 не содержит кода подполя.
rsl03_z00.dat	001204773	1204803	1204802	1020047916	18	700	20	1020049017				514	Поле 700 не содержит кода подполя.
rsl03_z00.dat	001204773	1204803	1204802	1020047916	19	912	21	1020049048				514	Поле 912 не содержит кода подполя.
rsl03_z00.dat	001204773	1204803	1204802	1020047916	20	336	23	1020049120				514	Поле 336 не содержит кода подполя.
rsl03_z00.dat	001204773	1204803	1204802	1020047916	21	337	24	1020049150				514	Поле 337 не содержит кода подполя.
rsl03_z00.dat	001204774	1204804	1204803	1020049179	7	041	9	1020049446				515	Поле 041 не содержит кода подполя.
rsl03_z00.dat	001204774	1204804	1204803	1020049179	12	300	14	1020049727				515	Поле 300 не содержит кода подполя.
rsl03_z00.dat	001204774	1204804	1204803	1020049179	15	520	17	1020050086				515	Поле 520 не содержит кода подполя.
rsl03_z00.dat	001204774	1204804	1204803	1020049179	16	700	18	1020050209				515	Поле 700 не содержит кода подполя.
rsl03_z00.dat	001204774	1204804	1204803	1020049179	17	700	19	1020050253				515	Поле 700 не содержит кода подполя.
rsl03_z00.dat	001204774	1204804	1204803	1020049179	18	912	20	1020050293				515	Поле 912 не содержит кода подполя.
rsl03_z00.dat	001204774	1204804	1204803	1020049179	19	336	22	1020050365				515	Поле 336 не содержит кода подполя.
rsl03_z00.dat	001204774	1204804	1204803	1020049179	20	337	23	1020050394				515	Поле 337 не содержит кода подполя.
rsl03_z00.dat	001204775	1204805	1204804	1020050423	7	041	9	1020050689				516	Поле 041 не содержит кода подполя.
rsl03_z00.dat	001204775	1204805	1204804	1020050423	12	300	14	1020050875				516	Поле 300 не содержит кода подполя.
rsl03_z00.dat	001204775	1204805	1204804	1020050423	13	490	15	1020050899				516	Поле 490 не содержит кода подполя.
rsl03_z00.dat	001204775	1204805	1204804	1020050423	17	912	19	1020051113				516	Поле 912 не содержит кода подполя.
rsl03_z00.dat	001204775	1204805	1204804	1020050423	19	337	22	1020051215				516	Поле 337 не содержит кода подполя.
rsl03_z00.dat	001204776	1204806	1204805	1020051244	7	041	9	1020051510				517	Поле 041 не содержит кода подполя.
rsl03_z00.dat	001204776	1204806	1204805	1020051244	11	260	13	1020051670				517	Поле 260 не содержит кода подполя.
rsl03_z00.dat	001204776	1204806	1204805	1020051244	12	300	14	1020051719				517	Поле 300 не содержит кода подполя.
rsl03_z00.dat	001204776	1204806	1204805	1020051244	15	580	17	1020051921				517	Поле 580 не содержит кода подполя.
rsl03_z00.dat	001204776	1204806	1204805	1020051244	17	912	19	1020051996				517	Поле 912 не содержит кода подполя.
rsl03_z00.dat	001204776	1204806	1204805	1020051244	18	336	21	1020052068				517	Поле 336 не содержит кода подполя.
rsl03_z00.dat	001204777	1204807	1204806	1020052128	7	041	9	1020052394				518	Поле 041 не содержит кода подполя.
rsl03_z00.dat	001204777	1204807	1204806	1020052128	15	650	17	1020052736				518	Поле 650 не содержит кода подполя.
rsl03_z00.dat	001204777	1204807	1204806	1020052128	17	336	20	1020052842				518	Поле 336 не содержит кода подполя.
rsl03_z00.dat	001204778	1204808	1204807	1020052902	7	041	9	1020053168				519	Поле 041 не содержит кода подполя.
rsl03_z00.dat	001204778	1204808	1204807	1020052902	12	300	14	1020053370				519	Поле 300 не содержит кода подполя.
rsl03_z00.dat	001204778	1204808	1204807	1020052902	15	912	17	1020054066				519	Поле 912 не содержит кода подполя.
rsl03_z00.dat	001204779	1204809	1204808	1020054196	7	041	9	1020054462				520	Поле 041 не содержит кода подполя.
rsl03_z00.dat	001204779	1204809	1204808	1020054196	14	912	16	1020054771				520	Поле 912 не содержит кода подполя.
rsl03_z00.dat	001204779	1204809	1204808	1020054196	15	336	18	1020054843				520	Поле 336 не содержит кода подполя.
rsl03_z00.dat	001204780	1204810	1204809	1020054903	9	260	11	1020055589				521	Поле 260 не содержит кода подполя.
rsl03_z00.dat	001204780	1204810	1204809	1020054903	10	300	12	1020055630				521	Поле 300 не содержит кода подполя.
rsl03_z00.dat	001204780	1204810	1204809	1020054903	11	650	13	1020055648				521	Поле 650 не содержит кода подполя.
rsl03_z00.dat	001204780	1204810	1204809	1020054903	12	650	14	1020055694				521	Поле 650 не содержит кода подполя.
rsl03_z00.dat	001204780	1204810	1204809	1020054903	14	700	16	1020055764				521	Поле 700 не содержит кода подполя.
rsl03_z00.dat	001204780	1204810	1204809	1020054903	15	710	17	1020055804				521	Поле 710 не содержит кода подполя.
rsl03_z00.dat	001204780	1204810	1204809	1020054903	16	912	18	1020055865				521	Поле 912 не содержит кода подполя.
rsl03_z00.dat	001204780	1204810	1204809	1020054903	17	336	20	1020055936				521	Поле 336 не содержит кода подполя.
rsl03_z00.dat	001204780	1204810	1204809	1020054903	18	337	21	1020055966				521	Поле 337 не содержит кода подполя.
rsl03_z00.dat	001204781	1204811	1204810	1020055995	7	041	9	1020056262				522	Поле 041 не содержит кода подполя.
rsl03_z00.dat	001204781	1204811	1204810	1020055995	9	245	11	1020056304				522	Поле 245 не содержит кода подполя.
rsl03_z00.dat	001204781	1204811	1204810	1020055995	10	260	12	1020056322				522	Поле 260 не содержит кода подполя.
rsl03_z00.dat	001204781	1204811	1204810	1020055995	13	650	15	1020056963				522	Поле 650 не содержит кода подполя.
rsl03_z00.dat	001204781	1204811	1204810	1020055995	14	650	16	1020057010				522	Поле 650 не содержит кода подполя.
rsl03_z00.dat	001204781	1204811	1204810	1020055995	15	650	17	1020057042				522	Поле 650 не содержит кода подполя.
rsl03_z00.dat	001204781	1204811	1204810	1020055995	16	700	18	1020057079				522	Поле 700 не содержит кода подполя.
rsl03_z00.dat	001204781	1204811	1204810	1020055995	17	710	19	1020057121				522	Поле 710 не содержит кода подполя.
rsl03_z00.dat	001204781	1204811	1204810	1020055995	18	773	20	1020057182				522	Поле 773 не содержит кода подполя.
rsl03_z00.dat	001204781	1204811	1204810	1020055995	19	912	21	1020057279				522	Поле 912 не содержит кода подполя.
rsl03_z00.dat	001204781	1204811	1204810	1020055995	21	337	24	1020057380				522	Поле 337 не содержит кода подполя.
rsl03_z00.dat	001204782	1204812	1204811	1020057409	10	260	12	1020057875				523	Поле 260 не содержит кода подполя.
rsl03_z00.dat	001204782	1204812	1204811	1020057409	13	650	15	1020058083				523	Поле 650 не содержит кода подполя.
rsl03_z00.dat	001204782	1204812	1204811	1020057409	15	700	17	1020058154				523	Поле 700 не содержит кода подполя.
rsl03_z00.dat	001204782	1204812	1204811	1020057409	16	710	18	1020058199				523	Поле 710 не содержит кода подполя.
rsl03_z00.dat	001204782	1204812	1204811	1020057409	17	912	19	1020058265				523	Поле 912 не содержит кода подполя.
rsl03_z00.dat	001204782	1204812	1204811	1020057409	18	336	21	1020058336				523	Поле 336 не содержит кода подполя.
rsl03_z00.dat	001204782	1204812	1204811	1020057409	19	337	22	1020058366				523	Поле 337 не содержит кода подполя.
rsl03_z00.dat	001204783	1204813	1204812	1020058395	12	650	14	1020059068				524	Поле 650 не содержит кода подполя.
rsl03_z00.dat	001204783	1204813	1204812	1020058395	13	650	15	1020059099				524	Поле 650 не содержит кода подполя.
rsl03_z00.dat	001204783	1204813	1204812	1020058395	14	700	16	1020059140				524	Поле 700 не содержит кода подполя.
rsl03_z00.dat	001204783	1204813	1204812	1020058395	15	710	17	1020059185				524	Поле 710 не содержит кода подполя.
rsl03_z00.dat	001204783	1204813	1204812	1020058395	16	773	18	1020059251				524	Поле 773 не содержит кода подполя.
rsl03_z00.dat	001204783	1204813	1204812	1020058395	17	912	19	1020059298				524	Поле 912 не содержит кода подполя.
rsl03_z00.dat	001204783	1204813	1204812	1020058395	19	337	22	1020059398				524	Поле 337 не содержит кода подполя.
rsl03_z00.dat	001204784	1204814	1204813	1020059427	7	041	9	1020059694				525	Поле 041 не содержит кода подполя.
rsl03_z00.dat	001204784	1204814	1204813	1020059427	12	260	14	1020059968				525	Поле 260 не содержит кода подполя.
rsl03_z00.dat	001204784	1204814	1204813	1020059427	13	300	15	1020060010				525	Поле 300 не содержит кода подполя.
rsl03_z00.dat	001204784	1204814	1204813	1020059427	14	490	16	1020060044				525	Поле 490 не содержит кода подполя.
rsl03_z00.dat	001204784	1204814	1204813	1020059427	16	650	18	1020060781				525	Поле 650 не содержит кода подполя.
rsl03_z00.dat	001204784	1204814	1204813	1020059427	17	650	19	1020060842				525	Поле 650 не содержит кода подполя.
rsl03_z00.dat	001204784	1204814	1204813	1020059427	18	912	20	1020060905				525	Поле 912 не содержит кода подполя.
rsl03_z00.dat	001204784	1204814	1204813	1020059427	19	336	22	1020060977				525	Поле 336 не содержит кода подполя.
rsl03_z00.dat	001204784	1204814	1204813	1020059427	20	337	23	1020061007				525	Поле 337 не содержит кода подполя.
rsl03_z00.dat	001204785	1204815	1204814	1020061036	12	260	14	1020061497				526	Поле 260 не содержит кода подполя.
rsl03_z00.dat	001204785	1204815	1204814	1020061036	13	300	15	1020061539				526	Поле 300 не содержит кода подполя.
rsl03_z00.dat	001204785	1204815	1204814	1020061036	19	337	22	1020061809				526	Поле 337 не содержит кода подполя.
rsl03_z00.dat	001204786	1204816	1204815	1020061838	7	041	9	1020062106				527	Поле 041 не содержит кода подполя.
rsl03_z00.dat	001204786	1204816	1204815	1020061838	10	245	12	1020062173				527	Поле 245 не содержит кода подполя.
rsl03_z00.dat	001204786	1204816	1204815	1020061838	14	650	16	1020062536				527	Поле 650 не содержит кода подполя.
rsl03_z00.dat	001204786	1204816	1204815	1020061838	15	700	17	1020062599				527	Поле 700 не содержит кода подполя.
rsl03_z00.dat	001204786	1204816	1204815	1020061838	16	700	18	1020062644				527	Поле 700 не содержит кода подполя.
rsl03_z00.dat	001204786	1204816	1204815	1020061838	17	773	19	1020062688				527	Поле 773 не содержит кода подполя.
rsl03_z00.dat	001204786	1204816	1204815	1020061838	18	912	20	1020062748				527	Поле 912 не содержит кода подполя.
rsl03_z00.dat	001204786	1204816	1204815	1020061838	20	337	23	1020062849				527	Поле 337 не содержит кода подполя.
rsl03_z00.dat	001204787	1204817	1204816	1020062878	11	250	13	1020063316				528	Поле 250 не содержит кода подполя.
rsl03_z00.dat	001204787	1204817	1204816	1020062878	12	260	14	1020063344				528	Поле 260 не содержит кода подполя.
rsl03_z00.dat	001204787	1204817	1204816	1020062878	13	300	15	1020063386				528	Поле 300 не содержит кода подполя.
rsl03_z00.dat	001204787	1204817	1204816	1020062878	14	490	16	1020063415				528	Поле 490 не содержит кода подполя.
rsl03_z00.dat	001204787	1204817	1204816	1020062878	17	650	19	1020063987				528	Поле 650 не содержит кода подполя.
rsl03_z00.dat	001204787	1204817	1204816	1020062878	18	700	20	1020064070				528	Поле 700 не содержит кода подполя.
rsl03_z00.dat	001204787	1204817	1204816	1020062878	19	700	21	1020064117				528	Поле 700 не содержит кода подполя.
rsl03_z00.dat	001204787	1204817	1204816	1020062878	20	700	22	1020064159				528	Поле 700 не содержит кода подполя.
rsl03_z00.dat	001204787	1204817	1204816	1020062878	21	912	23	1020064207				528	Поле 912 не содержит кода подполя.
rsl03_z00.dat	001204787	1204817	1204816	1020062878	22	336	25	1020064278				528	Поле 336 не содержит кода подполя.
rsl03_z00.dat	001204788	1204818	1204817	1020064337	10	260	12	1020064733				529	Поле 260 не содержит кода подполя.
rsl03_z00.dat	001204788	1204818	1204817	1020064337	11	300	13	1020064770				529	Поле 300 не содержит кода подполя.
rsl03_z00.dat	001204788	1204818	1204817	1020064337	15	650	17	1020064966				529	Поле 650 не содержит кода подполя.
rsl03_z00.dat	001204788	1204818	1204817	1020064337	17	912	19	1020065092				529	Поле 912 не содержит кода подполя.
rsl03_z00.dat	001204789	1204819	1204818	1020065222	7	041	9	1020065490				530	Поле 041 не содержит кода подполя.
rsl03_z00.dat	001204789	1204819	1204818	1020065222	10	260	12	1020065599				530	Поле 260 не содержит кода подполя.
rsl03_z00.dat	001204789	1204819	1204818	1020065222	11	300	13	1020065620				530	Поле 300 не содержит кода подполя.
rsl03_z00.dat	001204789	1204819	1204818	1020065222	13	650	15	1020066340				530	Поле 650 не содержит кода подполя.
rsl03_z00.dat	001204789	1204819	1204818	1020065222	14	650	16	1020066415				530	Поле 650 не содержит кода подполя.
rsl03_z00.dat	001204789	1204819	1204818	1020065222	15	773	17	1020066465				530	Поле 773 не содержит кода подполя.
rsl03_z00.dat	001204789	1204819	1204818	1020065222	16	912	18	1020066535				530	Поле 912 не содержит кода подполя.
rsl03_z00.dat	001204790	1204820	1204819	1020066668	7	041	9	1020066935				531	Поле 041 не содержит кода подполя.
rsl03_z00.dat	001204790	1204820	1204819	1020066668	12	250	14	1020067196				531	Поле 250 не содержит кода подполя.
rsl03_z00.dat	001204790	1204820	1204819	1020066668	13	260	15	1020067222				531	Поле 260 не содержит кода подполя.
rsl03_z00.dat	001204790	1204820	1204819	1020066668	17	650	19	1020067902				531	Поле 650 не содержит кода подполя.
rsl03_z00.dat	001204790	1204820	1204819	1020066668	18	700	20	1020067975				531	Поле 700 не содержит кода подполя.
rsl03_z00.dat	001204790	1204820	1204819	1020066668	19	912	21	1020068023				531	Поле 912 не содержит кода подполя.
rsl03_z00.dat	001204790	1204820	1204819	1020066668	20	336	23	1020068095				531	Поле 336 не содержит кода подполя.
rsl03_z00.dat	001204790	1204820	1204819	1020066668	21	337	24	1020068125				531	Поле 337 не содержит кода подполя.
rsl03_z00.dat	001204791	1204821	1204820	1020068154	7	041	9	1020068421				532	Поле 041 не содержит кода подполя.
rsl03_z00.dat	001204791	1204821	1204820	1020068154	12	250	14	1020068667				532	Поле 250 не содержит кода подполя.
rsl03_z00.dat	001204791	1204821	1204820	1020068154	13	260	15	1020068694				532	Поле 260 не содержит кода подполя.
rsl03_z00.dat	001204791	1204821	1204820	1020068154	14	300	16	1020068735				532	Поле 300 не содержит кода подполя.
rsl03_z00.dat	001204791	1204821	1204820	1020068154	17	650	19	1020069093				532	Поле 650 не содержит кода подполя.
rsl03_z00.dat	001204791	1204821	1204820	1020068154	18	650	20	1020069191				532	Поле 650 не содержит кода подполя.
rsl03_z00.dat	001204791	1204821	1204820	1020068154	19	912	21	1020069292				532	Поле 912 не содержит кода подполя.
rsl03_z00.dat	001204791	1204821	1204820	1020068154	20	336	23	1020069364				532	Поле 336 не содержит кода подполя.
rsl03_z00.dat	001204792	1204822	1204821	1020069423	12	250	14	1020070035				533	Поле 250 не содержит кода подполя.
rsl03_z00.dat	001204792	1204822	1204821	1020069423	13	260	15	1020070062				533	Поле 260 не содержит кода подполя.
rsl03_z00.dat	001204792	1204822	1204821	1020069423	14	300	16	1020070103				533	Поле 300 не содержит кода подполя.
rsl03_z00.dat	001204792	1204822	1204821	1020069423	15	490	17	1020070139				533	Поле 490 не содержит кода подполя.
rsl03_z00.dat	001204792	1204822	1204821	1020069423	18	546	20	1020070633				533	Поле 546 не содержит кода подполя.
rsl03_z00.dat	001204792	1204822	1204821	1020069423	19	650	21	1020070655				533	Поле 650 не содержит кода подполя.
rsl03_z00.dat	001204792	1204822	1204821	1020069423	20	700	22	1020070738				533	Поле 700 не содержит кода подполя.
rsl03_z00.dat	001204792	1204822	1204821	1020069423	21	700	23	1020070782				533	Поле 700 не содержит кода подполя.
rsl03_z00.dat	001204792	1204822	1204821	1020069423	22	912	24	1020070831				533	Поле 912 не содержит кода подполя.
rsl03_z00.dat	001204792	1204822	1204821	1020069423	23	336	26	1020070903				533	Поле 336 не содержит кода подполя.
rsl03_z00.dat	001204793	1204823	1204822	1020070963	7	041	9	1020071231				534	Поле 041 не содержит кода подполя.
rsl03_z00.dat	001204793	1204823	1204822	1020070963	10	260	12	1020071340				534	Поле 260 не содержит кода подполя.
rsl03_z00.dat	001204793	1204823	1204822	1020070963	14	650	16	1020071619				534	Поле 650 не содержит кода подполя.
rsl03_z00.dat	001204793	1204823	1204822	1020070963	15	912	17	1020071661				534	Поле 912 не содержит кода подполя.
rsl03_z00.dat	001204794	1204824	1204823	1020071794	7	041	9	1020072059				535	Поле 041 не содержит кода подполя.
rsl03_z00.dat	001204794	1204824	1204823	1020071794	10	260	12	1020072396				535	Поле 260 не содержит кода подполя.
rsl03_z00.dat	001204794	1204824	1204823	1020071794	11	300	13	1020072440				535	Поле 300 не содержит кода подполя.
rsl03_z00.dat	001204794	1204824	1204823	1020071794	12	500	14	1020072474				535	Поле 500 не содержит кода подполя.
rsl03_z00.dat	001204794	1204824	1204823	1020071794	13	504	15	1020072508				535	Поле 504 не содержит кода подполя.
rsl03_z00.dat	001204794	1204824	1204823	1020071794	15	650	17	1020073462				535	Поле 650 не содержит кода подполя.
rsl03_z00.dat	001204794	1204824	1204823	1020071794	16	650	18	1020073494				535	Поле 650 не содержит кода подполя.
rsl03_z00.dat	001204794	1204824	1204823	1020071794	17	650	19	1020073544				535	Поле 650 не содержит кода подполя.
rsl03_z00.dat	001204794	1204824	1204823	1020071794	18	650	20	1020073593				535	Поле 650 не содержит кода подполя.
rsl03_z00.dat	001204794	1204824	1204823	1020071794	19	700	21	1020073671				535	Поле 700 не содержит кода подполя.
rsl03_z00.dat	001204794	1204824	1204823	1020071794	20	700	22	1020073715				535	Поле 700 не содержит кода подполя.
rsl03_z00.dat	001204794	1204824	1204823	1020071794	21	700	23	1020073754				535	Поле 700 не содержит кода подполя.
rsl03_z00.dat	001204794	1204824	1204823	1020071794	22	700	24	1020073797				535	Поле 700 не содержит кода подполя.
rsl03_z00.dat	001204794	1204824	1204823	1020071794	23	710	25	1020073844				535	Поле 710 не содержит кода подполя.
rsl03_z00.dat	001204794	1204824	1204823	1020071794	24	912	26	1020073903				535	Поле 912 не содержит кода подполя.
rsl03_z00.dat	001204794	1204824	1204823	1020071794	25	336	28	1020073975				535	Поле 336 не содержит кода подполя.
rsl03_z00.dat	001204794	1204824	1204823	1020071794	26	337	29	1020074005				535	Поле 337 не содержит кода подполя.
rsl03_z00.dat	001204795	1204825	1204824	1020074034	7	041	9	1020074300				536	Поле 041 не содержит кода подполя.
rsl03_z00.dat	001204795	1204825	1204824	1020074034	10	260	12	1020074649				536	Поле 260 не содержит кода подполя.
rsl03_z00.dat	001204795	1204825	1204824	1020074034	11	300	13	1020074738				536	Поле 300 не содержит кода подполя.
rsl03_z00.dat	001204795	1204825	1204824	1020074034	12	504	14	1020074764				536	Поле 504 не содержит кода подполя.
rsl03_z00.dat	001204795	1204825	1204824	1020074034	14	650	16	1020075551				536	Поле 650 не содержит кода подполя.
rsl03_z00.dat	001204795	1204825	1204824	1020074034	15	650	17	1020075619				536	Поле 650 не содержит кода подполя.
rsl03_z00.dat	001204795	1204825	1204824	1020074034	16	650	18	1020075682				536	Поле 650 не содержит кода подполя.
rsl03_z00.dat	001204795	1204825	1204824	1020074034	17	650	19	1020075735				536	Поле 650 не содержит кода подполя.
rsl03_z00.dat	001204795	1204825	1204824	1020074034	18	700	20	1020075807				536	Поле 700 не содержит кода подполя.
rsl03_z00.dat	001204795	1204825	1204824	1020074034	19	710	21	1020075852				536	Поле 710 не содержит кода подполя.
rsl03_z00.dat	001204795	1204825	1204824	1020074034	20	912	22	1020075939				536	Поле 912 не содержит кода подполя.
rsl03_z00.dat	001204795	1204825	1204824	1020074034	21	336	24	1020076011				536	Поле 336 не содержит кода подполя.
rsl03_z00.dat	001204795	1204825	1204824	1020074034	22	337	25	1020076040				536	Поле 337 не содержит кода подполя.
rsl03_z00.dat	001204796	1204826	1204825	1020076069	7	041	9	1020076335				537	Поле 041 не содержит кода подполя.
rsl03_z00.dat	001204796	1204826	1204825	1020076069	11	260	13	1020076521				537	Поле 260 не содержит кода подполя.
rsl03_z00.dat	001204796	1204826	1204825	1020076069	12	300	14	1020076562				537	Поле 300 не содержит кода подполя.
rsl03_z00.dat	001204796	1204826	1204825	1020076069	15	650	17	1020077102				537	Поле 650 не содержит кода подполя.
rsl03_z00.dat	001204796	1204826	1204825	1020076069	16	650	18	1020077145				537	Поле 650 не содержит кода подполя.
rsl03_z00.dat	001204796	1204826	1204825	1020076069	17	650	19	1020077210				537	Поле 650 не содержит кода подполя.
rsl03_z00.dat	001204796	1204826	1204825	1020076069	18	650	20	1020077275				537	Поле 650 не содержит кода подполя.
rsl03_z00.dat	001204796	1204826	1204825	1020076069	19	912	21	1020077316				537	Поле 912 не содержит кода подполя.
rsl03_z00.dat	001204797	1204827	1204826	1020077449	7	041	9	1020077715				538	Поле 041 не содержит кода подполя.
rsl03_z00.dat	001204797	1204827	1204826	1020077449	14	912	16	1020078583				538	Поле 912 не содержит кода подполя.
rsl03_z00.dat	001204798	1204828	1204827	1020078714	7	041	9	1020078980				539	Поле 041 не содержит кода подполя.
rsl03_z00.dat	001204798	1204828	1204827	1020078714	11	260	13	1020079129				539	Поле 260 не содержит кода подполя.
rsl03_z00.dat	001204798	1204828	1204827	1020078714	12	300	14	1020079170				539	Поле 300 не содержит кода подполя.
rsl03_z00.dat	001204798	1204828	1204827	1020078714	14	650	16	1020079462				539	Поле 650 не содержит кода подполя.
rsl03_z00.dat	001204798	1204828	1204827	1020078714	15	650	17	1020079501				539	Поле 650 не содержит кода подполя.
rsl03_z00.dat	001204798	1204828	1204827	1020078714	16	650	18	1020079544				539	Поле 650 не содержит кода подполя.
rsl03_z00.dat	001204798	1204828	1204827	1020078714	17	650	19	1020079605				539	Поле 650 не содержит кода подполя.
rsl03_z00.dat	001204798	1204828	1204827	1020078714	18	912	20	1020079662				539	Поле 912 не содержит кода подполя.
rsl03_z00.dat	001204799	1204829	1204828	1020079793	7	041	9	1020080060				540	Поле 041 не содержит кода подполя.
rsl03_z00.dat	001204799	1204829	1204828	1020079793	11	260	13	1020080262				540	Поле 260 не содержит кода подполя.
rsl03_z00.dat	001204799	1204829	1204828	1020079793	15	650	17	1020080597				540	Поле 650 не содержит кода подполя.
rsl03_z00.dat	001204799	1204829	1204828	1020079793	16	700	18	1020080631				540	Поле 700 не содержит кода подполя.
rsl03_z00.dat	001204799	1204829	1204828	1020079793	17	912	19	1020080663				540	Поле 912 не содержит кода подполя.
rsl03_z00.dat	001204799	1204829	1204828	1020079793	18	336	21	1020080735				540	Поле 336 не содержит кода подполя.
rsl03_z00.dat	001204799	1204829	1204828	1020079793	19	337	22	1020080765				540	Поле 337 не содержит кода подполя.
rsl03_z00.dat	001204800	1204830	1204829	1020080794	9	260	11	1020081157				541	Поле 260 не содержит кода подполя.
rsl03_z00.dat	001204800	1204830	1204829	1020080794	10	300	12	1020081188				541	Поле 300 не содержит кода подполя.
rsl03_z00.dat	001204800	1204830	1204829	1020080794	15	700	17	1020081455				541	Поле 700 не содержит кода подполя.
rsl03_z00.dat	001204800	1204830	1204829	1020080794	17	912	19	1020081555				541	Поле 912 не содержит кода подполя.
rsl03_z00.dat	001204800	1204830	1204829	1020080794	18	336	21	1020081627				541	Поле 336 не содержит кода подполя.
rsl03_z00.dat	001204801	1204831	1204830	1020081685	7	041	9	1020081953				542	Поле 041 не содержит кода подполя.
rsl03_z00.dat	001204801	1204831	1204830	1020081685	10	260	12	1020082041				542	Поле 260 не содержит кода подполя.
rsl03_z00.dat	001204801	1204831	1204830	1020081685	13	650	15	1020082803				542	Поле 650 не содержит кода подполя.
rsl03_z00.dat	001204801	1204831	1204830	1020081685	14	700	16	1020082877				542	Поле 700 не содержит кода подполя.
rsl03_z00.dat	001204801	1204831	1204830	1020081685	15	700	17	1020082925				542	Поле 700 не содержит кода подполя.
rsl03_z00.dat	001204801	1204831	1204830	1020081685	16	773	18	1020082976				542	Поле 773 не содержит кода подполя.
rsl03_z00.dat	001204801	1204831	1204830	1020081685	17	912	19	1020083023				542	Поле 912 не содержит кода подполя.
rsl03_z00.dat	001204802	1204832	1204831	1020083152	10	260	12	1020083602				543	Поле 260 не содержит кода подполя.
rsl03_z00.dat	001204802	1204832	1204831	1020083152	11	300	13	1020083640				543	Поле 300 не содержит кода подполя.
rsl03_z00.dat	001204802	1204832	1204831	1020083152	16	650	18	1020083904				543	Поле 650 не содержит кода подполя.
rsl03_z00.dat	001204802	1204832	1204831	1020083152	17	912	19	1020083949				543	Поле 912 не содержит кода подполя.
rsl03_z00.dat	001204802	1204832	1204831	1020083152	18	336	21	1020084021				543	Поле 336 не содержит кода подполя.
rsl03_z00.dat	001204802	1204832	1204831	1020083152	19	337	22	1020084051				543	Поле 337 не содержит кода подполя.
rsl03_z00.dat	001204803	1204833	1204832	1020084080	7	041	9	1020084348				544	Поле 041 не содержит кода подполя.
rsl03_z00.dat	001204803	1204833	1204832	1020084080	9	245	11	1020084386				544	Поле 245 не содержит кода подполя.
rsl03_z00.dat	001204803	1204833	1204832	1020084080	13	650	15	1020084891				544	Поле 650 не содержит кода подполя.
rsl03_z00.dat	001204803	1204833	1204832	1020084080	14	650	16	1020084962				544	Поле 650 не содержит кода подполя.
rsl03_z00.dat	001204803	1204833	1204832	1020084080	15	773	17	1020085006				544	Поле 773 не содержит кода подполя.
rsl03_z00.dat	001204803	1204833	1204832	1020084080	16	912	18	1020085078				544	Поле 912 не содержит кода подполя.
rsl03_z00.dat	001204803	1204833	1204832	1020084080	18	337	21	1020085179				544	Поле 337 не содержит кода подполя.
rsl03_z00.dat	001204804	1204834	1204833	1020085208	7	041	9	1020085475				545	Поле 041 не содержит кода подполя.
rsl03_z00.dat	001204804	1204834	1204833	1020085208	13	260	15	1020085719				545	Поле 260 не содержит кода подполя.
rsl03_z00.dat	001204804	1204834	1204833	1020085208	14	300	16	1020085760				545	Поле 300 не содержит кода подполя.
rsl03_z00.dat	001204804	1204834	1204833	1020085208	16	650	18	1020086190				545	Поле 650 не содержит кода подполя.
rsl03_z00.dat	001204804	1204834	1204833	1020085208	17	700	19	1020086264				545	Поле 700 не содержит кода подполя.
rsl03_z00.dat	001204804	1204834	1204833	1020085208	18	700	20	1020086305				545	Поле 700 не содержит кода подполя.
rsl03_z00.dat	001204804	1204834	1204833	1020085208	19	912	21	1020086352				545	Поле 912 не содержит кода подполя.
rsl03_z00.dat	001204805	1204835	1204834	1020086482	7	041	9	1020086749				546	Поле 041 не содержит кода подполя.
rsl03_z00.dat	001204805	1204835	1204834	1020086482	11	250	13	1020086925				546	Поле 250 не содержит кода подполя.
rsl03_z00.dat	001204805	1204835	1204834	1020086482	12	260	14	1020086952				546	Поле 260 не содержит кода подполя.
rsl03_z00.dat	001204805	1204835	1204834	1020086482	15	650	17	1020087843				546	Поле 650 не содержит кода подполя.
rsl03_z00.dat	001204805	1204835	1204834	1020086482	16	700	18	1020087872				546	Поле 700 не содержит кода подполя.
rsl03_z00.dat	001204805	1204835	1204834	1020086482	17	700	19	1020087916				546	Поле 700 не содержит кода подполя.
rsl03_z00.dat	001204805	1204835	1204834	1020086482	18	700	20	1020087963				546	Поле 700 не содержит кода подполя.
rsl03_z00.dat	001204805	1204835	1204834	1020086482	19	700	21	1020088008				546	Поле 700 не содержит кода подполя.
rsl03_z00.dat	001204805	1204835	1204834	1020086482	20	912	22	1020088050				546	Поле 912 не содержит кода подполя.
rsl03_z00.dat	001204806	1204836	1204835	1020088181	7	041	9	1020088449				547	Поле 041 не содержит кода подполя.
rsl03_z00.dat	001204806	1204836	1204835	1020088181	11	260	13	1020088602				547	Поле 260 не содержит кода подполя.
rsl03_z00.dat	001204806	1204836	1204835	1020088181	15	650	17	1020088859				547	Поле 650 не содержит кода подполя.
rsl03_z00.dat	001204806	1204836	1204835	1020088181	16	912	18	1020088901				547	Поле 912 не содержит кода подполя.
rsl03_z00.dat	001204807	1204837	1204836	1020089034	7	041	9	1020089302				548	Поле 041 не содержит кода подполя.
rsl03_z00.dat	001204807	1204837	1204836	1020089034	10	260	12	1020089435				548	Поле 260 не содержит кода подполя.
rsl03_z00.dat	001204807	1204837	1204836	1020089034	14	650	16	1020089697				548	Поле 650 не содержит кода подполя.
rsl03_z00.dat	001204807	1204837	1204836	1020089034	15	700	17	1020089788				548	Поле 700 не содержит кода подполя.
rsl03_z00.dat	001204808	1204838	1204837	1020089963	7	041	9	1020090231				549	Поле 041 не содержит кода подполя.
rsl03_z00.dat	001204808	1204838	1204837	1020089963	11	300	13	1020090414				549	Поле 300 не содержит кода подполя.
rsl03_z00.dat	001204808	1204838	1204837	1020089963	16	650	18	1020090913				549	Поле 650 не содержит кода подполя.
rsl03_z00.dat	001204808	1204838	1204837	1020089963	17	912	19	1020090986				549	Поле 912 не содержит кода подполя.
rsl03_z00.dat	001204808	1204838	1204837	1020089963	18	336	21	1020091057				549	Поле 336 не содержит кода подполя.
rsl03_z00.dat	001204809	1204839	1204838	1020091116	7	041	9	1020091384				550	Поле 041 не содержит кода подполя.
rsl03_z00.dat	001204809	1204839	1204838	1020091116	11	300	13	1020091575				550	Поле 300 не содержит кода подполя.
rsl03_z00.dat	001204809	1204839	1204838	1020091116	16	650	18	1020092074				550	Поле 650 не содержит кода подполя.
rsl03_z00.dat	001204809	1204839	1204838	1020091116	17	912	19	1020092146				550	Поле 912 не содержит кода подполя.
rsl03_z00.dat	001204809	1204839	1204838	1020091116	18	336	21	1020092218				550	Поле 336 не содержит кода подполя.
rsl03_z00.dat	001204810	1204840	1204839	1020092275	7	041	9	1020092543				551	Поле 041 не содержит кода подполя.
rsl03_z00.dat	001204810	1204840	1204839	1020092275	10	260	12	1020092674				551	Поле 260 не содержит кода подполя.
rsl03_z00.dat	001204810	1204840	1204839	1020092275	14	650	16	1020092954				551	Поле 650 не содержит кода подполя.
rsl03_z00.dat	001204811	1204841	1204840	1020093224	7	041	9	1020093492				552	Поле 041 не содержит кода подполя.
rsl03_z00.dat	001204811	1204841	1204840	1020093224	11	300	13	1020093686				552	Поле 300 не содержит кода подполя.
rsl03_z00.dat	001204811	1204841	1204840	1020093224	16	650	18	1020094185				552	Поле 650 не содержит кода подполя.
rsl03_z00.dat	001204811	1204841	1204840	1020093224	17	912	19	1020094257				552	Поле 912 не содержит кода подполя.
rsl03_z00.dat	001204811	1204841	1204840	1020093224	18	336	21	1020094329				552	Поле 336 не содержит кода подполя.
rsl03_z00.dat	001204812	1204842	1204841	1020094386	7	041	9	1020094654				553	Поле 041 не содержит кода подполя.
rsl03_z00.dat	001204812	1204842	1204841	1020094386	11	300	13	1020094836				553	Поле 300 не содержит кода подполя.
rsl03_z00.dat	001204812	1204842	1204841	1020094386	16	650	18	1020095333				553	Поле 650 не содержит кода подполя.
rsl03_z00.dat	001204812	1204842	1204841	1020094386	17	912	19	1020095406				553	Поле 912 не содержит кода подполя.
rsl03_z00.dat	001204813	1204843	1204842	1020095537	7	041	9	1020095805				554	Поле 041 не содержит кода подполя.
rsl03_z00.dat	001204813	1204843	1204842	1020095537	10	260	12	1020095930				554	Поле 260 не содержит кода подполя.
rsl03_z00.dat	001204813	1204843	1204842	1020095537	11	300	13	1020095972				554	Поле 300 не содержит кода подполя.
rsl03_z00.dat	001204813	1204843	1204842	1020095537	15	650	17	1020096376				554	Поле 650 не содержит кода подполя.
rsl03_z00.dat	001204813	1204843	1204842	1020095537	16	650	18	1020096450				554	Поле 650 не содержит кода подполя.
rsl03_z00.dat	001204813	1204843	1204842	1020095537	17	700	19	1020096495				554	Поле 700 не содержит кода подполя.
rsl03_z00.dat	001204813	1204843	1204842	1020095537	18	912	20	1020096542				554	Поле 912 не содержит кода подполя.
rsl03_z00.dat	001204814	1204844	1204843	1020096675	7	041	9	1020096943				555	Поле 041 не содержит кода подполя.
rsl03_z00.dat	001204814	1204844	1204843	1020096675	13	650	15	1020097307				555	Поле 650 не содержит кода подполя.
rsl03_z00.dat	001204814	1204844	1204843	1020096675	14	700	16	1020097350				555	Поле 700 не содержит кода подполя.
rsl03_z00.dat	001204814	1204844	1204843	1020096675	15	912	17	1020097394				555	Поле 912 не содержит кода подполя.
rsl03_z00.dat	001204815	1204845	1204844	1020097526	7	041	9	1020097794				556	Поле 041 не содержит кода подполя.
rsl03_z00.dat	001204815	1204845	1204844	1020097526	10	260	12	1020097945				556	Поле 260 не содержит кода подполя.
rsl03_z00.dat	001204815	1204845	1204844	1020097526	11	300	13	1020097988				556	Поле 300 не содержит кода подполя.
rsl03_z00.dat	001204815	1204845	1204844	1020097526	13	650	15	1020098455				556	Поле 650 не содержит кода подполя.
rsl03_z00.dat	001204815	1204845	1204844	1020097526	14	700	16	1020098498				556	Поле 700 не содержит кода подполя.
rsl03_z00.dat	001204815	1204845	1204844	1020097526	15	700	17	1020098543				556	Поле 700 не содержит кода подполя.
rsl03_z00.dat	001204815	1204845	1204844	1020097526	16	912	18	1020098589				556	Поле 912 не содержит кода подполя.
rsl03_z00.dat	001204816	1204846	1204845	1020098720	7	041	9	1020098988				557	Поле 041 не содержит кода подполя.
rsl03_z00.dat	001204816	1204846	1204845	1020098720	13	650	15	1020099579				557	Поле 650 не содержит кода подполя.
rsl03_z00.dat	001204816	1204846	1204845	1020098720	14	700	16	1020099622				557	Поле 700 не содержит кода подполя.
rsl03_z00.dat	001204816	1204846	1204845	1020098720	15	912	17	1020099667				557	Поле 912 не содержит кода подполя.
rsl03_z00.dat	001204817	1204847	1204846	1020099801	7	041	9	1020100069				558	Поле 041 не содержит кода подполя.
rsl03_z00.dat	001204817	1204847	1204846	1020099801	11	300	13	1020100297				558	Поле 300 не содержит кода подполя.
rsl03_z00.dat	001204817	1204847	1204846	1020099801	17	336	20	1020100650				558	Поле 336 не содержит кода подполя.
rsl03_z00.dat	001204818	1204848	1204847	1020100708	7	041	9	1020100976				559	Поле 041 не содержит кода подполя.
rsl03_z00.dat	001204818	1204848	1204847	1020100708	11	300	13	1020101203				559	Поле 300 не содержит кода подполя.
rsl03_z00.dat	001204818	1204848	1204847	1020100708	14	700	16	1020101536				559	Поле 700 не содержит кода подполя.
rsl03_z00.dat	001204818	1204848	1204847	1020100708	15	700	17	1020101580				559	Поле 700 не содержит кода подполя.
rsl03_z00.dat	001204818	1204848	1204847	1020100708	16	912	18	1020101626				559	Поле 912 не содержит кода подполя.
rsl03_z00.dat	001204818	1204848	1204847	1020100708	17	336	20	1020101698				559	Поле 336 не содержит кода подполя.
rsl03_z00.dat	001204819	1204849	1204848	1020101756	7	041	9	1020102024				560	Поле 041 не содержит кода подполя.
rsl03_z00.dat	001204819	1204849	1204848	1020101756	10	260	12	1020102185				560	Поле 260 не содержит кода подполя.
rsl03_z00.dat	001204819	1204849	1204848	1020101756	11	300	13	1020102222				560	Поле 300 не содержит кода подполя.
rsl03_z00.dat	001204819	1204849	1204848	1020101756	14	700	16	1020102477				560	Поле 700 не содержит кода подполя.
rsl03_z00.dat	001204819	1204849	1204848	1020101756	15	700	17	1020102521				560	Поле 700 не содержит кода подполя.
rsl03_z00.dat	001204819	1204849	1204848	1020101756	16	912	18	1020102568				560	Поле 912 не содержит кода подполя.
rsl03_z00.dat	001204819	1204849	1204848	1020101756	17	336	20	1020102640				560	Поле 336 не содержит кода подполя.
rsl03_z00.dat	001204820	1204850	1204849	1020102697	7	041	9	1020102964				561	Поле 041 не содержит кода подполя.
rsl03_z00.dat	001204820	1204850	1204849	1020102697	12	300	14	1020103288				561	Поле 300 не содержит кода подполя.
rsl03_z00.dat	001204820	1204850	1204849	1020102697	13	490	15	1020103324				561	Поле 490 не содержит кода подполя.
rsl03_z00.dat	001204820	1204850	1204849	1020102697	18	650	20	1020103652				561	Поле 650 не содержит кода подполя.
rsl03_z00.dat	001204820	1204850	1204849	1020102697	19	700	21	1020103708				561	Поле 700 не содержит кода подполя.
rsl03_z00.dat	001204820	1204850	1204849	1020102697	20	700	22	1020103741				561	Поле 700 не содержит кода подполя.
rsl03_z00.dat	001204820	1204850	1204849	1020102697	21	912	23	1020103784				561	Поле 912 не содержит кода подполя.
rsl03_z00.dat	001204820	1204850	1204849	1020102697	22	336	25	1020103855				561	Поле 336 не содержит кода подполя.
rsl03_z00.dat	001204820	1204850	1204849	1020102697	23	337	26	1020103885				561	Поле 337 не содержит кода подполя.
rsl03_z00.dat	001204821	1204851	1204850	1020103914	7	041	9	1020104180				562	Поле 041 не содержит кода подполя.
rsl03_z00.dat	001204821	1204851	1204850	1020103914	11	260	13	1020104398				562	Поле 260 не содержит кода подполя.
rsl03_z00.dat	001204821	1204851	1204850	1020103914	12	300	14	1020104454				562	Поле 300 не содержит кода подполя.
rsl03_z00.dat	001204821	1204851	1204850	1020103914	14	650	16	1020104722				562	Поле 650 не содержит кода подполя.
rsl03_z00.dat	001204821	1204851	1204850	1020103914	15	650	17	1020104779				562	Поле 650 не содержит кода подполя.
rsl03_z00.dat	001204821	1204851	1204850	1020103914	16	912	18	1020104830				562	Поле 912 не содержит кода подполя.
rsl03_z00.dat	001204821	1204851	1204850	1020103914	17	336	20	1020104902				562	Поле 336 не содержит кода подполя.
rsl03_z00.dat	001204821	1204851	1204850	1020103914	18	337	21	1020104933				562	Поле 337 не содержит кода подполя.
rsl03_z00.dat	001204822	1204852	1204851	1020104962	7	041	9	1020105229				563	Поле 041 не содержит кода подполя.
rsl03_z00.dat	001204822	1204852	1204851	1020104962	12	250	14	1020105560				563	Поле 250 не содержит кода подполя.
rsl03_z00.dat	001204822	1204852	1204851	1020104962	13	260	15	1020105588				563	Поле 260 не содержит кода подполя.
rsl03_z00.dat	001204822	1204852	1204851	1020104962	14	300	16	1020105629				563	Поле 300 не содержит кода подполя.
rsl03_z00.dat	001204822	1204852	1204851	1020104962	15	490	17	1020105668				563	Поле 490 не содержит кода подполя.
rsl03_z00.dat	001204822	1204852	1204851	1020104962	17	650	19	1020106235				563	Поле 650 не содержит кода подполя.
rsl03_z00.dat	001204822	1204852	1204851	1020104962	18	700	20	1020106297				563	Поле 700 не содержит кода подполя.
rsl03_z00.dat	001204822	1204852	1204851	1020104962	19	700	21	1020106344				563	Поле 700 не содержит кода подполя.
rsl03_z00.dat	001204822	1204852	1204851	1020104962	20	912	22	1020106393				563	Поле 912 не содержит кода подполя.
rsl03_z00.dat	001204822	1204852	1204851	1020104962	21	336	24	1020106465				563	Поле 336 не содержит кода подполя.
rsl03_z00.dat	001204823	1204853	1204852	1020106525	7	041	9	1020106792				564	Поле 041 не содержит кода подполя.
rsl03_z00.dat	001204823	1204853	1204852	1020106525	12	250	14	1020106961				564	Поле 250 не содержит кода подполя.
rsl03_z00.dat	001204823	1204853	1204852	1020106525	17	650	19	1020107666				564	Поле 650 не содержит кода подполя.
rsl03_z00.dat	001204823	1204853	1204852	1020106525	18	912	20	1020107733				564	Поле 912 не содержит кода подполя.
rsl03_z00.dat	001204824	1204854	1204853	1020107863	7	041	9	1020108130				565	Поле 041 не содержит кода подполя.
rsl03_z00.dat	001204824	1204854	1204853	1020107863	12	250	14	1020108299				565	Поле 250 не содержит кода подполя.
rsl03_z00.dat	001204824	1204854	1204853	1020107863	17	650	19	1020109004				565	Поле 650 не содержит кода подполя.
rsl03_z00.dat	001204824	1204854	1204853	1020107863	18	912	20	1020109071				565	Поле 912 не содержит кода подполя.
rsl03_z00.dat	001204825	1204855	1204854	1020109201	7	041	9	1020109469				566	Поле 041 не содержит кода подполя.
rsl03_z00.dat	001204825	1204855	1204854	1020109201	11	260	13	1020109667				566	Поле 260 не содержит кода подполя.
rsl03_z00.dat	001204825	1204855	1204854	1020109201	15	520	17	1020110067				566	Поле 520 не содержит кода подполя.
rsl03_z00.dat	001204825	1204855	1204854	1020109201	16	650	18	1020110287				566	Поле 650 не содержит кода подполя.
rsl03_z00.dat	001204825	1204855	1204854	1020109201	17	700	19	1020110348				566	Поле 700 не содержит кода подполя.
rsl03_z00.dat	001204825	1204855	1204854	1020109201	18	912	20	1020110395				566	Поле 912 не содержит кода подполя.
rsl03_z00.dat	001204825	1204855	1204854	1020109201	19	336	22	1020110467				566	Поле 336 не содержит кода подполя.
rsl03_z00.dat	001204825	1204855	1204854	1020109201	20	337	23	1020110497				566	Поле 337 не содержит кода подполя.
rsl03_z00.dat	001204826	1204856	1204855	1020110526	7	041	9	1020110794				567	Поле 041 не содержит кода подполя.
rsl03_z00.dat	001204826	1204856	1204855	1020110526	10	260	12	1020110926				567	Поле 260 не содержит кода подполя.
rsl03_z00.dat	001204826	1204856	1204855	1020110526	15	650	17	1020111528				567	Поле 650 не содержит кода подполя.
rsl03_z00.dat	001204826	1204856	1204855	1020110526	16	650	18	1020111601				567	Поле 650 не содержит кода подполя.
rsl03_z00.dat	001204826	1204856	1204855	1020110526	17	700	19	1020111645				567	Поле 700 не содержит кода подполя.
rsl03_z00.dat	001204826	1204856	1204855	1020110526	18	912	20	1020111692				567	Поле 912 не содержит кода подполя.
rsl03_z00.dat	001204827	1204857	1204856	1020111822	7	041	9	1020112090				568	Поле 041 не содержит кода подполя.
rsl03_z00.dat	001204827	1204857	1204856	1020111822	10	260	12	1020112226				568	Поле 260 не содержит кода подполя.
rsl03_z00.dat	001204827	1204857	1204856	1020111822	15	650	17	1020112827				568	Поле 650 не содержит кода подполя.
rsl03_z00.dat	001204827	1204857	1204856	1020111822	16	650	18	1020112900				568	Поле 650 не содержит кода подполя.
rsl03_z00.dat	001204827	1204857	1204856	1020111822	17	700	19	1020112945				568	Поле 700 не содержит кода подполя.
rsl03_z00.dat	001204827	1204857	1204856	1020111822	18	912	20	1020112992				568	Поле 912 не содержит кода подполя.
rsl03_z00.dat	001204828	1204858	1204857	1020113123	7	041	9	1020113391				569	Поле 041 не содержит кода подполя.
rsl03_z00.dat	001204828	1204858	1204857	1020113123	10	260	12	1020113525				569	Поле 260 не содержит кода подполя.
rsl03_z00.dat	001204828	1204858	1204857	1020113123	15	650	17	1020114126				569	Поле 650 не содержит кода подполя.
rsl03_z00.dat	001204828	1204858	1204857	1020113123	16	700	18	1020114184				569	Поле 700 не содержит кода подполя.
rsl03_z00.dat	001204828	1204858	1204857	1020113123	17	912	19	1020114231				569	Поле 912 не содержит кода подполя.
rsl03_z00.dat	001204829	1204859	1204858	1020114362	7	041	9	1020114630				570	Поле 041 не содержит кода подполя.
rsl03_z00.dat	001204829	1204859	1204858	1020114362	11	300	13	1020114820				570	Поле 300 не содержит кода подполя.
rsl03_z00.dat	001204829	1204859	1204858	1020114362	13	650	15	1020115205				570	Поле 650 не содержит кода подполя.
rsl03_z00.dat	001204829	1204859	1204858	1020114362	14	700	16	1020115231				570	Поле 700 не содержит кода подполя.
rsl03_z00.dat	001204829	1204859	1204858	1020114362	15	700	17	1020115266				570	Поле 700 не содержит кода подполя.
rsl03_z00.dat	001204829	1204859	1204858	1020114362	16	912	18	1020115296				570	Поле 912 не содержит кода подполя.
rsl03_z00.dat	001204829	1204859	1204858	1020114362	17	336	20	1020115368				570	Поле 336 не содержит кода подполя.
rsl03_z00.dat	001204830	1204860	1204859	1020115425	7	041	9	1020115693				571	Поле 041 не содержит кода подполя.
rsl03_z00.dat	001204830	1204860	1204859	1020115425	10	260	12	1020115821				571	Поле 260 не содержит кода подполя.
rsl03_z00.dat	001204830	1204860	1204859	1020115425	15	650	17	1020116421				571	Поле 650 не содержит кода подполя.
rsl03_z00.dat	001204830	1204860	1204859	1020115425	16	700	18	1020116497				571	Поле 700 не содержит кода подполя.
rsl03_z00.dat	001204830	1204860	1204859	1020115425	17	912	19	1020116544				571	Поле 912 не содержит кода подполя.
rsl03_z00.dat	001204831	1204861	1204860	1020116676	7	041	9	1020116943				572	Поле 041 не содержит кода подполя.
rsl03_z00.dat	001204831	1204861	1204860	1020116676	11	300	13	1020117122				572	Поле 300 не содержит кода подполя.
rsl03_z00.dat	001204831	1204861	1204860	1020116676	14	650	16	1020117471				572	Поле 650 не содержит кода подполя.
rsl03_z00.dat	001204831	1204861	1204860	1020116676	15	650	17	1020117518				572	Поле 650 не содержит кода подполя.
rsl03_z00.dat	001204831	1204861	1204860	1020116676	16	700	18	1020117563				572	Поле 700 не содержит кода подполя.
rsl03_z00.dat	001204831	1204861	1204860	1020116676	17	912	19	1020117599				572	Поле 912 не содержит кода подполя.
rsl03_z00.dat	001204831	1204861	1204860	1020116676	18	336	21	1020117671				572	Поле 336 не содержит кода подполя.
rsl03_z00.dat	001204832	1204862	1204861	1020117730	7	041	9	1020117997				573	Поле 041 не содержит кода подполя.
rsl03_z00.dat	001204832	1204862	1204861	1020117730	11	300	13	1020118180				573	Поле 300 не содержит кода подполя.
rsl03_z00.dat	001204832	1204862	1204861	1020117730	14	650	16	1020118530				573	Поле 650 не содержит кода подполя.
rsl03_z00.dat	001204832	1204862	1204861	1020117730	15	650	17	1020118577				573	Поле 650 не содержит кода подполя.
rsl03_z00.dat	001204832	1204862	1204861	1020117730	16	700	18	1020118622				573	Поле 700 не содержит кода подполя.
rsl03_z00.dat	001204832	1204862	1204861	1020117730	17	912	19	1020118658				573	Поле 912 не содержит кода подполя.
rsl03_z00.dat	001204832	1204862	1204861	1020117730	18	336	21	1020118730				573	Поле 336 не содержит кода подполя.
rsl03_z00.dat	001204833	1204863	1204862	1020118791	11	260	13	1020119296				574	Поле 260 не содержит кода подполя.
rsl03_z00.dat	001204833	1204863	1204862	1020118791	12	300	14	1020119353				574	Поле 300 не содержит кода подполя.
rsl03_z00.dat	001204833	1204863	1204862	1020118791	13	490	15	1020119371				574	Поле 490 не содержит кода подполя.
rsl03_z00.dat	001204833	1204863	1204862	1020118791	16	912	18	1020119482				574	Поле 912 не содержит кода подполя.
rsl03_z00.dat	001204833	1204863	1204862	1020118791	17	336	20	1020119554				574	Поле 336 не содержит кода подполя.
rsl03_z00.dat	001204833	1204863	1204862	1020118791	18	337	21	1020119584				574	Поле 337 не содержит кода подполя.
rsl03_z00.dat	001204834	1204864	1204863	1020119613	7	041	9	1020119880				575	Поле 041 не содержит кода подполя.
rsl03_z00.dat	001204834	1204864	1204863	1020119613	10	260	12	1020119980				575	Поле 260 не содержит кода подполя.
rsl03_z00.dat	001204834	1204864	1204863	1020119613	11	300	13	1020120000				575	Поле 300 не содержит кода подполя.
rsl03_z00.dat	001204834	1204864	1204863	1020119613	13	650	15	1020120755				575	Поле 650 не содержит кода подполя.
rsl03_z00.dat	001204834	1204864	1204863	1020119613	14	700	16	1020120803				575	Поле 700 не содержит кода подполя.
rsl03_z00.dat	001204834	1204864	1204863	1020119613	15	773	17	1020120848				575	Поле 773 не содержит кода подполя.
rsl03_z00.dat	001204834	1204864	1204863	1020119613	16	912	18	1020120935				575	Поле 912 не содержит кода подполя.
rsl03_z00.dat	001204835	1204865	1204864	1020121063	7	041	9	1020121329				576	Поле 041 не содержит кода подполя.
rsl03_z00.dat	001204835	1204865	1204864	1020121063	10	260	12	1020121680				576	Поле 260 не содержит кода подполя.
rsl03_z00.dat	001204835	1204865	1204864	1020121063	11	300	13	1020121760				576	Поле 300 не содержит кода подполя.
rsl03_z00.dat	001204835	1204865	1204864	1020121063	12	500	14	1020121805				576	Поле 500 не содержит кода подполя.
rsl03_z00.dat	001204835	1204865	1204864	1020121063	13	504	15	1020121848				576	Поле 504 не содержит кода подполя.
rsl03_z00.dat	001204835	1204865	1204864	1020121063	15	650	17	1020122852				576	Поле 650 не содержит кода подполя.
rsl03_z00.dat	001204835	1204865	1204864	1020121063	16	650	18	1020122907				576	Поле 650 не содержит кода подполя.
rsl03_z00.dat	001204835	1204865	1204864	1020121063	17	650	19	1020122987				576	Поле 650 не содержит кода подполя.
rsl03_z00.dat	001204835	1204865	1204864	1020121063	18	700	20	1020123057				576	Поле 700 не содержит кода подполя.
rsl03_z00.dat	001204835	1204865	1204864	1020121063	19	700	21	1020123101				576	Поле 700 не содержит кода подполя.
rsl03_z00.dat	001204835	1204865	1204864	1020121063	20	700	22	1020123147				576	Поле 700 не содержит кода подполя.
rsl03_z00.dat	001204835	1204865	1204864	1020121063	21	700	23	1020123192				576	Поле 700 не содержит кода подполя.
rsl03_z00.dat	001204835	1204865	1204864	1020121063	22	710	24	1020123235				576	Поле 710 не содержит кода подполя.
rsl03_z00.dat	001204835	1204865	1204864	1020121063	23	912	25	1020123318				576	Поле 912 не содержит кода подполя.
rsl03_z00.dat	001204835	1204865	1204864	1020121063	24	336	27	1020123390				576	Поле 336 не содержит кода подполя.
rsl03_z00.dat	001204835	1204865	1204864	1020121063	25	337	28	1020123420				576	Поле 337 не содержит кода подполя.
rsl03_z00.dat	001204836	1204866	1204865	1020123449	12	260	14	1020124152				577	Поле 260 не содержит кода подполя.
rsl03_z00.dat	001204836	1204866	1204865	1020123449	13	300	15	1020124199				577	Поле 300 не содержит кода подполя.
rsl03_z00.dat	001204836	1204866	1204865	1020123449	14	504	16	1020124230				577	Поле 504 не содержит кода подполя.
rsl03_z00.dat	001204836	1204866	1204865	1020123449	16	546	18	1020125105				577	Поле 546 не содержит кода подполя.
rsl03_z00.dat	001204836	1204866	1204865	1020123449	17	650	19	1020125138				577	Поле 650 не содержит кода подполя.
rsl03_z00.dat	001204836	1204866	1204865	1020123449	18	650	20	1020125174				577	Поле 650 не содержит кода подполя.
rsl03_z00.dat	001204836	1204866	1204865	1020123449	19	650	21	1020125207				577	Поле 650 не содержит кода подполя.
rsl03_z00.dat	001204836	1204866	1204865	1020123449	20	700	22	1020125244				577	Поле 700 не содержит кода подполя.
rsl03_z00.dat	001204836	1204866	1204865	1020123449	21	710	23	1020125291				577	Поле 710 не содержит кода подполя.
rsl03_z00.dat	001204836	1204866	1204865	1020123449	22	912	24	1020125406				577	Поле 912 не содержит кода подполя.
rsl03_z00.dat	001204836	1204866	1204865	1020123449	23	336	26	1020125478				577	Поле 336 не содержит кода подполя.
rsl03_z00.dat	001204836	1204866	1204865	1020123449	24	337	27	1020125508				577	Поле 337 не содержит кода подполя.
rsl03_z00.dat	001204837	1204867	1204866	1020125537	7	041	9	1020125804				578	Поле 041 не содержит кода подполя.
rsl03_z00.dat	001204837	1204867	1204866	1020125537	10	260	12	1020125914				578	Поле 260 не содержит кода подполя.
rsl03_z00.dat	001204837	1204867	1204866	1020125537	14	650	16	1020126471				578	Поле 650 не содержит кода подполя.
rsl03_z00.dat	001204837	1204867	1204866	1020125537	15	650	17	1020126557				578	Поле 650 не содержит кода подполя.
rsl03_z00.dat	001204837	1204867	1204866	1020125537	16	912	18	1020126648				578	Поле 912 не содержит кода подполя.
rsl03_z00.dat	001204837	1204867	1204866	1020125537	17	336	20	1020126719				578	Поле 336 не содержит кода подполя.
rsl03_z00.dat	001204838	1204868	1204867	1020126779	12	260	14	1020127240				579	Поле 260 не содержит кода подполя.
rsl03_z00.dat	001204838	1204868	1204867	1020126779	13	300	15	1020127283				579	Поле 300 не содержит кода подполя.
rsl03_z00.dat	001204838	1204868	1204867	1020126779	19	337	22	1020127554				579	Поле 337 не содержит кода подполя.
rsl03_z00.dat	001204839	1204869	1204868	1020127582	7	041	9	1020127850				580	Поле 041 не содержит кода подполя.
rsl03_z00.dat	001204839	1204869	1204868	1020127582	10	245	12	1020127917				580	Поле 245 не содержит кода подполя.
rsl03_z00.dat	001204839	1204869	1204868	1020127582	14	650	16	1020128190				580	Поле 650 не содержит кода подполя.
rsl03_z00.dat	001204839	1204869	1204868	1020127582	15	700	17	1020128253				580	Поле 700 не содержит кода подполя.
rsl03_z00.dat	001204839	1204869	1204868	1020127582	16	700	18	1020128298				580	Поле 700 не содержит кода подполя.
rsl03_z00.dat	001204839	1204869	1204868	1020127582	17	773	19	1020128341				580	Поле 773 не содержит кода подполя.
rsl03_z00.dat	001204839	1204869	1204868	1020127582	18	912	20	1020128401				580	Поле 912 не содержит кода подполя.
rsl03_z00.dat	001204839	1204869	1204868	1020127582	20	337	23	1020128503				580	Поле 337 не содержит кода подполя.
rsl03_z00.dat	001204840	1204870	1204869	1020128532	7	041	9	1020128799				581	Поле 041 не содержит кода подполя.
rsl03_z00.dat	001204840	1204870	1204869	1020128532	12	260	14	1020129083				581	Поле 260 не содержит кода подполя.
rsl03_z00.dat	001204840	1204870	1204869	1020128532	13	300	15	1020129125				581	Поле 300 не содержит кода подполя.
rsl03_z00.dat	001204840	1204870	1204869	1020128532	14	490	16	1020129165				581	Поле 490 не содержит кода подполя.
rsl03_z00.dat	001204840	1204870	1204869	1020128532	16	650	18	1020130010				581	Поле 650 не содержит кода подполя.
rsl03_z00.dat	001204840	1204870	1204869	1020128532	17	650	19	1020130082				581	Поле 650 не содержит кода подполя.
rsl03_z00.dat	001204840	1204870	1204869	1020128532	18	700	20	1020130145				581	Поле 700 не содержит кода подполя.
rsl03_z00.dat	001204840	1204870	1204869	1020128532	19	912	21	1020130190				581	Поле 912 не содержит кода подполя.
rsl03_z00.dat	001204840	1204870	1204869	1020128532	20	336	23	1020130262				581	Поле 336 не содержит кода подполя.
rsl03_z00.dat	001204840	1204870	1204869	1020128532	21	337	24	1020130292				581	Поле 337 не содержит кода подполя.
rsl03_z00.dat	001204841	1204871	1204870	1020130321	7	041	9	1020130588				582	Поле 041 не содержит кода подполя.
rsl03_z00.dat	001204841	1204871	1204870	1020130321	11	250	13	1020130772				582	Поле 250 не содержит кода подполя.
rsl03_z00.dat	001204841	1204871	1204870	1020130321	12	260	14	1020130799				582	Поле 260 не содержит кода подполя.
rsl03_z00.dat	001204841	1204871	1204870	1020130321	13	300	15	1020130841				582	Поле 300 не содержит кода подполя.
rsl03_z00.dat	001204841	1204871	1204870	1020130321	17	650	19	1020131412				582	Поле 650 не содержит кода подполя.
rsl03_z00.dat	001204841	1204871	1204870	1020130321	18	700	20	1020131495				582	Поле 700 не содержит кода подполя.
rsl03_z00.dat	001204841	1204871	1204870	1020130321	19	700	21	1020131541				582	Поле 700 не содержит кода подполя.
rsl03_z00.dat	001204841	1204871	1204870	1020130321	20	700	22	1020131583				582	Поле 700 не содержит кода подполя.
rsl03_z00.dat	001204841	1204871	1204870	1020130321	21	912	23	1020131631				582	Поле 912 не содержит кода подполя.
rsl03_z00.dat	001204842	1204872	1204871	1020131762	12	300	14	1020132367				583	Поле 300 не содержит кода подполя.
rsl03_z00.dat	001204842	1204872	1204871	1020131762	19	336	22	1020132713				583	Поле 336 не содержит кода подполя.
rsl03_z00.dat	001204842	1204872	1204871	1020131762	20	337	23	1020132742				583	Поле 337 не содержит кода подполя.
rsl03_z00.dat	001204843	1204873	1204872	1020132770	7	041	9	1020133038				584	Поле 041 не содержит кода подполя.
rsl03_z00.dat	001204843	1204873	1204872	1020132770	11	260	13	1020133187				584	Поле 260 не содержит кода подполя.
rsl03_z00.dat	001204843	1204873	1204872	1020132770	12	300	14	1020133208				584	Поле 300 не содержит кода подполя.
rsl03_z00.dat	001204843	1204873	1204872	1020132770	14	650	16	1020133733				584	Поле 650 не содержит кода подполя.
rsl03_z00.dat	001204843	1204873	1204872	1020132770	15	700	17	1020133799				584	Поле 700 не содержит кода подполя.
rsl03_z00.dat	001204843	1204873	1204872	1020132770	16	700	18	1020133842				584	Поле 700 не содержит кода подполя.
rsl03_z00.dat	001204843	1204873	1204872	1020132770	17	700	19	1020133887				584	Поле 700 не содержит кода подполя.
rsl03_z00.dat	001204843	1204873	1204872	1020132770	18	773	20	1020133934				584	Поле 773 не содержит кода подполя.
rsl03_z00.dat	001204843	1204873	1204872	1020132770	19	912	21	1020133990				584	Поле 912 не содержит кода подполя.
rsl03_z00.dat	001204844	1204874	1204873	1020134123	7	041	9	1020134391				585	Поле 041 не содержит кода подполя.
rsl03_z00.dat	001204844	1204874	1204873	1020134123	13	650	15	1020134695				585	Поле 650 не содержит кода подполя.
rsl03_z00.dat	001204844	1204874	1204873	1020134123	14	700	16	1020134786				585	Поле 700 не содержит кода подполя.
rsl03_z00.dat	001204844	1204874	1204873	1020134123	15	912	17	1020134819				585	Поле 912 не содержит кода подполя.
rsl03_z00.dat	001204845	1204875	1204874	1020134953	7	041	9	1020135220				586	Поле 041 не содержит кода подполя.
rsl03_z00.dat	001204845	1204875	1204874	1020134953	11	250	13	1020135428				586	Поле 250 не содержит кода подполя.
rsl03_z00.dat	001204845	1204875	1204874	1020134953	12	260	14	1020135455				586	Поле 260 не содержит кода подполя.
rsl03_z00.dat	001204845	1204875	1204874	1020134953	13	300	15	1020135495				586	Поле 300 не содержит кода подполя.
rsl03_z00.dat	001204845	1204875	1204874	1020134953	15	650	17	1020136186				586	Поле 650 не содержит кода подполя.
rsl03_z00.dat	001204845	1204875	1204874	1020134953	16	700	18	1020136221				586	Поле 700 не содержит кода подполя.
rsl03_z00.dat	001204845	1204875	1204874	1020134953	17	700	19	1020136263				586	Поле 700 не содержит кода подполя.
rsl03_z00.dat	001204845	1204875	1204874	1020134953	18	700	20	1020136305				586	Поле 700 не содержит кода подполя.
rsl03_z00.dat	001204845	1204875	1204874	1020134953	19	700	21	1020136348				586	Поле 700 не содержит кода подполя.
rsl03_z00.dat	001204845	1204875	1204874	1020134953	20	700	22	1020136389				586	Поле 700 не содержит кода подполя.
rsl03_z00.dat	001204845	1204875	1204874	1020134953	21	912	23	1020136435				586	Поле 912 не содержит кода подполя.
rsl03_z00.dat	001204845	1204875	1204874	1020134953	23	337	26	1020136534				586	Поле 337 не содержит кода подполя.
rsl03_z00.dat	001204846	1204876	1204875	1020136560	7	041	9	1020136828				587	Поле 041 не содержит кода подполя.
rsl03_z00.dat	001204846	1204876	1204875	1020136560	11	300	13	1020137018				587	Поле 300 не содержит кода подполя.
rsl03_z00.dat	001204846	1204876	1204875	1020136560	13	650	15	1020137403				587	Поле 650 не содержит кода подполя.
rsl03_z00.dat	001204846	1204876	1204875	1020136560	14	700	16	1020137429				587	Поле 700 не содержит кода подполя.
rsl03_z00.dat	001204846	1204876	1204875	1020136560	15	700	17	1020137464				587	Поле 700 не содержит кода подполя.
rsl03_z00.dat	001204846	1204876	1204875	1020136560	16	912	18	1020137494				587	Поле 912 не содержит кода подполя.
rsl03_z00.dat	001204846	1204876	1204875	1020136560	17	336	20	1020137566				587	Поле 336 не содержит кода подполя.
rsl03_z00.dat	001204847	1204877	1204876	1020137623	7	041	9	1020137891				588	Поле 041 не содержит кода подполя.
rsl03_z00.dat	001204847	1204877	1204876	1020137623	11	300	13	1020138081				588	Поле 300 не содержит кода подполя.
rsl03_z00.dat	001204847	1204877	1204876	1020137623	13	650	15	1020138466				588	Поле 650 не содержит кода подполя.
rsl03_z00.dat	001204847	1204877	1204876	1020137623	14	700	16	1020138492				588	Поле 700 не содержит кода подполя.
rsl03_z00.dat	001204847	1204877	1204876	1020137623	15	700	17	1020138527				588	Поле 700 не содержит кода подполя.
rsl03_z00.dat	001204847	1204877	1204876	1020137623	16	912	18	1020138557				588	Поле 912 не содержит кода подполя.
rsl03_z00.dat	001204847	1204877	1204876	1020137623	17	336	20	1020138629				588	Поле 336 не содержит кода подполя.
rsl03_z00.dat	001204848	1204878	1204877	1020138686	7	041	9	1020138954				589	Поле 041 не содержит кода подполя.
rsl03_z00.dat	001204848	1204878	1204877	1020138686	11	260	13	1020139176				589	Поле 260 не содержит кода подполя.
rsl03_z00.dat	001204848	1204878	1204877	1020138686	12	300	14	1020139214				589	Поле 300 не содержит кода подполя.
rsl03_z00.dat	001204848	1204878	1204877	1020138686	15	650	17	1020139463				589	Поле 650 не содержит кода подполя.
rsl03_z00.dat	001204848	1204878	1204877	1020138686	16	700	18	1020139498				589	Поле 700 не содержит кода подполя.
rsl03_z00.dat	001204848	1204878	1204877	1020138686	17	700	19	1020139543				589	Поле 700 не содержит кода подполя.
rsl03_z00.dat	001204848	1204878	1204877	1020138686	18	912	20	1020139587				589	Поле 912 не содержит кода подполя.
rsl03_z00.dat	001204848	1204878	1204877	1020138686	19	336	22	1020139659				589	Поле 336 не содержит кода подполя.
rsl03_z00.dat	001204848	1204878	1204877	1020138686	20	337	23	1020139689				589	Поле 337 не содержит кода подполя.
rsl03_z00.dat	001204849	1204879	1204878	1020139718	7	041	9	1020139986				590	Поле 041 не содержит кода подполя.
rsl03_z00.dat	001204849	1204879	1204878	1020139718	12	300	14	1020140228				590	Поле 300 не содержит кода подполя.
rsl03_z00.dat	001204849	1204879	1204878	1020139718	14	650	16	1020140431				590	Поле 650 не содержит кода подполя.
rsl03_z00.dat	001204849	1204879	1204878	1020139718	15	650	17	1020140474				590	Поле 650 не содержит кода подполя.
rsl03_z00.dat	001204849	1204879	1204878	1020139718	16	700	18	1020140508				590	Поле 700 не содержит кода подполя.
rsl03_z00.dat	001204849	1204879	1204878	1020139718	17	700	19	1020140553				590	Поле 700 не содержит кода подполя.
rsl03_z00.dat	001204849	1204879	1204878	1020139718	18	912	20	1020140597				590	Поле 912 не содержит кода подполя.
rsl03_z00.dat	001204849	1204879	1204878	1020139718	19	336	22	1020140669				590	Поле 336 не содержит кода подполя.
rsl03_z00.dat	001204849	1204879	1204878	1020139718	20	337	23	1020140699				590	Поле 337 не содержит кода подполя.
rsl03_z00.dat	001204850	1204880	1204879	1020140728	7	041	9	1020140996				591	Поле 041 не содержит кода подполя.
rsl03_z00.dat	001204850	1204880	1204879	1020140728	11	260	13	1020141191				591	Поле 260 не содержит кода подполя.
rsl03_z00.dat	001204850	1204880	1204879	1020140728	15	650	17	1020141447				591	Поле 650 не содержит кода подполя.
rsl03_z00.dat	001204850	1204880	1204879	1020140728	16	700	18	1020141503				591	Поле 700 не содержит кода подполя.
rsl03_z00.dat	001204850	1204880	1204879	1020140728	17	912	19	1020141536				591	Поле 912 не содержит кода подполя.
rsl03_z00.dat	001204850	1204880	1204879	1020140728	18	336	21	1020141607				591	Поле 336 не содержит кода подполя.
rsl03_z00.dat	001204851	1204881	1204880	1020141664	7	041	9	1020141932				592	Поле 041 не содержит кода подполя.
rsl03_z00.dat	001204851	1204881	1204880	1020141664	10	260	12	1020142020				592	Поле 260 не содержит кода подполя.
rsl03_z00.dat	001204851	1204881	1204880	1020141664	13	650	15	1020142386				592	Поле 650 не содержит кода подполя.
rsl03_z00.dat	001204851	1204881	1204880	1020141664	14	700	16	1020142477				592	Поле 700 не содержит кода подполя.
rsl03_z00.dat	001204851	1204881	1204880	1020141664	15	912	17	1020142521				592	Поле 912 не содержит кода подполя.
rsl03_z00.dat	001204852	1204882	1204881	1020142654	7	041	9	1020142922				593	Поле 041 не содержит кода подполя.
rsl03_z00.dat	001204852	1204882	1204881	1020142654	10	260	12	1020143010				593	Поле 260 не содержит кода подполя.
rsl03_z00.dat	001204852	1204882	1204881	1020142654	13	650	15	1020143381				593	Поле 650 не содержит кода подполя.
rsl03_z00.dat	001204852	1204882	1204881	1020142654	14	700	16	1020143472				593	Поле 700 не содержит кода подполя.
rsl03_z00.dat	001204852	1204882	1204881	1020142654	15	912	17	1020143517				593	Поле 912 не содержит кода подполя.
rsl03_z00.dat	001204853	1204883	1204882	1020143649	7	041	9	1020143917				594	Поле 041 не содержит кода подполя.
rsl03_z00.dat	001204853	1204883	1204882	1020143649	13	650	15	1020144275				594	Поле 650 не содержит кода подполя.
rsl03_z00.dat	001204853	1204883	1204882	1020143649	14	650	16	1020144339				594	Поле 650 не содержит кода подполя.
rsl03_z00.dat	001204853	1204883	1204882	1020143649	15	700	17	1020144429				594	Поле 700 не содержит кода подполя.
rsl03_z00.dat	001204853	1204883	1204882	1020143649	16	912	18	1020144474				594	Поле 912 не содержит кода подполя.
rsl03_z00.dat	001204854	1204884	1204883	1020144607	9	260	11	1020144989				595	Поле 260 не содержит кода подполя.
rsl03_z00.dat	001204854	1204884	1204883	1020144607	10	300	12	1020145021				595	Поле 300 не содержит кода подполя.
rsl03_z00.dat	001204854	1204884	1204883	1020144607	13	336	16	1020145200				595	Поле 336 не содержит кода подполя.
rsl03_z00.dat	001204854	1204884	1204883	1020144607	14	337	17	1020145230				595	Поле 337 не содержит кода подполя.
rsl03_z00.dat	001204855	1204885	1204884	1020145259	7	041	9	1020145528				596	Поле 041 не содержит кода подполя.
rsl03_z00.dat	001204855	1204885	1204884	1020145259	10	260	12	1020145594				596	Поле 260 не содержит кода подполя.
rsl03_z00.dat	001204855	1204885	1204884	1020145259	13	650	15	1020145789				596	Поле 650 не содержит кода подполя.
rsl03_z00.dat	001204855	1204885	1204884	1020145259	14	773	16	1020145880				596	Поле 773 не содержит кода подполя.
rsl03_z00.dat	001204855	1204885	1204884	1020145259	15	912	17	1020145915				596	Поле 912 не содержит кода подполя.
rsl03_z00.dat	001204855	1204885	1204884	1020145259	17	337	20	1020146016				596	Поле 337 не содержит кода подполя.
rsl03_z00.dat	001204856	1204886	1204885	1020146045	7	041	9	1020146313				597	Поле 041 не содержит кода подполя.
rsl03_z00.dat	001204856	1204886	1204885	1020146045	14	700	16	1020146648				597	Поле 700 не содержит кода подполя.
rsl03_z00.dat	001204856	1204886	1204885	1020146045	15	912	17	1020146693				597	Поле 912 не содержит кода подполя.
rsl03_z00.dat	001204857	1204887	1204886	1020146825	7	041	9	1020147092				598	Поле 041 не содержит кода подполя.
rsl03_z00.dat	001204857	1204887	1204886	1020146825	12	300	14	1020147282				598	Поле 300 не содержит кода подполя.
rsl03_z00.dat	001204857	1204887	1204886	1020146825	15	650	17	1020147816				598	Поле 650 не содержит кода подполя.
rsl03_z00.dat	001204857	1204887	1204886	1020146825	16	912	18	1020147877				598	Поле 912 не содержит кода подполя.
rsl03_z00.dat	001204858	1204888	1204887	1020148008	7	041	9	1020148275				599	Поле 041 не содержит кода подполя.
rsl03_z00.dat	001204858	1204888	1204887	1020148008	12	300	14	1020148521				599	Поле 300 не содержит кода подполя.
rsl03_z00.dat	001204858	1204888	1204887	1020148008	15	650	17	1020149062				599	Поле 650 не содержит кода подполя.
rsl03_z00.dat	001204858	1204888	1204887	1020148008	16	650	18	1020149138				599	Поле 650 не содержит кода подполя.
rsl03_z00.dat	001204858	1204888	1204887	1020148008	17	650	19	1020149199				599	Поле 650 не содержит кода подполя.
rsl03_z00.dat	001204858	1204888	1204887	1020148008	18	700	20	1020149265				599	Поле 700 не содержит кода подполя.
rsl03_z00.dat	001204858	1204888	1204887	1020148008	19	912	21	1020149310				599	Поле 912 не содержит кода подполя.
rsl03_z00.dat	001204858	1204888	1204887	1020148008	20	336	23	1020149382				599	Поле 336 не содержит кода подполя.
rsl03_z00.dat	001204859	1204889	1204888	1020149440	7	041	9	1020149705				600	Поле 041 не содержит кода подполя.
rsl03_z00.dat	001204859	1204889	1204888	1020149440	10	260	12	1020149929				600	Поле 260 не содержит кода подполя.
rsl03_z00.dat	001204859	1204889	1204888	1020149440	11	300	13	1020149969				600	Поле 300 не содержит кода подполя.
rsl03_z00.dat	001204859	1204889	1204888	1020149440	15	546	17	1020150663				600	Поле 546 не содержит кода подполя.
rsl03_z00.dat	001204859	1204889	1204888	1020149440	16	650	18	1020150689				600	Поле 650 не содержит кода подполя.
rsl03_z00.dat	001204859	1204889	1204888	1020149440	17	710	19	1020150719				600	Поле 710 не содержит кода подполя.
rsl03_z00.dat	001204859	1204889	1204888	1020149440	18	912	20	1020150787				600	Поле 912 не содержит кода подполя.
rsl03_z00.dat	001204859	1204889	1204888	1020149440	19	336	22	1020150859				600	Поле 336 не содержит кода подполя.
rsl03_z00.dat	001204859	1204889	1204888	1020149440	20	337	23	1020150889				600	Поле 337 не содержит кода подполя.
rsl03_z00.dat	001204860	1204890	1204889	1020150918	7	041	9	1020151185				601	Поле 041 не содержит кода подполя.
rsl03_z00.dat	001204860	1204890	1204889	1020150918	11	260	13	1020151357				601	Поле 260 не содержит кода подполя.
rsl03_z00.dat	001204860	1204890	1204889	1020150918	17	700	19	1020151615				601	Поле 700 не содержит кода подполя.
rsl03_z00.dat	001204860	1204890	1204889	1020150918	18	912	20	1020151660				601	Поле 912 не содержит кода подполя.
rsl03_z00.dat	001204860	1204890	1204889	1020150918	19	336	22	1020151732				601	Поле 336 не содержит кода подполя.
rsl03_z00.dat	001204861	1204891	1204890	1020151790	7	041	9	1020152057				602	Поле 041 не содержит кода подполя.
rsl03_z00.dat	001204861	1204891	1204890	1020151790	11	260	13	1020152275				602	Поле 260 не содержит кода подполя.
rsl03_z00.dat	001204861	1204891	1204890	1020151790	12	300	14	1020152312				602	Поле 300 не содержит кода подполя.
rsl03_z00.dat	001204861	1204891	1204890	1020151790	17	650	19	1020153063				602	Поле 650 не содержит кода подполя.
rsl03_z00.dat	001204861	1204891	1204890	1020151790	18	650	20	1020153113				602	Поле 650 не содержит кода подполя.
rsl03_z00.dat	001204861	1204891	1204890	1020151790	19	700	21	1020153178				602	Поле 700 не содержит кода подполя.
rsl03_z00.dat	001204861	1204891	1204890	1020151790	20	912	22	1020153223				602	Поле 912 не содержит кода подполя.
rsl03_z00.dat	001204861	1204891	1204890	1020151790	22	337	25	1020153324				602	Поле 337 не содержит кода подполя.
rsl03_z00.dat	001204862	1204892	1204891	1020153352	7	041	9	1020153619				603	Поле 041 не содержит кода подполя.
rsl03_z00.dat	001204862	1204892	1204891	1020153352	12	250	14	1020153869				603	Поле 250 не содержит кода подполя.
rsl03_z00.dat	001204862	1204892	1204891	1020153352	13	260	15	1020153896				603	Поле 260 не содержит кода подполя.
rsl03_z00.dat	001204862	1204892	1204891	1020153352	14	300	16	1020153938				603	Поле 300 не содержит кода подполя.
rsl03_z00.dat	001204862	1204892	1204891	1020153352	16	490	18	1020153995				603	Поле 490 не содержит кода подполя.
rsl03_z00.dat	001204862	1204892	1204891	1020153352	18	650	20	1020154476				603	Поле 650 не содержит кода подполя.
rsl03_z00.dat	001204862	1204892	1204891	1020153352	19	650	21	1020154555				603	Поле 650 не содержит кода подполя.
rsl03_z00.dat	001204862	1204892	1204891	1020153352	20	700	22	1020154628				603	Поле 700 не содержит кода подполя.
rsl03_z00.dat	001204862	1204892	1204891	1020153352	21	912	23	1020154669				603	Поле 912 не содержит кода подполя.
rsl03_z00.dat	001204862	1204892	1204891	1020153352	23	337	26	1020154770				603	Поле 337 не содержит кода подполя.
rsl03_z00.dat	001204863	1204893	1204892	1020154799	7	041	9	1020155066				604	Поле 041 не содержит кода подполя.
rsl03_z00.dat	001204863	1204893	1204892	1020154799	11	260	13	1020155309				604	Поле 260 не содержит кода подполя.
rsl03_z00.dat	001204863	1204893	1204892	1020154799	12	300	14	1020155347				604	Поле 300 не содержит кода подполя.
rsl03_z00.dat	001204863	1204893	1204892	1020154799	13	490	15	1020155373				604	Поле 490 не содержит кода подполя.
rsl03_z00.dat	001204863	1204893	1204892	1020154799	19	336	22	1020155665				604	Поле 336 не содержит кода подполя.
rsl03_z00.dat	001204864	1204894	1204893	1020155724	7	041	9	1020155991				605	Поле 041 не содержит кода подполя.
rsl03_z00.dat	001204864	1204894	1204893	1020155724	11	260	13	1020156154				605	Поле 260 не содержит кода подполя.
rsl03_z00.dat	001204864	1204894	1204893	1020155724	17	337	20	1020156413				605	Поле 337 не содержит кода подполя.
rsl03_z00.dat	001204865	1204895	1204894	1020156442	7	041	9	1020156710				606	Поле 041 не содержит кода подполя.
rsl03_z00.dat	001204865	1204895	1204894	1020156442	10	260	12	1020156864				606	Поле 260 не содержит кода подполя.
rsl03_z00.dat	001204865	1204895	1204894	1020156442	14	650	16	1020157235				606	Поле 650 не содержит кода подполя.
rsl03_z00.dat	001204865	1204895	1204894	1020156442	15	700	17	1020157277				606	Поле 700 не содержит кода подполя.
rsl03_z00.dat	001204865	1204895	1204894	1020156442	16	912	18	1020157308				606	Поле 912 не содержит кода подполя.
rsl03_z00.dat	001204865	1204895	1204894	1020156442	17	336	20	1020157380				606	Поле 336 не содержит кода подполя.
rsl03_z00.dat	001204866	1204896	1204895	1020157440	7	041	9	1020157708				607	Поле 041 не содержит кода подполя.
rsl03_z00.dat	001204866	1204896	1204895	1020157440	10	260	12	1020157834				607	Поле 260 не содержит кода подполя.
rsl03_z00.dat	001204866	1204896	1204895	1020157440	15	650	17	1020158212				607	Поле 650 не содержит кода подполя.
rsl03_z00.dat	001204866	1204896	1204895	1020157440	16	650	18	1020158285				607	Поле 650 не содержит кода подполя.
rsl03_z00.dat	001204866	1204896	1204895	1020157440	17	700	19	1020158330				607	Поле 700 не содержит кода подполя.
rsl03_z00.dat	001204866	1204896	1204895	1020157440	18	912	20	1020158377				607	Поле 912 не содержит кода подполя.
rsl03_z00.dat	001204867	1204897	1204896	1020158507	7	041	9	1020158775				608	Поле 041 не содержит кода подполя.
rsl03_z00.dat	001204867	1204897	1204896	1020158507	10	260	12	1020158997				608	Поле 260 не содержит кода подполя.
rsl03_z00.dat	001204867	1204897	1204896	1020158507	16	912	18	1020159383				608	Поле 912 не содержит кода подполя.
rsl03_z00.dat	001204867	1204897	1204896	1020158507	17	336	20	1020159455				608	Поле 336 не содержит кода подполя.
rsl03_z00.dat	001204867	1204897	1204896	1020158507	18	337	21	1020159485				608	Поле 337 не содержит кода подполя.
rsl03_z00.dat	001204868	1204898	1204897	1020159514	7	041	9	1020159782				609	Поле 041 не содержит кода подполя.
rsl03_z00.dat	001204868	1204898	1204897	1020159514	11	300	13	1020160007				609	Поле 300 не содержит кода подполя.
rsl03_z00.dat	001204868	1204898	1204897	1020159514	14	700	16	1020160290				609	Поле 700 не содержит кода подполя.
rsl03_z00.dat	001204868	1204898	1204897	1020159514	15	700	17	1020160334				609	Поле 700 не содержит кода подполя.
rsl03_z00.dat	001204868	1204898	1204897	1020159514	16	912	18	1020160381				609	Поле 912 не содержит кода подполя.
rsl03_z00.dat	001204868	1204898	1204897	1020159514	17	336	20	1020160453				609	Поле 336 не содержит кода подполя.
rsl03_z00.dat	001204869	1204899	1204898	1020160511	7	041	9	1020160779				610	Поле 041 не содержит кода подполя.
rsl03_z00.dat	001204869	1204899	1204898	1020160511	12	300	14	1020161004				610	Поле 300 не содержит кода подполя.
rsl03_z00.dat	001204869	1204899	1204898	1020160511	15	650	17	1020161282				610	Поле 650 не содержит кода подполя.
rsl03_z00.dat	001204869	1204899	1204898	1020160511	16	700	18	1020161325				610	Поле 700 не содержит кода подполя.
rsl03_z00.dat	001204869	1204899	1204898	1020160511	17	912	19	1020161369				610	Поле 912 не содержит кода подполя.
rsl03_z00.dat	001204870	1204900	1204899	1020161497	7	041	9	1020161764				611	Поле 041 не содержит кода подполя.
rsl03_z00.dat	001204870	1204900	1204899	1020161497	11	260	13	1020162009				611	Поле 260 не содержит кода подполя.
rsl03_z00.dat	001204870	1204900	1204899	1020161497	12	300	14	1020162058				611	Поле 300 не содержит кода подполя.
rsl03_z00.dat	001204870	1204900	1204899	1020161497	17	700	19	1020162624				611	Поле 700 не содержит кода подполя.
rsl03_z00.dat	001204870	1204900	1204899	1020161497	18	700	20	1020162667				611	Поле 700 не содержит кода подполя.
rsl03_z00.dat	001204870	1204900	1204899	1020161497	19	912	21	1020162704				611	Поле 912 не содержит кода подполя.
rsl03_z00.dat	001204870	1204900	1204899	1020161497	20	336	23	1020162776				611	Поле 336 не содержит кода подполя.
rsl03_z00.dat	001204870	1204900	1204899	1020161497	21	337	24	1020162805				611	Поле 337 не содержит кода подполя.
rsl03_z00.dat	001204871	1204901	1204900	1020162834	7	041	9	1020163099				612	Поле 041 не содержит кода подполя.
rsl03_z00.dat	001204871	1204901	1204900	1020162834	11	260	13	1020163434				612	Поле 260 не содержит кода подполя.
rsl03_z00.dat	001204871	1204901	1204900	1020162834	12	300	14	1020163481				612	Поле 300 не содержит кода подполя.
rsl03_z00.dat	001204871	1204901	1204900	1020162834	13	500	15	1020163516				612	Поле 500 не содержит кода подполя.
rsl03_z00.dat	001204871	1204901	1204900	1020162834	15	650	17	1020164397				612	Поле 650 не содержит кода подполя.
rsl03_z00.dat	001204871	1204901	1204900	1020162834	16	650	18	1020164461				612	Поле 650 не содержит кода подполя.
rsl03_z00.dat	001204871	1204901	1204900	1020162834	17	650	19	1020164521				612	Поле 650 не содержит кода подполя.
rsl03_z00.dat	001204871	1204901	1204900	1020162834	18	650	20	1020164563				612	Поле 650 не содержит кода подполя.
rsl03_z00.dat	001204871	1204901	1204900	1020162834	19	912	21	1020164620				612	Поле 912 не содержит кода подполя.
rsl03_z00.dat	001204871	1204901	1204900	1020162834	20	336	23	1020164692				612	Поле 336 не содержит кода подполя.
rsl03_z00.dat	001204871	1204901	1204900	1020162834	21	337	24	1020164722				612	Поле 337 не содержит кода подполя.
rsl03_z00.dat	001204872	1204902	1204901	1020164751	7	041	9	1020165017				613	Поле 041 не содержит кода подполя.
rsl03_z00.dat	001204872	1204902	1204901	1020164751	11	260	13	1020165356				613	Поле 260 не содержит кода подполя.
rsl03_z00.dat	001204872	1204902	1204901	1020164751	12	300	14	1020165439				613	Поле 300 не содержит кода подполя.
rsl03_z00.dat	001204872	1204902	1204901	1020164751	13	504	15	1020165465				613	Поле 504 не содержит кода подполя.
rsl03_z00.dat	001204872	1204902	1204901	1020164751	15	650	17	1020166356				613	Поле 650 не содержит кода подполя.
rsl03_z00.dat	001204872	1204902	1204901	1020164751	16	650	18	1020166401				613	Поле 650 не содержит кода подполя.
rsl03_z00.dat	001204872	1204902	1204901	1020164751	17	912	19	1020166455				613	Поле 912 не содержит кода подполя.
rsl03_z00.dat	001204872	1204902	1204901	1020164751	18	336	21	1020166527				613	Поле 336 не содержит кода подполя.
rsl03_z00.dat	001204872	1204902	1204901	1020164751	19	337	22	1020166557				613	Поле 337 не содержит кода подполя.
rsl03_z00.dat	001204873	1204903	1204902	1020166586	7	041	9	1020166852				614	Поле 041 не содержит кода подполя.
rsl03_z00.dat	001204873	1204903	1204902	1020166586	11	300	13	1020167154				614	Поле 300 не содержит кода подполя.
rsl03_z00.dat	001204873	1204903	1204902	1020166586	13	650	15	1020167642				614	Поле 650 не содержит кода подполя.
rsl03_z00.dat	001204873	1204903	1204902	1020166586	14	650	16	1020167694				614	Поле 650 не содержит кода подполя.
rsl03_z00.dat	001204873	1204903	1204902	1020166586	15	700	17	1020167741				614	Поле 700 не содержит кода подполя.
rsl03_z00.dat	001204873	1204903	1204902	1020166586	16	700	18	1020167788				614	Поле 700 не содержит кода подполя.
rsl03_z00.dat	001204873	1204903	1204902	1020166586	17	710	19	1020167838				614	Поле 710 не содержит кода подполя.
rsl03_z00.dat	001204873	1204903	1204902	1020166586	18	912	20	1020167896				614	Поле 912 не содержит кода подполя.
rsl03_z00.dat	001204873	1204903	1204902	1020166586	19	336	22	1020167967				614	Поле 336 не содержит кода подполя.
rsl03_z00.dat	001204873	1204903	1204902	1020166586	20	337	23	1020167997				614	Поле 337 не содержит кода подполя.
rsl03_z00.dat	001204874	1204904	1204903	1020168026	7	041	9	1020168293				615	Поле 041 не содержит кода подполя.
rsl03_z00.dat	001204874	1204904	1204903	1020168026	10	260	12	1020168399				615	Поле 260 не содержит кода подполя.
rsl03_z00.dat	001204874	1204904	1204903	1020168026	15	650	17	1020168647				615	Поле 650 не содержит кода подполя.
rsl03_z00.dat	001204874	1204904	1204903	1020168026	16	912	18	1020168692				615	Поле 912 не содержит кода подполя.
rsl03_z00.dat	001204875	1204905	1204904	1020168824	7	041	9	1020169091				616	Поле 041 не содержит кода подполя.
rsl03_z00.dat	001204875	1204905	1204904	1020168824	11	300	13	1020169257				616	Поле 300 не содержит кода подполя.
rsl03_z00.dat	001204875	1204905	1204904	1020168824	14	650	16	1020169515				616	Поле 650 не содержит кода подполя.
rsl03_z00.dat	001204875	1204905	1204904	1020168824	15	650	17	1020169558				616	Поле 650 не содержит кода подполя.
rsl03_z00.dat	001204875	1204905	1204904	1020168824	16	700	18	1020169612				616	Поле 700 не содержит кода подполя.
rsl03_z00.dat	001204875	1204905	1204904	1020168824	17	912	19	1020169657				616	Поле 912 не содержит кода подполя.
rsl03_z00.dat	001204875	1204905	1204904	1020168824	19	337	22	1020169760				616	Поле 337 не содержит кода подполя.
rsl03_z00.dat	001204876	1204906	1204905	1020169790	7	041	9	1020170057				617	Поле 041 не содержит кода подполя.
rsl03_z00.dat	001204876	1204906	1204905	1020169790	11	250	13	1020170220				617	Поле 250 не содержит кода подполя.
rsl03_z00.dat	001204876	1204906	1204905	1020169790	16	650	18	1020170773				617	Поле 650 не содержит кода подполя.
rsl03_z00.dat	001204876	1204906	1204905	1020169790	17	700	19	1020170836				617	Поле 700 не содержит кода подполя.
rsl03_z00.dat	001204876	1204906	1204905	1020169790	18	912	20	1020170880				617	Поле 912 не содержит кода подполя.
rsl03_z00.dat	001204877	1204907	1204906	1020171013	12	300	14	1020171629				618	Поле 300 не содержит кода подполя.
rsl03_z00.dat	001204877	1204907	1204906	1020171013	18	912	20	1020171887				618	Поле 912 не содержит кода подполя.
rsl03_z00.dat	001204877	1204907	1204906	1020171013	19	336	22	1020171959				618	Поле 336 не содержит кода подполя.
rsl03_z00.dat	001204877	1204907	1204906	1020171013	20	337	23	1020171989				618	Поле 337 не содержит кода подполя.
rsl03_z00.dat	001204878	1204908	1204907	1020172018	7	041	9	1020172286				619	Поле 041 не содержит кода подполя.
rsl03_z00.dat	001204878	1204908	1204907	1020172018	11	260	13	1020172436				619	Поле 260 не содержит кода подполя.
rsl03_z00.dat	001204878	1204908	1204907	1020172018	12	300	14	1020172457				619	Поле 300 не содержит кода подполя.
rsl03_z00.dat	001204878	1204908	1204907	1020172018	14	650	16	1020172987				619	Поле 650 не содержит кода подполя.
rsl03_z00.dat	001204878	1204908	1204907	1020172018	15	700	17	1020173045				619	Поле 700 не содержит кода подполя.
rsl03_z00.dat	001204878	1204908	1204907	1020172018	16	700	18	1020173088				619	Поле 700 не содержит кода подполя.
rsl03_z00.dat	001204878	1204908	1204907	1020172018	17	700	19	1020173133				619	Поле 700 не содержит кода подполя.
rsl03_z00.dat	001204878	1204908	1204907	1020172018	18	773	20	1020173171				619	Поле 773 не содержит кода подполя.
rsl03_z00.dat	001204878	1204908	1204907	1020172018	19	912	21	1020173227				619	Поле 912 не содержит кода подполя.
rsl03_z00.dat	001204879	1204909	1204908	1020173359	7	041	9	1020173626				620	Поле 041 не содержит кода подполя.
rsl03_z00.dat	001204879	1204909	1204908	1020173359	12	300	14	1020173876				620	Поле 300 не содержит кода подполя.
rsl03_z00.dat	001204879	1204909	1204908	1020173359	17	650	19	1020174884				620	Поле 650 не содержит кода подполя.
rsl03_z00.dat	001204879	1204909	1204908	1020173359	18	650	20	1020174946				620	Поле 650 не содержит кода подполя.
rsl03_z00.dat	001204879	1204909	1204908	1020173359	19	650	21	1020175037				620	Поле 650 не содержит кода подполя.
rsl03_z00.dat	001204879	1204909	1204908	1020173359	20	650	22	1020175110				620	Поле 650 не содержит кода подполя.
rsl03_z00.dat	001204879	1204909	1204908	1020173359	21	700	23	1020175154				620	Поле 700 не содержит кода подполя.
rsl03_z00.dat	001204879	1204909	1204908	1020173359	22	912	24	1020175200				620	Поле 912 не содержит кода подполя.
rsl03_z00.dat	001204879	1204909	1204908	1020173359	24	337	27	1020175301				620	Поле 337 не содержит кода подполя.
rsl03_z00.dat	001204880	1204910	1204909	1020175330	17	650	19	1020177008				621	Поле 650 не содержит кода подполя.
rsl03_z00.dat	001204880	1204910	1204909	1020175330	18	912	20	1020177069				621	Поле 912 не содержит кода подполя.
rsl03_z00.dat	001204880	1204910	1204909	1020175330	19	336	22	1020177141				621	Поле 336 не содержит кода подполя.
rsl03_z00.dat	001204881	1204911	1204910	1020177199	7	041	9	1020177467				622	Поле 041 не содержит кода подполя.
rsl03_z00.dat	001204881	1204911	1204910	1020177199	12	300	14	1020177723				622	Поле 300 не содержит кода подполя.
rsl03_z00.dat	001204881	1204911	1204910	1020177199	13	490	15	1020177762				622	Поле 490 не содержит кода подполя.
rsl03_z00.dat	001204881	1204911	1204910	1020177199	16	700	18	1020178043				622	Поле 700 не содержит кода подполя.
rsl03_z00.dat	001204881	1204911	1204910	1020177199	17	700	19	1020178090				622	Поле 700 не содержит кода подполя.
rsl03_z00.dat	001204881	1204911	1204910	1020177199	18	700	20	1020178136				622	Поле 700 не содержит кода подполя.
rsl03_z00.dat	001204881	1204911	1204910	1020177199	19	912	21	1020178178				622	Поле 912 не содержит кода подполя.
rsl03_z00.dat	001204881	1204911	1204910	1020177199	20	336	23	1020178250				622	Поле 336 не содержит кода подполя.
rsl03_z00.dat	001204881	1204911	1204910	1020177199	21	337	24	1020178280				622	Поле 337 не содержит кода подполя.
rsl03_z00.dat	001204882	1204912	1204911	1020178307	7	041	9	1020178574				623	Поле 041 не содержит кода подполя.
rsl03_z00.dat	001204882	1204912	1204911	1020178307	12	250	14	1020178864				623	Поле 250 не содержит кода подполя.
rsl03_z00.dat	001204882	1204912	1204911	1020178307	13	260	15	1020178891				623	Поле 260 не содержит кода подполя.
rsl03_z00.dat	001204882	1204912	1204911	1020178307	14	300	16	1020178932				623	Поле 300 не содержит кода подполя.
rsl03_z00.dat	001204882	1204912	1204911	1020178307	15	490	17	1020178958				623	Поле 490 не содержит кода подполя.
rsl03_z00.dat	001204882	1204912	1204911	1020178307	17	650	19	1020179430				623	Поле 650 не содержит кода подполя.
rsl03_z00.dat	001204882	1204912	1204911	1020178307	18	700	20	1020179495				623	Поле 700 не содержит кода подполя.
rsl03_z00.dat	001204882	1204912	1204911	1020178307	19	700	21	1020179537				623	Поле 700 не содержит кода подполя.
rsl03_z00.dat	001204882	1204912	1204911	1020178307	20	912	22	1020179587				623	Поле 912 не содержит кода подполя.
rsl03_z00.dat	001204882	1204912	1204911	1020178307	22	337	25	1020179690				623	Поле 337 не содержит кода подполя.
rsl03_z00.dat	001204883	1204913	1204912	1020179718	7	041	9	1020179986				624	Поле 041 не содержит кода подполя.
rsl03_z00.dat	001204883	1204913	1204912	1020179718	10	260	12	1020180120				624	Поле 260 не содержит кода подполя.
rsl03_z00.dat	001204883	1204913	1204912	1020179718	15	650	17	1020180560				624	Поле 650 не содержит кода подполя.
rsl03_z00.dat	001204883	1204913	1204912	1020179718	16	700	18	1020180633				624	Поле 700 не содержит кода подполя.
rsl03_z00.dat	001204883	1204913	1204912	1020179718	17	912	19	1020180680				624	Поле 912 не содержит кода подполя.
rsl03_z00.dat	001204884	1204914	1204913	1020180811	7	041	9	1020181079				625	Поле 041 не содержит кода подполя.
rsl03_z00.dat	001204884	1204914	1204913	1020180811	10	260	12	1020181213				625	Поле 260 не содержит кода подполя.
rsl03_z00.dat	001204884	1204914	1204913	1020180811	15	650	17	1020181653				625	Поле 650 не содержит кода подполя.
rsl03_z00.dat	001204884	1204914	1204913	1020180811	16	700	18	1020181726				625	Поле 700 не содержит кода подполя.
rsl03_z00.dat	001204884	1204914	1204913	1020180811	17	912	19	1020181773				625	Поле 912 не содержит кода подполя.
rsl03_z00.dat	001204885	1204915	1204914	1020181904	7	041	9	1020182172				626	Поле 041 не содержит кода подполя.
rsl03_z00.dat	001204885	1204915	1204914	1020181904	12	300	14	1020182394				626	Поле 300 не содержит кода подполя.
rsl03_z00.dat	001204885	1204915	1204914	1020181904	16	650	18	1020183117				626	Поле 650 не содержит кода подполя.
rsl03_z00.dat	001204885	1204915	1204914	1020181904	17	700	19	1020183160				626	Поле 700 не содержит кода подполя.
rsl03_z00.dat	001204885	1204915	1204914	1020181904	18	912	20	1020183205				626	Поле 912 не содержит кода подполя.
rsl03_z00.dat	001204885	1204915	1204914	1020181904	19	336	22	1020183276				626	Поле 336 не содержит кода подполя.
rsl03_z00.dat	001204886	1204916	1204915	1020183335	7	041	9	1020183603				627	Поле 041 не содержит кода подполя.
rsl03_z00.dat	001204886	1204916	1204915	1020183335	11	300	13	1020183814				627	Поле 300 не содержит кода подполя.
rsl03_z00.dat	001204886	1204916	1204915	1020183335	15	650	17	1020184133				627	Поле 650 не содержит кода подполя.
rsl03_z00.dat	001204886	1204916	1204915	1020183335	16	700	18	1020184193				627	Поле 700 не содержит кода подполя.
rsl03_z00.dat	001204886	1204916	1204915	1020183335	17	700	19	1020184234				627	Поле 700 не содержит кода подполя.
rsl03_z00.dat	001204886	1204916	1204915	1020183335	18	912	20	1020184276				627	Поле 912 не содержит кода подполя.
rsl03_z00.dat	001204887	1204917	1204916	1020184407	7	041	9	1020184674				628	Поле 041 не содержит кода подполя.
rsl03_z00.dat	001204887	1204917	1204916	1020184407	11	260	13	1020184932				628	Поле 260 не содержит кода подполя.
rsl03_z00.dat	001204887	1204917	1204916	1020184407	12	300	14	1020184968				628	Поле 300 не содержит кода подполя.
rsl03_z00.dat	001204887	1204917	1204916	1020184407	13	490	15	1020185003				628	Поле 490 не содержит кода подполя.
rsl03_z00.dat	001204887	1204917	1204916	1020184407	16	650	18	1020185318				628	Поле 650 не содержит кода подполя.
rsl03_z00.dat	001204887	1204917	1204916	1020184407	17	700	19	1020185379				628	Поле 700 не содержит кода подполя.
rsl03_z00.dat	001204887	1204917	1204916	1020184407	19	912	21	1020185456				628	Поле 912 не содержит кода подполя.
rsl03_z00.dat	001204887	1204917	1204916	1020184407	20	336	23	1020185528				628	Поле 336 не содержит кода подполя.
rsl03_z00.dat	001204887	1204917	1204916	1020184407	21	337	24	1020185558				628	Поле 337 не содержит кода подполя.
rsl03_z00.dat	001204888	1204918	1204917	1020185587	7	041	9	1020185854				629	Поле 041 не содержит кода подполя.
rsl03_z00.dat	001204888	1204918	1204917	1020185587	11	260	13	1020186046				629	Поле 260 не содержит кода подполя.
rsl03_z00.dat	001204888	1204918	1204917	1020185587	16	650	18	1020186696				629	Поле 650 не содержит кода подполя.
rsl03_z00.dat	001204888	1204918	1204917	1020185587	17	700	19	1020186732				629	Поле 700 не содержит кода подполя.
rsl03_z00.dat	001204888	1204918	1204917	1020185587	18	912	20	1020186777				629	Поле 912 не содержит кода подполя.
rsl03_z00.dat	001204888	1204918	1204917	1020185587	19	336	22	1020186849				629	Поле 336 не содержит кода подполя.
rsl03_z00.dat	001204888	1204918	1204917	1020185587	20	337	23	1020186877				629	Поле 337 не содержит кода подполя.
rsl03_z00.dat	001204889	1204919	1204918	1020186904	7	041	9	1020187171				630	Поле 041 не содержит кода подполя.
rsl03_z00.dat	001204889	1204919	1204918	1020186904	14	650	16	1020187943				630	Поле 650 не содержит кода подполя.
rsl03_z00.dat	001204889	1204919	1204918	1020186904	15	912	17	1020187982				630	Поле 912 не содержит кода подполя.
rsl03_z00.dat	001204890	1204920	1204919	1020188115	7	041	9	1020188382				631	Поле 041 не содержит кода подполя.
rsl03_z00.dat	001204890	1204920	1204919	1020188115	10	260	12	1020188503				631	Поле 260 не содержит кода подполя.
rsl03_z00.dat	001204890	1204920	1204919	1020188115	11	300	13	1020188540				631	Поле 300 не содержит кода подполя.
rsl03_z00.dat	001204890	1204920	1204919	1020188115	13	650	15	1020189089				631	Поле 650 не содержит кода подполя.
rsl03_z00.dat	001204890	1204920	1204919	1020188115	14	700	16	1020189137				631	Поле 700 не содержит кода подполя.
rsl03_z00.dat	001204890	1204920	1204919	1020188115	15	700	17	1020189177				631	Поле 700 не содержит кода подполя.
rsl03_z00.dat	001204890	1204920	1204919	1020188115	16	912	18	1020189219				631	Поле 912 не содержит кода подполя.
rsl03_z00.dat	001204890	1204920	1204919	1020188115	17	336	20	1020189291				631	Поле 336 не содержит кода подполя.
rsl03_z00.dat	001204891	1204921	1204920	1020189352	7	041	9	1020189619				632	Поле 041 не содержит кода подполя.
rsl03_z00.dat	001204891	1204921	1204920	1020189352	17	650	19	1020190264				632	Поле 650 не содержит кода подполя.
rsl03_z00.dat	001204891	1204921	1204920	1020189352	18	700	20	1020190356				632	Поле 700 не содержит кода подполя.
rsl03_z00.dat	001204891	1204921	1204920	1020189352	19	700	21	1020190385				632	Поле 700 не содержит кода подполя.
rsl03_z00.dat	001204891	1204921	1204920	1020189352	20	912	22	1020190433				632	Поле 912 не содержит кода подполя.
rsl03_z00.dat	001204891	1204921	1204920	1020189352	21	336	24	1020190505				632	Поле 336 не содержит кода подполя.
rsl03_z00.dat	001204891	1204921	1204920	1020189352	22	337	25	1020190534				632	Поле 337 не содержит кода подполя.
rsl03_z00.dat	001204892	1204922	1204921	1020190562	7	041	9	1020190829				633	Поле 041 не содержит кода подполя.
rsl03_z00.dat	001204892	1204922	1204921	1020190562	11	260	13	1020191051				633	Поле 260 не содержит кода подполя.
rsl03_z00.dat	001204892	1204922	1204921	1020190562	12	300	14	1020191084				633	Поле 300 не содержит кода подполя.
rsl03_z00.dat	001204892	1204922	1204921	1020190562	13	490	15	1020191123				633	Поле 490 не содержит кода подполя.
rsl03_z00.dat	001204892	1204922	1204921	1020190562	15	650	17	1020191680				633	Поле 650 не содержит кода подполя.
rsl03_z00.dat	001204892	1204922	1204921	1020190562	16	700	18	1020191723				633	Поле 700 не содержит кода подполя.
rsl03_z00.dat	001204892	1204922	1204921	1020190562	17	912	19	1020191761				633	Поле 912 не содержит кода подполя.
rsl03_z00.dat	001204892	1204922	1204921	1020190562	19	337	22	1020191863				633	Поле 337 не содержит кода подполя.
rsl03_z00.dat	001204893	1204923	1204922	1020191892	7	041	9	1020192159				634	Поле 041 не содержит кода подполя.
rsl03_z00.dat	001204893	1204923	1204922	1020191892	16	650	18	1020192805				634	Поле 650 не содержит кода подполя.
rsl03_z00.dat	001204893	1204923	1204922	1020191892	17	650	19	1020192850				634	Поле 650 не содержит кода подполя.
rsl03_z00.dat	001204893	1204923	1204922	1020191892	18	650	20	1020192892				634	Поле 650 не содержит кода подполя.
rsl03_z00.dat	001204893	1204923	1204922	1020191892	19	912	21	1020192949				634	Поле 912 не содержит кода подполя.
rsl03_z00.dat	001204894	1204924	1204923	1020193080	7	041	9	1020193347				635	Поле 041 не содержит кода подполя.
rsl03_z00.dat	001204894	1204924	1204923	1020193080	11	260	13	1020193516				635	Поле 260 не содержит кода подполя.
rsl03_z00.dat	001204894	1204924	1204923	1020193080	15	650	17	1020193904				635	Поле 650 не содержит кода подполя.
rsl03_z00.dat	001204894	1204924	1204923	1020193080	16	700	18	1020193965				635	Поле 700 не содержит кода подполя.
rsl03_z00.dat	001204894	1204924	1204923	1020193080	17	912	19	1020194009				635	Поле 912 не содержит кода подполя.
rsl03_z00.dat	001204894	1204924	1204923	1020193080	18	336	21	1020194081				635	Поле 336 не содержит кода подполя.
rsl03_z00.dat	001204895	1204925	1204924	1020194139	10	260	12	1020194570				636	Поле 260 не содержит кода подполя.
rsl03_z00.dat	001204895	1204925	1204924	1020194139	11	300	13	1020194598				636	Поле 300 не содержит кода подполя.
rsl03_z00.dat	001204895	1204925	1204924	1020194139	12	490	14	1020194616				636	Поле 490 не содержит кода подполя.
rsl03_z00.dat	001204895	1204925	1204924	1020194139	17	912	19	1020194853				636	Поле 912 не содержит кода подполя.
rsl03_z00.dat	001204895	1204925	1204924	1020194139	18	336	21	1020194925				636	Поле 336 не содержит кода подполя.
rsl03_z00.dat	001204895	1204925	1204924	1020194139	19	337	22	1020194955				636	Поле 337 не содержит кода подполя.
rsl03_z00.dat	001204896	1204926	1204925	1020194984	7	041	9	1020195252				637	Поле 041 не содержит кода подполя.
rsl03_z00.dat	001204896	1204926	1204925	1020194984	10	260	12	1020195323				637	Поле 260 не содержит кода подполя.
rsl03_z00.dat	001204896	1204926	1204925	1020194984	13	650	15	1020195962				637	Поле 650 не содержит кода подполя.
rsl03_z00.dat	001204896	1204926	1204925	1020194984	14	700	16	1020196023				637	Поле 700 не содержит кода подполя.
rsl03_z00.dat	001204896	1204926	1204925	1020194984	15	700	17	1020196067				637	Поле 700 не содержит кода подполя.
rsl03_z00.dat	001204896	1204926	1204925	1020194984	16	773	18	1020196114				637	Поле 773 не содержит кода подполя.
rsl03_z00.dat	001204896	1204926	1204925	1020194984	17	912	19	1020196179				637	Поле 912 не содержит кода подполя.
rsl03_z00.dat	001204897	1204927	1204926	1020196308	7	041	9	1020196575				638	Поле 041 не содержит кода подполя.
rsl03_z00.dat	001204897	1204927	1204926	1020196308	12	300	14	1020196775				638	Поле 300 не содержит кода подполя.
rsl03_z00.dat	001204897	1204927	1204926	1020196308	16	700	18	1020197415				638	Поле 700 не содержит кода подполя.
rsl03_z00.dat	001204897	1204927	1204926	1020196308	17	912	19	1020197459				638	Поле 912 не содержит кода подполя.
rsl03_z00.dat	001204897	1204927	1204926	1020196308	18	336	21	1020197531				638	Поле 336 не содержит кода подполя.
rsl03_z00.dat	001204898	1204928	1204927	1020197588	7	041	9	1020197855				639	Поле 041 не содержит кода подполя.
rsl03_z00.dat	001204898	1204928	1204927	1020197588	12	300	14	1020198070				639	Поле 300 не содержит кода подполя.
rsl03_z00.dat	001204898	1204928	1204927	1020197588	15	650	17	1020198764				639	Поле 650 не содержит кода подполя.
rsl03_z00.dat	001204898	1204928	1204927	1020197588	16	650	18	1020198802				639	Поле 650 не содержит кода подполя.
rsl03_z00.dat	001204898	1204928	1204927	1020197588	17	700	19	1020198839				639	Поле 700 не содержит кода подполя.
rsl03_z00.dat	001204898	1204928	1204927	1020197588	18	912	20	1020198880				639	Поле 912 не содержит кода подполя.
rsl03_z00.dat	001204898	1204928	1204927	1020197588	19	336	22	1020198952				639	Поле 336 не содержит кода подполя.
rsl03_z00.dat	001204899	1204929	1204928	1020199009	7	041	9	1020199276				640	Поле 041 не содержит кода подполя.
rsl03_z00.dat	001204899	1204929	1204928	1020199009	11	260	13	1020199536				640	Поле 260 не содержит кода подполя.
rsl03_z00.dat	001204899	1204929	1204928	1020199009	12	300	14	1020199570				640	Поле 300 не содержит кода подполя.
rsl03_z00.dat	001204899	1204929	1204928	1020199009	13	490	15	1020199601				640	Поле 490 не содержит кода подполя.
rsl03_z00.dat	001204899	1204929	1204928	1020199009	15	650	17	1020200239				640	Поле 650 не содержит кода подполя.
rsl03_z00.dat	001204899	1204929	1204928	1020199009	16	650	18	1020200282				640	Поле 650 не содержит кода подполя.
rsl03_z00.dat	001204899	1204929	1204928	1020199009	17	700	19	1020200338				640	Поле 700 не содержит кода подполя.
rsl03_z00.dat	001204899	1204929	1204928	1020199009	18	700	20	1020200379				640	Поле 700 не содержит кода подполя.
rsl03_z00.dat	001204899	1204929	1204928	1020199009	19	700	21	1020200413				640	Поле 700 не содержит кода подполя.
rsl03_z00.dat	001204899	1204929	1204928	1020199009	20	912	22	1020200444				640	Поле 912 не содержит кода подполя.
rsl03_z00.dat	001204899	1204929	1204928	1020199009	21	336	24	1020200516				640	Поле 336 не содержит кода подполя.
rsl03_z00.dat	001204899	1204929	1204928	1020199009	22	337	25	1020200546				640	Поле 337 не содержит кода подполя.
rsl03_z00.dat	001204900	1204930	1204929	1020200575	7	041	9	1020200842				641	Поле 041 не содержит кода подполя.
rsl03_z00.dat	001204900	1204930	1204929	1020200575	11	260	13	1020200993				641	Поле 260 не содержит кода подполя.
rsl03_z00.dat	001204900	1204930	1204929	1020200575	12	300	14	1020201038				641	Поле 300 не содержит кода подполя.
rsl03_z00.dat	001204900	1204930	1204929	1020200575	16	650	18	1020201628				641	Поле 650 не содержит кода подполя.
rsl03_z00.dat	001204900	1204930	1204929	1020200575	17	650	19	1020201660				641	Поле 650 не содержит кода подполя.
rsl03_z00.dat	001204900	1204930	1204929	1020200575	18	700	20	1020201691				641	Поле 700 не содержит кода подполя.
rsl03_z00.dat	001204900	1204930	1204929	1020200575	19	912	21	1020201722				641	Поле 912 не содержит кода подполя.
rsl03_z00.dat	001204900	1204930	1204929	1020200575	21	337	24	1020201823				641	Поле 337 не содержит кода подполя.
rsl03_z00.dat	001204901	1204931	1204930	1020201852	7	041	9	1020202119				642	Поле 041 не содержит кода подполя.
rsl03_z00.dat	001204901	1204931	1204930	1020201852	10	260	12	1020202315				642	Поле 260 не содержит кода подполя.
rsl03_z00.dat	001204901	1204931	1204930	1020201852	11	300	13	1020202361				642	Поле 300 не содержит кода подполя.
rsl03_z00.dat	001204901	1204931	1204930	1020201852	14	650	16	1020202927				642	Поле 650 не содержит кода подполя.
rsl03_z00.dat	001204901	1204931	1204930	1020201852	15	650	17	1020202971				642	Поле 650 не содержит кода подполя.
rsl03_z00.dat	001204901	1204931	1204930	1020201852	16	700	18	1020203034				642	Поле 700 не содержит кода подполя.
rsl03_z00.dat	001204901	1204931	1204930	1020201852	17	912	19	1020203079				642	Поле 912 не содержит кода подполя.
rsl03_z00.dat	001204901	1204931	1204930	1020201852	18	336	21	1020203151				642	Поле 336 не содержит кода подполя.
rsl03_z00.dat	001204901	1204931	1204930	1020201852	19	337	22	1020203181				642	Поле 337 не содержит кода подполя.
rsl03_z00.dat	001204902	1204932	1204931	1020203210	7	041	9	1020203477				643	Поле 041 не содержит кода подполя.
rsl03_z00.dat	001204902	1204932	1204931	1020203210	11	260	13	1020203714				643	Поле 260 не содержит кода подполя.
rsl03_z00.dat	001204902	1204932	1204931	1020203210	12	300	14	1020203756				643	Поле 300 не содержит кода подполя.
rsl03_z00.dat	001204902	1204932	1204931	1020203210	16	650	18	1020204635				643	Поле 650 не содержит кода подполя.
rsl03_z00.dat	001204902	1204932	1204931	1020203210	17	650	19	1020204708				643	Поле 650 не содержит кода подполя.
rsl03_z00.dat	001204902	1204932	1204931	1020203210	18	912	20	1020204753				643	Поле 912 не содержит кода подполя.
rsl03_z00.dat	001204902	1204932	1204931	1020203210	19	336	22	1020204825				643	Поле 336 не содержит кода подполя.
rsl03_z00.dat	001204902	1204932	1204931	1020203210	20	337	23	1020204855				643	Поле 337 не содержит кода подполя.
rsl03_z00.dat	001204903	1204933	1204932	1020204884	7	041	9	1020205151				644	Поле 041 не содержит кода подполя.
rsl03_z00.dat	001204903	1204933	1204932	1020204884	12	300	14	1020205384				644	Поле 300 не содержит кода подполя.
rsl03_z00.dat	001204903	1204933	1204932	1020204884	16	650	18	1020206392				644	Поле 650 не содержит кода подполя.
rsl03_z00.dat	001204903	1204933	1204932	1020204884	17	912	19	1020206467				644	Поле 912 не содержит кода подполя.
rsl03_z00.dat	001204904	1204934	1204933	1020206597	7	041	9	1020206864				645	Поле 041 не содержит кода подполя.
rsl03_z00.dat	001204904	1204934	1204933	1020206597	11	260	13	1020207074				645	Поле 260 не содержит кода подполя.
rsl03_z00.dat	001204904	1204934	1204933	1020206597	15	650	17	1020207762				645	Поле 650 не содержит кода подполя.
rsl03_z00.dat	001204904	1204934	1204933	1020206597	16	700	18	1020207823				645	Поле 700 не содержит кода подполя.
rsl03_z00.dat	001204904	1204934	1204933	1020206597	17	912	19	1020207869				645	Поле 912 не содержит кода подполя.
rsl03_z00.dat	001204904	1204934	1204933	1020206597	18	336	21	1020207941				645	Поле 336 не содержит кода подполя.
rsl03_z00.dat	001204904	1204934	1204933	1020206597	19	337	22	1020207971				645	Поле 337 не содержит кода подполя.
rsl03_z00.dat	001204905	1204935	1204934	1020208000	7	041	9	1020208267				646	Поле 041 не содержит кода подполя.
rsl03_z00.dat	001204905	1204935	1204934	1020208000	11	260	13	1020208517				646	Поле 260 не содержит кода подполя.
rsl03_z00.dat	001204905	1204935	1204934	1020208000	12	300	14	1020208552				646	Поле 300 не содержит кода подполя.
rsl03_z00.dat	001204905	1204935	1204934	1020208000	13	490	15	1020208604				646	Поле 490 не содержит кода подполя.
rsl03_z00.dat	001204905	1204935	1204934	1020208000	15	650	17	1020208924				646	Поле 650 не содержит кода подполя.
rsl03_z00.dat	001204905	1204935	1204934	1020208000	16	650	18	1020208972				646	Поле 650 не содержит кода подполя.
rsl03_z00.dat	001204905	1204935	1204934	1020208000	17	700	19	1020209034				646	Поле 700 не содержит кода подполя.
rsl03_z00.dat	001204905	1204935	1204934	1020208000	18	700	20	1020209058				646	Поле 700 не содержит кода подполя.
rsl03_z00.dat	001204905	1204935	1204934	1020208000	19	700	21	1020209102				646	Поле 700 не содержит кода подполя.
rsl03_z00.dat	001204905	1204935	1204934	1020208000	20	912	22	1020209133				646	Поле 912 не содержит кода подполя.
rsl03_z00.dat	001204905	1204935	1204934	1020208000	21	336	24	1020209205				646	Поле 336 не содержит кода подполя.
rsl03_z00.dat	001204905	1204935	1204934	1020208000	22	337	25	1020209235				646	Поле 337 не содержит кода подполя.
rsl03_z00.dat	001204906	1204936	1204935	1020209264	7	041	9	1020209531				647	Поле 041 не содержит кода подполя.
rsl03_z00.dat	001204906	1204936	1204935	1020209264	11	260	13	1020209703				647	Поле 260 не содержит кода подполя.
rsl03_z00.dat	001204906	1204936	1204935	1020209264	12	300	14	1020209748				647	Поле 300 не содержит кода подполя.
rsl03_z00.dat	001204906	1204936	1204935	1020209264	16	700	18	1020211032				647	Поле 700 не содержит кода подполя.
rsl03_z00.dat	001204906	1204936	1204935	1020209264	17	912	19	1020211077				647	Поле 912 не содержит кода подполя.
rsl03_z00.dat	001204906	1204936	1204935	1020209264	18	336	21	1020211149				647	Поле 336 не содержит кода подполя.
rsl03_z00.dat	001204907	1204937	1204936	1020211207	7	041	9	1020211474				648	Поле 041 не содержит кода подполя.
rsl03_z00.dat	001204907	1204937	1204936	1020211207	12	260	14	1020211746				648	Поле 260 не содержит кода подполя.
rsl03_z00.dat	001204907	1204937	1204936	1020211207	13	300	15	1020211787				648	Поле 300 не содержит кода подполя.
rsl03_z00.dat	001204907	1204937	1204936	1020211207	14	490	16	1020211817				648	Поле 490 не содержит кода подполя.
rsl03_z00.dat	001204907	1204937	1204936	1020211207	16	650	18	1020212413				648	Поле 650 не содержит кода подполя.
rsl03_z00.dat	001204907	1204937	1204936	1020211207	17	700	19	1020212474				648	Поле 700 не содержит кода подполя.
rsl03_z00.dat	001204907	1204937	1204936	1020211207	18	700	20	1020212518				648	Поле 700 не содержит кода подполя.
rsl03_z00.dat	001204907	1204937	1204936	1020211207	19	912	21	1020212568				648	Поле 912 не содержит кода подполя.
rsl03_z00.dat	001204907	1204937	1204936	1020211207	21	337	24	1020212671				648	Поле 337 не содержит кода подполя.
rsl03_z00.dat	001204908	1204938	1204937	1020212700	7	041	9	1020212967				649	Поле 041 не содержит кода подполя.
rsl03_z00.dat	001204908	1204938	1204937	1020212700	12	300	14	1020213251				649	Поле 300 не содержит кода подполя.
rsl03_z00.dat	001204908	1204938	1204937	1020212700	13	490	15	1020213287				649	Поле 490 не содержит кода подполя.
rsl03_z00.dat	001204908	1204938	1204937	1020212700	15	650	17	1020213990				649	Поле 650 не содержит кода подполя.
rsl03_z00.dat	001204908	1204938	1204937	1020212700	16	650	18	1020214032				649	Поле 650 не содержит кода подполя.
rsl03_z00.dat	001204908	1204938	1204937	1020212700	17	650	19	1020214074				649	Поле 650 не содержит кода подполя.
rsl03_z00.dat	001204908	1204938	1204937	1020212700	18	700	20	1020214132				649	Поле 700 не содержит кода подполя.
rsl03_z00.dat	001204908	1204938	1204937	1020212700	19	700	21	1020214172				649	Поле 700 не содержит кода подполя.
rsl03_z00.dat	001204908	1204938	1204937	1020212700	20	912	22	1020214205				649	Поле 912 не содержит кода подполя.
rsl03_z00.dat	001204908	1204938	1204937	1020212700	21	336	24	1020214277				649	Поле 336 не содержит кода подполя.
rsl03_z00.dat	001204908	1204938	1204937	1020212700	22	337	25	1020214307				649	Поле 337 не содержит кода подполя.
rsl03_z00.dat	001204909	1204939	1204938	1020214336	7	041	9	1020214603				650	Поле 041 не содержит кода подполя.
rsl03_z00.dat	001204909	1204939	1204938	1020214336	11	260	13	1020214830				650	Поле 260 не содержит кода подполя.
rsl03_z00.dat	001204909	1204939	1204938	1020214336	12	300	14	1020214865				650	Поле 300 не содержит кода подполя.
rsl03_z00.dat	001204909	1204939	1204938	1020214336	15	650	17	1020215520				650	Поле 650 не содержит кода подполя.
rsl03_z00.dat	001204909	1204939	1204938	1020214336	16	650	18	1020215608				650	Поле 650 не содержит кода подполя.
rsl03_z00.dat	001204909	1204939	1204938	1020214336	17	650	19	1020215684				650	Поле 650 не содержит кода подполя.
rsl03_z00.dat	001204909	1204939	1204938	1020214336	18	912	20	1020215755				650	Поле 912 не содержит кода подполя.
rsl03_z00.dat	001204909	1204939	1204938	1020214336	19	336	22	1020215826				650	Поле 336 не содержит кода подполя.
rsl03_z00.dat	001204910	1204940	1204939	1020215887	15	336	18	1020216487				651	Поле 336 не содержит кода подполя.
rsl03_z00.dat	001204911	1204941	1204940	1020216545	7	041	9	1020216813				652	Поле 041 не содержит кода подполя.
rsl03_z00.dat	001204911	1204941	1204940	1020216545	9	245	11	1020216854				652	Поле 245 не содержит кода подполя.
rsl03_z00.dat	001204911	1204941	1204940	1020216545	13	650	15	1020217768				652	Поле 650 не содержит кода подполя.
rsl03_z00.dat	001204911	1204941	1204940	1020216545	14	773	16	1020217829				652	Поле 773 не содержит кода подполя.
rsl03_z00.dat	001204911	1204941	1204940	1020216545	15	912	17	1020217912				652	Поле 912 не содержит кода подполя.
rsl03_z00.dat	001204911	1204941	1204940	1020216545	17	337	20	1020218013				652	Поле 337 не содержит кода подполя.
rsl03_z00.dat	001204912	1204942	1204941	1020218042	7	041	9	1020218310				653	Поле 041 не содержит кода подполя.
rsl03_z00.dat	001204912	1204942	1204941	1020218042	12	300	14	1020218501				653	Поле 300 не содержит кода подполя.
rsl03_z00.dat	001204912	1204942	1204941	1020218042	15	650	17	1020219121				653	Поле 650 не содержит кода подполя.
rsl03_z00.dat	001204912	1204942	1204941	1020218042	16	650	18	1020219177				653	Поле 650 не содержит кода подполя.
rsl03_z00.dat	001204912	1204942	1204941	1020218042	17	700	19	1020219235				653	Поле 700 не содержит кода подполя.
rsl03_z00.dat	001204912	1204942	1204941	1020218042	18	912	20	1020219277				653	Поле 912 не содержит кода подполя.
rsl03_z00.dat	001204913	1204943	1204942	1020219408	7	041	9	1020219675				654	Поле 041 не содержит кода подполя.
rsl03_z00.dat	001204913	1204943	1204942	1020219408	12	300	14	1020219866				654	Поле 300 не содержит кода подполя.
rsl03_z00.dat	001204913	1204943	1204942	1020219408	14	650	16	1020220463				654	Поле 650 не содержит кода подполя.
rsl03_z00.dat	001204913	1204943	1204942	1020219408	15	650	17	1020220519				654	Поле 650 не содержит кода подполя.
rsl03_z00.dat	001204913	1204943	1204942	1020219408	16	700	18	1020220577				654	Поле 700 не содержит кода подполя.
rsl03_z00.dat	001204913	1204943	1204942	1020219408	17	912	19	1020220621				654	Поле 912 не содержит кода подполя.
rsl03_z00.dat	001204914	1204944	1204943	1020220752	7	041	9	1020221019				655	Поле 041 не содержит кода подполя.
rsl03_z00.dat	001204914	1204944	1204943	1020220752	12	300	14	1020221191				655	Поле 300 не содержит кода подполя.
rsl03_z00.dat	001204914	1204944	1204943	1020220752	15	650	17	1020221831				655	Поле 650 не содержит кода подполя.
rsl03_z00.dat	001204914	1204944	1204943	1020220752	16	650	18	1020221887				655	Поле 650 не содержит кода подполя.
rsl03_z00.dat	001204914	1204944	1204943	1020220752	17	912	19	1020221945				655	Поле 912 не содержит кода подполя.
rsl03_z00.dat	001204915	1204945	1204944	1020222077	7	041	9	1020222344				656	Поле 041 не содержит кода подполя.
rsl03_z00.dat	001204915	1204945	1204944	1020222077	13	300	15	1020222572				656	Поле 300 не содержит кода подполя.
rsl03_z00.dat	001204915	1204945	1204944	1020222077	16	650	18	1020223092				656	Поле 650 не содержит кода подполя.
rsl03_z00.dat	001204915	1204945	1204944	1020222077	17	650	19	1020223138				656	Поле 650 не содержит кода подполя.
rsl03_z00.dat	001204915	1204945	1204944	1020222077	18	700	20	1020223212				656	Поле 700 не содержит кода подполя.
rsl03_z00.dat	001204915	1204945	1204944	1020222077	19	912	21	1020223255				656	Поле 912 не содержит кода подполя.
rsl03_z00.dat	001204916	1204946	1204945	1020223386	7	041	9	1020223653				657	Поле 041 не содержит кода подполя.
rsl03_z00.dat	001204916	1204946	1204945	1020223386	11	260	13	1020223834				657	Поле 260 не содержит кода подполя.
rsl03_z00.dat	001204916	1204946	1204945	1020223386	12	300	14	1020223867				657	Поле 300 не содержит кода подполя.
rsl03_z00.dat	001204916	1204946	1204945	1020223386	15	650	17	1020224132				657	Поле 650 не содержит кода подполя.
rsl03_z00.dat	001204916	1204946	1204945	1020223386	16	912	18	1020224167				657	Поле 912 не содержит кода подполя.
rsl03_z00.dat	001204916	1204946	1204945	1020223386	17	336	20	1020224239				657	Поле 336 не содержит кода подполя.
rsl03_z00.dat	001204917	1204947	1204946	1020224297	7	041	9	1020224564				658	Поле 041 не содержит кода подполя.
rsl03_z00.dat	001204917	1204947	1204946	1020224297	11	260	13	1020224703				658	Поле 260 не содержит кода подполя.
rsl03_z00.dat	001204917	1204947	1204946	1020224297	16	650	18	1020225386				658	Поле 650 не содержит кода подполя.
rsl03_z00.dat	001204917	1204947	1204946	1020224297	17	650	19	1020225442				658	Поле 650 не содержит кода подполя.
rsl03_z00.dat	001204917	1204947	1204946	1020224297	18	912	20	1020225500				658	Поле 912 не содержит кода подполя.
rsl03_z00.dat	001204918	1204948	1204947	1020225631	7	041	9	1020225898				659	Поле 041 не содержит кода подполя.
rsl03_z00.dat	001204918	1204948	1204947	1020225631	11	260	13	1020226088				659	Поле 260 не содержит кода подполя.
rsl03_z00.dat	001204918	1204948	1204947	1020225631	12	300	14	1020226122				659	Поле 300 не содержит кода подполя.
rsl03_z00.dat	001204918	1204948	1204947	1020225631	15	555	17	1020227035				659	Поле 555 не содержит кода подполя.
rsl03_z00.dat	001204918	1204948	1204947	1020225631	16	650	18	1020227064				659	Поле 650 не содержит кода подполя.
rsl03_z00.dat	001204918	1204948	1204947	1020225631	17	650	19	1020227119				659	Поле 650 не содержит кода подполя.
rsl03_z00.dat	001204918	1204948	1204947	1020225631	18	700	20	1020227172				659	Поле 700 не содержит кода подполя.
rsl03_z00.dat	001204918	1204948	1204947	1020225631	19	912	21	1020227208				659	Поле 912 не содержит кода подполя.
rsl03_z00.dat	001204918	1204948	1204947	1020225631	20	336	23	1020227280				659	Поле 336 не содержит кода подполя.
rsl03_z00.dat	001204919	1204949	1204948	1020227339	7	041	9	1020227606				660	Поле 041 не содержит кода подполя.
rsl03_z00.dat	001204919	1204949	1204948	1020227339	12	300	14	1020227840				660	Поле 300 не содержит кода подполя.
rsl03_z00.dat	001204919	1204949	1204948	1020227339	15	650	17	1020228399				660	Поле 650 не содержит кода подполя.
rsl03_z00.dat	001204919	1204949	1204948	1020227339	16	700	18	1020228437				660	Поле 700 не содержит кода подполя.
rsl03_z00.dat	001204919	1204949	1204948	1020227339	17	912	19	1020228465				660	Поле 912 не содержит кода подполя.
rsl03_z00.dat	001204919	1204949	1204948	1020227339	18	336	21	1020228535				660	Поле 336 не содержит кода подполя.
rsl03_z00.dat	001204919	1204949	1204948	1020227339	19	337	22	1020228564				660	Поле 337 не содержит кода подполя.
rsl03_z00.dat	001204920	1204950	1204949	1020228593	7	041	9	1020228861				661	Поле 041 не содержит кода подполя.
rsl03_z00.dat	001204920	1204950	1204949	1020228593	11	260	13	1020229085				661	Поле 260 не содержит кода подполя.
rsl03_z00.dat	001204920	1204950	1204949	1020228593	12	300	14	1020229120				661	Поле 300 не содержит кода подполя.
rsl03_z00.dat	001204920	1204950	1204949	1020228593	13	490	15	1020229159				661	Поле 490 не содержит кода подполя.
rsl03_z00.dat	001204920	1204950	1204949	1020228593	15	650	17	1020229573				661	Поле 650 не содержит кода подполя.
rsl03_z00.dat	001204920	1204950	1204949	1020228593	16	700	18	1020229620				661	Поле 700 не содержит кода подполя.
rsl03_z00.dat	001204920	1204950	1204949	1020228593	17	912	19	1020229657				661	Поле 912 не содержит кода подполя.
rsl03_z00.dat	001204920	1204950	1204949	1020228593	18	336	21	1020229729				661	Поле 336 не содержит кода подполя.
rsl03_z00.dat	001204920	1204950	1204949	1020228593	19	337	22	1020229759				661	Поле 337 не содержит кода подполя.
rsl03_z00.dat	001204921	1204951	1204950	1020229788	7	041	9	1020230055				662	Поле 041 не содержит кода подполя.
rsl03_z00.dat	001204921	1204951	1204950	1020229788	11	260	13	1020230338				662	Поле 260 не содержит кода подполя.
rsl03_z00.dat	001204921	1204951	1204950	1020229788	12	300	14	1020230372				662	Поле 300 не содержит кода подполя.
rsl03_z00.dat	001204921	1204951	1204950	1020229788	13	490	15	1020230408				662	Поле 490 не содержит кода подполя.
rsl03_z00.dat	001204921	1204951	1204950	1020229788	14	500	16	1020230441				662	Поле 500 не содержит кода подполя.
rsl03_z00.dat	001204921	1204951	1204950	1020229788	16	650	18	1020231039				662	Поле 650 не содержит кода подполя.
rsl03_z00.dat	001204921	1204951	1204950	1020229788	17	912	19	1020231074				662	Поле 912 не содержит кода подполя.
rsl03_z00.dat	001204921	1204951	1204950	1020229788	18	336	21	1020231146				662	Поле 336 не содержит кода подполя.
rsl03_z00.dat	001204921	1204951	1204950	1020229788	19	337	22	1020231176				662	Поле 337 не содержит кода подполя.
rsl03_z00.dat	001204922	1204952	1204951	1020231205	7	041	9	1020231472				663	Поле 041 не содержит кода подполя.
rsl03_z00.dat	001204922	1204952	1204951	1020231205	11	260	13	1020231659				663	Поле 260 не содержит кода подполя.
rsl03_z00.dat	001204922	1204952	1204951	1020231205	12	300	14	1020231695				663	Поле 300 не содержит кода подполя.
rsl03_z00.dat	001204922	1204952	1204951	1020231205	16	650	18	1020232599				663	Поле 650 не содержит кода подполя.
rsl03_z00.dat	001204922	1204952	1204951	1020231205	17	650	19	1020232652				663	Поле 650 не содержит кода подполя.
rsl03_z00.dat	001204922	1204952	1204951	1020231205	18	650	20	1020232730				663	Поле 650 не содержит кода подполя.
rsl03_z00.dat	001204922	1204952	1204951	1020231205	19	650	21	1020232779				663	Поле 650 не содержит кода подполя.
rsl03_z00.dat	001204922	1204952	1204951	1020231205	20	912	22	1020232838				663	Поле 912 не содержит кода подполя.
rsl03_z00.dat	001204922	1204952	1204951	1020231205	22	337	25	1020232941				663	Поле 337 не содержит кода подполя.
rsl03_z00.dat	001204923	1204953	1204952	1020232970	7	041	9	1020233237				664	Поле 041 не содержит кода подполя.
rsl03_z00.dat	001204923	1204953	1204952	1020232970	11	260	13	1020233405				664	Поле 260 не содержит кода подполя.
rsl03_z00.dat	001204923	1204953	1204952	1020232970	17	650	19	1020233751				664	Поле 650 не содержит кода подполя.
rsl03_z00.dat	001204923	1204953	1204952	1020232970	18	912	20	1020233808				664	Поле 912 не содержит кода подполя.
rsl03_z00.dat	001204923	1204953	1204952	1020232970	19	336	22	1020233880				664	Поле 336 не содержит кода подполя.
rsl03_z00.dat	001204924	1204954	1204953	1020233938	7	041	9	1020234205				665	Поле 041 не содержит кода подполя.
rsl03_z00.dat	001204924	1204954	1204953	1020233938	11	260	13	1020234372				665	Поле 260 не содержит кода подполя.
rsl03_z00.dat	001204924	1204954	1204953	1020233938	12	300	14	1020234406				665	Поле 300 не содержит кода подполя.
rsl03_z00.dat	001204924	1204954	1204953	1020233938	15	650	17	1020234872				665	Поле 650 не содержит кода подполя.
rsl03_z00.dat	001204924	1204954	1204953	1020233938	16	650	18	1020234912				665	Поле 650 не содержит кода подполя.
rsl03_z00.dat	001204924	1204954	1204953	1020233938	17	650	19	1020234952				665	Поле 650 не содержит кода подполя.
rsl03_z00.dat	001204924	1204954	1204953	1020233938	18	650	20	1020234990				665	Поле 650 не содержит кода подполя.
rsl03_z00.dat	001204924	1204954	1204953	1020233938	19	700	21	1020235047				665	Поле 700 не содержит кода подполя.
rsl03_z00.dat	001204924	1204954	1204953	1020233938	20	700	22	1020235079				665	Поле 700 не содержит кода подполя.
rsl03_z00.dat	001204924	1204954	1204953	1020233938	21	912	23	1020235111				665	Поле 912 не содержит кода подполя.
rsl03_z00.dat	001204924	1204954	1204953	1020233938	22	336	25	1020235183				665	Поле 336 не содержит кода подполя.
rsl03_z00.dat	001204925	1204955	1204954	1020235241	7	041	9	1020235508				666	Поле 041 не содержит кода подполя.
rsl03_z00.dat	001204925	1204955	1204954	1020235241	11	260	13	1020235672				666	Поле 260 не содержит кода подполя.
rsl03_z00.dat	001204925	1204955	1204954	1020235241	12	300	14	1020235706				666	Поле 300 не содержит кода подполя.
rsl03_z00.dat	001204925	1204955	1204954	1020235241	15	600	17	1020236461				666	Поле 600 не содержит кода подполя.
rsl03_z00.dat	001204925	1204955	1204954	1020235241	16	650	18	1020236497				666	Поле 650 не содержит кода подполя.
rsl03_z00.dat	001204925	1204955	1204954	1020235241	17	650	19	1020236546				666	Поле 650 не содержит кода подполя.
rsl03_z00.dat	001204925	1204955	1204954	1020235241	18	650	20	1020236589				666	Поле 650 не содержит кода подполя.
rsl03_z00.dat	001204925	1204955	1204954	1020235241	19	700	21	1020236647				666	Поле 700 не содержит кода подполя.
rsl03_z00.dat	001204925	1204955	1204954	1020235241	20	912	22	1020236692				666	Поле 912 не содержит кода подполя.
rsl03_z00.dat	001204925	1204955	1204954	1020235241	21	336	24	1020236764				666	Поле 336 не содержит кода подполя.
rsl03_z00.dat	001204926	1204956	1204955	1020236823	7	041	9	1020237090				667	Поле 041 не содержит кода подполя.
rsl03_z00.dat	001204926	1204956	1204955	1020236823	11	260	13	1020237263				667	Поле 260 не содержит кода подполя.
rsl03_z00.dat	001204926	1204956	1204955	1020236823	12	300	14	1020237297				667	Поле 300 не содержит кода подполя.
rsl03_z00.dat	001204926	1204956	1204955	1020236823	15	650	17	1020237593				667	Поле 650 не содержит кода подполя.
rsl03_z00.dat	001204926	1204956	1204955	1020236823	16	700	18	1020237654				667	Поле 700 не содержит кода подполя.
rsl03_z00.dat	001204926	1204956	1204955	1020236823	17	700	19	1020237697				667	Поле 700 не содержит кода подполя.
rsl03_z00.dat	001204926	1204956	1204955	1020236823	18	912	20	1020237733				667	Поле 912 не содержит кода подполя.
rsl03_z00.dat	001204926	1204956	1204955	1020236823	19	336	22	1020237805				667	Поле 336 не содержит кода подполя.
rsl03_z00.dat	001204927	1204957	1204956	1020237863	7	041	9	1020238130				668	Поле 041 не содержит кода подполя.
rsl03_z00.dat	001204927	1204957	1204956	1020237863	11	260	13	1020238285				668	Поле 260 не содержит кода подполя.
rsl03_z00.dat	001204927	1204957	1204956	1020237863	12	300	14	1020238321				668	Поле 300 не содержит кода подполя.
rsl03_z00.dat	001204927	1204957	1204956	1020237863	15	650	17	1020238972				668	Поле 650 не содержит кода подполя.
rsl03_z00.dat	001204927	1204957	1204956	1020237863	16	650	18	1020239011				668	Поле 650 не содержит кода подполя.
rsl03_z00.dat	001204927	1204957	1204956	1020237863	17	700	19	1020239068				668	Поле 700 не содержит кода подполя.
rsl03_z00.dat	001204927	1204957	1204956	1020237863	18	912	20	1020239111				668	Поле 912 не содержит кода подполя.
rsl03_z00.dat	001204927	1204957	1204956	1020237863	19	336	22	1020239183				668	Поле 336 не содержит кода подполя.
rsl03_z00.dat	001204928	1204958	1204957	1020239241	7	041	9	1020239508				669	Поле 041 не содержит кода подполя.
rsl03_z00.dat	001204928	1204958	1204957	1020239241	12	250	14	1020239776				669	Поле 250 не содержит кода подполя.
rsl03_z00.dat	001204928	1204958	1204957	1020239241	14	300	16	1020239838				669	Поле 300 не содержит кода подполя.
rsl03_z00.dat	001204928	1204958	1204957	1020239241	17	650	19	1020240809				669	Поле 650 не содержит кода подполя.
rsl03_z00.dat	001204928	1204958	1204957	1020239241	18	700	20	1020240868				669	Поле 700 не содержит кода подполя.
rsl03_z00.dat	001204928	1204958	1204957	1020239241	19	700	21	1020240912				669	Поле 700 не содержит кода подполя.
rsl03_z00.dat	001204928	1204958	1204957	1020239241	20	912	22	1020240959				669	Поле 912 не содержит кода подполя.
rsl03_z00.dat	001204928	1204958	1204957	1020239241	21	336	24	1020241031				669	Поле 336 не содержит кода подполя.
rsl03_z00.dat	001204928	1204958	1204957	1020239241	22	337	25	1020241060				669	Поле 337 не содержит кода подполя.
rsl03_z00.dat	001204929	1204959	1204958	1020241089	7	041	9	1020241356				670	Поле 041 не содержит кода подполя.
rsl03_z00.dat	001204929	1204959	1204958	1020241089	10	260	12	1020241550				670	Поле 260 не содержит кода подполя.
rsl03_z00.dat	001204929	1204959	1204958	1020241089	14	700	16	1020242482				670	Поле 700 не содержит кода подполя.
rsl03_z00.dat	001204929	1204959	1204958	1020241089	15	912	17	1020242526				670	Поле 912 не содержит кода подполя.
rsl03_z00.dat	001204929	1204959	1204958	1020241089	16	336	19	1020242598				670	Поле 336 не содержит кода подполя.
rsl03_z00.dat	001204929	1204959	1204958	1020241089	17	337	20	1020242628				670	Поле 337 не содержит кода подполя.
rsl03_z00.dat	001204930	1204960	1204959	1020242657	7	041	9	1020242924				671	Поле 041 не содержит кода подполя.
rsl03_z00.dat	001204930	1204960	1204959	1020242657	12	260	14	1020243095				671	Поле 260 не содержит кода подполя.
rsl03_z00.dat	001204930	1204960	1204959	1020242657	15	490	17	1020243221				671	Поле 490 не содержит кода подполя.
rsl03_z00.dat	001204930	1204960	1204959	1020242657	16	490	18	1020243236				671	Поле 490 не содержит кода подполя.
rsl03_z00.dat	001204930	1204960	1204959	1020242657	18	650	20	1020243591				671	Поле 650 не содержит кода подполя.
rsl03_z00.dat	001204930	1204960	1204959	1020242657	19	912	21	1020243670				671	Поле 912 не содержит кода подполя.
rsl03_z00.dat	001204931	1204961	1204960	1020243801	7	041	9	1020244068				672	Поле 041 не содержит кода подполя.
rsl03_z00.dat	001204931	1204961	1204960	1020243801	12	260	14	1020244268				672	Поле 260 не содержит кода подполя.
rsl03_z00.dat	001204931	1204961	1204960	1020243801	13	300	15	1020244309				672	Поле 300 не содержит кода подполя.
rsl03_z00.dat	001204931	1204961	1204960	1020243801	18	650	20	1020244725				672	Поле 650 не содержит кода подполя.
rsl03_z00.dat	001204931	1204961	1204960	1020243801	19	650	21	1020244799				672	Поле 650 не содержит кода подполя.
rsl03_z00.dat	001204931	1204961	1204960	1020243801	20	912	22	1020244879				672	Поле 912 не содержит кода подполя.
rsl03_z00.dat	001204931	1204961	1204960	1020243801	22	337	25	1020244982				672	Поле 337 не содержит кода подполя.
rsl03_z00.dat	001204932	1204962	1204961	1020245010	7	041	9	1020245277				673	Поле 041 не содержит кода подполя.
rsl03_z00.dat	001204932	1204962	1204961	1020245010	12	260	14	1020245473				673	Поле 260 не содержит кода подполя.
rsl03_z00.dat	001204932	1204962	1204961	1020245010	14	490	16	1020245549				673	Поле 490 не содержит кода подполя.
rsl03_z00.dat	001204932	1204962	1204961	1020245010	18	650	20	1020245950				673	Поле 650 не содержит кода подполя.
rsl03_z00.dat	001204932	1204962	1204961	1020245010	19	912	21	1020246039				673	Поле 912 не содержит кода подполя.
rsl03_z00.dat	001204932	1204962	1204961	1020245010	20	336	23	1020246111				673	Поле 336 не содержит кода подполя.
rsl03_z00.dat	001204933	1204963	1204962	1020246167	7	041	9	1020246434				674	Поле 041 не содержит кода подполя.
rsl03_z00.dat	001204933	1204963	1204962	1020246167	11	260	13	1020246745				674	Поле 260 не содержит кода подполя.
rsl03_z00.dat	001204933	1204963	1204962	1020246167	12	300	14	1020246781				674	Поле 300 не содержит кода подполя.
rsl03_z00.dat	001204933	1204963	1204962	1020246167	13	490	15	1020246817				674	Поле 490 не содержит кода подполя.
rsl03_z00.dat	001204933	1204963	1204962	1020246167	18	700	20	1020247118				674	Поле 700 не содержит кода подполя.
rsl03_z00.dat	001204933	1204963	1204962	1020246167	20	336	23	1020247226				674	Поле 336 не содержит кода подполя.
rsl03_z00.dat	001204933	1204963	1204962	1020246167	21	337	24	1020247256				674	Поле 337 не содержит кода подполя.
rsl03_z00.dat	001204934	1204964	1204963	1020247285	7	041	9	1020247552				675	Поле 041 не содержит кода подполя.
rsl03_z00.dat	001204934	1204964	1204963	1020247285	11	260	13	1020247808				675	Поле 260 не содержит кода подполя.
rsl03_z00.dat	001204934	1204964	1204963	1020247285	12	300	14	1020247843				675	Поле 300 не содержит кода подполя.
rsl03_z00.dat	001204934	1204964	1204963	1020247285	13	490	15	1020247879				675	Поле 490 не содержит кода подполя.
rsl03_z00.dat	001204934	1204964	1204963	1020247285	16	700	18	1020248352				675	Поле 700 не содержит кода подполя.
rsl03_z00.dat	001204934	1204964	1204963	1020247285	17	700	19	1020248392				675	Поле 700 не содержит кода подполя.
rsl03_z00.dat	001204934	1204964	1204963	1020247285	18	700	20	1020248435				675	Поле 700 не содержит кода подполя.
rsl03_z00.dat	001204934	1204964	1204963	1020247285	19	912	21	1020248471				675	Поле 912 не содержит кода подполя.
rsl03_z00.dat	001204934	1204964	1204963	1020247285	20	336	23	1020248543				675	Поле 336 не содержит кода подполя.
rsl03_z00.dat	001204934	1204964	1204963	1020247285	21	337	24	1020248573				675	Поле 337 не содержит кода подполя.
rsl03_z00.dat	001204935	1204965	1204964	1020248602	7	041	9	1020248869				676	Поле 041 не содержит кода подполя.
rsl03_z00.dat	001204935	1204965	1204964	1020248602	11	260	13	1020249103				676	Поле 260 не содержит кода подполя.
rsl03_z00.dat	001204935	1204965	1204964	1020248602	12	300	14	1020249148				676	Поле 300 не содержит кода подполя.
rsl03_z00.dat	001204935	1204965	1204964	1020248602	13	490	15	1020249184				676	Поле 490 не содержит кода подполя.
rsl03_z00.dat	001204935	1204965	1204964	1020248602	15	650	17	1020249617				676	Поле 650 не содержит кода подполя.
rsl03_z00.dat	001204935	1204965	1204964	1020248602	16	650	18	1020249659				676	Поле 650 не содержит кода подполя.
rsl03_z00.dat	001204935	1204965	1204964	1020248602	17	650	19	1020249700				676	Поле 650 не содержит кода подполя.
rsl03_z00.dat	001204935	1204965	1204964	1020248602	18	700	20	1020249758				676	Поле 700 не содержит кода подполя.
rsl03_z00.dat	001204935	1204965	1204964	1020248602	19	700	21	1020249798				676	Поле 700 не содержит кода подполя.
rsl03_z00.dat	001204935	1204965	1204964	1020248602	20	912	22	1020249831				676	Поле 912 не содержит кода подполя.
rsl03_z00.dat	001204935	1204965	1204964	1020248602	21	336	24	1020249903				676	Поле 336 не содержит кода подполя.
rsl03_z00.dat	001204935	1204965	1204964	1020248602	22	337	25	1020249933				676	Поле 337 не содержит кода подполя.
rsl03_z00.dat	001204936	1204966	1204965	1020249962	10	250	12	1020250557				677	Поле 250 не содержит кода подполя.
rsl03_z00.dat	001204936	1204966	1204965	1020249962	11	260	13	1020250584				677	Поле 260 не содержит кода подполя.
rsl03_z00.dat	001204936	1204966	1204965	1020249962	12	300	14	1020250618				677	Поле 300 не содержит кода подполя.
rsl03_z00.dat	001204936	1204966	1204965	1020249962	14	546	16	1020251039				677	Поле 546 не содержит кода подполя.
rsl03_z00.dat	001204936	1204966	1204965	1020249962	15	650	17	1020251061				677	Поле 650 не содержит кода подполя.
rsl03_z00.dat	001204936	1204966	1204965	1020249962	16	700	18	1020251097				677	Поле 700 не содержит кода подполя.
rsl03_z00.dat	001204936	1204966	1204965	1020249962	17	700	19	1020251129				677	Поле 700 не содержит кода подполя.
rsl03_z00.dat	001204936	1204966	1204965	1020249962	18	710	20	1020251159				677	Поле 710 не содержит кода подполя.
rsl03_z00.dat	001204936	1204966	1204965	1020249962	19	912	21	1020251230				677	Поле 912 не содержит кода подполя.
rsl03_z00.dat	001204936	1204966	1204965	1020249962	20	336	23	1020251302				677	Поле 336 не содержит кода подполя.
rsl03_z00.dat	001204936	1204966	1204965	1020249962	21	337	24	1020251332				677	Поле 337 не содержит кода подполя.
rsl03_z00.dat	001204937	1204967	1204966	1020251361	11	260	13	1020251962				678	Поле 260 не содержит кода подполя.
rsl03_z00.dat	001204937	1204967	1204966	1020251361	12	300	14	1020251995				678	Поле 300 не содержит кода подполя.
rsl03_z00.dat	001204937	1204967	1204966	1020251361	14	546	16	1020252490				678	Поле 546 не содержит кода подполя.
rsl03_z00.dat	001204937	1204967	1204966	1020251361	15	600	17	1020252511				678	Поле 600 не содержит кода подполя.
rsl03_z00.dat	001204937	1204967	1204966	1020251361	16	600	18	1020252546				678	Поле 600 не содержит кода подполя.
rsl03_z00.dat	001204937	1204967	1204966	1020251361	17	650	19	1020252580				678	Поле 650 не содержит кода подполя.
rsl03_z00.dat	001204937	1204967	1204966	1020251361	18	912	20	1020252647				678	Поле 912 не содержит кода подполя.
rsl03_z00.dat	001204937	1204967	1204966	1020251361	19	336	22	1020252719				678	Поле 336 не содержит кода подполя.
rsl03_z00.dat	001204937	1204967	1204966	1020251361	20	337	23	1020252749				678	Поле 337 не содержит кода подполя.
rsl03_z00.dat	001204938	1204968	1204967	1020252778	11	260	13	1020253208				679	Поле 260 не содержит кода подполя.
rsl03_z00.dat	001204938	1204968	1204967	1020252778	14	650	16	1020253628				679	Поле 650 не содержит кода подполя.
rsl03_z00.dat	001204938	1204968	1204967	1020252778	15	650	17	1020253667				679	Поле 650 не содержит кода подполя.
rsl03_z00.dat	001204938	1204968	1204967	1020252778	16	912	18	1020253711				679	Поле 912 не содержит кода подполя.
rsl03_z00.dat	001204938	1204968	1204967	1020252778	18	337	21	1020253812				679	Поле 337 не содержит кода подполя.
rsl03_z00.dat	001204939	1204969	1204968	1020253842	10	250	12	1020254495				680	Поле 250 не содержит кода подполя.
rsl03_z00.dat	001204939	1204969	1204968	1020253842	11	260	13	1020254521				680	Поле 260 не содержит кода подполя.
rsl03_z00.dat	001204939	1204969	1204968	1020253842	12	300	14	1020254555				680	Поле 300 не содержит кода подполя.
rsl03_z00.dat	001204939	1204969	1204968	1020253842	14	546	16	1020255090				680	Поле 546 не содержит кода подполя.
rsl03_z00.dat	001204939	1204969	1204968	1020253842	15	650	17	1020255113				680	Поле 650 не содержит кода подполя.
rsl03_z00.dat	001204939	1204969	1204968	1020253842	16	650	18	1020255149				680	Поле 650 не содержит кода подполя.
rsl03_z00.dat	001204939	1204969	1204968	1020253842	17	700	19	1020255258				680	Поле 700 не содержит кода подполя.
rsl03_z00.dat	001204939	1204969	1204968	1020253842	18	700	20	1020255290				680	Поле 700 не содержит кода подполя.
rsl03_z00.dat	001204939	1204969	1204968	1020253842	19	710	21	1020255321				680	Поле 710 не содержит кода подполя.
rsl03_z00.dat	001204939	1204969	1204968	1020253842	20	912	22	1020255392				680	Поле 912 не содержит кода подполя.
rsl03_z00.dat	001204939	1204969	1204968	1020253842	21	336	24	1020255464				680	Поле 336 не содержит кода подполя.
rsl03_z00.dat	001204939	1204969	1204968	1020253842	22	337	25	1020255494				680	Поле 337 не содержит кода подполя.
rsl03_z00.dat	001204940	1204970	1204969	1020255523	7	041	9	1020255789				681	Поле 041 не содержит кода подполя.
rsl03_z00.dat	001204940	1204970	1204969	1020255523	11	250	13	1020256117				681	Поле 250 не содержит кода подполя.
rsl03_z00.dat	001204940	1204970	1204969	1020255523	12	260	14	1020256144				681	Поле 260 не содержит кода подполя.
rsl03_z00.dat	001204940	1204970	1204969	1020255523	13	300	15	1020256178				681	Поле 300 не содержит кода подполя.
rsl03_z00.dat	001204940	1204970	1204969	1020255523	14	504	16	1020256203				681	Поле 504 не содержит кода подполя.
rsl03_z00.dat	001204940	1204970	1204969	1020255523	16	650	18	1020256896				681	Поле 650 не содержит кода подполя.
rsl03_z00.dat	001204940	1204970	1204969	1020255523	17	650	19	1020256932				681	Поле 650 не содержит кода подполя.
rsl03_z00.dat	001204940	1204970	1204969	1020255523	18	700	20	1020257020				681	Поле 700 не содержит кода подполя.
rsl03_z00.dat	001204940	1204970	1204969	1020255523	19	912	21	1020257050				681	Поле 912 не содержит кода подполя.
rsl03_z00.dat	001204940	1204970	1204969	1020255523	20	336	23	1020257122				681	Поле 336 не содержит кода подполя.
rsl03_z00.dat	001204940	1204970	1204969	1020255523	21	337	24	1020257152				681	Поле 337 не содержит кода подполя.
rsl03_z00.dat	001204941	1204971	1204970	1020257181	7	041	9	1020257448				682	Поле 041 не содержит кода подполя.
rsl03_z00.dat	001204941	1204971	1204970	1020257181	16	650	18	1020258662				682	Поле 650 не содержит кода подполя.
rsl03_z00.dat	001204941	1204971	1204970	1020257181	17	650	19	1020258718				682	Поле 650 не содержит кода подполя.
rsl03_z00.dat	001204941	1204971	1204970	1020257181	18	912	20	1020258776				682	Поле 912 не содержит кода подполя.
rsl03_z00.dat	001204942	1204972	1204971	1020258908	7	041	9	1020259175				683	Поле 041 не содержит кода подполя.
rsl03_z00.dat	001204942	1204972	1204971	1020258908	10	250	12	1020259261				683	Поле 250 не содержит кода подполя.
rsl03_z00.dat	001204942	1204972	1204971	1020258908	14	650	16	1020259983				683	Поле 650 не содержит кода подполя.
rsl03_z00.dat	001204942	1204972	1204971	1020258908	15	650	17	1020260016				683	Поле 650 не содержит кода подполя.
rsl03_z00.dat	001204942	1204972	1204971	1020258908	16	912	18	1020260047				683	Поле 912 не содержит кода подполя.
rsl03_z00.dat	001204943	1204973	1204972	1020260180	7	041	9	1020260447				684	Поле 041 не содержит кода подполя.
rsl03_z00.dat	001204943	1204973	1204972	1020260180	10	260	12	1020260612				684	Поле 260 не содержит кода подполя.
rsl03_z00.dat	001204943	1204973	1204972	1020260180	14	700	16	1020261313				684	Поле 700 не содержит кода подполя.
rsl03_z00.dat	001204943	1204973	1204972	1020260180	15	912	17	1020261357				684	Поле 912 не содержит кода подполя.
rsl03_z00.dat	001204943	1204973	1204972	1020260180	16	336	19	1020261428				684	Поле 336 не содержит кода подполя.
rsl03_z00.dat	001204944	1204974	1204973	1020261486	7	041	9	1020261754				685	Поле 041 не содержит кода подполя.
rsl03_z00.dat	001204944	1204974	1204973	1020261486	11	260	13	1020262007				685	Поле 260 не содержит кода подполя.
rsl03_z00.dat	001204944	1204974	1204973	1020261486	12	300	14	1020262042				685	Поле 300 не содержит кода подполя.
rsl03_z00.dat	001204944	1204974	1204973	1020261486	14	650	16	1020262752				685	Поле 650 не содержит кода подполя.
rsl03_z00.dat	001204944	1204974	1204973	1020261486	15	650	17	1020262799				685	Поле 650 не содержит кода подполя.
rsl03_z00.dat	001204944	1204974	1204973	1020261486	16	912	18	1020262837				685	Поле 912 не содержит кода подполя.
rsl03_z00.dat	001204944	1204974	1204973	1020261486	17	336	20	1020262908				685	Поле 336 не содержит кода подполя.
rsl03_z00.dat	001204944	1204974	1204973	1020261486	18	337	21	1020262938				685	Поле 337 не содержит кода подполя.
rsl03_z00.dat	001204945	1204975	1204974	1020262968	7	041	9	1020263235				686	Поле 041 не содержит кода подполя.
rsl03_z00.dat	001204945	1204975	1204974	1020262968	11	260	13	1020263455				686	Поле 260 не содержит кода подполя.
rsl03_z00.dat	001204945	1204975	1204974	1020262968	12	300	14	1020263500				686	Поле 300 не содержит кода подполя.
rsl03_z00.dat	001204945	1204975	1204974	1020262968	16	600	18	1020264385				686	Поле 600 не содержит кода подполя.
rsl03_z00.dat	001204945	1204975	1204974	1020262968	17	600	19	1020264425				686	Поле 600 не содержит кода подполя.
rsl03_z00.dat	001204945	1204975	1204974	1020262968	18	600	20	1020264469				686	Поле 600 не содержит кода подполя.
rsl03_z00.dat	001204945	1204975	1204974	1020262968	19	700	21	1020264506				686	Поле 700 не содержит кода подполя.
rsl03_z00.dat	001204945	1204975	1204974	1020262968	20	700	22	1020264542				686	Поле 700 не содержит кода подполя.
rsl03_z00.dat	001204945	1204975	1204974	1020262968	21	912	23	1020264588				686	Поле 912 не содержит кода подполя.
rsl03_z00.dat	001204945	1204975	1204974	1020262968	22	336	25	1020264660				686	Поле 336 не содержит кода подполя.
rsl03_z00.dat	001204945	1204975	1204974	1020262968	23	337	26	1020264690				686	Поле 337 не содержит кода подполя.
rsl03_z00.dat	001204946	1204976	1204975	1020264719	7	041	9	1020264985				687	Поле 041 не содержит кода подполя.
rsl03_z00.dat	001204946	1204976	1204975	1020264719	11	260	13	1020265180				687	Поле 260 не содержит кода подполя.
rsl03_z00.dat	001204946	1204976	1204975	1020264719	15	650	17	1020266433				687	Поле 650 не содержит кода подполя.
rsl03_z00.dat	001204946	1204976	1204975	1020264719	16	650	18	1020266477				687	Поле 650 не содержит кода подполя.
rsl03_z00.dat	001204946	1204976	1204975	1020264719	17	650	19	1020266533				687	Поле 650 не содержит кода подполя.
rsl03_z00.dat	001204946	1204976	1204975	1020264719	18	650	20	1020266597				687	Поле 650 не содержит кода подполя.
rsl03_z00.dat	001204946	1204976	1204975	1020264719	19	912	21	1020266652				687	Поле 912 не содержит кода подполя.
rsl03_z00.dat	001204946	1204976	1204975	1020264719	21	337	24	1020266752				687	Поле 337 не содержит кода подполя.
rsl03_z00.dat	001204947	1204977	1204976	1020266781	7	041	9	1020267049				688	Поле 041 не содержит кода подполя.
rsl03_z00.dat	001204947	1204977	1204976	1020266781	11	260	13	1020267209				688	Поле 260 не содержит кода подполя.
rsl03_z00.dat	001204947	1204977	1204976	1020266781	12	300	14	1020267245				688	Поле 300 не содержит кода подполя.
rsl03_z00.dat	001204947	1204977	1204976	1020266781	15	650	17	1020268303				688	Поле 650 не содержит кода подполя.
rsl03_z00.dat	001204947	1204977	1204976	1020266781	16	650	18	1020268345				688	Поле 650 не содержит кода подполя.
rsl03_z00.dat	001204947	1204977	1204976	1020266781	17	700	19	1020268403				688	Поле 700 не содержит кода подполя.
rsl03_z00.dat	001204947	1204977	1204976	1020266781	18	912	20	1020268433				688	Поле 912 не содержит кода подполя.
rsl03_z00.dat	001204947	1204977	1204976	1020266781	19	336	22	1020268505				688	Поле 336 не содержит кода подполя.
rsl03_z00.dat	001204948	1204978	1204977	1020268563	7	041	9	1020268829				689	Поле 041 не содержит кода подполя.
rsl03_z00.dat	001204948	1204978	1204977	1020268563	11	260	13	1020269281				689	Поле 260 не содержит кода подполя.
rsl03_z00.dat	001204948	1204978	1204977	1020268563	12	300	14	1020269315				689	Поле 300 не содержит кода подполя.
rsl03_z00.dat	001204948	1204978	1204977	1020268563	13	504	15	1020269341				689	Поле 504 не содержит кода подполя.
rsl03_z00.dat	001204948	1204978	1204977	1020268563	15	650	17	1020270337				689	Поле 650 не содержит кода подполя.
rsl03_z00.dat	001204948	1204978	1204977	1020268563	16	650	18	1020270380				689	Поле 650 не содержит кода подполя.
rsl03_z00.dat	001204948	1204978	1204977	1020268563	17	650	19	1020270422				689	Поле 650 не содержит кода подполя.
rsl03_z00.dat	001204948	1204978	1204977	1020268563	18	912	20	1020270472				689	Поле 912 не содержит кода подполя.
rsl03_z00.dat	001204948	1204978	1204977	1020268563	19	336	22	1020270544				689	Поле 336 не содержит кода подполя.
rsl03_z00.dat	001204949	1204979	1204978	1020270604	11	260	13	1020271321				690	Поле 260 не содержит кода подполя.
rsl03_z00.dat	001204949	1204979	1204978	1020270604	12	300	14	1020271355				690	Поле 300 не содержит кода подполя.
rsl03_z00.dat	001204949	1204979	1204978	1020270604	13	504	15	1020271390				690	Поле 504 не содержит кода подполя.
rsl03_z00.dat	001204949	1204979	1204978	1020270604	15	546	17	1020271948				690	Поле 546 не содержит кода подполя.
rsl03_z00.dat	001204949	1204979	1204978	1020270604	16	650	18	1020271971				690	Поле 650 не содержит кода подполя.
rsl03_z00.dat	001204949	1204979	1204978	1020270604	17	650	19	1020272007				690	Поле 650 не содержит кода подполя.
rsl03_z00.dat	001204949	1204979	1204978	1020270604	18	650	20	1020272094				690	Поле 650 не содержит кода подполя.
rsl03_z00.dat	001204949	1204979	1204978	1020270604	19	650	21	1020272215				690	Поле 650 не содержит кода подполя.
rsl03_z00.dat	001204949	1204979	1204978	1020270604	20	912	22	1020272315				690	Поле 912 не содержит кода подполя.
rsl03_z00.dat	001204949	1204979	1204978	1020270604	21	336	24	1020272387				690	Поле 336 не содержит кода подполя.
rsl03_z00.dat	001204950	1204980	1204979	1020272447	7	041	9	1020272713				691	Поле 041 не содержит кода подполя.
rsl03_z00.dat	001204950	1204980	1204979	1020272447	11	250	13	1020273046				691	Поле 250 не содержит кода подполя.
rsl03_z00.dat	001204950	1204980	1204979	1020272447	12	260	14	1020273073				691	Поле 260 не содержит кода подполя.
rsl03_z00.dat	001204950	1204980	1204979	1020272447	13	300	15	1020273107				691	Поле 300 не содержит кода подполя.
rsl03_z00.dat	001204950	1204980	1204979	1020272447	15	650	17	1020273407				691	Поле 650 не содержит кода подполя.
rsl03_z00.dat	001204950	1204980	1204979	1020272447	16	700	18	1020273467				691	Поле 700 не содержит кода подполя.
rsl03_z00.dat	001204950	1204980	1204979	1020272447	17	912	19	1020273506				691	Поле 912 не содержит кода подполя.
rsl03_z00.dat	001204950	1204980	1204979	1020272447	18	336	21	1020273577				691	Поле 336 не содержит кода подполя.
rsl03_z00.dat	001204950	1204980	1204979	1020272447	19	337	22	1020273607				691	Поле 337 не содержит кода подполя.
rsl03_z00.dat	001204951	1204981	1204980	1020273636	7	041	9	1020273902				692	Поле 041 не содержит кода подполя.
rsl03_z00.dat	001204951	1204981	1204980	1020273636	11	260	13	1020274360				692	Поле 260 не содержит кода подполя.
rsl03_z00.dat	001204951	1204981	1204980	1020273636	12	300	14	1020274394				692	Поле 300 не содержит кода подполя.
rsl03_z00.dat	001204951	1204981	1204980	1020273636	13	504	15	1020274425				692	Поле 504 не содержит кода подполя.
rsl03_z00.dat	001204951	1204981	1204980	1020273636	15	650	17	1020275514				692	Поле 650 не содержит кода подполя.
rsl03_z00.dat	001204951	1204981	1204980	1020273636	16	700	18	1020275573				692	Поле 700 не содержит кода подполя.
rsl03_z00.dat	001204951	1204981	1204980	1020273636	17	912	19	1020275615				692	Поле 912 не содержит кода подполя.
rsl03_z00.dat	001204951	1204981	1204980	1020273636	19	337	22	1020275718				692	Поле 337 не содержит кода подполя.
rsl03_z00.dat	001204952	1204982	1204981	1020275747	11	260	13	1020276579				693	Поле 260 не содержит кода подполя.
rsl03_z00.dat	001204952	1204982	1204981	1020275747	12	300	14	1020276612				693	Поле 300 не содержит кода подполя.
rsl03_z00.dat	001204952	1204982	1204981	1020275747	14	546	16	1020277102				693	Поле 546 не содержит кода подполя.
rsl03_z00.dat	001204952	1204982	1204981	1020275747	16	650	18	1020277157				693	Поле 650 не содержит кода подполя.
rsl03_z00.dat	001204952	1204982	1204981	1020275747	17	650	19	1020277237				693	Поле 650 не содержит кода подполя.
rsl03_z00.dat	001204952	1204982	1204981	1020275747	18	700	20	1020277325				693	Поле 700 не содержит кода подполя.
rsl03_z00.dat	001204952	1204982	1204981	1020275747	19	912	21	1020277358				693	Поле 912 не содержит кода подполя.
rsl03_z00.dat	001204952	1204982	1204981	1020275747	20	336	23	1020277429				693	Поле 336 не содержит кода подполя.
rsl03_z00.dat	001204952	1204982	1204981	1020275747	21	337	24	1020277459				693	Поле 337 не содержит кода подполя.
rsl03_z00.dat	001204953	1204983	1204982	1020277488	12	300	14	1020278124				694	Поле 300 не содержит кода подполя.
rsl03_z00.dat	001204953	1204983	1204982	1020277488	13	490	15	1020278158				694	Поле 490 не содержит кода подполя.
rsl03_z00.dat	001204953	1204983	1204982	1020277488	14	500	16	1020278180				694	Поле 500 не содержит кода подполя.
rsl03_z00.dat	001204953	1204983	1204982	1020277488	16	650	18	1020278828				694	Поле 650 не содержит кода подполя.
rsl03_z00.dat	001204953	1204983	1204982	1020277488	17	650	19	1020278866				694	Поле 650 не содержит кода подполя.
rsl03_z00.dat	001204953	1204983	1204982	1020277488	18	700	20	1020278928				694	Поле 700 не содержит кода подполя.
rsl03_z00.dat	001204953	1204983	1204982	1020277488	19	700	21	1020278960				694	Поле 700 не содержит кода подполя.
rsl03_z00.dat	001204953	1204983	1204982	1020277488	20	700	22	1020278993				694	Поле 700 не содержит кода подполя.
rsl03_z00.dat	001204953	1204983	1204982	1020277488	21	912	23	1020279030				694	Поле 912 не содержит кода подполя.
rsl03_z00.dat	001204953	1204983	1204982	1020277488	22	336	25	1020279102				694	Поле 336 не содержит кода подполя.
rsl03_z00.dat	001204953	1204983	1204982	1020277488	23	337	26	1020279132				694	Поле 337 не содержит кода подполя.
rsl03_z00.dat	001204954	1204984	1204983	1020279161	7	041	9	1020279427				695	Поле 041 не содержит кода подполя.
rsl03_z00.dat	001204954	1204984	1204983	1020279161	11	300	13	1020279658				695	Поле 300 не содержит кода подполя.
rsl03_z00.dat	001204954	1204984	1204983	1020279161	14	650	16	1020280640				695	Поле 650 не содержит кода подполя.
rsl03_z00.dat	001204954	1204984	1204983	1020279161	15	650	17	1020280733				695	Поле 650 не содержит кода подполя.
rsl03_z00.dat	001204954	1204984	1204983	1020279161	16	650	18	1020280825				695	Поле 650 не содержит кода подполя.
rsl03_z00.dat	001204954	1204984	1204983	1020279161	17	700	19	1020280885				695	Поле 700 не содержит кода подполя.
rsl03_z00.dat	001204954	1204984	1204983	1020279161	18	700	20	1020280932				695	Поле 700 не содержит кода подполя.
rsl03_z00.dat	001204954	1204984	1204983	1020279161	19	700	21	1020280976				695	Поле 700 не содержит кода подполя.
rsl03_z00.dat	001204954	1204984	1204983	1020279161	20	700	22	1020281026				695	Поле 700 не содержит кода подполя.
rsl03_z00.dat	001204954	1204984	1204983	1020279161	21	912	23	1020281069				695	Поле 912 не содержит кода подполя.
rsl03_z00.dat	001204954	1204984	1204983	1020279161	22	336	25	1020281141				695	Поле 336 не содержит кода подполя.
rsl03_z00.dat	001204954	1204984	1204983	1020279161	23	337	26	1020281171				695	Поле 337 не содержит кода подполя.
rsl03_z00.dat	001204955	1204985	1204984	1020281200	7	041	9	1020281467				696	Поле 041 не содержит кода подполя.
rsl03_z00.dat	001204955	1204985	1204984	1020281200	11	260	13	1020281673				696	Поле 260 не содержит кода подполя.
rsl03_z00.dat	001204955	1204985	1204984	1020281200	12	300	14	1020281706				696	Поле 300 не содержит кода подполя.
rsl03_z00.dat	001204955	1204985	1204984	1020281200	15	650	17	1020282607				696	Поле 650 не содержит кода подполя.
rsl03_z00.dat	001204955	1204985	1204984	1020281200	16	912	18	1020282656				696	Поле 912 не содержит кода подполя.
rsl03_z00.dat	001204955	1204985	1204984	1020281200	17	336	20	1020282728				696	Поле 336 не содержит кода подполя.
rsl03_z00.dat	001204955	1204985	1204984	1020281200	18	337	21	1020282758				696	Поле 337 не содержит кода подполя.
rsl03_z00.dat	001204956	1204986	1204985	1020282787	7	041	9	1020283054				697	Поле 041 не содержит кода подполя.
rsl03_z00.dat	001204956	1204986	1204985	1020282787	10	260	12	1020283202				697	Поле 260 не содержит кода подполя.
rsl03_z00.dat	001204956	1204986	1204985	1020282787	11	300	13	1020283237				697	Поле 300 не содержит кода подполя.
rsl03_z00.dat	001204956	1204986	1204985	1020282787	14	650	16	1020283800				697	Поле 650 не содержит кода подполя.
rsl03_z00.dat	001204956	1204986	1204985	1020282787	15	650	17	1020283860				697	Поле 650 не содержит кода подполя.
rsl03_z00.dat	001204956	1204986	1204985	1020282787	16	912	18	1020283898				697	Поле 912 не содержит кода подполя.
rsl03_z00.dat	001204957	1204987	1204986	1020284029	9	260	11	1020284638				698	Поле 260 не содержит кода подполя.
rsl03_z00.dat	001204957	1204987	1204986	1020284029	10	500	12	1020284688				698	Поле 500 не содержит кода подполя.
rsl03_z00.dat	001204957	1204987	1204986	1020284029	11	546	13	1020284731				698	Поле 546 не содержит кода подполя.
rsl03_z00.dat	001204957	1204987	1204986	1020284029	12	650	14	1020284753				698	Поле 650 не содержит кода подполя.
rsl03_z00.dat	001204957	1204987	1204986	1020284029	13	650	15	1020284799				698	Поле 650 не содержит кода подполя.
rsl03_z00.dat	001204957	1204987	1204986	1020284029	15	700	17	1020284945				698	Поле 700 не содержит кода подполя.
rsl03_z00.dat	001204957	1204987	1204986	1020284029	17	700	19	1020285033				698	Поле 700 не содержит кода подполя.
rsl03_z00.dat	001204957	1204987	1204986	1020284029	20	336	23	1020285193				698	Поле 336 не содержит кода подполя.
rsl03_z00.dat	001204957	1204987	1204986	1020284029	21	337	24	1020285223				698	Поле 337 не содержит кода подполя.
rsl03_z00.dat	001204958	1204988	1204987	1020285252	7	041	9	1020285519				699	Поле 041 не содержит кода подполя.
rsl03_z00.dat	001204958	1204988	1204987	1020285252	9	245	11	1020285569				699	Поле 245 не содержит кода подполя.
rsl03_z00.dat	001204958	1204988	1204987	1020285252	13	650	15	1020286541				699	Поле 650 не содержит кода подполя.
rsl03_z00.dat	001204958	1204988	1204987	1020285252	14	650	16	1020286587				699	Поле 650 не содержит кода подполя.
rsl03_z00.dat	001204958	1204988	1204987	1020285252	15	650	17	1020286649				699	Поле 650 не содержит кода подполя.
rsl03_z00.dat	001204958	1204988	1204987	1020285252	16	700	18	1020286734				699	Поле 700 не содержит кода подполя.
rsl03_z00.dat	001204958	1204988	1204987	1020285252	17	700	19	1020286779				699	Поле 700 не содержит кода подполя.
rsl03_z00.dat	001204958	1204988	1204987	1020285252	18	700	20	1020286826				699	Поле 700 не содержит кода подполя.
rsl03_z00.dat	001204958	1204988	1204987	1020285252	19	710	21	1020286871				699	Поле 710 не содержит кода подполя.
rsl03_z00.dat	001204958	1204988	1204987	1020285252	20	773	22	1020286917				699	Поле 773 не содержит кода подполя.
rsl03_z00.dat	001204958	1204988	1204987	1020285252	21	912	23	1020287020				699	Поле 912 не содержит кода подполя.
rsl03_z00.dat	001204958	1204988	1204987	1020285252	23	337	26	1020287122				699	Поле 337 не содержит кода подполя.
rsl03_z00.dat	001204959	1204989	1204988	1020287150	10	300	12	1020287558				700	Поле 300 не содержит кода подполя.
rsl03_z00.dat	001204960	1204990	1204989	1020287891	10	260	12	1020288576				701	Поле 260 не содержит кода подполя.
rsl03_z00.dat	001204960	1204990	1204989	1020287891	11	300	13	1020288632				701	Поле 300 не содержит кода подполя.
rsl03_z00.dat	001204960	1204990	1204989	1020287891	12	500	14	1020288649				701	Поле 500 не содержит кода подполя.
rsl03_z00.dat	001204960	1204990	1204989	1020287891	13	600	15	1020288735				701	Поле 600 не содержит кода подполя.
rsl03_z00.dat	001204960	1204990	1204989	1020287891	14	650	16	1020288782				701	Поле 650 не содержит кода подполя.
rsl03_z00.dat	001204960	1204990	1204989	1020287891	15	700	17	1020288812				701	Поле 700 не содержит кода подполя.
rsl03_z00.dat	001204960	1204990	1204989	1020287891	18	912	20	1020289081				701	Поле 912 не содержит кода подполя.
rsl03_z00.dat	001204960	1204990	1204989	1020287891	19	336	22	1020289153				701	Поле 336 не содержит кода подполя.
rsl03_z00.dat	001204960	1204990	1204989	1020287891	20	337	23	1020289183				701	Поле 337 не содержит кода подполя.
rsl03_z00.dat	001204961	1204991	1204990	1020289212	7	041	9	1020289479				702	Поле 041 не содержит кода подполя.
rsl03_z00.dat	001204961	1204991	1204990	1020289212	9	245	11	1020289518				702	Поле 245 не содержит кода подполя.
rsl03_z00.dat	001204961	1204991	1204990	1020289212	13	600	15	1020290465				702	Поле 600 не содержит кода подполя.
rsl03_z00.dat	001204961	1204991	1204990	1020289212	14	650	16	1020290512				702	Поле 650 не содержит кода подполя.
rsl03_z00.dat	001204961	1204991	1204990	1020289212	15	700	17	1020290542				702	Поле 700 не содержит кода подполя.
rsl03_z00.dat	001204961	1204991	1204990	1020289212	16	710	18	1020290584				702	Поле 710 не содержит кода подполя.
rsl03_z00.dat	001204961	1204991	1204990	1020289212	17	711	19	1020290683				702	Поле 711 не содержит кода подполя.
rsl03_z00.dat	001204961	1204991	1204990	1020289212	18	773	20	1020290810				702	Поле 773 не содержит кода подполя.
rsl03_z00.dat	001204961	1204991	1204990	1020289212	19	912	21	1020290873				702	Поле 912 не содержит кода подполя.
rsl03_z00.dat	001204961	1204991	1204990	1020289212	21	337	24	1020290975				702	Поле 337 не содержит кода подполя.
rsl03_z00.dat	001204962	1204992	1204991	1020291004	7	041	9	1020291270				703	Поле 041 не содержит кода подполя.
rsl03_z00.dat	001204962	1204992	1204991	1020291004	12	300	14	1020291664				703	Поле 300 не содержит кода подполя.
rsl03_z00.dat	001204962	1204992	1204991	1020291004	13	504	15	1020291695				703	Поле 504 не содержит кода подполя.
rsl03_z00.dat	001204962	1204992	1204991	1020291004	15	650	17	1020292377				703	Поле 650 не содержит кода подполя.
rsl03_z00.dat	001204962	1204992	1204991	1020291004	16	650	18	1020292424				703	Поле 650 не содержит кода подполя.
rsl03_z00.dat	001204962	1204992	1204991	1020291004	17	650	19	1020292500				703	Поле 650 не содержит кода подполя.
rsl03_z00.dat	001204962	1204992	1204991	1020291004	18	650	20	1020292546				703	Поле 650 не содержит кода подполя.
rsl03_z00.dat	001204962	1204992	1204991	1020291004	19	912	21	1020292607				703	Поле 912 не содержит кода подполя.
rsl03_z00.dat	001204962	1204992	1204991	1020291004	20	336	23	1020292679				703	Поле 336 не содержит кода подполя.
rsl03_z00.dat	001204962	1204992	1204991	1020291004	21	337	24	1020292709				703	Поле 337 не содержит кода подполя.
rsl03_z00.dat	001204963	1204993	1204992	1020292738	7	041	9	1020293004				704	Поле 041 не содержит кода подполя.
rsl03_z00.dat	001204963	1204993	1204992	1020292738	11	260	13	1020293391				704	Поле 260 не содержит кода подполя.
rsl03_z00.dat	001204963	1204993	1204992	1020292738	12	300	14	1020293435				704	Поле 300 не содержит кода подполя.
rsl03_z00.dat	001204963	1204993	1204992	1020292738	13	500	15	1020293466				704	Поле 500 не содержит кода подполя.
rsl03_z00.dat	001204963	1204993	1204992	1020292738	14	504	16	1020293534				704	Поле 504 не содержит кода подполя.
rsl03_z00.dat	001204963	1204993	1204992	1020292738	16	650	18	1020294195				704	Поле 650 не содержит кода подполя.
rsl03_z00.dat	001204963	1204993	1204992	1020292738	17	650	19	1020294258				704	Поле 650 не содержит кода подполя.
rsl03_z00.dat	001204963	1204993	1204992	1020292738	18	650	20	1020294315				704	Поле 650 не содержит кода подполя.
rsl03_z00.dat	001204963	1204993	1204992	1020292738	19	700	21	1020294347				704	Поле 700 не содержит кода подполя.
rsl03_z00.dat	001204963	1204993	1204992	1020292738	20	700	22	1020294390				704	Поле 700 не содержит кода подполя.
rsl03_z00.dat	001204963	1204993	1204992	1020292738	21	912	23	1020294444				704	Поле 912 не содержит кода подполя.
rsl03_z00.dat	001204963	1204993	1204992	1020292738	22	336	25	1020294516				704	Поле 336 не содержит кода подполя.
rsl03_z00.dat	001204963	1204993	1204992	1020292738	23	337	26	1020294545				704	Поле 337 не содержит кода подполя.
rsl03_z00.dat	001204964	1204994	1204993	1020294574	7	041	9	1020294840				705	Поле 041 не содержит кода подполя.
rsl03_z00.dat	001204964	1204994	1204993	1020294574	10	260	12	1020295345				705	Поле 260 не содержит кода подполя.
rsl03_z00.dat	001204964	1204994	1204993	1020294574	11	300	13	1020295389				705	Поле 300 не содержит кода подполя.
rsl03_z00.dat	001204964	1204994	1204993	1020294574	13	504	15	1020296471				705	Поле 504 не содержит кода подполя.
rsl03_z00.dat	001204964	1204994	1204993	1020294574	14	520	16	1020296512				705	Поле 520 не содержит кода подполя.
rsl03_z00.dat	001204964	1204994	1204993	1020294574	15	650	17	1020296968				705	Поле 650 не содержит кода подполя.
rsl03_z00.dat	001204964	1204994	1204993	1020294574	16	700	18	1020297025				705	Поле 700 не содержит кода подполя.
rsl03_z00.dat	001204964	1204994	1204993	1020294574	17	710	19	1020297068				705	Поле 710 не содержит кода подполя.
rsl03_z00.dat	001204964	1204994	1204993	1020294574	18	912	20	1020297109				705	Поле 912 не содержит кода подполя.
rsl03_z00.dat	001204964	1204994	1204993	1020294574	19	336	22	1020297181				705	Поле 336 не содержит кода подполя.
rsl03_z00.dat	001204964	1204994	1204993	1020294574	20	337	23	1020297211				705	Поле 337 не содержит кода подполя.
rsl03_z00.dat	001204965	1204995	1204994	1020297240	7	041	9	1020297506				706	Поле 041 не содержит кода подполя.
rsl03_z00.dat	001204965	1204995	1204994	1020297240	11	260	13	1020297937				706	Поле 260 не содержит кода подполя.
rsl03_z00.dat	001204965	1204995	1204994	1020297240	12	300	14	1020297990				706	Поле 300 не содержит кода подполя.
rsl03_z00.dat	001204965	1204995	1204994	1020297240	14	650	16	1020299133				706	Поле 650 не содержит кода подполя.
rsl03_z00.dat	001204965	1204995	1204994	1020297240	15	912	17	1020299243				706	Поле 912 не содержит кода подполя.
rsl03_z00.dat	001204965	1204995	1204994	1020297240	16	336	19	1020299315				706	Поле 336 не содержит кода подполя.
rsl03_z00.dat	001204965	1204995	1204994	1020297240	17	337	20	1020299345				706	Поле 337 не содержит кода подполя.
rsl03_z00.dat	001204966	1204996	1204995	1020299374	7	041	9	1020299641				707	Поле 041 не содержит кода подполя.
rsl03_z00.dat	001204966	1204996	1204995	1020299374	11	260	13	1020299857				707	Поле 260 не содержит кода подполя.
rsl03_z00.dat	001204966	1204996	1204995	1020299374	15	600	17	1020300503				707	Поле 600 не содержит кода подполя.
rsl03_z00.dat	001204966	1204996	1204995	1020299374	16	650	18	1020300548				707	Поле 650 не содержит кода подполя.
rsl03_z00.dat	001204966	1204996	1204995	1020299374	17	650	19	1020300600				707	Поле 650 не содержит кода подполя.
rsl03_z00.dat	001204966	1204996	1204995	1020299374	18	700	20	1020300659				707	Поле 700 не содержит кода подполя.
rsl03_z00.dat	001204966	1204996	1204995	1020299374	19	912	21	1020300691				707	Поле 912 не содержит кода подполя.
rsl03_z00.dat	001204966	1204996	1204995	1020299374	20	336	23	1020300763				707	Поле 336 не содержит кода подполя.
rsl03_z00.dat	001204966	1204996	1204995	1020299374	21	337	24	1020300793				707	Поле 337 не содержит кода подполя.
rsl03_z00.dat	001204967	1204997	1204996	1020300822	7	041	9	1020301089				708	Поле 041 не содержит кода подполя.
rsl03_z00.dat	001204967	1204997	1204996	1020300822	11	250	13	1020301290				708	Поле 250 не содержит кода подполя.
rsl03_z00.dat	001204967	1204997	1204996	1020300822	12	260	14	1020301317				708	Поле 260 не содержит кода подполя.
rsl03_z00.dat	001204967	1204997	1204996	1020300822	13	300	15	1020301356				708	Поле 300 не содержит кода подполя.
rsl03_z00.dat	001204967	1204997	1204996	1020300822	15	650	17	1020301909				708	Поле 650 не содержит кода подполя.
rsl03_z00.dat	001204967	1204997	1204996	1020300822	16	700	18	1020301936				708	Поле 700 не содержит кода подполя.
rsl03_z00.dat	001204967	1204997	1204996	1020300822	17	700	19	1020301980				708	Поле 700 не содержит кода подполя.
rsl03_z00.dat	001204967	1204997	1204996	1020300822	18	700	20	1020302027				708	Поле 700 не содержит кода подполя.
rsl03_z00.dat	001204967	1204997	1204996	1020300822	19	700	21	1020302069				708	Поле 700 не содержит кода подполя.
rsl03_z00.dat	001204967	1204997	1204996	1020300822	20	912	22	1020302112				708	Поле 912 не содержит кода подполя.
rsl03_z00.dat	001204968	1204998	1204997	1020302241	11	260	13	1020302689				709	Поле 260 не содержит кода подполя.
rsl03_z00.dat	001204968	1204998	1204997	1020302241	16	650	18	1020303853				709	Поле 650 не содержит кода подполя.
rsl03_z00.dat	001204968	1204998	1204997	1020302241	17	912	19	1020303914				709	Поле 912 не содержит кода подполя.
rsl03_z00.dat	001204968	1204998	1204997	1020302241	18	336	21	1020303986				709	Поле 336 не содержит кода подполя.
rsl03_z00.dat	001204969	1204999	1204998	1020304047	7	041	9	1020304314				710	Поле 041 не содержит кода подполя.
rsl03_z00.dat	001204969	1204999	1204998	1020304047	12	260	14	1020304541				710	Поле 260 не содержит кода подполя.
rsl03_z00.dat	001204969	1204999	1204998	1020304047	13	300	15	1020304574				710	Поле 300 не содержит кода подполя.
rsl03_z00.dat	001204969	1204999	1204998	1020304047	17	650	19	1020305240				710	Поле 650 не содержит кода подполя.
rsl03_z00.dat	001204969	1204999	1204998	1020304047	18	700	20	1020305323				710	Поле 700 не содержит кода подполя.
rsl03_z00.dat	001204969	1204999	1204998	1020304047	19	912	21	1020305366				710	Поле 912 не содержит кода подполя.
rsl03_z00.dat	001204969	1204999	1204998	1020304047	21	337	24	1020305468				710	Поле 337 не содержит кода подполя.
rsl03_z00.dat	001204970	1205000	1204999	1020305496	12	250	14	1020306027				711	Поле 250 не содержит кода подполя.
rsl03_z00.dat	001204970	1205000	1204999	1020305496	13	260	15	1020306054				711	Поле 260 не содержит кода подполя.
rsl03_z00.dat	001204970	1205000	1204999	1020305496	14	300	16	1020306096				711	Поле 300 не содержит кода подполя.
rsl03_z00.dat	001204970	1205000	1204999	1020305496	19	912	21	1020306349				711	Поле 912 не содержит кода подполя.
rsl03_z00.dat	001204970	1205000	1204999	1020305496	21	337	24	1020306452				711	Поле 337 не содержит кода подполя.
rsl03_z00.dat	001204971	1205001	1205000	1020306480	7	041	9	1020306748				712	Поле 041 не содержит кода подполя.
rsl03_z00.dat	001204971	1205001	1205000	1020306480	10	245	12	1020306827				712	Поле 245 не содержит кода подполя.
rsl03_z00.dat	001204971	1205001	1205000	1020306480	14	650	16	1020307287				712	Поле 650 не содержит кода подполя.
rsl03_z00.dat	001204971	1205001	1205000	1020306480	15	700	17	1020307369				712	Поле 700 не содержит кода подполя.
rsl03_z00.dat	001204971	1205001	1205000	1020306480	16	773	18	1020307414				712	Поле 773 не содержит кода подполя.
rsl03_z00.dat	001204971	1205001	1205000	1020306480	17	912	19	1020307480				712	Поле 912 не содержит кода подполя.
rsl03_z00.dat	001204971	1205001	1205000	1020306480	19	337	22	1020307581				712	Поле 337 не содержит кода подполя.
rsl03_z00.dat	001204972	1205002	1205001	1020307609	7	041	9	1020307876				713	Поле 041 не содержит кода подполя.
rsl03_z00.dat	001204972	1205002	1205001	1020307609	12	260	14	1020308103				713	Поле 260 не содержит кода подполя.
rsl03_z00.dat	001204972	1205002	1205001	1020307609	13	300	15	1020308136				713	Поле 300 не содержит кода подполя.
rsl03_z00.dat	001204972	1205002	1205001	1020307609	17	650	19	1020308802				713	Поле 650 не содержит кода подполя.
rsl03_z00.dat	001204972	1205002	1205001	1020307609	18	700	20	1020308885				713	Поле 700 не содержит кода подполя.
rsl03_z00.dat	001204972	1205002	1205001	1020307609	19	912	21	1020308928				713	Поле 912 не содержит кода подполя.
rsl03_z00.dat	001204972	1205002	1205001	1020307609	21	337	24	1020309030				713	Поле 337 не содержит кода подполя.
rsl03_z00.dat	001204973	1205003	1205002	1020309058	7	041	9	1020309325				714	Поле 041 не содержит кода подполя.
rsl03_z00.dat	001204973	1205003	1205002	1020309058	12	250	14	1020309533				714	Поле 250 не содержит кода подполя.
rsl03_z00.dat	001204973	1205003	1205002	1020309058	13	260	15	1020309560				714	Поле 260 не содержит кода подполя.
rsl03_z00.dat	001204973	1205003	1205002	1020309058	16	490	18	1020309664				714	Поле 490 не содержит кода подполя.
rsl03_z00.dat	001204973	1205003	1205002	1020309058	18	650	20	1020310088				714	Поле 650 не содержит кода подполя.
rsl03_z00.dat	001204973	1205003	1205002	1020309058	19	912	21	1020310170				714	Поле 912 не содержит кода подполя.
rsl03_z00.dat	001204973	1205003	1205002	1020309058	21	337	24	1020310271				714	Поле 337 не содержит кода подполя.
rsl03_z00.dat	001204974	1205004	1205003	1020310299	7	041	9	1020310566				715	Поле 041 не содержит кода подполя.
rsl03_z00.dat	001204974	1205004	1205003	1020310299	12	260	14	1020310747				715	Поле 260 не содержит кода подполя.
rsl03_z00.dat	001204974	1205004	1205003	1020310299	18	650	20	1020311494				715	Поле 650 не содержит кода подполя.
rsl03_z00.dat	001204974	1205004	1205003	1020310299	19	912	21	1020311533				715	Поле 912 не содержит кода подполя.
rsl03_z00.dat	001204975	1205005	1205004	1020311664	12	260	14	1020312183				716	Поле 260 не содержит кода подполя.
rsl03_z00.dat	001204975	1205005	1205004	1020311664	13	300	15	1020312220				716	Поле 300 не содержит кода подполя.
rsl03_z00.dat	001204975	1205005	1205004	1020311664	17	650	19	1020313422				716	Поле 650 не содержит кода подполя.
rsl03_z00.dat	001204975	1205005	1205004	1020311664	18	650	20	1020313510				716	Поле 650 не содержит кода подполя.
rsl03_z00.dat	001204975	1205005	1205004	1020311664	19	912	21	1020313575				716	Поле 912 не содержит кода подполя.
rsl03_z00.dat	001204975	1205005	1205004	1020311664	20	336	23	1020313646				716	Поле 336 не содержит кода подполя.
rsl03_z00.dat	001204976	1205006	1205005	1020313706	7	041	9	1020313973				717	Поле 041 не содержит кода подполя.
rsl03_z00.dat	001204976	1205006	1205005	1020313706	12	250	14	1020314165				717	Поле 250 не содержит кода подполя.
rsl03_z00.dat	001204976	1205006	1205005	1020313706	13	260	15	1020314191				717	Поле 260 не содержит кода подполя.
rsl03_z00.dat	001204976	1205006	1205005	1020313706	14	300	16	1020314234				717	Поле 300 не содержит кода подполя.
rsl03_z00.dat	001204976	1205006	1205005	1020313706	18	650	20	1020315366				717	Поле 650 не содержит кода подполя.
rsl03_z00.dat	001204976	1205006	1205005	1020313706	19	912	21	1020315397				717	Поле 912 не содержит кода подполя.
rsl03_z00.dat	001204977	1205007	1205006	1020315525	7	041	9	1020315792				718	Поле 041 не содержит кода подполя.
rsl03_z00.dat	001204977	1205007	1205006	1020315525	11	260	13	1020315971				718	Поле 260 не содержит кода подполя.
rsl03_z00.dat	001204977	1205007	1205006	1020315525	12	300	14	1020316005				718	Поле 300 не содержит кода подполя.
rsl03_z00.dat	001204977	1205007	1205006	1020315525	16	650	18	1020316570				718	Поле 650 не содержит кода подполя.
rsl03_z00.dat	001204977	1205007	1205006	1020315525	17	700	19	1020316631				718	Поле 700 не содержит кода подполя.
rsl03_z00.dat	001204977	1205007	1205006	1020315525	18	700	20	1020316659				718	Поле 700 не содержит кода подполя.
rsl03_z00.dat	001204977	1205007	1205006	1020315525	19	912	21	1020316692				718	Поле 912 не содержит кода подполя.
rsl03_z00.dat	001204977	1205007	1205006	1020315525	20	336	23	1020316764				718	Поле 336 не содержит кода подполя.
rsl03_z00.dat	001204978	1205008	1205007	1020316822	7	041	9	1020317089				719	Поле 041 не содержит кода подполя.
rsl03_z00.dat	001204978	1205008	1205007	1020316822	11	260	13	1020317300				719	Поле 260 не содержит кода подполя.
rsl03_z00.dat	001204978	1205008	1205007	1020316822	15	650	17	1020317849				719	Поле 650 не содержит кода подполя.
rsl03_z00.dat	001204978	1205008	1205007	1020316822	16	700	18	1020317892				719	Поле 700 не содержит кода подполя.
rsl03_z00.dat	001204978	1205008	1205007	1020316822	17	912	19	1020317937				719	Поле 912 не содержит кода подполя.
rsl03_z00.dat	001204978	1205008	1205007	1020316822	18	336	21	1020318009				719	Поле 336 не содержит кода подполя.
rsl03_z00.dat	001204978	1205008	1205007	1020316822	19	337	22	1020318038				719	Поле 337 не содержит кода подполя.
rsl03_z00.dat	001204979	1205009	1205008	1020318067	7	041	9	1020318334				720	Поле 041 не содержит кода подполя.
rsl03_z00.dat	001204979	1205009	1205008	1020318067	12	300	14	1020318621				720	Поле 300 не содержит кода подполя.
rsl03_z00.dat	001204979	1205009	1205008	1020318067	13	490	15	1020318657				720	Поле 490 не содержит кода подполя.
rsl03_z00.dat	001204979	1205009	1205008	1020318067	15	650	17	1020319075				720	Поле 650 не содержит кода подполя.
rsl03_z00.dat	001204979	1205009	1205008	1020318067	16	650	18	1020319120				720	Поле 650 не содержит кода подполя.
rsl03_z00.dat	001204979	1205009	1205008	1020318067	17	700	19	1020319178				720	Поле 700 не содержит кода подполя.
rsl03_z00.dat	001204979	1205009	1205008	1020318067	18	700	20	1020319218				720	Поле 700 не содержит кода подполя.
rsl03_z00.dat	001204979	1205009	1205008	1020318067	19	912	21	1020319251				720	Поле 912 не содержит кода подполя.
rsl03_z00.dat	001204979	1205009	1205008	1020318067	20	336	23	1020319323				720	Поле 336 не содержит кода подполя.
rsl03_z00.dat	001204979	1205009	1205008	1020318067	21	337	24	1020319353				720	Поле 337 не содержит кода подполя.
rsl03_z00.dat	001204980	1205010	1205009	1020319382	7	041	9	1020319650				721	Поле 041 не содержит кода подполя.
rsl03_z00.dat	001204980	1205010	1205009	1020319382	11	260	13	1020319808				721	Поле 260 не содержит кода подполя.
rsl03_z00.dat	001204980	1205010	1205009	1020319382	15	650	17	1020320185				721	Поле 650 не содержит кода подполя.
rsl03_z00.dat	001204980	1205010	1205009	1020319382	16	912	18	1020320246				721	Поле 912 не содержит кода подполя.
rsl03_z00.dat	001204980	1205010	1205009	1020319382	17	336	20	1020320318				721	Поле 336 не содержит кода подполя.
rsl03_z00.dat	001204981	1205011	1205010	1020320376	7	041	9	1020320642				722	Поле 041 не содержит кода подполя.
rsl03_z00.dat	001204981	1205011	1205010	1020320376	15	650	17	1020321502				722	Поле 650 не содержит кода подполя.
rsl03_z00.dat	001204981	1205011	1205010	1020320376	16	700	18	1020321535				722	Поле 700 не содержит кода подполя.
rsl03_z00.dat	001204981	1205011	1205010	1020320376	17	912	19	1020321579				722	Поле 912 не содержит кода подполя.
rsl03_z00.dat	001204981	1205011	1205010	1020320376	18	336	21	1020321650				722	Поле 336 не содержит кода подполя.
rsl03_z00.dat	001204981	1205011	1205010	1020320376	19	337	22	1020321679				722	Поле 337 не содержит кода подполя.
rsl03_z00.dat	001204982	1205012	1205011	1020321708	14	650	16	1020322373				723	Поле 650 не содержит кода подполя.
rsl03_z00.dat	001204982	1205012	1205011	1020321708	15	650	17	1020322421				723	Поле 650 не содержит кода подполя.
rsl03_z00.dat	001204982	1205012	1205011	1020321708	16	650	18	1020322466				723	Поле 650 не содержит кода подполя.
rsl03_z00.dat	001204982	1205012	1205011	1020321708	17	912	19	1020322523				723	Поле 912 не содержит кода подполя.
rsl03_z00.dat	001204982	1205012	1205011	1020321708	19	337	22	1020322626				723	Поле 337 не содержит кода подполя.
rsl03_z00.dat	001204983	1205013	1205012	1020322655	12	300	14	1020323078				724	Поле 300 не содержит кода подполя.
rsl03_z00.dat	001204983	1205013	1205012	1020322655	14	650	16	1020323475				724	Поле 650 не содержит кода подполя.
rsl03_z00.dat	001204983	1205013	1205012	1020322655	15	912	17	1020323535				724	Поле 912 не содержит кода подполя.
rsl03_z00.dat	001204983	1205013	1205012	1020322655	16	336	19	1020323607				724	Поле 336 не содержит кода подполя.
rsl03_z00.dat	001204984	1205014	1205013	1020323667	14	650	16	1020324251				725	Поле 650 не содержит кода подполя.
rsl03_z00.dat	001204984	1205014	1205013	1020323667	15	912	17	1020324286				725	Поле 912 не содержит кода подполя.
rsl03_z00.dat	001204984	1205014	1205013	1020323667	16	336	19	1020324357				725	Поле 336 не содержит кода подполя.
rsl03_z00.dat	001204985	1205015	1205014	1020324414	10	260	12	1020324870				726	Поле 260 не содержит кода подполя.
rsl03_z00.dat	001204985	1205015	1205014	1020324414	11	300	13	1020324914				726	Поле 300 не содержит кода подполя.
rsl03_z00.dat	001204985	1205015	1205014	1020324414	14	650	16	1020325524				726	Поле 650 не содержит кода подполя.
rsl03_z00.dat	001204985	1205015	1205014	1020324414	15	700	17	1020325567				726	Поле 700 не содержит кода подполя.
rsl03_z00.dat	001204985	1205015	1205014	1020324414	16	710	18	1020325609				726	Поле 710 не содержит кода подполя.
rsl03_z00.dat	001204985	1205015	1205014	1020324414	17	912	19	1020325669				726	Поле 912 не содержит кода подполя.
rsl03_z00.dat	001204985	1205015	1205014	1020324414	18	336	21	1020325741				726	Поле 336 не содержит кода подполя.
rsl03_z00.dat	001204986	1205016	1205015	1020325797	7	041	9	1020326064				727	Поле 041 не содержит кода подполя.
rsl03_z00.dat	001204986	1205016	1205015	1020325797	10	260	12	1020326248				727	Поле 260 не содержит кода подполя.
rsl03_z00.dat	001204986	1205016	1205015	1020325797	14	700	16	1020327108				727	Поле 700 не содержит кода подполя.
rsl03_z00.dat	001204986	1205016	1205015	1020325797	15	912	17	1020327155				727	Поле 912 не содержит кода подполя.
rsl03_z00.dat	001204986	1205016	1205015	1020325797	16	336	19	1020327227				727	Поле 336 не содержит кода подполя.
rsl03_z00.dat	001204986	1205016	1205015	1020325797	17	337	20	1020327257				727	Поле 337 не содержит кода подполя.
rsl03_z00.dat	001204987	1205017	1205016	1020327286	7	041	9	1020327553				728	Поле 041 не содержит кода подполя.
rsl03_z00.dat	001204987	1205017	1205016	1020327286	12	300	14	1020327755				728	Поле 300 не содержит кода подполя.
rsl03_z00.dat	001204987	1205017	1205016	1020327286	13	490	15	1020327794				728	Поле 490 не содержит кода подполя.
rsl03_z00.dat	001204987	1205017	1205016	1020327286	16	650	18	1020328413				728	Поле 650 не содержит кода подполя.
rsl03_z00.dat	001204987	1205017	1205016	1020327286	17	650	19	1020328487				728	Поле 650 не содержит кода подполя.
rsl03_z00.dat	001204987	1205017	1205016	1020327286	18	912	20	1020328578				728	Поле 912 не содержит кода подполя.
rsl03_z00.dat	001204988	1205018	1205017	1020328709	7	041	9	1020328976				729	Поле 041 не содержит кода подполя.
rsl03_z00.dat	001204988	1205018	1205017	1020328709	11	260	13	1020329238				729	Поле 260 не содержит кода подполя.
rsl03_z00.dat	001204988	1205018	1205017	1020328709	13	490	15	1020329315				729	Поле 490 не содержит кода подполя.
rsl03_z00.dat	001204988	1205018	1205017	1020328709	15	650	17	1020329853				729	Поле 650 не содержит кода подполя.
rsl03_z00.dat	001204988	1205018	1205017	1020328709	16	700	18	1020329893				729	Поле 700 не содержит кода подполя.
rsl03_z00.dat	001204988	1205018	1205017	1020328709	17	700	19	1020329939				729	Поле 700 не содержит кода подполя.
rsl03_z00.dat	001204988	1205018	1205017	1020328709	18	700	20	1020329982				729	Поле 700 не содержит кода подполя.
rsl03_z00.dat	001204988	1205018	1205017	1020328709	19	912	21	1020330027				729	Поле 912 не содержит кода подполя.
rsl03_z00.dat	001204988	1205018	1205017	1020328709	20	336	23	1020330099				729	Поле 336 не содержит кода подполя.
rsl03_z00.dat	001204988	1205018	1205017	1020328709	21	337	24	1020330129				729	Поле 337 не содержит кода подполя.
rsl03_z00.dat	001204989	1205019	1205018	1020330158	7	041	9	1020330425				730	Поле 041 не содержит кода подполя.
rsl03_z00.dat	001204989	1205019	1205018	1020330158	12	260	14	1020330618				730	Поле 260 не содержит кода подполя.
rsl03_z00.dat	001204989	1205019	1205018	1020330158	14	490	16	1020330695				730	Поле 490 не содержит кода подполя.
rsl03_z00.dat	001204989	1205019	1205018	1020330158	18	650	20	1020331170				730	Поле 650 не содержит кода подполя.
rsl03_z00.dat	001204989	1205019	1205018	1020330158	19	912	21	1020331259				730	Поле 912 не содержит кода подполя.
rsl03_z00.dat	001204990	1205020	1205019	1020331389	7	041	9	1020331656				731	Поле 041 не содержит кода подполя.
rsl03_z00.dat	001204990	1205020	1205019	1020331389	12	260	14	1020331836				731	Поле 260 не содержит кода подполя.
rsl03_z00.dat	001204990	1205020	1205019	1020331389	16	490	18	1020331978				731	Поле 490 не содержит кода подполя.
rsl03_z00.dat	001204990	1205020	1205019	1020331389	18	650	20	1020332386				731	Поле 650 не содержит кода подполя.
rsl03_z00.dat	001204990	1205020	1205019	1020331389	19	912	21	1020332425				731	Поле 912 не содержит кода подполя.
rsl03_z00.dat	001204990	1205020	1205019	1020331389	20	336	23	1020332497				731	Поле 336 не содержит кода подполя.
rsl03_z00.dat	001204991	1205021	1205020	1020332558	7	041	9	1020332825				732	Поле 041 не содержит кода подполя.
rsl03_z00.dat	001204991	1205021	1205020	1020332558	12	260	14	1020333052				732	Поле 260 не содержит кода подполя.
rsl03_z00.dat	001204991	1205021	1205020	1020332558	13	300	15	1020333083				732	Поле 300 не содержит кода подполя.
rsl03_z00.dat	001204991	1205021	1205020	1020332558	17	650	19	1020333750				732	Поле 650 не содержит кода подполя.
rsl03_z00.dat	001204991	1205021	1205020	1020332558	18	650	20	1020333823				732	Поле 650 не содержит кода подполя.
rsl03_z00.dat	001204991	1205021	1205020	1020332558	19	700	21	1020333905				732	Поле 700 не содержит кода подполя.
rsl03_z00.dat	001204991	1205021	1205020	1020332558	20	912	22	1020333948				732	Поле 912 не содержит кода подполя.
rsl03_z00.dat	001204991	1205021	1205020	1020332558	21	336	24	1020334019				732	Поле 336 не содержит кода подполя.
rsl03_z00.dat	001204991	1205021	1205020	1020332558	22	337	25	1020334049				732	Поле 337 не содержит кода подполя.
rsl03_z00.dat	001204992	1205022	1205021	1020334078	7	041	9	1020334345				733	Поле 041 не содержит кода подполя.
rsl03_z00.dat	001204992	1205022	1205021	1020334078	12	260	14	1020334514				733	Поле 260 не содержит кода подполя.
rsl03_z00.dat	001204992	1205022	1205021	1020334078	16	490	18	1020334657				733	Поле 490 не содержит кода подполя.
rsl03_z00.dat	001204992	1205022	1205021	1020334078	19	650	21	1020334899				733	Поле 650 не содержит кода подполя.
rsl03_z00.dat	001204992	1205022	1205021	1020334078	20	912	22	1020334979				733	Поле 912 не содержит кода подполя.
rsl03_z00.dat	001204993	1205023	1205022	1020335110	7	041	9	1020335377				734	Поле 041 не содержит кода подполя.
rsl03_z00.dat	001204993	1205023	1205022	1020335110	12	260	14	1020335557				734	Поле 260 не содержит кода подполя.
rsl03_z00.dat	001204993	1205023	1205022	1020335110	16	490	18	1020335692				734	Поле 490 не содержит кода подполя.
rsl03_z00.dat	001204993	1205023	1205022	1020335110	18	650	20	1020336102				734	Поле 650 не содержит кода подполя.
rsl03_z00.dat	001204993	1205023	1205022	1020335110	19	912	21	1020336141				734	Поле 912 не содержит кода подполя.
rsl03_z00.dat	001204994	1205024	1205023	1020336271	7	041	9	1020336538				735	Поле 041 не содержит кода подполя.
rsl03_z00.dat	001204994	1205024	1205023	1020336271	12	260	14	1020336784				735	Поле 260 не содержит кода подполя.
rsl03_z00.dat	001204994	1205024	1205023	1020336271	13	300	15	1020336825				735	Поле 300 не содержит кода подполя.
rsl03_z00.dat	001204994	1205024	1205023	1020336271	15	490	17	1020336871				735	Поле 490 не содержит кода подполя.
rsl03_z00.dat	001204994	1205024	1205023	1020336271	17	650	19	1020337181				735	Поле 650 не содержит кода подполя.
rsl03_z00.dat	001204994	1205024	1205023	1020336271	18	912	20	1020337258				735	Поле 912 не содержит кода подполя.
rsl03_z00.dat	001204994	1205024	1205023	1020336271	19	336	22	1020337329				735	Поле 336 не содержит кода подполя.
rsl03_z00.dat	001204994	1205024	1205023	1020336271	20	337	23	1020337359				735	Поле 337 не содержит кода подполя.
rsl03_z00.dat	001204995	1205025	1205024	1020337388	7	041	9	1020337655				736	Поле 041 не содержит кода подполя.
rsl03_z00.dat	001204995	1205025	1205024	1020337388	11	260	13	1020337874				736	Поле 260 не содержит кода подполя.
rsl03_z00.dat	001204995	1205025	1205024	1020337388	12	300	14	1020337919				736	Поле 300 не содержит кода подполя.
rsl03_z00.dat	001204995	1205025	1205024	1020337388	16	700	18	1020338602				736	Поле 700 не содержит кода подполя.
rsl03_z00.dat	001204995	1205025	1205024	1020337388	17	912	19	1020338642				736	Поле 912 не содержит кода подполя.
rsl03_z00.dat	001204995	1205025	1205024	1020337388	18	336	21	1020338713				736	Поле 336 не содержит кода подполя.
rsl03_z00.dat	001204995	1205025	1205024	1020337388	19	337	22	1020338743				736	Поле 337 не содержит кода подполя.
rsl03_z00.dat	001204996	1205026	1205025	1020338772	7	041	9	1020339039				737	Поле 041 не содержит кода подполя.
rsl03_z00.dat	001204996	1205026	1205025	1020338772	12	300	14	1020339325				737	Поле 300 не содержит кода подполя.
rsl03_z00.dat	001204996	1205026	1205025	1020338772	13	490	15	1020339361				737	Поле 490 не содержит кода подполя.
rsl03_z00.dat	001204996	1205026	1205025	1020338772	15	650	17	1020339781				737	Поле 650 не содержит кода подполя.
rsl03_z00.dat	001204996	1205026	1205025	1020338772	16	650	18	1020339823				737	Поле 650 не содержит кода подполя.
rsl03_z00.dat	001204996	1205026	1205025	1020338772	17	650	19	1020339887				737	Поле 650 не содержит кода подполя.
rsl03_z00.dat	001204996	1205026	1205025	1020338772	18	700	20	1020339945				737	Поле 700 не содержит кода подполя.
rsl03_z00.dat	001204996	1205026	1205025	1020338772	19	700	21	1020339985				737	Поле 700 не содержит кода подполя.
rsl03_z00.dat	001204996	1205026	1205025	1020338772	20	912	22	1020340018				737	Поле 912 не содержит кода подполя.
rsl03_z00.dat	001204996	1205026	1205025	1020338772	21	336	24	1020340090				737	Поле 336 не содержит кода подполя.
rsl03_z00.dat	001204996	1205026	1205025	1020338772	22	337	25	1020340120				737	Поле 337 не содержит кода подполя.
rsl03_z00.dat	001204997	1205027	1205026	1020340149	7	041	9	1020340416				738	Поле 041 не содержит кода подполя.
rsl03_z00.dat	001204997	1205027	1205026	1020340149	11	260	13	1020340644				738	Поле 260 не содержит кода подполя.
rsl03_z00.dat	001204997	1205027	1205026	1020340149	12	300	14	1020340688				738	Поле 300 не содержит кода подполя.
rsl03_z00.dat	001204997	1205027	1205026	1020340149	13	490	15	1020340724				738	Поле 490 не содержит кода подполя.
rsl03_z00.dat	001204997	1205027	1205026	1020340149	15	650	17	1020340981				738	Поле 650 не содержит кода подполя.
rsl03_z00.dat	001204997	1205027	1205026	1020340149	16	650	18	1020341023				738	Поле 650 не содержит кода подполя.
rsl03_z00.dat	001204997	1205027	1205026	1020340149	17	700	19	1020341081				738	Поле 700 не содержит кода подполя.
rsl03_z00.dat	001204997	1205027	1205026	1020340149	18	700	20	1020341121				738	Поле 700 не содержит кода подполя.
rsl03_z00.dat	001204997	1205027	1205026	1020340149	19	912	21	1020341154				738	Поле 912 не содержит кода подполя.
rsl03_z00.dat	001204997	1205027	1205026	1020340149	20	336	23	1020341226				738	Поле 336 не содержит кода подполя.
rsl03_z00.dat	001204997	1205027	1205026	1020340149	21	337	24	1020341256				738	Поле 337 не содержит кода подполя.
rsl03_z00.dat	001204998	1205028	1205027	1020341285	7	041	9	1020341552				739	Поле 041 не содержит кода подполя.
rsl03_z00.dat	001204998	1205028	1205027	1020341285	12	300	14	1020341807				739	Поле 300 не содержит кода подполя.
rsl03_z00.dat	001204998	1205028	1205027	1020341285	16	700	18	1020342498				739	Поле 700 не содержит кода подполя.
rsl03_z00.dat	001204998	1205028	1205027	1020341285	17	700	19	1020342536				739	Поле 700 не содержит кода подполя.
rsl03_z00.dat	001204998	1205028	1205027	1020341285	18	912	20	1020342571				739	Поле 912 не содержит кода подполя.
rsl03_z00.dat	001204998	1205028	1205027	1020341285	19	336	22	1020342643				739	Поле 336 не содержит кода подполя.
rsl03_z00.dat	001204998	1205028	1205027	1020341285	20	337	23	1020342673				739	Поле 337 не содержит кода подполя.
rsl03_z00.dat	001204999	1205029	1205028	1020342702	7	041	9	1020342969				740	Поле 041 не содержит кода подполя.
rsl03_z00.dat	001204999	1205029	1205028	1020342702	12	300	14	1020343249				740	Поле 300 не содержит кода подполя.
rsl03_z00.dat	001204999	1205029	1205028	1020342702	13	490	15	1020343285				740	Поле 490 не содержит кода подполя.
rsl03_z00.dat	001204999	1205029	1205028	1020342702	15	650	17	1020343568				740	Поле 650 не содержит кода подполя.
rsl03_z00.dat	001204999	1205029	1205028	1020342702	16	650	18	1020343613				740	Поле 650 не содержит кода подполя.
rsl03_z00.dat	001204999	1205029	1205028	1020342702	17	700	19	1020343671				740	Поле 700 не содержит кода подполя.
rsl03_z00.dat	001204999	1205029	1205028	1020342702	18	700	20	1020343711				740	Поле 700 не содержит кода подполя.
rsl03_z00.dat	001204999	1205029	1205028	1020342702	19	912	21	1020343744				740	Поле 912 не содержит кода подполя.
rsl03_z00.dat	001204999	1205029	1205028	1020342702	20	336	23	1020343816				740	Поле 336 не содержит кода подполя.
rsl03_z00.dat	001204999	1205029	1205028	1020342702	21	337	24	1020343846				740	Поле 337 не содержит кода подполя.
rsl03_z00.dat	001205000	1205030	1205029	1020343875	7	041	9	1020344142				741	Поле 041 не содержит кода подполя.
rsl03_z00.dat	001205000	1205030	1205029	1020343875	14	490	16	1020344412				741	Поле 490 не содержит кода подполя.
rsl03_z00.dat	001205000	1205030	1205029	1020343875	16	650	18	1020345435				741	Поле 650 не содержит кода подполя.
rsl03_z00.dat	001205000	1205030	1205029	1020343875	17	650	19	1020345491				741	Поле 650 не содержит кода подполя.
rsl03_z00.dat	001205000	1205030	1205029	1020343875	18	912	20	1020345549				741	Поле 912 не содержит кода подполя.
rsl03_z00.dat	001205000	1205030	1205029	1020343875	19	336	22	1020345620				741	Поле 336 не содержит кода подполя.
rsl03_z00.dat	001205001	1205031	1205030	1020345680	7	041	9	1020345947				742	Поле 041 не содержит кода подполя.
rsl03_z00.dat	001205001	1205031	1205030	1020345680	12	300	14	1020346238				742	Поле 300 не содержит кода подполя.
rsl03_z00.dat	001205001	1205031	1205030	1020345680	16	650	18	1020346862				742	Поле 650 не содержит кода подполя.
rsl03_z00.dat	001205001	1205031	1205030	1020345680	17	700	19	1020346901				742	Поле 700 не содержит кода подполя.
rsl03_z00.dat	001205001	1205031	1205030	1020345680	18	700	20	1020346947				742	Поле 700 не содержит кода подполя.
rsl03_z00.dat	001205001	1205031	1205030	1020345680	19	700	21	1020346992				742	Поле 700 не содержит кода подполя.
rsl03_z00.dat	001205001	1205031	1205030	1020345680	20	912	22	1020347036				742	Поле 912 не содержит кода подполя.
rsl03_z00.dat	001205001	1205031	1205030	1020345680	21	336	24	1020347108				742	Поле 336 не содержит кода подполя.
rsl03_z00.dat	001205001	1205031	1205030	1020345680	22	337	25	1020347138				742	Поле 337 не содержит кода подполя.
rsl03_z00.dat	001205002	1205032	1205031	1020347167	7	041	9	1020347434				743	Поле 041 не содержит кода подполя.
rsl03_z00.dat	001205002	1205032	1205031	1020347167	11	250	13	1020347598				743	Поле 250 не содержит кода подполя.
rsl03_z00.dat	001205002	1205032	1205031	1020347167	12	260	14	1020347617				743	Поле 260 не содержит кода подполя.
rsl03_z00.dat	001205002	1205032	1205031	1020347167	13	300	15	1020347652				743	Поле 300 не содержит кода подполя.
rsl03_z00.dat	001205002	1205032	1205031	1020347167	15	555	17	1020347964				743	Поле 555 не содержит кода подполя.
rsl03_z00.dat	001205002	1205032	1205031	1020347167	16	650	18	1020348006				743	Поле 650 не содержит кода подполя.
rsl03_z00.dat	001205002	1205032	1205031	1020347167	17	650	19	1020348055				743	Поле 650 не содержит кода подполя.
rsl03_z00.dat	001205002	1205032	1205031	1020347167	18	700	20	1020348092				743	Поле 700 не содержит кода подполя.
rsl03_z00.dat	001205002	1205032	1205031	1020347167	19	912	21	1020348127				743	Поле 912 не содержит кода подполя.
rsl03_z00.dat	001205003	1205033	1205032	1020348255	11	260	13	1020348740				744	Поле 260 не содержит кода подполя.
rsl03_z00.dat	001205003	1205033	1205032	1020348255	12	300	14	1020348776				744	Поле 300 не содержит кода подполя.
rsl03_z00.dat	001205003	1205033	1205032	1020348255	15	546	17	1020349589				744	Поле 546 не содержит кода подполя.
rsl03_z00.dat	001205003	1205033	1205032	1020348255	16	650	18	1020349611				744	Поле 650 не содержит кода подполя.
rsl03_z00.dat	001205003	1205033	1205032	1020348255	17	912	19	1020349690				744	Поле 912 не содержит кода подполя.
rsl03_z00.dat	001205003	1205033	1205032	1020348255	19	337	22	1020349793				744	Поле 337 не содержит кода подполя.
rsl03_z00.dat	001205004	1205034	1205033	1020349822	7	041	9	1020350089				745	Поле 041 не содержит кода подполя.
rsl03_z00.dat	001205004	1205034	1205033	1020349822	10	260	12	1020350231				745	Поле 260 не содержит кода подполя.
rsl03_z00.dat	001205004	1205034	1205033	1020349822	11	300	13	1020350266				745	Поле 300 не содержит кода подполя.
rsl03_z00.dat	001205004	1205034	1205033	1020349822	14	650	16	1020350812				745	Поле 650 не содержит кода подполя.
rsl03_z00.dat	001205004	1205034	1205033	1020349822	15	650	17	1020350884				745	Поле 650 не содержит кода подполя.
rsl03_z00.dat	001205004	1205034	1205033	1020349822	16	912	18	1020350960				745	Поле 912 не содержит кода подполя.
rsl03_z00.dat	001205005	1205035	1205034	1020351091	7	041	9	1020351358				746	Поле 041 не содержит кода подполя.
rsl03_z00.dat	001205005	1205035	1205034	1020351091	11	250	13	1020351530				746	Поле 250 не содержит кода подполя.
rsl03_z00.dat	001205005	1205035	1205034	1020351091	12	260	14	1020351552				746	Поле 260 не содержит кода подполя.
rsl03_z00.dat	001205005	1205035	1205034	1020351091	13	300	15	1020351587				746	Поле 300 не содержит кода подполя.
rsl03_z00.dat	001205005	1205035	1205034	1020351091	15	580	17	1020352157				746	Поле 580 не содержит кода подполя.
rsl03_z00.dat	001205005	1205035	1205034	1020351091	16	650	18	1020352196				746	Поле 650 не содержит кода подполя.
rsl03_z00.dat	001205005	1205035	1205034	1020351091	17	700	19	1020352257				746	Поле 700 не содержит кода подполя.
rsl03_z00.dat	001205005	1205035	1205034	1020351091	18	912	20	1020352292				746	Поле 912 не содержит кода подполя.
rsl03_z00.dat	001205006	1205036	1205035	1020352421	7	041	9	1020352687				747	Поле 041 не содержит кода подполя.
rsl03_z00.dat	001205006	1205036	1205035	1020352421	10	260	12	1020353011				747	Поле 260 не содержит кода подполя.
rsl03_z00.dat	001205006	1205036	1205035	1020352421	11	300	13	1020353048				747	Поле 300 не содержит кода подполя.
rsl03_z00.dat	001205006	1205036	1205035	1020352421	12	490	14	1020353079				747	Поле 490 не содержит кода подполя.
rsl03_z00.dat	001205006	1205036	1205035	1020352421	13	504	15	1020353111				747	Поле 504 не содержит кода подполя.
rsl03_z00.dat	001205006	1205036	1205035	1020352421	15	650	17	1020354119				747	Поле 650 не содержит кода подполя.
rsl03_z00.dat	001205006	1205036	1205035	1020352421	16	650	18	1020354162				747	Поле 650 не содержит кода подполя.
rsl03_z00.dat	001205006	1205036	1205035	1020352421	17	650	19	1020354206				747	Поле 650 не содержит кода подполя.
rsl03_z00.dat	001205006	1205036	1205035	1020352421	18	650	20	1020354265				747	Поле 650 не содержит кода подполя.
rsl03_z00.dat	001205006	1205036	1205035	1020352421	19	700	21	1020354317				747	Поле 700 не содержит кода подполя.
rsl03_z00.dat	001205006	1205036	1205035	1020352421	20	710	22	1020354362				747	Поле 710 не содержит кода подполя.
rsl03_z00.dat	001205006	1205036	1205035	1020352421	21	912	23	1020354444				747	Поле 912 не содержит кода подполя.
rsl03_z00.dat	001205006	1205036	1205035	1020352421	22	336	25	1020354516				747	Поле 336 не содержит кода подполя.
rsl03_z00.dat	001205006	1205036	1205035	1020352421	23	337	26	1020354545				747	Поле 337 не содержит кода подполя.
rsl03_z00.dat	001205007	1205037	1205036	1020354574	7	041	9	1020354842				748	Поле 041 не содержит кода подполя.
rsl03_z00.dat	001205007	1205037	1205036	1020354574	12	300	14	1020355090				748	Поле 300 не содержит кода подполя.
rsl03_z00.dat	001205007	1205037	1205036	1020354574	15	650	17	1020355832				748	Поле 650 не содержит кода подполя.
rsl03_z00.dat	001205007	1205037	1205036	1020354574	16	700	18	1020355908				748	Поле 700 не содержит кода подполя.
rsl03_z00.dat	001205007	1205037	1205036	1020354574	17	912	19	1020355943				748	Поле 912 не содержит кода подполя.
rsl03_z00.dat	001205007	1205037	1205036	1020354574	18	336	21	1020356015				748	Поле 336 не содержит кода подполя.
rsl03_z00.dat	001205007	1205037	1205036	1020354574	19	337	22	1020356044				748	Поле 337 не содержит кода подполя.
rsl03_z00.dat	001205008	1205038	1205037	1020356073	7	041	9	1020356340				749	Поле 041 не содержит кода подполя.
rsl03_z00.dat	001205008	1205038	1205037	1020356073	11	260	13	1020356514				749	Поле 260 не содержит кода подполя.
rsl03_z00.dat	001205008	1205038	1205037	1020356073	14	504	16	1020356654				749	Поле 504 не содержит кода подполя.
rsl03_z00.dat	001205008	1205038	1205037	1020356073	16	650	18	1020357340				749	Поле 650 не содержит кода подполя.
rsl03_z00.dat	001205008	1205038	1205037	1020356073	17	650	19	1020357419				749	Поле 650 не содержит кода подполя.
rsl03_z00.dat	001205008	1205038	1205037	1020356073	18	650	20	1020357516				749	Поле 650 не содержит кода подполя.
rsl03_z00.dat	001205008	1205038	1205037	1020356073	19	912	21	1020357621				749	Поле 912 не содержит кода подполя.
rsl03_z00.dat	001205008	1205038	1205037	1020356073	20	336	23	1020357693				749	Поле 336 не содержит кода подполя.
rsl03_z00.dat	001205009	1205039	1205038	1020357752	14	650	16	1020358439				750	Поле 650 не содержит кода подполя.
rsl03_z00.dat	001205009	1205039	1205038	1020357752	15	650	17	1020358500				750	Поле 650 не содержит кода подполя.
rsl03_z00.dat	001205009	1205039	1205038	1020357752	16	650	18	1020358556				750	Поле 650 не содержит кода подполя.
rsl03_z00.dat	001205009	1205039	1205038	1020357752	17	912	19	1020358613				750	Поле 912 не содержит кода подполя.
rsl03_z00.dat	001205009	1205039	1205038	1020357752	18	336	21	1020358684				750	Поле 336 не содержит кода подполя.
rsl03_z00.dat	001205010	1205040	1205039	1020358742	7	041	9	1020359008				751	Поле 041 не содержит кода подполя.
rsl03_z00.dat	001205010	1205040	1205039	1020358742	10	245	12	1020359083				751	Поле 245 не содержит кода подполя.
rsl03_z00.dat	001205010	1205040	1205039	1020358742	14	650	16	1020359703				751	Поле 650 не содержит кода подполя.
rsl03_z00.dat	001205010	1205040	1205039	1020358742	15	650	17	1020359733				751	Поле 650 не содержит кода подполя.
rsl03_z00.dat	001205010	1205040	1205039	1020358742	16	650	18	1020359767				751	Поле 650 не содержит кода подполя.
rsl03_z00.dat	001205010	1205040	1205039	1020358742	17	912	19	1020359808				751	Поле 912 не содержит кода подполя.
rsl03_z00.dat	001205011	1205041	1205040	1020359940	7	041	9	1020360207				752	Поле 041 не содержит кода подполя.
rsl03_z00.dat	001205011	1205041	1205040	1020359940	12	300	14	1020360422				752	Поле 300 не содержит кода подполя.
rsl03_z00.dat	001205011	1205041	1205040	1020359940	16	650	18	1020361244				752	Поле 650 не содержит кода подполя.
rsl03_z00.dat	001205011	1205041	1205040	1020359940	17	912	19	1020361275				752	Поле 912 не содержит кода подполя.
rsl03_z00.dat	001205011	1205041	1205040	1020359940	19	337	22	1020361378				752	Поле 337 не содержит кода подполя.
rsl03_z00.dat	001205012	1205042	1205041	1020361407	7	041	9	1020361674				753	Поле 041 не содержит кода подполя.
rsl03_z00.dat	001205012	1205042	1205041	1020361407	10	260	12	1020361846				753	Поле 260 не содержит кода подполя.
rsl03_z00.dat	001205012	1205042	1205041	1020361407	14	650	16	1020362444				753	Поле 650 не содержит кода подполя.
rsl03_z00.dat	001205012	1205042	1205041	1020361407	15	650	17	1020362515				753	Поле 650 не содержит кода подполя.
rsl03_z00.dat	001205012	1205042	1205041	1020361407	16	700	18	1020362591				753	Поле 700 не содержит кода подполя.
rsl03_z00.dat	001205012	1205042	1205041	1020361407	17	912	19	1020362632				753	Поле 912 не содержит кода подполя.
rsl03_z00.dat	001205012	1205042	1205041	1020361407	18	336	21	1020362704				753	Поле 336 не содержит кода подполя.
rsl03_z00.dat	001205012	1205042	1205041	1020361407	19	337	22	1020362734				753	Поле 337 не содержит кода подполя.
rsl03_z00.dat	001205013	1205043	1205042	1020362762	7	041	9	1020363029				754	Поле 041 не содержит кода подполя.
rsl03_z00.dat	001205013	1205043	1205042	1020362762	12	300	14	1020363254				754	Поле 300 не содержит кода подполя.
rsl03_z00.dat	001205013	1205043	1205042	1020362762	15	650	17	1020363480				754	Поле 650 не содержит кода подполя.
rsl03_z00.dat	001205013	1205043	1205042	1020362762	16	700	18	1020363542				754	Поле 700 не содержит кода подполя.
rsl03_z00.dat	001205013	1205043	1205042	1020362762	17	912	19	1020363586				754	Поле 912 не содержит кода подполя.
rsl03_z00.dat	001205013	1205043	1205042	1020362762	18	336	21	1020363658				754	Поле 336 не содержит кода подполя.
rsl03_z00.dat	001205014	1205044	1205043	1020363716	7	041	9	1020363983				755	Поле 041 не содержит кода подполя.
rsl03_z00.dat	001205014	1205044	1205043	1020363716	12	260	14	1020364174				755	Поле 260 не содержит кода подполя.
rsl03_z00.dat	001205014	1205044	1205043	1020363716	17	650	19	1020364664				755	Поле 650 не содержит кода подполя.
rsl03_z00.dat	001205014	1205044	1205043	1020363716	18	700	20	1020364736				755	Поле 700 не содержит кода подполя.
rsl03_z00.dat	001205014	1205044	1205043	1020363716	19	912	21	1020364779				755	Поле 912 не содержит кода подполя.
rsl03_z00.dat	001205014	1205044	1205043	1020363716	20	336	23	1020364851				755	Поле 336 не содержит кода подполя.
rsl03_z00.dat	001205015	1205045	1205044	1020364909	7	041	9	1020365176				756	Поле 041 не содержит кода подполя.
rsl03_z00.dat	001205015	1205045	1205044	1020364909	12	260	14	1020365369				756	Поле 260 не содержит кода подполя.
rsl03_z00.dat	001205015	1205045	1205044	1020364909	14	490	16	1020365446				756	Поле 490 не содержит кода подполя.
rsl03_z00.dat	001205015	1205045	1205044	1020364909	18	650	20	1020365923				756	Поле 650 не содержит кода подполя.
rsl03_z00.dat	001205015	1205045	1205044	1020364909	19	912	21	1020366012				756	Поле 912 не содержит кода подполя.
rsl03_z00.dat	001205016	1205046	1205045	1020366143	12	250	14	1020366674				757	Поле 250 не содержит кода подполя.
rsl03_z00.dat	001205016	1205046	1205045	1020366143	14	300	16	1020366775				757	Поле 300 не содержит кода подполя.
rsl03_z00.dat	001205016	1205046	1205045	1020366143	20	336	23	1020367118				757	Поле 336 не содержит кода подполя.
rsl03_z00.dat	001205017	1205047	1205046	1020367176	7	041	9	1020367444				758	Поле 041 не содержит кода подполя.
rsl03_z00.dat	001205017	1205047	1205046	1020367176	10	245	12	1020367523				758	Поле 245 не содержит кода подполя.
rsl03_z00.dat	001205017	1205047	1205046	1020367176	14	650	16	1020367983				758	Поле 650 не содержит кода подполя.
rsl03_z00.dat	001205017	1205047	1205046	1020367176	15	700	17	1020368065				758	Поле 700 не содержит кода подполя.
rsl03_z00.dat	001205017	1205047	1205046	1020367176	16	773	18	1020368110				758	Поле 773 не содержит кода подполя.
rsl03_z00.dat	001205017	1205047	1205046	1020367176	17	912	19	1020368176				758	Поле 912 не содержит кода подполя.
rsl03_z00.dat	001205017	1205047	1205046	1020367176	19	337	22	1020368277				758	Поле 337 не содержит кода подполя.
rsl03_z00.dat	001205018	1205048	1205047	1020368305	7	041	9	1020368572				759	Поле 041 не содержит кода подполя.
rsl03_z00.dat	001205018	1205048	1205047	1020368305	12	260	14	1020368825				759	Поле 260 не содержит кода подполя.
rsl03_z00.dat	001205018	1205048	1205047	1020368305	13	300	15	1020368866				759	Поле 300 не содержит кода подполя.
rsl03_z00.dat	001205018	1205048	1205047	1020368305	17	650	19	1020369578				759	Поле 650 не содержит кода подполя.
rsl03_z00.dat	001205018	1205048	1205047	1020368305	18	912	20	1020369659				759	Поле 912 не содержит кода подполя.
rsl03_z00.dat	001205018	1205048	1205047	1020368305	19	336	22	1020369731				759	Поле 336 не содержит кода подполя.
rsl03_z00.dat	001205018	1205048	1205047	1020368305	20	337	23	1020369761				759	Поле 337 не содержит кода подполя.
rsl03_z00.dat	001205019	1205049	1205048	1020369790	7	041	9	1020370057				760	Поле 041 не содержит кода подполя.
rsl03_z00.dat	001205019	1205049	1205048	1020369790	12	260	14	1020370329				760	Поле 260 не содержит кода подполя.
rsl03_z00.dat	001205019	1205049	1205048	1020369790	13	300	15	1020370370				760	Поле 300 не содержит кода подполя.
rsl03_z00.dat	001205019	1205049	1205048	1020369790	14	490	16	1020370400				760	Поле 490 не содержит кода подполя.
rsl03_z00.dat	001205019	1205049	1205048	1020369790	16	650	18	1020371005				760	Поле 650 не содержит кода подполя.
rsl03_z00.dat	001205019	1205049	1205048	1020369790	17	700	19	1020371066				760	Поле 700 не содержит кода подполя.
rsl03_z00.dat	001205019	1205049	1205048	1020369790	18	700	20	1020371109				760	Поле 700 не содержит кода подполя.
rsl03_z00.dat	001205019	1205049	1205048	1020369790	19	912	21	1020371159				760	Поле 912 не содержит кода подполя.
rsl03_z00.dat	001205019	1205049	1205048	1020369790	21	337	24	1020371262				760	Поле 337 не содержит кода подполя.
rsl03_z00.dat	001205020	1205050	1205049	1020371291	7	041	9	1020371558				761	Поле 041 не содержит кода подполя.
rsl03_z00.dat	001205020	1205050	1205049	1020371291	12	260	14	1020371751				761	Поле 260 не содержит кода подполя.
rsl03_z00.dat	001205020	1205050	1205049	1020371291	14	490	16	1020371823				761	Поле 490 не содержит кода подполя.
rsl03_z00.dat	001205020	1205050	1205049	1020371291	18	650	20	1020372268				761	Поле 650 не содержит кода подполя.
rsl03_z00.dat	001205020	1205050	1205049	1020371291	19	912	21	1020372357				761	Поле 912 не содержит кода подполя.
rsl03_z00.dat	001205020	1205050	1205049	1020371291	20	336	23	1020372429				761	Поле 336 не содержит кода подполя.
rsl03_z00.dat	001205021	1205051	1205050	1020372490	7	041	9	1020372757				762	Поле 041 не содержит кода подполя.
rsl03_z00.dat	001205021	1205051	1205050	1020372490	12	260	14	1020372960				762	Поле 260 не содержит кода подполя.
rsl03_z00.dat	001205021	1205051	1205050	1020372490	17	650	19	1020373537				762	Поле 650 не содержит кода подполя.
rsl03_z00.dat	001205021	1205051	1205050	1020372490	18	700	20	1020373576				762	Поле 700 не содержит кода подполя.
rsl03_z00.dat	001205021	1205051	1205050	1020372490	19	912	21	1020373619				762	Поле 912 не содержит кода подполя.
rsl03_z00.dat	001205021	1205051	1205050	1020372490	20	336	23	1020373691				762	Поле 336 не содержит кода подполя.
rsl03_z00.dat	001205022	1205052	1205051	1020373749	7	041	9	1020374016				763	Поле 041 не содержит кода подполя.
rsl03_z00.dat	001205022	1205052	1205051	1020373749	11	260	13	1020374247				763	Поле 260 не содержит кода подполя.
rsl03_z00.dat	001205022	1205052	1205051	1020373749	12	300	14	1020374283				763	Поле 300 не содержит кода подполя.
rsl03_z00.dat	001205022	1205052	1205051	1020373749	13	490	15	1020374319				763	Поле 490 не содержит кода подполя.
rsl03_z00.dat	001205022	1205052	1205051	1020373749	15	650	17	1020374697				763	Поле 650 не содержит кода подполя.
rsl03_z00.dat	001205022	1205052	1205051	1020373749	16	650	18	1020374739				763	Поле 650 не содержит кода подполя.
rsl03_z00.dat	001205022	1205052	1205051	1020373749	17	650	19	1020374781				763	Поле 650 не содержит кода подполя.
rsl03_z00.dat	001205022	1205052	1205051	1020373749	18	700	20	1020374838				763	Поле 700 не содержит кода подполя.
rsl03_z00.dat	001205022	1205052	1205051	1020373749	19	700	21	1020374879				763	Поле 700 не содержит кода подполя.
rsl03_z00.dat	001205022	1205052	1205051	1020373749	20	912	22	1020374923				763	Поле 912 не содержит кода подполя.
rsl03_z00.dat	001205022	1205052	1205051	1020373749	21	336	24	1020374995				763	Поле 336 не содержит кода подполя.
rsl03_z00.dat	001205022	1205052	1205051	1020373749	22	337	25	1020375024				763	Поле 337 не содержит кода подполя.
rsl03_z00.dat	001205023	1205053	1205052	1020375052	7	041	9	1020375318				764	Поле 041 не содержит кода подполя.
rsl03_z00.dat	001205023	1205053	1205052	1020375052	11	250	13	1020375591				764	Поле 250 не содержит кода подполя.
rsl03_z00.dat	001205023	1205053	1205052	1020375052	12	260	14	1020375625				764	Поле 260 не содержит кода подполя.
rsl03_z00.dat	001205023	1205053	1205052	1020375052	13	300	15	1020375708				764	Поле 300 не содержит кода подполя.
rsl03_z00.dat	001205023	1205053	1205052	1020375052	16	650	18	1020376362				764	Поле 650 не содержит кода подполя.
rsl03_z00.dat	001205023	1205053	1205052	1020375052	17	650	19	1020376389				764	Поле 650 не содержит кода подполя.
rsl03_z00.dat	001205023	1205053	1205052	1020375052	18	650	20	1020376419				764	Поле 650 не содержит кода подполя.
rsl03_z00.dat	001205023	1205053	1205052	1020375052	19	650	21	1020376455				764	Поле 650 не содержит кода подполя.
rsl03_z00.dat	001205023	1205053	1205052	1020375052	20	912	22	1020376509				764	Поле 912 не содержит кода подполя.
rsl03_z00.dat	001205023	1205053	1205052	1020375052	21	336	24	1020376581				764	Поле 336 не содержит кода подполя.
rsl03_z00.dat	001205023	1205053	1205052	1020375052	22	337	25	1020376611				764	Поле 337 не содержит кода подполя.
rsl03_z00.dat	001205024	1205054	1205053	1020376640	14	650	16	1020377556				765	Поле 650 не содержит кода подполя.
rsl03_z00.dat	001205024	1205054	1205053	1020376640	15	912	17	1020377618				765	Поле 912 не содержит кода подполя.
rsl03_z00.dat	001205024	1205054	1205053	1020376640	17	337	20	1020377721				765	Поле 337 не содержит кода подполя.
rsl03_z00.dat	001205025	1205055	1205054	1020377750	15	650	17	1020378754				766	Поле 650 не содержит кода подполя.
rsl03_z00.dat	001205025	1205055	1205054	1020377750	16	912	18	1020378784				766	Поле 912 не содержит кода подполя.
rsl03_z00.dat	001205025	1205055	1205054	1020377750	18	337	21	1020378887				766	Поле 337 не содержит кода подполя.
rsl03_z00.dat	001205026	1205056	1205055	1020378916	7	041	9	1020379183				767	Поле 041 не содержит кода подполя.
rsl03_z00.dat	001205026	1205056	1205055	1020378916	11	260	13	1020379339				767	Поле 260 не содержит кода подполя.
rsl03_z00.dat	001205026	1205056	1205055	1020378916	16	650	18	1020380381				767	Поле 650 не содержит кода подполя.
rsl03_z00.dat	001205026	1205056	1205055	1020378916	17	650	19	1020380437				767	Поле 650 не содержит кода подполя.
rsl03_z00.dat	001205026	1205056	1205055	1020378916	18	912	20	1020380495				767	Поле 912 не содержит кода подполя.
rsl03_z00.dat	001205027	1205057	1205056	1020380626	7	041	9	1020380893				768	Поле 041 не содержит кода подполя.
rsl03_z00.dat	001205027	1205057	1205056	1020380626	10	260	12	1020381049				768	Поле 260 не содержит кода подполя.
rsl03_z00.dat	001205027	1205057	1205056	1020380626	11	300	13	1020381090				768	Поле 300 не содержит кода подполя.
rsl03_z00.dat	001205027	1205057	1205056	1020380626	14	650	16	1020381377				768	Поле 650 не содержит кода подполя.
rsl03_z00.dat	001205027	1205057	1205056	1020380626	15	650	17	1020381407				768	Поле 650 не содержит кода подполя.
rsl03_z00.dat	001205027	1205057	1205056	1020380626	16	700	18	1020381465				768	Поле 700 не содержит кода подполя.
rsl03_z00.dat	001205027	1205057	1205056	1020380626	17	700	19	1020381494				768	Поле 700 не содержит кода подполя.
rsl03_z00.dat	001205027	1205057	1205056	1020380626	18	912	20	1020381524				768	Поле 912 не содержит кода подполя.
rsl03_z00.dat	001205028	1205058	1205057	1020381656	7	041	9	1020381923				769	Поле 041 не содержит кода подполя.
rsl03_z00.dat	001205028	1205058	1205057	1020381656	11	260	13	1020382086				769	Поле 260 не содержит кода подполя.
rsl03_z00.dat	001205028	1205058	1205057	1020381656	12	300	14	1020382120				769	Поле 300 не содержит кода подполя.
rsl03_z00.dat	001205028	1205058	1205057	1020381656	16	650	18	1020382720				769	Поле 650 не содержит кода подполя.
rsl03_z00.dat	001205028	1205058	1205057	1020381656	17	912	19	1020382794				769	Поле 912 не содержит кода подполя.
rsl03_z00.dat	001205029	1205059	1205058	1020382925	7	041	9	1020383192				770	Поле 041 не содержит кода подполя.
rsl03_z00.dat	001205029	1205059	1205058	1020382925	12	300	14	1020383398				770	Поле 300 не содержит кода подполя.
rsl03_z00.dat	001205029	1205059	1205058	1020382925	13	490	15	1020383437				770	Поле 490 не содержит кода подполя.
rsl03_z00.dat	001205029	1205059	1205058	1020382925	16	650	18	1020383942				770	Поле 650 не содержит кода подполя.
rsl03_z00.dat	001205029	1205059	1205058	1020382925	17	912	19	1020384016				770	Поле 912 не содержит кода подполя.
rsl03_z00.dat	001205030	1205060	1205059	1020384147	11	260	13	1020384557				771	Поле 260 не содержит кода подполя.
rsl03_z00.dat	001205030	1205060	1205059	1020384147	15	546	17	1020385224				771	Поле 546 не содержит кода подполя.
rsl03_z00.dat	001205030	1205060	1205059	1020384147	16	650	18	1020385247				771	Поле 650 не содержит кода подполя.
rsl03_z00.dat	001205030	1205060	1205059	1020384147	17	912	19	1020385296				771	Поле 912 не содержит кода подполя.
rsl03_z00.dat	001205031	1205061	1205060	1020385426	7	041	9	1020385693				772	Поле 041 не содержит кода подполя.
rsl03_z00.dat	001205031	1205061	1205060	1020385426	12	300	14	1020385916				772	Поле 300 не содержит кода подполя.
rsl03_z00.dat	001205031	1205061	1205060	1020385426	16	650	18	1020386887				772	Поле 650 не содержит кода подполя.
rsl03_z00.dat	001205031	1205061	1205060	1020385426	17	700	19	1020386947				772	Поле 700 не содержит кода подполя.
rsl03_z00.dat	001205031	1205061	1205060	1020385426	18	912	20	1020386982				772	Поле 912 не содержит кода подполя.
rsl03_z00.dat	001205031	1205061	1205060	1020385426	19	336	22	1020387054				772	Поле 336 не содержит кода подполя.
rsl03_z00.dat	001205032	1205062	1205061	1020387112	14	650	16	1020387663				773	Поле 650 не содержит кода подполя.
rsl03_z00.dat	001205033	1205063	1205062	1020387829	7	041	9	1020388095				774	Поле 041 не содержит кода подполя.
rsl03_z00.dat	001205033	1205063	1205062	1020387829	16	912	18	1020389005				774	Поле 912 не содержит кода подполя.
rsl03_z00.dat	001205034	1205064	1205063	1020389136	7	041	9	1020389402				775	Поле 041 не содержит кода подполя.
rsl03_z00.dat	001205034	1205064	1205063	1020389136	11	260	13	1020389563				775	Поле 260 не содержит кода подполя.
rsl03_z00.dat	001205034	1205064	1205063	1020389136	12	300	14	1020389610				775	Поле 300 не содержит кода подполя.
rsl03_z00.dat	001205034	1205064	1205063	1020389136	16	912	18	1020390046				775	Поле 912 не содержит кода подполя.
rsl03_z00.dat	001205035	1205065	1205064	1020390177	7	041	9	1020390443				776	Поле 041 не содержит кода подполя.
rsl03_z00.dat	001205035	1205065	1205064	1020390177	11	260	13	1020390659				776	Поле 260 не содержит кода подполя.
rsl03_z00.dat	001205035	1205065	1205064	1020390177	12	300	14	1020390707				776	Поле 300 не содержит кода подполя.
rsl03_z00.dat	001205035	1205065	1205064	1020390177	15	600	17	1020391405				776	Поле 600 не содержит кода подполя.
rsl03_z00.dat	001205035	1205065	1205064	1020390177	16	912	18	1020391458				776	Поле 912 не содержит кода подполя.
rsl03_z00.dat	001205035	1205065	1205064	1020390177	18	337	21	1020391561				776	Поле 337 не содержит кода подполя.
rsl03_z00.dat	001205036	1205066	1205065	1020391590	7	041	9	1020391855				777	Поле 041 не содержит кода подполя.
rsl03_z00.dat	001205036	1205066	1205065	1020391590	15	912	17	1020392180				777	Поле 912 не содержит кода подполя.
rsl03_z00.dat	001205036	1205066	1205065	1020391590	17	337	20	1020392282				777	Поле 337 не содержит кода подполя.
rsl03_z00.dat	001205037	1205067	1205066	1020392312	7	041	9	1020392578				778	Поле 041 не содержит кода подполя.
rsl03_z00.dat	001205037	1205067	1205066	1020392312	15	650	17	1020393485				778	Поле 650 не содержит кода подполя.
rsl03_z00.dat	001205037	1205067	1205066	1020392312	16	650	18	1020393521				778	Поле 650 не содержит кода подполя.
rsl03_z00.dat	001205037	1205067	1205066	1020392312	17	912	19	1020393556				778	Поле 912 не содержит кода подполя.
rsl03_z00.dat	001205037	1205067	1205066	1020392312	19	337	22	1020393657				778	Поле 337 не содержит кода подполя.
rsl03_z00.dat	001205038	1205068	1205067	1020393686	7	041	9	1020393953				779	Поле 041 не содержит кода подполя.
rsl03_z00.dat	001205038	1205068	1205067	1020393686	11	250	13	1020394196				779	Поле 250 не содержит кода подполя.
rsl03_z00.dat	001205038	1205068	1205067	1020393686	12	260	14	1020394216				779	Поле 260 не содержит кода подполя.
rsl03_z00.dat	001205038	1205068	1205067	1020393686	16	650	18	1020394537				779	Поле 650 не содержит кода подполя.
rsl03_z00.dat	001205038	1205068	1205067	1020393686	17	700	19	1020394574				779	Поле 700 не содержит кода подполя.
rsl03_z00.dat	001205038	1205068	1205067	1020393686	18	912	20	1020394609				779	Поле 912 не содержит кода подполя.
rsl03_z00.dat	001205038	1205068	1205067	1020393686	19	336	22	1020394681				779	Поле 336 не содержит кода подполя.
rsl03_z00.dat	001205038	1205068	1205067	1020393686	20	337	23	1020394711				779	Поле 337 не содержит кода подполя.
rsl03_z00.dat	001205039	1205069	1205068	1020394740	7	041	9	1020395007				780	Поле 041 не содержит кода подполя.
rsl03_z00.dat	001205039	1205069	1205068	1020394740	12	300	14	1020395288				780	Поле 300 не содержит кода подполя.
rsl03_z00.dat	001205039	1205069	1205068	1020394740	13	490	15	1020395318				780	Поле 490 не содержит кода подполя.
rsl03_z00.dat	001205039	1205069	1205068	1020394740	16	650	18	1020395912				780	Поле 650 не содержит кода подполя.
rsl03_z00.dat	001205039	1205069	1205068	1020394740	17	650	19	1020395956				780	Поле 650 не содержит кода подполя.
rsl03_z00.dat	001205039	1205069	1205068	1020394740	18	650	20	1020396001				780	Поле 650 не содержит кода подполя.
rsl03_z00.dat	001205039	1205069	1205068	1020394740	19	700	21	1020396046				780	Поле 700 не содержит кода подполя.
rsl03_z00.dat	001205039	1205069	1205068	1020394740	20	700	22	1020396080				780	Поле 700 не содержит кода подполя.
rsl03_z00.dat	001205039	1205069	1205068	1020394740	21	912	23	1020396110				780	Поле 912 не содержит кода подполя.
rsl03_z00.dat	001205039	1205069	1205068	1020394740	22	336	25	1020396182				780	Поле 336 не содержит кода подполя.
rsl03_z00.dat	001205039	1205069	1205068	1020394740	23	337	26	1020396212				780	Поле 337 не содержит кода подполя.
rsl03_z00.dat	001205040	1205070	1205069	1020396241	7	041	9	1020396508				781	Поле 041 не содержит кода подполя.
rsl03_z00.dat	001205040	1205070	1205069	1020396241	12	300	14	1020396809				781	Поле 300 не содержит кода подполя.
rsl03_z00.dat	001205040	1205070	1205069	1020396241	13	490	15	1020396845				781	Поле 490 не содержит кода подполя.
rsl03_z00.dat	001205040	1205070	1205069	1020396241	15	650	17	1020397278				781	Поле 650 не содержит кода подполя.
rsl03_z00.dat	001205040	1205070	1205069	1020396241	16	650	18	1020397320				781	Поле 650 не содержит кода подполя.
rsl03_z00.dat	001205040	1205070	1205069	1020396241	17	650	19	1020397363				781	Поле 650 не содержит кода подполя.
rsl03_z00.dat	001205040	1205070	1205069	1020396241	18	700	20	1020397421				781	Поле 700 не содержит кода подполя.
rsl03_z00.dat	001205040	1205070	1205069	1020396241	19	700	21	1020397460				781	Поле 700 не содержит кода подполя.
rsl03_z00.dat	001205040	1205070	1205069	1020396241	20	912	22	1020397493				781	Поле 912 не содержит кода подполя.
rsl03_z00.dat	001205040	1205070	1205069	1020396241	21	336	24	1020397565				781	Поле 336 не содержит кода подполя.
rsl03_z00.dat	001205040	1205070	1205069	1020396241	22	337	25	1020397595				781	Поле 337 не содержит кода подполя.
rsl03_z00.dat	001205041	1205071	1205070	1020397624	7	041	9	1020397891				782	Поле 041 не содержит кода подполя.
rsl03_z00.dat	001205041	1205071	1205070	1020397624	12	300	14	1020398094				782	Поле 300 не содержит кода подполя.
rsl03_z00.dat	001205041	1205071	1205070	1020397624	15	650	17	1020398448				782	Поле 650 не содержит кода подполя.
rsl03_z00.dat	001205041	1205071	1205070	1020397624	16	650	18	1020398492				782	Поле 650 не содержит кода подполя.
rsl03_z00.dat	001205041	1205071	1205070	1020397624	17	700	19	1020398550				782	Поле 700 не содержит кода подполя.
rsl03_z00.dat	001205041	1205071	1205070	1020397624	18	912	20	1020398580				782	Поле 912 не содержит кода подполя.
rsl03_z00.dat	001205041	1205071	1205070	1020397624	20	337	23	1020398680				782	Поле 337 не содержит кода подполя.
rsl03_z00.dat	001205042	1205072	1205071	1020398709	7	041	9	1020398976				783	Поле 041 не содержит кода подполя.
rsl03_z00.dat	001205042	1205072	1205071	1020398709	11	260	13	1020399215				783	Поле 260 не содержит кода подполя.
rsl03_z00.dat	001205042	1205072	1205071	1020398709	13	490	15	1020399284				783	Поле 490 не содержит кода подполя.
rsl03_z00.dat	001205042	1205072	1205071	1020398709	15	650	17	1020400114				783	Поле 650 не содержит кода подполя.
rsl03_z00.dat	001205042	1205072	1205071	1020398709	16	650	18	1020400168				783	Поле 650 не содержит кода подполя.
rsl03_z00.dat	001205042	1205072	1205071	1020398709	17	650	19	1020400203				783	Поле 650 не содержит кода подполя.
rsl03_z00.dat	001205042	1205072	1205071	1020398709	18	700	20	1020400250				783	Поле 700 не содержит кода подполя.
rsl03_z00.dat	001205042	1205072	1205071	1020398709	19	912	21	1020400282				783	Поле 912 не содержит кода подполя.
rsl03_z00.dat	001205042	1205072	1205071	1020398709	20	336	23	1020400353				783	Поле 336 не содержит кода подполя.
rsl03_z00.dat	001205042	1205072	1205071	1020398709	21	337	24	1020400383				783	Поле 337 не содержит кода подполя.
rsl03_z00.dat	001205043	1205073	1205072	1020400411	7	041	9	1020400678				784	Поле 041 не содержит кода подполя.
rsl03_z00.dat	001205043	1205073	1205072	1020400411	11	260	13	1020400876				784	Поле 260 не содержит кода подполя.
rsl03_z00.dat	001205043	1205073	1205072	1020400411	12	300	14	1020400912				784	Поле 300 не содержит кода подполя.
rsl03_z00.dat	001205043	1205073	1205072	1020400411	15	650	17	1020401475				784	Поле 650 не содержит кода подполя.
rsl03_z00.dat	001205043	1205073	1205072	1020400411	16	650	18	1020401508				784	Поле 650 не содержит кода подполя.
rsl03_z00.dat	001205043	1205073	1205072	1020400411	17	912	19	1020401541				784	Поле 912 не содержит кода подполя.
rsl03_z00.dat	001205043	1205073	1205072	1020400411	19	337	22	1020401644				784	Поле 337 не содержит кода подполя.
rsl03_z00.dat	001205044	1205074	1205073	1020401673	7	041	9	1020401940				785	Поле 041 не содержит кода подполя.
rsl03_z00.dat	001205044	1205074	1205073	1020401673	11	260	13	1020402111				785	Поле 260 не содержит кода подполя.
rsl03_z00.dat	001205044	1205074	1205073	1020401673	12	300	14	1020402147				785	Поле 300 не содержит кода подполя.
rsl03_z00.dat	001205044	1205074	1205073	1020401673	15	650	17	1020402445				785	Поле 650 не содержит кода подполя.
rsl03_z00.dat	001205044	1205074	1205073	1020401673	16	700	18	1020402506				785	Поле 700 не содержит кода подполя.
rsl03_z00.dat	001205044	1205074	1205073	1020401673	17	912	19	1020402543				785	Поле 912 не содержит кода подполя.
rsl03_z00.dat	001205044	1205074	1205073	1020401673	18	336	21	1020402615				785	Поле 336 не содержит кода подполя.
rsl03_z00.dat	001205045	1205075	1205074	1020402673	7	041	9	1020402940				786	Поле 041 не содержит кода подполя.
rsl03_z00.dat	001205045	1205075	1205074	1020402673	11	260	13	1020403106				786	Поле 260 не содержит кода подполя.
rsl03_z00.dat	001205045	1205075	1205074	1020402673	12	300	14	1020403152				786	Поле 300 не содержит кода подполя.
rsl03_z00.dat	001205045	1205075	1205074	1020402673	15	650	17	1020403834				786	Поле 650 не содержит кода подполя.
rsl03_z00.dat	001205045	1205075	1205074	1020402673	16	650	18	1020403873				786	Поле 650 не содержит кода подполя.
rsl03_z00.dat	001205045	1205075	1205074	1020402673	17	700	19	1020403930				786	Поле 700 не содержит кода подполя.
rsl03_z00.dat	001205045	1205075	1205074	1020402673	18	912	20	1020403963				786	Поле 912 не содержит кода подполя.
rsl03_z00.dat	001205045	1205075	1205074	1020402673	19	336	22	1020404035				786	Поле 336 не содержит кода подполя.
rsl03_z00.dat	001205045	1205075	1205074	1020402673	20	337	23	1020404062				786	Поле 337 не содержит кода подполя.
rsl03_z00.dat	001205046	1205076	1205075	1020404091	12	260	14	1020404656				787	Поле 260 не содержит кода подполя.
rsl03_z00.dat	001205046	1205076	1205075	1020404091	13	300	15	1020404685				787	Поле 300 не содержит кода подполя.
rsl03_z00.dat	001205046	1205076	1205075	1020404091	14	504	16	1020404715				787	Поле 504 не содержит кода подполя.
rsl03_z00.dat	001205046	1205076	1205075	1020404091	16	650	18	1020405143				787	Поле 650 не содержит кода подполя.
rsl03_z00.dat	001205046	1205076	1205075	1020404091	17	650	19	1020405213				787	Поле 650 не содержит кода подполя.
rsl03_z00.dat	001205046	1205076	1205075	1020404091	18	912	20	1020405261				787	Поле 912 не содержит кода подполя.
rsl03_z00.dat	001205046	1205076	1205075	1020404091	19	336	22	1020405333				787	Поле 336 не содержит кода подполя.
rsl03_z00.dat	001205046	1205076	1205075	1020404091	20	337	23	1020405363				787	Поле 337 не содержит кода подполя.
rsl03_z00.dat	001205047	1205077	1205076	1020405392	7	041	9	1020405659				788	Поле 041 не содержит кода подполя.
rsl03_z00.dat	001205047	1205077	1205076	1020405392	12	300	14	1020405886				788	Поле 300 не содержит кода подполя.
rsl03_z00.dat	001205047	1205077	1205076	1020405392	16	650	18	1020406768				788	Поле 650 не содержит кода подполя.
rsl03_z00.dat	001205047	1205077	1205076	1020405392	17	700	19	1020406815				788	Поле 700 не содержит кода подполя.
rsl03_z00.dat	001205047	1205077	1205076	1020405392	18	912	20	1020406860				788	Поле 912 не содержит кода подполя.
rsl03_z00.dat	001205047	1205077	1205076	1020405392	19	336	22	1020406931				788	Поле 336 не содержит кода подполя.
rsl03_z00.dat	001205047	1205077	1205076	1020405392	20	337	23	1020406961				788	Поле 337 не содержит кода подполя.
rsl03_z00.dat	001205048	1205078	1205077	1020406987	7	041	9	1020407254				789	Поле 041 не содержит кода подполя.
rsl03_z00.dat	001205048	1205078	1205077	1020406987	11	260	13	1020407465				789	Поле 260 не содержит кода подполя.
rsl03_z00.dat	001205048	1205078	1205077	1020406987	13	490	15	1020407534				789	Поле 490 не содержит кода подполя.
rsl03_z00.dat	001205048	1205078	1205077	1020406987	15	650	17	1020408110				789	Поле 650 не содержит кода подполя.
rsl03_z00.dat	001205048	1205078	1205077	1020406987	16	700	18	1020408155				789	Поле 700 не содержит кода подполя.
rsl03_z00.dat	001205048	1205078	1205077	1020406987	17	912	19	1020408190				789	Поле 912 не содержит кода подполя.
rsl03_z00.dat	001205048	1205078	1205077	1020406987	18	336	21	1020408262				789	Поле 336 не содержит кода подполя.
rsl03_z00.dat	001205048	1205078	1205077	1020406987	19	337	22	1020408292				789	Поле 337 не содержит кода подполя.
rsl03_z00.dat	001205049	1205079	1205078	1020408321	12	300	14	1020408758				790	Поле 300 не содержит кода подполя.
rsl03_z00.dat	001205049	1205079	1205078	1020408321	15	650	17	1020409422				790	Поле 650 не содержит кода подполя.
rsl03_z00.dat	001205049	1205079	1205078	1020408321	16	912	18	1020409456				790	Поле 912 не содержит кода подполя.
rsl03_z00.dat	001205050	1205080	1205079	1020409590	7	041	9	1020409857				791	Поле 041 не содержит кода подполя.
rsl03_z00.dat	001205050	1205080	1205079	1020409590	11	260	13	1020410075				791	Поле 260 не содержит кода подполя.
rsl03_z00.dat	001205050	1205080	1205079	1020409590	12	300	14	1020410111				791	Поле 300 не содержит кода подполя.
rsl03_z00.dat	001205050	1205080	1205079	1020409590	16	650	18	1020411092				791	Поле 650 не содержит кода подполя.
rsl03_z00.dat	001205050	1205080	1205079	1020409590	17	650	19	1020411131				791	Поле 650 не содержит кода подполя.
rsl03_z00.dat	001205050	1205080	1205079	1020409590	18	650	20	1020411174				791	Поле 650 не содержит кода подполя.
rsl03_z00.dat	001205050	1205080	1205079	1020409590	19	700	21	1020411231				791	Поле 700 не содержит кода подполя.
rsl03_z00.dat	001205050	1205080	1205079	1020409590	20	700	22	1020411271				791	Поле 700 не содержит кода подполя.
rsl03_z00.dat	001205050	1205080	1205079	1020409590	21	912	23	1020411301				791	Поле 912 не содержит кода подполя.
rsl03_z00.dat	001205050	1205080	1205079	1020409590	22	336	25	1020411373				791	Поле 336 не содержит кода подполя.
rsl03_z00.dat	001205050	1205080	1205079	1020409590	23	337	26	1020411401				791	Поле 337 не содержит кода подполя.
rsl03_z00.dat	001205051	1205081	1205080	1020411430	7	041	9	1020411697				792	Поле 041 не содержит кода подполя.
rsl03_z00.dat	001205051	1205081	1205080	1020411430	11	250	13	1020411901				792	Поле 250 не содержит кода подполя.
rsl03_z00.dat	001205051	1205081	1205080	1020411430	13	300	15	1020411960				792	Поле 300 не содержит кода подполя.
rsl03_z00.dat	001205051	1205081	1205080	1020411430	15	650	17	1020412561				792	Поле 650 не содержит кода подполя.
rsl03_z00.dat	001205051	1205081	1205080	1020411430	16	700	18	1020412622				792	Поле 700 не содержит кода подполя.
rsl03_z00.dat	001205051	1205081	1205080	1020411430	17	912	19	1020412658				792	Поле 912 не содержит кода подполя.
rsl03_z00.dat	001205051	1205081	1205080	1020411430	18	336	21	1020412730				792	Поле 336 не содержит кода подполя.
rsl03_z00.dat	001205051	1205081	1205080	1020411430	19	337	22	1020412760				792	Поле 337 не содержит кода подполя.
rsl03_z00.dat	001205052	1205082	1205081	1020412789	7	041	9	1020413056				793	Поле 041 не содержит кода подполя.
rsl03_z00.dat	001205052	1205082	1205081	1020412789	12	300	14	1020413255				793	Поле 300 не содержит кода подполя.
rsl03_z00.dat	001205052	1205082	1205081	1020412789	14	650	16	1020413425				793	Поле 650 не содержит кода подполя.
rsl03_z00.dat	001205052	1205082	1205081	1020412789	15	700	17	1020413459				793	Поле 700 не содержит кода подполя.
rsl03_z00.dat	001205052	1205082	1205081	1020412789	16	912	18	1020413504				793	Поле 912 не содержит кода подполя.
rsl03_z00.dat	001205052	1205082	1205081	1020412789	17	336	20	1020413576				793	Поле 336 не содержит кода подполя.
rsl03_z00.dat	001205053	1205083	1205082	1020413632	7	041	9	1020413900				794	Поле 041 не содержит кода подполя.
rsl03_z00.dat	001205053	1205083	1205082	1020413632	15	650	17	1020414641				794	Поле 650 не содержит кода подполя.
rsl03_z00.dat	001205053	1205083	1205082	1020413632	16	650	18	1020414697				794	Поле 650 не содержит кода подполя.
rsl03_z00.dat	001205053	1205083	1205082	1020413632	17	912	19	1020414755				794	Поле 912 не содержит кода подполя.
rsl03_z00.dat	001205053	1205083	1205082	1020413632	18	336	21	1020414827				794	Поле 336 не содержит кода подполя.
rsl03_z00.dat	001205054	1205084	1205083	1020414886	7	041	9	1020415153				795	Поле 041 не содержит кода подполя.
rsl03_z00.dat	001205054	1205084	1205083	1020414886	12	300	14	1020415413				795	Поле 300 не содержит кода подполя.
rsl03_z00.dat	001205054	1205084	1205083	1020414886	13	490	15	1020415449				795	Поле 490 не содержит кода подполя.
rsl03_z00.dat	001205054	1205084	1205083	1020414886	16	555	18	1020416335				795	Поле 555 не содержит кода подполя.
rsl03_z00.dat	001205054	1205084	1205083	1020414886	17	650	19	1020416369				795	Поле 650 не содержит кода подполя.
rsl03_z00.dat	001205054	1205084	1205083	1020414886	18	650	20	1020416445				795	Поле 650 не содержит кода подполя.
rsl03_z00.dat	001205054	1205084	1205083	1020414886	19	650	21	1020416495				795	Поле 650 не содержит кода подполя.
rsl03_z00.dat	001205054	1205084	1205083	1020414886	20	700	22	1020416528				795	Поле 700 не содержит кода подполя.
rsl03_z00.dat	001205054	1205084	1205083	1020414886	21	912	23	1020416564				795	Поле 912 не содержит кода подполя.
rsl03_z00.dat	001205054	1205084	1205083	1020414886	22	336	25	1020416636				795	Поле 336 не содержит кода подполя.
rsl03_z00.dat	001205054	1205084	1205083	1020414886	23	337	26	1020416666				795	Поле 337 не содержит кода подполя.
rsl03_z00.dat	001205055	1205085	1205084	1020416695	7	041	9	1020416963				796	Поле 041 не содержит кода подполя.
rsl03_z00.dat	001205055	1205085	1205084	1020416695	15	650	17	1020418156				796	Поле 650 не содержит кода подполя.
rsl03_z00.dat	001205055	1205085	1205084	1020416695	16	650	18	1020418201				796	Поле 650 не содержит кода подполя.
rsl03_z00.dat	001205055	1205085	1205084	1020416695	17	650	19	1020418256				796	Поле 650 не содержит кода подполя.
rsl03_z00.dat	001205055	1205085	1205084	1020416695	18	650	20	1020418298				796	Поле 650 не содержит кода подполя.
rsl03_z00.dat	001205055	1205085	1205084	1020416695	19	912	21	1020418355				796	Поле 912 не содержит кода подполя.
rsl03_z00.dat	001205056	1205086	1205085	1020418489	7	041	9	1020418755				797	Поле 041 не содержит кода подполя.
rsl03_z00.dat	001205056	1205086	1205085	1020418489	12	300	14	1020418971				797	Поле 300 не содержит кода подполя.
rsl03_z00.dat	001205056	1205086	1205085	1020418489	14	650	16	1020419691				797	Поле 650 не содержит кода подполя.
rsl03_z00.dat	001205056	1205086	1205085	1020418489	15	912	17	1020419744				797	Поле 912 не содержит кода подполя.
rsl03_z00.dat	001205057	1205087	1205086	1020419875	7	041	9	1020420141				798	Поле 041 не содержит кода подполя.
rsl03_z00.dat	001205057	1205087	1205086	1020419875	10	260	12	1020420579				798	Поле 260 не содержит кода подполя.
rsl03_z00.dat	001205057	1205087	1205086	1020419875	11	300	13	1020420611				798	Поле 300 не содержит кода подполя.
rsl03_z00.dat	001205057	1205087	1205086	1020419875	13	504	15	1020420775				798	Поле 504 не содержит кода подполя.
rsl03_z00.dat	001205057	1205087	1205086	1020419875	15	600	17	1020421595				798	Поле 600 не содержит кода подполя.
rsl03_z00.dat	001205057	1205087	1205086	1020419875	16	650	18	1020421642				798	Поле 650 не содержит кода подполя.
rsl03_z00.dat	001205057	1205087	1205086	1020419875	17	700	19	1020421698				798	Поле 700 не содержит кода подполя.
rsl03_z00.dat	001205057	1205087	1205086	1020419875	18	700	20	1020421736				798	Поле 700 не содержит кода подполя.
rsl03_z00.dat	001205057	1205087	1205086	1020419875	19	710	21	1020421779				798	Поле 710 не содержит кода подполя.
rsl03_z00.dat	001205057	1205087	1205086	1020419875	20	912	22	1020421867				798	Поле 912 не содержит кода подполя.
rsl03_z00.dat	001205057	1205087	1205086	1020419875	21	336	24	1020421939				798	Поле 336 не содержит кода подполя.
rsl03_z00.dat	001205057	1205087	1205086	1020419875	22	337	25	1020421969				798	Поле 337 не содержит кода подполя.
rsl03_z00.dat	001205058	1205088	1205087	1020421998	12	500	14	1020422453				799	Поле 500 не содержит кода подполя.
rsl03_z00.dat	001205058	1205088	1205087	1020421998	15	336	18	1020422618				799	Поле 336 не содержит кода подполя.
rsl03_z00.dat	001205059	1205089	1205088	1020422679	7	041	9	1020422945				800	Поле 041 не содержит кода подполя.
rsl03_z00.dat	001205059	1205089	1205088	1020422679	10	260	12	1020423046				800	Поле 260 не содержит кода подполя.
rsl03_z00.dat	001205059	1205089	1205088	1020422679	11	300	13	1020423066				800	Поле 300 не содержит кода подполя.
rsl03_z00.dat	001205059	1205089	1205088	1020422679	13	650	15	1020423603				800	Поле 650 не содержит кода подполя.
rsl03_z00.dat	001205059	1205089	1205088	1020422679	14	773	16	1020423664				800	Поле 773 не содержит кода подполя.
rsl03_z00.dat	001205059	1205089	1205088	1020422679	15	912	17	1020423749				800	Поле 912 не содержит кода подполя.
rsl03_z00.dat	001205059	1205089	1205088	1020422679	16	336	19	1020423821				800	Поле 336 не содержит кода подполя.
rsl03_z00.dat	001205060	1205090	1205089	1020423878	10	260	12	1020424383				801	Поле 260 не содержит кода подполя.
rsl03_z00.dat	001205060	1205090	1205089	1020423878	11	300	13	1020424434				801	Поле 300 не содержит кода подполя.
rsl03_z00.dat	001205060	1205090	1205089	1020423878	15	700	17	1020424731				801	Поле 700 не содержит кода подполя.
rsl03_z00.dat	001205060	1205090	1205089	1020423878	16	710	18	1020424776				801	Поле 710 не содержит кода подполя.
rsl03_z00.dat	001205060	1205090	1205089	1020423878	18	336	21	1020424906				801	Поле 336 не содержит кода подполя.
rsl03_z00.dat	001205060	1205090	1205089	1020423878	19	337	22	1020424936				801	Поле 337 не содержит кода подполя.
rsl03_z00.dat	001205061	1205091	1205090	1020424965	7	041	9	1020425233				802	Поле 041 не содержит кода подполя.
rsl03_z00.dat	001205061	1205091	1205090	1020424965	9	245	11	1020425292				802	Поле 245 не содержит кода подполя.
rsl03_z00.dat	001205061	1205091	1205090	1020424965	10	260	12	1020425310				802	Поле 260 не содержит кода подполя.
rsl03_z00.dat	001205061	1205091	1205090	1020424965	13	555	15	1020425855				802	Поле 555 не содержит кода подполя.
rsl03_z00.dat	001205061	1205091	1205090	1020424965	14	650	16	1020425889				802	Поле 650 не содержит кода подполя.
rsl03_z00.dat	001205061	1205091	1205090	1020424965	15	700	17	1020425975				802	Поле 700 не содержит кода подполя.
rsl03_z00.dat	001205061	1205091	1205090	1020424965	16	710	18	1020426021				802	Поле 710 не содержит кода подполя.
rsl03_z00.dat	001205061	1205091	1205090	1020424965	17	773	19	1020426080				802	Поле 773 не содержит кода подполя.
rsl03_z00.dat	001205061	1205091	1205090	1020424965	18	912	20	1020426134				802	Поле 912 не содержит кода подполя.
rsl03_z00.dat	001205061	1205091	1205090	1020424965	20	337	23	1020426235				802	Поле 337 не содержит кода подполя.
rsl03_z00.dat	001205062	1205092	1205091	1020426264	7	041	9	1020426530				803	Поле 041 не содержит кода подполя.
rsl03_z00.dat	001205062	1205092	1205091	1020426264	11	300	13	1020426827				803	Поле 300 не содержит кода подполя.
rsl03_z00.dat	001205062	1205092	1205091	1020426264	14	912	16	1020427079				803	Поле 912 не содержит кода подполя.
rsl03_z00.dat	001205062	1205092	1205091	1020426264	15	336	18	1020427151				803	Поле 336 не содержит кода подполя.
rsl03_z00.dat	001205062	1205092	1205091	1020426264	16	337	19	1020427181				803	Поле 337 не содержит кода подполя.
rsl03_z00.dat	001205063	1205093	1205092	1020427210	7	041	9	1020427477				804	Поле 041 не содержит кода подполя.
rsl03_z00.dat	001205063	1205093	1205092	1020427210	12	300	14	1020427757				804	Поле 300 не содержит кода подполя.
rsl03_z00.dat	001205063	1205093	1205092	1020427210	13	490	15	1020427793				804	Поле 490 не содержит кода подполя.
rsl03_z00.dat	001205063	1205093	1205092	1020427210	15	520	17	1020428062				804	Поле 520 не содержит кода подполя.
rsl03_z00.dat	001205063	1205093	1205092	1020427210	17	700	19	1020428473				804	Поле 700 не содержит кода подполя.
rsl03_z00.dat	001205063	1205093	1205092	1020427210	18	912	20	1020428507				804	Поле 912 не содержит кода подполя.
rsl03_z00.dat	001205063	1205093	1205092	1020427210	19	336	22	1020428579				804	Поле 336 не содержит кода подполя.
rsl03_z00.dat	001205063	1205093	1205092	1020427210	20	337	23	1020428609				804	Поле 337 не содержит кода подполя.
rsl03_z00.dat	001205064	1205094	1205093	1020428638	7	041	9	1020428904				805	Поле 041 не содержит кода подполя.
rsl03_z00.dat	001205064	1205094	1205093	1020428638	11	260	13	1020429115				805	Поле 260 не содержит кода подполя.
rsl03_z00.dat	001205064	1205094	1205093	1020428638	12	300	14	1020429184				805	Поле 300 не содержит кода подполя.
rsl03_z00.dat	001205064	1205094	1205093	1020428638	16	650	18	1020429878				805	Поле 650 не содержит кода подполя.
rsl03_z00.dat	001205064	1205094	1205093	1020428638	17	912	19	1020429932				805	Поле 912 не содержит кода подполя.
rsl03_z00.dat	001205064	1205094	1205093	1020428638	18	336	21	1020430004				805	Поле 336 не содержит кода подполя.
rsl03_z00.dat	001205065	1205095	1205094	1020430062	7	041	9	1020430328				806	Поле 041 не содержит кода подполя.
rsl03_z00.dat	001205065	1205095	1205094	1020430062	11	260	13	1020430582				806	Поле 260 не содержит кода подполя.
rsl03_z00.dat	001205065	1205095	1205094	1020430062	12	300	14	1020430627				806	Поле 300 не содержит кода подполя.
rsl03_z00.dat	001205065	1205095	1205094	1020430062	13	504	15	1020430658				806	Поле 504 не содержит кода подполя.
rsl03_z00.dat	001205065	1205095	1205094	1020430062	15	650	17	1020431311				806	Поле 650 не содержит кода подполя.
rsl03_z00.dat	001205065	1205095	1205094	1020430062	16	650	18	1020431362				806	Поле 650 не содержит кода подполя.
rsl03_z00.dat	001205065	1205095	1205094	1020430062	17	912	19	1020431409				806	Поле 912 не содержит кода подполя.
rsl03_z00.dat	001205065	1205095	1205094	1020430062	18	336	21	1020431481				806	Поле 336 не содержит кода подполя.
rsl03_z00.dat	001205065	1205095	1205094	1020430062	19	337	22	1020431511				806	Поле 337 не содержит кода подполя.
rsl03_z00.dat	001205066	1205096	1205095	1020431540	7	041	9	1020431806				807	Поле 041 не содержит кода подполя.
rsl03_z00.dat	001205066	1205096	1205095	1020431540	11	260	13	1020431985				807	Поле 260 не содержит кода подполя.
rsl03_z00.dat	001205066	1205096	1205095	1020431540	12	300	14	1020432026				807	Поле 300 не содержит кода подполя.
rsl03_z00.dat	001205066	1205096	1205095	1020431540	15	650	17	1020432722				807	Поле 650 не содержит кода подполя.
rsl03_z00.dat	001205066	1205096	1205095	1020431540	16	912	18	1020432792				807	Поле 912 не содержит кода подполя.
rsl03_z00.dat	001205066	1205096	1205095	1020431540	17	336	20	1020432864				807	Поле 336 не содержит кода подполя.
rsl03_z00.dat	001205067	1205097	1205096	1020432923	7	041	9	1020433190				808	Поле 041 не содержит кода подполя.
rsl03_z00.dat	001205067	1205097	1205096	1020432923	11	260	13	1020433333				808	Поле 260 не содержит кода подполя.
rsl03_z00.dat	001205067	1205097	1205096	1020432923	12	300	14	1020433376				808	Поле 300 не содержит кода подполя.
rsl03_z00.dat	001205067	1205097	1205096	1020432923	15	650	17	1020433592				808	Поле 650 не содержит кода подполя.
rsl03_z00.dat	001205067	1205097	1205096	1020432923	16	700	18	1020433631				808	Поле 700 не содержит кода подполя.
rsl03_z00.dat	001205067	1205097	1205096	1020432923	17	912	19	1020433674				808	Поле 912 не содержит кода подполя.
rsl03_z00.dat	001205068	1205098	1205097	1020433807	7	041	9	1020434072				809	Поле 041 не содержит кода подполя.
rsl03_z00.dat	001205068	1205098	1205097	1020433807	11	260	13	1020434293				809	Поле 260 не содержит кода подполя.
rsl03_z00.dat	001205068	1205098	1205097	1020433807	12	300	14	1020434352				809	Поле 300 не содержит кода подполя.
rsl03_z00.dat	001205068	1205098	1205097	1020433807	14	650	16	1020435087				809	Поле 650 не содержит кода подполя.
rsl03_z00.dat	001205068	1205098	1205097	1020433807	15	912	17	1020435122				809	Поле 912 не содержит кода подполя.
rsl03_z00.dat	001205068	1205098	1205097	1020433807	16	336	19	1020435194				809	Поле 336 не содержит кода подполя.
rsl03_z00.dat	001205068	1205098	1205097	1020433807	17	337	20	1020435224				809	Поле 337 не содержит кода подполя.
rsl03_z00.dat	001205069	1205099	1205098	1020435252	7	041	9	1020435519				810	Поле 041 не содержит кода подполя.
rsl03_z00.dat	001205069	1205099	1205098	1020435252	12	300	14	1020435676				810	Поле 300 не содержит кода подполя.
rsl03_z00.dat	001205069	1205099	1205098	1020435252	15	650	17	1020436252				810	Поле 650 не содержит кода подполя.
rsl03_z00.dat	001205069	1205099	1205098	1020435252	16	650	18	1020436308				810	Поле 650 не содержит кода подполя.
rsl03_z00.dat	001205069	1205099	1205098	1020435252	17	650	19	1020436336				810	Поле 650 не содержит кода подполя.
rsl03_z00.dat	001205069	1205099	1205098	1020435252	18	912	20	1020436376				810	Поле 912 не содержит кода подполя.
rsl03_z00.dat	001205070	1205100	1205099	1020436508	7	041	9	1020436775				811	Поле 041 не содержит кода подполя.
rsl03_z00.dat	001205070	1205100	1205099	1020436508	12	300	14	1020437017				811	Поле 300 не содержит кода подполя.
rsl03_z00.dat	001205070	1205100	1205099	1020436508	14	650	16	1020437802				811	Поле 650 не содержит кода подполя.
rsl03_z00.dat	001205070	1205100	1205099	1020436508	15	650	17	1020437837				811	Поле 650 не содержит кода подполя.
rsl03_z00.dat	001205070	1205100	1205099	1020436508	16	700	18	1020437881				811	Поле 700 не содержит кода подполя.
rsl03_z00.dat	001205070	1205100	1205099	1020436508	17	912	19	1020437910				811	Поле 912 не содержит кода подполя.
rsl03_z00.dat	001205070	1205100	1205099	1020436508	18	336	21	1020437982				811	Поле 336 не содержит кода подполя.
rsl03_z00.dat	001205070	1205100	1205099	1020436508	19	337	22	1020438012				811	Поле 337 не содержит кода подполя.
rsl03_z00.dat	001205071	1205101	1205100	1020438039	11	260	13	1020438491				812	Поле 260 не содержит кода подполя.
rsl03_z00.dat	001205071	1205101	1205100	1020438039	12	300	14	1020438521				812	Поле 300 не содержит кода подполя.
rsl03_z00.dat	001205071	1205101	1205100	1020438039	15	546	17	1020439334				812	Поле 546 не содержит кода подполя.
rsl03_z00.dat	001205071	1205101	1205100	1020438039	16	650	18	1020439356				812	Поле 650 не содержит кода подполя.
rsl03_z00.dat	001205071	1205101	1205100	1020438039	17	912	19	1020439404				812	Поле 912 не содержит кода подполя.
rsl03_z00.dat	001205071	1205101	1205100	1020438039	19	337	22	1020439507				812	Поле 337 не содержит кода подполя.
rsl03_z00.dat	001205072	1205102	1205101	1020439536	7	041	9	1020439803				813	Поле 041 не содержит кода подполя.
rsl03_z00.dat	001205072	1205102	1205101	1020439536	11	260	13	1020439970				813	Поле 260 не содержит кода подполя.
rsl03_z00.dat	001205072	1205102	1205101	1020439536	12	300	14	1020440006				813	Поле 300 не содержит кода подполя.
rsl03_z00.dat	001205072	1205102	1205101	1020439536	15	650	17	1020440604				813	Поле 650 не содержит кода подполя.
rsl03_z00.dat	001205072	1205102	1205101	1020439536	16	650	18	1020440630				813	Поле 650 не содержит кода подполя.
rsl03_z00.dat	001205072	1205102	1205101	1020439536	17	650	19	1020440657				813	Поле 650 не содержит кода подполя.
rsl03_z00.dat	001205072	1205102	1205101	1020439536	18	700	20	1020440699				813	Поле 700 не содержит кода подполя.
rsl03_z00.dat	001205072	1205102	1205101	1020439536	19	700	21	1020440729				813	Поле 700 не содержит кода подполя.
rsl03_z00.dat	001205072	1205102	1205101	1020439536	20	912	22	1020440762				813	Поле 912 не содержит кода подполя.
rsl03_z00.dat	001205072	1205102	1205101	1020439536	21	336	24	1020440834				813	Поле 336 не содержит кода подполя.
rsl03_z00.dat	001205073	1205103	1205102	1020440893	7	041	9	1020441161				814	Поле 041 не содержит кода подполя.
rsl03_z00.dat	001205073	1205103	1205102	1020440893	11	260	13	1020441328				814	Поле 260 не содержит кода подполя.
rsl03_z00.dat	001205073	1205103	1205102	1020440893	14	650	16	1020442193				814	Поле 650 не содержит кода подполя.
rsl03_z00.dat	001205073	1205103	1205102	1020440893	15	650	17	1020442228				814	Поле 650 не содержит кода подполя.
rsl03_z00.dat	001205073	1205103	1205102	1020440893	16	650	18	1020442260				814	Поле 650 не содержит кода подполя.
rsl03_z00.dat	001205073	1205103	1205102	1020440893	17	912	19	1020442303				814	Поле 912 не содержит кода подполя.
rsl03_z00.dat	001205074	1205104	1205103	1020442433	7	041	9	1020442700				815	Поле 041 не содержит кода подполя.
rsl03_z00.dat	001205074	1205104	1205103	1020442433	11	260	13	1020442857				815	Поле 260 не содержит кода подполя.
rsl03_z00.dat	001205074	1205104	1205103	1020442433	12	300	14	1020442902				815	Поле 300 не содержит кода подполя.
rsl03_z00.dat	001205074	1205104	1205103	1020442433	15	650	17	1020443864				815	Поле 650 не содержит кода подполя.
rsl03_z00.dat	001205074	1205104	1205103	1020442433	16	650	18	1020443903				815	Поле 650 не содержит кода подполя.
rsl03_z00.dat	001205074	1205104	1205103	1020442433	17	700	19	1020443961				815	Поле 700 не содержит кода подполя.
rsl03_z00.dat	001205074	1205104	1205103	1020442433	18	912	20	1020443993				815	Поле 912 не содержит кода подполя.
rsl03_z00.dat	001205074	1205104	1205103	1020442433	20	337	23	1020444094				815	Поле 337 не содержит кода подполя.
rsl03_z00.dat	001205075	1205105	1205104	1020444123	7	041	9	1020444391				816	Поле 041 не содержит кода подполя.
rsl03_z00.dat	001205075	1205105	1205104	1020444123	11	260	13	1020444547				816	Поле 260 не содержит кода подполя.
rsl03_z00.dat	001205075	1205105	1205104	1020444123	12	300	14	1020444580				816	Поле 300 не содержит кода подполя.
rsl03_z00.dat	001205075	1205105	1205104	1020444123	15	650	17	1020445238				816	Поле 650 не содержит кода подполя.
rsl03_z00.dat	001205075	1205105	1205104	1020444123	16	700	18	1020445299				816	Поле 700 не содержит кода подполя.
rsl03_z00.dat	001205075	1205105	1205104	1020444123	17	912	19	1020445335				816	Поле 912 не содержит кода подполя.
rsl03_z00.dat	001205075	1205105	1205104	1020444123	18	336	21	1020445407				816	Поле 336 не содержит кода подполя.
rsl03_z00.dat	001205076	1205106	1205105	1020445466	7	041	9	1020445733				817	Поле 041 не содержит кода подполя.
rsl03_z00.dat	001205076	1205106	1205105	1020445466	11	260	13	1020445938				817	Поле 260 не содержит кода подполя.
rsl03_z00.dat	001205076	1205106	1205105	1020445466	12	300	14	1020445972				817	Поле 300 не содержит кода подполя.
rsl03_z00.dat	001205076	1205106	1205105	1020445466	17	600	19	1020446972				817	Поле 600 не содержит кода подполя.
rsl03_z00.dat	001205076	1205106	1205105	1020445466	18	650	20	1020447021				817	Поле 650 не содержит кода подполя.
rsl03_z00.dat	001205076	1205106	1205105	1020445466	19	650	21	1020447071				817	Поле 650 не содержит кода подполя.
rsl03_z00.dat	001205076	1205106	1205105	1020445466	20	912	22	1020447151				817	Поле 912 не содержит кода подполя.
rsl03_z00.dat	001205076	1205106	1205105	1020445466	21	336	24	1020447222				817	Поле 336 не содержит кода подполя.
rsl03_z00.dat	001205077	1205107	1205106	1020447281	7	041	9	1020447549				818	Поле 041 не содержит кода подполя.
rsl03_z00.dat	001205077	1205107	1205106	1020447281	11	260	13	1020447719				818	Поле 260 не содержит кода подполя.
rsl03_z00.dat	001205077	1205107	1205106	1020447281	16	912	18	1020448278				818	Поле 912 не содержит кода подполя.
rsl03_z00.dat	001205078	1205108	1205107	1020448409	7	041	9	1020448675				819	Поле 041 не содержит кода подполя.
rsl03_z00.dat	001205078	1205108	1205107	1020448409	11	260	13	1020448852				819	Поле 260 не содержит кода подполя.
rsl03_z00.dat	001205078	1205108	1205107	1020448409	14	555	16	1020449174				819	Поле 555 не содержит кода подполя.
rsl03_z00.dat	001205078	1205108	1205107	1020448409	15	600	17	1020449213				819	Поле 600 не содержит кода подполя.
rsl03_z00.dat	001205078	1205108	1205107	1020448409	16	650	18	1020449242				819	Поле 650 не содержит кода подполя.
rsl03_z00.dat	001205078	1205108	1205107	1020448409	17	650	19	1020449278				819	Поле 650 не содержит кода подполя.
rsl03_z00.dat	001205078	1205108	1205107	1020448409	18	650	20	1020449312				819	Поле 650 не содержит кода подполя.
rsl03_z00.dat	001205078	1205108	1205107	1020448409	19	912	21	1020449343				819	Поле 912 не содержит кода подполя.
rsl03_z00.dat	001205078	1205108	1205107	1020448409	21	337	24	1020449446				819	Поле 337 не содержит кода подполя.
rsl03_z00.dat	001236133	1236163	1236162	1086088742	6	022	8	1086088980				822	Поле 022 не содержит кода подполя.
rsl03_z00.dat	001429730	1362507	1362506	1357219297	12	260	14	1357219745				835	Поле 260 не содержит кода подполя.
rsl03_z00.dat	001469896	1469897	1469896	1608099271	5	022	7	1608099485				846	Поле 022 не содержит кода подполя.
rsl03_z00.dat	001469897	1469898	1469897	1608100836	6	022	8	1608101095				847	Поле 022 не содержит кода подполя.
rsl03_z00.dat	001469914	1469915	1469914	1608142370	5	022	7	1608142584				848	Поле 022 не содержит кода подполя.
rsl03_z00.dat	001469915	1469916	1469915	1608143775	6	022	8	1608144034				849	Поле 022 не содержит кода подполя.
rsl03_z00.dat	001469965	1469966	1469965	1608250533	6	022	8	1608250771				850	Поле 022 не содержит кода подполя.
rsl03_z00.dat	001718053	1718053	1718052	2188812686	11	111	13	2188813052				853	Поле 111 не содержит кода подполя.
rsl03_z00.dat	001720681	1718055	1718054	2188817273	11	111	13	2188817604				854	Поле 111 не содержит кода подполя.
rsl03_z00.dat	001720682	1718056	1718055	2188818200	11	111	13	2188818527				855	Поле 111 не содержит кода подполя.
rsl03_z00.dat	001720683	1718057	1718056	2188818947	11	111	13	2188819274				856	Поле 111 не содержит кода подполя.
rsl03_z00.dat	001718496	1718501	1718500	2189901395	12	111	14	2189901835				857	Поле 111 не содержит кода подполя.
rsl03_z00.dat	001720684	1718502	1718501	2189904481	11	111	13	2189904827				858	Поле 111 не содержит кода подполя.
rsl03_z00.dat	001719093	1719099	1719098	2191268605	14	111	16	2191269102				859	Поле 111 не содержит кода подполя.
rsl03_z00.dat	001719095	1719101	1719100	2191273599	12	111	14	2191274059				860	Поле 111 не содержит кода подполя.
rsl03_z00.dat	001719280	1719286	1719285	2191705085	11	111	13	2191705456				861	Поле 111 не содержит кода подполя.
rsl03_z00.dat	001720685	1719288	1719287	2191710014	11	111	13	2191710345				862	Поле 111 не содержит кода подполя.
rsl03_z00.dat	001720686	1719289	1719288	2191710942	11	111	13	2191711273				863	Поле 111 не содержит кода подполя.
rsl03_z00.dat	001719709	1719720	1719719	2192709643	11	111	13	2192710038				864	Поле 111 не содержит кода подполя.
rsl03_z00.dat	001719785	1719796	1719795	2192896733	12	111	14	2192897161				865	Поле 111 не содержит кода подполя.
rsl03_z00.dat	001719786	1719797	1719796	2192898121	11	111	13	2192898473				866	Поле 111 не содержит кода подполя.
rsl03_z00.dat	001719788	1719799	1719798	2192901434	12	111	14	2192901840				867	Поле 111 не содержит кода подполя.
rsl03_z00.dat	001719789	1719800	1719799	2192903564	12	111	14	2192903970				868	Поле 111 не содержит кода подполя.
rsl03_z00.dat	001719790	1719801	1719800	2192905716	11	111	13	2192906070				869	Поле 111 не содержит кода подполя.
rsl03_z00.dat	001719792	1719803	1719802	2192909153	12	111	14	2192909574				870	Поле 111 не содержит кода подполя.
rsl03_z00.dat	001719793	1719804	1719803	2192911063	11	111	13	2192911458				871	Поле 111 не содержит кода подполя.
rsl03_z00.dat	001719795	1719806	1719805	2192913750	12	111	14	2192914184				872	Поле 111 не содержит кода подполя.
rsl03_z00.dat	001719796	1719807	1719806	2192915763	11	111	13	2192916158				873	Поле 111 не содержит кода подполя.
rsl03_z00.dat	001719798	1719809	1719808	2192918449	11	111	13	2192918850				874	Поле 111 не содержит кода подполя.
rsl03_z00.dat	001719800	1719811	1719810	2192921155	12	111	14	2192921577				875	Поле 111 не содержит кода подполя.
rsl03_z00.dat	001719801	1719812	1719811	2192924242	12	111	14	2192924680				876	Поле 111 не содержит кода подполя.
rsl03_z00.dat	001719802	1719813	1719812	2192926422	12	111	14	2192926859				877	Поле 111 не содержит кода подполя.
rsl03_z00.dat	001719803	1719814	1719813	2192929331	12	111	14	2192929766				878	Поле 111 не содержит кода подполя.
rsl03_z00.dat	001719804	1719815	1719814	2192932433	12	111	14	2192932866				879	Поле 111 не содержит кода подполя.
rsl03_z00.dat	001719805	1719816	1719815	2192935369	11	111	13	2192935716				880	Поле 111 не содержит кода подполя.
rsl03_z00.dat	001719806	1719817	1719816	2192937989	13	111	15	2192938489				881	Поле 111 не содержит кода подполя.
rsl03_z00.dat	001719807	1719818	1719817	2192941433	10	111	12	2192941777				882	Поле 111 не содержит кода подполя.
rsl03_z00.dat	001719809	1719820	1719819	2192944864	12	111	14	2192945277				883	Поле 111 не содержит кода подполя.
rsl03_z00.dat	001719810	1719821	1719820	2192946510	12	111	14	2192946936				884	Поле 111 не содержит кода подполя.
rsl03_z00.dat	001719811	1719822	1719821	2192948188	12	111	14	2192948632				885	Поле 111 не содержит кода подполя.
rsl03_z00.dat	001719812	1719823	1719822	2192951234	12	111	14	2192951647				886	Поле 111 не содержит кода подполя.
rsl03_z00.dat	001719813	1719824	1719823	2192954358	12	111	14	2192954762				887	Поле 111 не содержит кода подполя.
rsl03_z00.dat	001719814	1719825	1719824	2192957048	12	111	14	2192957490				888	Поле 111 не содержит кода подполя.
rsl03_z00.dat	001719815	1719826	1719825	2192959750	12	111	14	2192960157				889	Поле 111 не содержит кода подполя.
rsl03_z00.dat	001719816	1719827	1719826	2192961521	12	111	14	2192961952				890	Поле 111 не содержит кода подполя.
rsl03_z00.dat	001719817	1719828	1719827	2192964058	12	111	14	2192964475				891	Поле 111 не содержит кода подполя.
rsl03_z00.dat	001719818	1719829	1719828	2192967182	12	111	14	2192967604				892	Поле 111 не содержит кода подполя.
rsl03_z00.dat	001719819	1719830	1719829	2192969227	12	111	14	2192969659				893	Поле 111 не содержит кода подполя.
rsl03_z00.dat	001719820	1719831	1719830	2192971933	12	111	14	2192972350				894	Поле 111 не содержит кода подполя.
rsl03_z00.dat	001719821	1719832	1719831	2192974240	11	111	13	2192974594				895	Поле 111 не содержит кода подполя.
rsl03_z00.dat	001719822	1719833	1719832	2192978246	11	111	13	2192978610				896	Поле 111 не содержит кода подполя.
rsl03_z00.dat	001719823	1719834	1719833	2192982339	11	111	13	2192982679				897	Поле 111 не содержит кода подполя.
rsl03_z00.dat	001719825	1719836	1719835	2192987104	12	111	14	2192987544				898	Поле 111 не содержит кода подполя.
rsl03_z00.dat	001719826	1719837	1719836	2192990524	12	111	14	2192990944				899	Поле 111 не содержит кода подполя.
rsl03_z00.dat	001719827	1719838	1719837	2192993913	12	111	14	2192994318				900	Поле 111 не содержит кода подполя.
rsl03_z00.dat	001719828	1719839	1719838	2192995379	12	111	14	2192995794				901	Поле 111 не содержит кода подполя.
rsl03_z00.dat	001719829	1719840	1719839	2192999277	11	111	13	2192999630				902	Поле 111 не содержит кода подполя.
rsl03_z00.dat	001719830	1719841	1719840	2193002767	12	111	14	2193003217				903	Поле 111 не содержит кода подполя.
rsl03_z00.dat	001719831	1719842	1719841	2193006006	11	111	13	2193006386				904	Поле 111 не содержит кода подполя.
rsl03_z00.dat	001719832	1719843	1719842	2193009473	11	111	13	2193009826				905	Поле 111 не содержит кода подполя.
rsl03_z00.dat	001719833	1719844	1719843	2193013592	12	111	14	2193014023				906	Поле 111 не содержит кода подполя.
rsl03_z00.dat	001719834	1719845	1719844	2193016449	11	111	13	2193016826				907	Поле 111 не содержит кода подполя.
rsl03_z00.dat	001719836	1719847	1719846	2193019409	11	111	13	2193019776				908	Поле 111 не содержит кода подполя.
rsl03_z00.dat	001719837	1719848	1719847	2193022374	10	111	12	2193022692				909	Поле 111 не содержит кода подполя.
rsl03_z00.dat	001719838	1719849	1719848	2193025722	10	111	12	2193026046				910	Поле 111 не содержит кода подполя.
rsl03_z00.dat	001719839	1719850	1719849	2193029452	12	111	14	2193029891				911	Поле 111 не содержит кода подполя.
rsl03_z00.dat	001719840	1719851	1719850	2193032458	11	111	13	2193032814				912	Поле 111 не содержит кода подполя.
rsl03_z00.dat	001719841	1719852	1719851	2193035562	11	111	13	2193036128				913	Поле 111 не содержит кода подполя.
rsl03_z00.dat	001719842	1719853	1719852	2193038428	11	111	13	2193038999				914	Поле 111 не содержит кода подполя.
rsl03_z00.dat	001719843	1719854	1719853	2193041312	12	111	14	2193041756				915	Поле 111 не содержит кода подполя.
rsl03_z00.dat	001719844	1719855	1719854	2193043764	12	111	14	2193044191				916	Поле 111 не содержит кода подполя.
rsl03_z00.dat	001719845	1719856	1719855	2193047277	12	111	14	2193047695				917	Поле 111 не содержит кода подполя.
rsl03_z00.dat	001719846	1719857	1719856	2193049147	12	111	14	2193049583				918	Поле 111 не содержит кода подполя.
rsl03_z00.dat	001719847	1719858	1719857	2193050594	12	111	14	2193051002				919	Поле 111 не содержит кода подполя.
rsl03_z00.dat	001719848	1719859	1719858	2193053567	12	111	14	2193053982				920	Поле 111 не содержит кода подполя.
rsl03_z00.dat	001719849	1719860	1719859	2193055409	12	111	14	2193055805				921	Поле 111 не содержит кода подполя.
rsl03_z00.dat	001719850	1719861	1719860	2193058217	12	111	14	2193058650				922	Поле 111 не содержит кода подполя.
rsl03_z00.dat	001719851	1719862	1719861	2193061863	12	111	14	2193062263				923	Поле 111 не содержит кода подполя.
rsl03_z00.dat	001719852	1719863	1719862	2193064155	12	111	14	2193064581				924	Поле 111 не содержит кода подполя.
rsl03_z00.dat	001719853	1719864	1719863	2193067967	11	111	13	2193068327				925	Поле 111 не содержит кода подполя.
rsl03_z00.dat	001719854	1719865	1719864	2193072063	11	111	13	2193072417				926	Поле 111 не содержит кода подполя.
rsl03_z00.dat	001719855	1719866	1719865	2193075300	12	111	14	2193075736				927	Поле 111 не содержит кода подполя.
rsl03_z00.dat	001719856	1719867	1719866	2193078618	12	111	14	2193079053				928	Поле 111 не содержит кода подполя.
rsl03_z00.dat	001719857	1719868	1719867	2193081723	12	111	14	2193082157				929	Поле 111 не содержит кода подполя.
rsl03_z00.dat	001719858	1719869	1719868	2193085660	12	111	14	2193086073				930	Поле 111 не содержит кода подполя.
rsl03_z00.dat	001719859	1719870	1719869	2193088153	12	111	14	2193088588				931	Поле 111 не содержит кода подполя.
rsl03_z00.dat	001719860	1719871	1719870	2193091130	12	111	14	2193091543				932	Поле 111 не содержит кода подполя.
rsl03_z00.dat	001719861	1719872	1719871	2193093455	11	111	13	2193093812				933	Поле 111 не содержит кода подполя.
rsl03_z00.dat	001719862	1719873	1719872	2193096691	10	111	12	2193097004				934	Поле 111 не содержит кода подполя.
rsl03_z00.dat	001719864	1719875	1719874	2193099718	12	111	14	2193100140				935	Поле 111 не содержит кода подполя.
rsl03_z00.dat	001719865	1719876	1719875	2193101719	12	111	14	2193102112				936	Поле 111 не содержит кода подполя.
rsl03_z00.dat	001719866	1719877	1719876	2193104594	12	111	14	2193105011				937	Поле 111 не содержит кода подполя.
rsl03_z00.dat	001719867	1719878	1719877	2193107959	11	111	13	2193108288				938	Поле 111 не содержит кода подполя.
rsl03_z00.dat	001719869	1719880	1719879	2193111338	12	111	14	2193111772				939	Поле 111 не содержит кода подполя.
rsl03_z00.dat	001719870	1719881	1719880	2193114060	10	111	12	2193114401				940	Поле 111 не содержит кода подполя.
rsl03_z00.dat	001719872	1719883	1719882	2193118411	10	111	12	2193118719				941	Поле 111 не содержит кода подполя.
rsl03_z00.dat	001719874	1719885	1719884	2193122260	12	111	14	2193122702				942	Поле 111 не содержит кода подполя.
rsl03_z00.dat	001719875	1719886	1719885	2193125693	11	111	13	2193126047				943	Поле 111 не содержит кода подполя.
rsl03_z00.dat	001719876	1719887	1719886	2193128800	12	111	14	2193129239				944	Поле 111 не содержит кода подполя.
rsl03_z00.dat	001719877	1719888	1719887	2193132520	12	111	14	2193132944				945	Поле 111 не содержит кода подполя.
rsl03_z00.dat	001719878	1719889	1719888	2193135179	12	111	14	2193135637				946	Поле 111 не содержит кода подполя.
rsl03_z00.dat	001719879	1719890	1719889	2193138704	12	111	14	2193139131				947	Поле 111 не содержит кода подполя.
rsl03_z00.dat	001719880	1719891	1719890	2193142385	11	111	13	2193142757				948	Поле 111 не содержит кода подполя.
rsl03_z00.dat	001719881	1719892	1719891	2193145941	11	111	13	2193146308				949	Поле 111 не содержит кода подполя.
rsl03_z00.dat	001719882	1719893	1719892	2193149788	12	111	14	2193150203				950	Поле 111 не содержит кода подполя.
rsl03_z00.dat	001719883	1719894	1719893	2193153021	12	111	14	2193153440				951	Поле 111 не содержит кода подполя.
rsl03_z00.dat	001719884	1719895	1719894	2193156286	11	111	13	2193156643				952	Поле 111 не содержит кода подполя.
rsl03_z00.dat	001719885	1719896	1719895	2193160545	12	111	14	2193160970				953	Поле 111 не содержит кода подполя.
rsl03_z00.dat	001719886	1719897	1719896	2193163106	11	111	13	2193163473				954	Поле 111 не содержит кода подполя.
rsl03_z00.dat	001719887	1719898	1719897	2193166579	12	111	14	2193167016				955	Поле 111 не содержит кода подполя.
rsl03_z00.dat	001719888	1719899	1719898	2193169617	11	111	13	2193169979				956	Поле 111 не содержит кода подполя.
rsl03_z00.dat	001719889	1719900	1719899	2193171943	12	111	14	2193172373				957	Поле 111 не содержит кода подполя.
rsl03_z00.dat	001719890	1719901	1719900	2193174113	12	111	14	2193174558				958	Поле 111 не содержит кода подполя.
rsl03_z00.dat	001719891	1719902	1719901	2193176224	11	111	13	2193176579				959	Поле 111 не содержит кода подполя.
rsl03_z00.dat	001719892	1719903	1719902	2193180014	12	111	14	2193180409				960	Поле 111 не содержит кода подполя.
rsl03_z00.dat	001719893	1719904	1719903	2193182180	12	111	14	2193182587				961	Поле 111 не содержит кода подполя.
rsl03_z00.dat	001719894	1719905	1719904	2193185269	11	111	13	2193185616				962	Поле 111 не содержит кода подполя.
rsl03_z00.dat	001719895	1719906	1719905	2193188756	10	111	12	2193189067				963	Поле 111 не содержит кода подполя.
rsl03_z00.dat	001719897	1719908	1719907	2193192366	12	111	14	2193192762				964	Поле 111 не содержит кода подполя.
rsl03_z00.dat	001719898	1719909	1719908	2193194543	12	111	14	2193194940				965	Поле 111 не содержит кода подполя.
rsl03_z00.dat	001719899	1719910	1719909	2193197132	12	111	14	2193197574				966	Поле 111 не содержит кода подполя.
rsl03_z00.dat	001719900	1719911	1719910	2193199388	12	111	14	2193199798				967	Поле 111 не содержит кода подполя.
rsl03_z00.dat	001719901	1719912	1719911	2193200682	12	111	14	2193201102				968	Поле 111 не содержит кода подполя.
rsl03_z00.dat	001719902	1719913	1719912	2193202049	11	111	13	2193202393				969	Поле 111 не содержит кода подполя.
rsl03_z00.dat	001719903	1719914	1719913	2193205190	11	111	13	2193205547				970	Поле 111 не содержит кода подполя.
rsl03_z00.dat	001719905	1719916	1719915	2193209057	12	111	14	2193209506				971	Поле 111 не содержит кода подполя.
rsl03_z00.dat	001719906	1719917	1719916	2193211194	13	111	15	2193211657				972	Поле 111 не содержит кода подполя.
rsl03_z00.dat	001719907	1719918	1719917	2193213020	12	111	14	2193213466				973	Поле 111 не содержит кода подполя.
rsl03_z00.dat	001719908	1719919	1719918	2193215060	12	111	14	2193215457				974	Поле 111 не содержит кода подполя.
rsl03_z00.dat	001719910	1719921	1719920	2193219290	12	111	14	2193219742				975	Поле 111 не содержит кода подполя.
rsl03_z00.dat	001719911	1719922	1719921	2193221216	11	111	13	2193221562				976	Поле 111 не содержит кода подполя.
rsl03_z00.dat	001719912	1719923	1719922	2193224843	12	111	14	2193225264				977	Поле 111 не содержит кода подполя.
rsl03_z00.dat	001719913	1719924	1719923	2193226217	11	111	13	2193226584				978	Поле 111 не содержит кода подполя.
rsl03_z00.dat	001719914	1719925	1719924	2193228681	12	111	14	2193229106				979	Поле 111 не содержит кода подполя.
rsl03_z00.dat	001719915	1719926	1719925	2193230566	12	111	14	2193230989				980	Поле 111 не содержит кода подполя.
rsl03_z00.dat	001719916	1719927	1719926	2193231754	11	111	13	2193232124				981	Поле 111 не содержит кода подполя.
rsl03_z00.dat	001719918	1719929	1719928	2193235391	12	111	14	2193235788				982	Поле 111 не содержит кода подполя.
rsl03_z00.dat	001719919	1719930	1719929	2193236868	12	111	14	2193237294				983	Поле 111 не содержит кода подполя.
rsl03_z00.dat	001719920	1719931	1719930	2193239026	12	111	14	2193239433				984	Поле 111 не содержит кода подполя.
rsl03_z00.dat	001719921	1719932	1719931	2193241105	12	111	14	2193241562				985	Поле 111 не содержит кода подполя.
rsl03_z00.dat	001719922	1719933	1719932	2193243150	12	111	14	2193243603				986	Поле 111 не содержит кода подполя.
rsl03_z00.dat	001719923	1719934	1719933	2193246119	12	111	14	2193246547				987	Поле 111 не содержит кода подполя.
rsl03_z00.dat	001719924	1719935	1719934	2193247963	12	111	14	2193248389				988	Поле 111 не содержит кода подполя.
rsl03_z00.dat	001719925	1719936	1719935	2193250718	12	111	14	2193251177				989	Поле 111 не содержит кода подполя.
rsl03_z00.dat	001719926	1719937	1719936	2193253257	12	111	14	2193253703				990	Поле 111 не содержит кода подполя.
rsl03_z00.dat	001719927	1719938	1719937	2193255089	12	111	14	2193255515				991	Поле 111 не содержит кода подполя.
rsl03_z00.dat	001719928	1719939	1719938	2193257330	13	111	15	2193257782				992	Поле 111 не содержит кода подполя.
rsl03_z00.dat	001719929	1719940	1719939	2193259776	11	111	13	2193260150				993	Поле 111 не содержит кода подполя.
rsl03_z00.dat	001719930	1719941	1719940	2193263129	12	111	14	2193263559				994	Поле 111 не содержит кода подполя.
rsl03_z00.dat	001719931	1719942	1719941	2193266274	11	111	13	2193266623				995	Поле 111 не содержит кода подполя.
rsl03_z00.dat	001719932	1719943	1719942	2193270126	12	111	14	2193270546				996	Поле 111 не содержит кода подполя.
rsl03_z00.dat	001719933	1719944	1719943	2193273189	12	111	14	2193273626				997	Поле 111 не содержит кода подполя.
rsl03_z00.dat	001719934	1719945	1719944	2193275120	11	111	13	2193275482				998	Поле 111 не содержит кода подполя.
rsl03_z00.dat	001719935	1719946	1719945	2193279619	12	111	14	2193280050				999	Поле 111 не содержит кода подполя.
rsl03_z00.dat	001719936	1719947	1719946	2193282455	11	111	13	2193282811				1000	Поле 111 не содержит кода подполя.
rsl03_z00.dat	001719937	1719948	1719947	2193286908	11	111	13	2193287260				1001	Поле 111 не содержит кода подполя.
rsl03_z00.dat	001719938	1719949	1719948	2193291334	12	111	14	2193291768				1002	Поле 111 не содержит кода подполя.
rsl03_z00.dat	001719939	1719950	1719949	2193294010	12	111	14	2193294436				1003	Поле 111 не содержит кода подполя.
rsl03_z00.dat	001719940	1719951	1719950	2193296904	10	111	12	2193297219				1004	Поле 111 не содержит кода подполя.
rsl03_z00.dat	001719942	1719953	1719952	2193300724	11	111	13	2193301082				1005	Поле 111 не содержит кода подполя.
rsl03_z00.dat	001719943	1719954	1719953	2193303783	12	111	14	2193304201				1006	Поле 111 не содержит кода подполя.
rsl03_z00.dat	001719944	1719955	1719954	2193307396	11	111	13	2193307755				1007	Поле 111 не содержит кода подполя.
rsl03_z00.dat	001719945	1719956	1719955	2193310708	12	111	14	2193311124				1008	Поле 111 не содержит кода подполя.
rsl03_z00.dat	001719946	1719957	1719956	2193313877	11	111	13	2193314232				1009	Поле 111 не содержит кода подполя.
rsl03_z00.dat	001719947	1719958	1719957	2193317889	11	111	13	2193318271				1010	Поле 111 не содержит кода подполя.
rsl03_z00.dat	001719949	1719960	1719959	2193321454	11	111	13	2193321828				1011	Поле 111 не содержит кода подполя.
rsl03_z00.dat	001719950	1719961	1719960	2193323816	11	111	13	2193324172				1012	Поле 111 не содержит кода подполя.
rsl03_z00.dat	001719951	1719962	1719961	2193326311	11	111	13	2193326666				1013	Поле 111 не содержит кода подполя.
rsl03_z00.dat	001719953	1719964	1719963	2193330614	12	111	14	2193331031				1014	Поле 111 не содержит кода подполя.
rsl03_z00.dat	001719954	1719965	1719964	2193333255	12	111	14	2193333673				1015	Поле 111 не содержит кода подполя.
rsl03_z00.dat	001719955	1719966	1719965	2193335469	11	111	13	2193335806				1016	Поле 111 не содержит кода подполя.
rsl03_z00.dat	001719957	1719968	1719967	2193340134	11	111	13	2193340471				1017	Поле 111 не содержит кода подполя.
rsl03_z00.dat	001719959	1719970	1719969	2193344799	11	111	13	2193345136				1018	Поле 111 не содержит кода подполя.
rsl03_z00.dat	001719961	1719972	1719971	2193349464	11	111	13	2193349801				1019	Поле 111 не содержит кода подполя.
rsl03_z00.dat	001719963	1719974	1719973	2193354129	12	111	14	2193354563				1020	Поле 111 не содержит кода подполя.
rsl03_z00.dat	001719964	1719975	1719974	2193356035	12	111	14	2193356441				1021	Поле 111 не содержит кода подполя.
rsl03_z00.dat	001719965	1719976	1719975	2193358537	11	111	13	2193358893				1022	Поле 111 не содержит кода подполя.
rsl03_z00.dat	001719966	1719977	1719976	2193361663	11	111	13	2193362046				1023	Поле 111 не содержит кода подполя.
rsl03_z00.dat	001719967	1719978	1719977	2193364791	11	111	13	2193365148				1024	Поле 111 не содержит кода подполя.
rsl03_z00.dat	001719968	1719979	1719978	2193368429	13	111	15	2193368954				1025	Поле 111 не содержит кода подполя.
rsl03_z00.dat	001719969	1719980	1719979	2193371697	13	111	15	2193372211				1026	Поле 111 не содержит кода подполя.
rsl03_z00.dat	001719970	1719981	1719980	2193375230	13	111	15	2193375744				1027	Поле 111 не содержит кода подполя.
rsl03_z00.dat	001719971	1719982	1719981	2193378588	12	111	14	2193379045				1028	Поле 111 не содержит кода подполя.
rsl03_z00.dat	001719972	1719983	1719982	2193382095	13	111	15	2193382609				1029	Поле 111 не содержит кода подполя.
rsl03_z00.dat	001719973	1719984	1719983	2193385444	13	111	15	2193385923				1030	Поле 111 не содержит кода подполя.
rsl03_z00.dat	001719974	1719985	1719984	2193388234	13	111	15	2193388723				1031	Поле 111 не содержит кода подполя.
rsl03_z00.dat	001719975	1719986	1719985	2193391535	12	111	14	2193391958				1032	Поле 111 не содержит кода подполя.
rsl03_z00.dat	001719976	1719987	1719986	2193394362	12	111	14	2193394789				1033	Поле 111 не содержит кода подполя.
rsl03_z00.dat	001719977	1719988	1719987	2193397524	11	111	13	2193397886				1034	Поле 111 не содержит кода подполя.
rsl03_z00.dat	001719978	1719989	1719988	2193399764	11	111	13	2193400151				1035	Поле 111 не содержит кода подполя.
rsl03_z00.dat	001719979	1719990	1719989	2193401741	11	111	13	2193402088				1036	Поле 111 не содержит кода подполя.
rsl03_z00.dat	001719980	1719991	1719990	2193404996	11	111	13	2193405348				1037	Поле 111 не содержит кода подполя.
rsl03_z00.dat	001719981	1719992	1719991	2193408315	11	111	13	2193408653				1038	Поле 111 не содержит кода подполя.
rsl03_z00.dat	001719982	1719993	1719992	2193412330	11	111	13	2193412663				1039	Поле 111 не содержит кода подполя.
rsl03_z00.dat	001719984	1719995	1719994	2193417054	12	111	14	2193417461				1040	Поле 111 не содержит кода подполя.
rsl03_z00.dat	001719985	1719996	1719995	2193418881	12	111	14	2193419305				1041	Поле 111 не содержит кода подполя.
rsl03_z00.dat	001719986	1719997	1719996	2193421462	12	111	14	2193421897				1042	Поле 111 не содержит кода подполя.
rsl03_z00.dat	001719987	1719998	1719997	2193423397	12	111	14	2193423813				1043	Поле 111 не содержит кода подполя.
rsl03_z00.dat	001719988	1719999	1719998	2193425608	12	111	14	2193426013				1044	Поле 111 не содержит кода подполя.
rsl03_z00.dat	001719989	1720000	1719999	2193428429	11	111	13	2193428784				1045	Поле 111 не содержит кода подполя.
rsl03_z00.dat	001719990	1720001	1720000	2193431501	12	111	14	2193431925				1046	Поле 111 не содержит кода подполя.
rsl03_z00.dat	001719991	1720002	1720001	2193433017	12	111	14	2193433433				1047	Поле 111 не содержит кода подполя.
rsl03_z00.dat	001719992	1720003	1720002	2193434001	12	111	14	2193434414				1048	Поле 111 не содержит кода подполя.
rsl03_z00.dat	001719993	1720004	1720003	2193436591	11	111	13	2193436952				1049	Поле 111 не содержит кода подполя.
rsl03_z00.dat	001719994	1720005	1720004	2193438729	12	111	14	2193439142				1050	Поле 111 не содержит кода подполя.
rsl03_z00.dat	001719995	1720006	1720005	2193440576	12	111	14	2193440996				1051	Поле 111 не содержит кода подполя.
rsl03_z00.dat	001719996	1720007	1720006	2193443295	11	111	13	2193443674				1052	Поле 111 не содержит кода подполя.
rsl03_z00.dat	001719997	1720008	1720007	2193445954	12	111	14	2193446386				1053	Поле 111 не содержит кода подполя.
rsl03_z00.dat	001719998	1720009	1720008	2193448300	12	111	14	2193448718				1054	Поле 111 не содержит кода подполя.
rsl03_z00.dat	001719999	1720010	1720009	2193449948	11	111	13	2193450303				1055	Поле 111 не содержит кода подполя.
rsl03_z00.dat	001720000	1720011	1720010	2193452977	12	111	14	2193453388				1056	Поле 111 не содержит кода подполя.
rsl03_z00.dat	001720001	1720012	1720011	2193455986	12	111	14	2193456403				1057	Поле 111 не содержит кода подполя.
rsl03_z00.dat	001720002	1720013	1720012	2193458668	12	111	14	2193459083				1058	Поле 111 не содержит кода подполя.
rsl03_z00.dat	001720003	1720014	1720013	2193461278	12	111	14	2193461694				1059	Поле 111 не содержит кода подполя.
rsl03_z00.dat	001720004	1720015	1720014	2193464730	12	111	14	2193465157				1060	Поле 111 не содержит кода подполя.
rsl03_z00.dat	001720005	1720016	1720015	2193467672	11	111	13	2193468028				1061	Поле 111 не содержит кода подполя.
rsl03_z00.dat	001720006	1720017	1720016	2193471784	12	111	14	2193472206				1062	Поле 111 не содержит кода подполя.
rsl03_z00.dat	001720007	1720018	1720017	2193474996	12	111	14	2193475438				1063	Поле 111 не содержит кода подполя.
rsl03_z00.dat	001720008	1720019	1720018	2193477735	12	111	14	2193478157				1064	Поле 111 не содержит кода подполя.
rsl03_z00.dat	001720009	1720020	1720019	2193480364	12	111	14	2193480799				1065	Поле 111 не содержит кода подполя.
rsl03_z00.dat	001720010	1720021	1720020	2193483028	11	111	13	2193483385				1066	Поле 111 не содержит кода подполя.
rsl03_z00.dat	001720012	1720023	1720022	2193486493	12	111	14	2193486912				1067	Поле 111 не содержит кода подполя.
rsl03_z00.dat	001720013	1720024	1720023	2193488212	10	111	12	2193488534				1068	Поле 111 не содержит кода подполя.
rsl03_z00.dat	001720014	1720025	1720024	2193490881	12	111	14	2193491304				1069	Поле 111 не содержит кода подполя.
rsl03_z00.dat	001720015	1720026	1720025	2193492133	11	111	13	2193492491				1070	Поле 111 не содержит кода подполя.
rsl03_z00.dat	001720017	1720028	1720027	2193494768	12	111	14	2193495172				1071	Поле 111 не содержит кода подполя.
rsl03_z00.dat	001720018	1720029	1720028	2193496162	12	111	14	2193496577				1072	Поле 111 не содержит кода подполя.
rsl03_z00.dat	001720019	1720030	1720029	2193498470	12	111	14	2193498905				1073	Поле 111 не содержит кода подполя.
rsl03_z00.dat	001720020	1720031	1720030	2193500027	12	111	14	2193500457				1074	Поле 111 не содержит кода подполя.
rsl03_z00.dat	001720021	1720032	1720031	2193502539	12	111	14	2193502956				1075	Поле 111 не содержит кода подполя.
rsl03_z00.dat	001720022	1720033	1720032	2193504003	12	111	14	2193504444				1076	Поле 111 не содержит кода подполя.
rsl03_z00.dat	001720023	1720034	1720033	2193506529	11	111	13	2193506904				1077	Поле 111 не содержит кода подполя.
rsl03_z00.dat	001720024	1720035	1720034	2193510008	12	111	14	2193510422				1078	Поле 111 не содержит кода подполя.
rsl03_z00.dat	001720223	1720036	1720035	2193511671	12	111	14	2193512079				1079	Поле 111 не содержит кода подполя.
rsl03_z00.dat	001720025	1720037	1720036	2193513704	12	111	14	2193514151				1080	Поле 111 не содержит кода подполя.
rsl03_z00.dat	001720026	1720038	1720037	2193515932	12	111	14	2193516357				1081	Поле 111 не содержит кода подполя.
rsl03_z00.dat	001720027	1720039	1720038	2193518017	12	111	14	2193518441				1082	Поле 111 не содержит кода подполя.
rsl03_z00.dat	001720028	1720040	1720039	2193519846	12	111	14	2193520253				1083	Поле 111 не содержит кода подполя.
rsl03_z00.dat	001720029	1720041	1720040	2193522552	12	111	14	2193522966				1084	Поле 111 не содержит кода подполя.
rsl03_z00.dat	001720030	1720042	1720041	2193523789	12	111	14	2193524213				1085	Поле 111 не содержит кода подполя.
rsl03_z00.dat	001720031	1720043	1720042	2193524731	12	111	14	2193525139				1086	Поле 111 не содержит кода подполя.
rsl03_z00.dat	001720032	1720044	1720043	2193525991	12	111	14	2193526403				1087	Поле 111 не содержит кода подполя.
rsl03_z00.dat	001720033	1720045	1720044	2193529536	10	111	12	2193529844				1088	Поле 111 не содержит кода подполя.
rsl03_z00.dat	001720035	1720047	1720046	2193533735	11	111	13	2193534092				1089	Поле 111 не содержит кода подполя.
rsl03_z00.dat	001720036	1720048	1720047	2193536785	11	111	13	2193537138				1090	Поле 111 не содержит кода подполя.
rsl03_z00.dat	001720037	1720049	1720048	2193539672	12	111	14	2193540102				1091	Поле 111 не содержит кода подполя.
rsl03_z00.dat	001720038	1720050	1720049	2193541935	11	111	13	2193542285				1092	Поле 111 не содержит кода подполя.
rsl03_z00.dat	001720039	1720051	1720050	2193544497	12	111	14	2193544896				1093	Поле 111 не содержит кода подполя.
rsl03_z00.dat	001720040	1720052	1720051	2193548055	13	111	15	2193548512				1094	Поле 111 не содержит кода подполя.
rsl03_z00.dat	001720041	1720053	1720052	2193551877	11	111	13	2193552238				1095	Поле 111 не содержит кода подполя.
rsl03_z00.dat	001720043	1720055	1720054	2193557820	11	111	13	2193558175				1096	Поле 111 не содержит кода подполя.
rsl03_z00.dat	001720044	1720056	1720055	2193560537	11	111	13	2193560891				1097	Поле 111 не содержит кода подполя.
rsl03_z00.dat	001720045	1720057	1720056	2193564751	12	111	14	2193565172				1098	Поле 111 не содержит кода подполя.
rsl03_z00.dat	001720046	1720058	1720057	2193566985	11	111	13	2193567340				1099	Поле 111 не содержит кода подполя.
rsl03_z00.dat	001720047	1720059	1720058	2193570750	12	111	14	2193571168				1100	Поле 111 не содержит кода подполя.
rsl03_z00.dat	001720048	1720060	1720059	2193573560	11	111	13	2193573935				1101	Поле 111 не содержит кода подполя.
rsl03_z00.dat	001720049	1720061	1720060	2193577226	11	111	13	2193577556				1102	Поле 111 не содержит кода подполя.
rsl03_z00.dat	001720051	1720063	1720062	2193581038	11	111	13	2193581369				1103	Поле 111 не содержит кода подполя.
rsl03_z00.dat	001720053	1720065	1720064	2193587066	10	111	12	2193587379				1104	Поле 111 не содержит кода подполя.
rsl03_z00.dat	001720054	1720066	1720065	2193590090	12	111	14	2193590513				1105	Поле 111 не содержит кода подполя.
rsl03_z00.dat	001720055	1720067	1720066	2193591203	12	111	14	2193591612				1106	Поле 111 не содержит кода подполя.
rsl03_z00.dat	001720056	1720068	1720067	2193593192	12	111	14	2193593611				1107	Поле 111 не содержит кода подполя.
rsl03_z00.dat	001720057	1720069	1720068	2193594788	12	111	14	2193595186				1108	Поле 111 не содержит кода подполя.
rsl03_z00.dat	001720058	1720070	1720069	2193596141	12	111	14	2193596586				1109	Поле 111 не содержит кода подполя.
rsl03_z00.dat	001720059	1720071	1720070	2193598719	12	111	14	2193599152				1110	Поле 111 не содержит кода подполя.
rsl03_z00.dat	001720060	1720072	1720071	2193600214	12	111	14	2193600619				1111	Поле 111 не содержит кода подполя.
rsl03_z00.dat	001720061	1720073	1720072	2193602931	12	111	14	2193603358				1112	Поле 111 не содержит кода подполя.
rsl03_z00.dat	001720062	1720074	1720073	2193605944	10	111	12	2193606259				1113	Поле 111 не содержит кода подполя.
rsl03_z00.dat	001720064	1720076	1720075	2193608723	10	111	12	2193609038				1114	Поле 111 не содержит кода подполя.
rsl03_z00.dat	001720066	1720078	1720077	2193611502	10	111	12	2193611817				1115	Поле 111 не содержит кода подполя.
rsl03_z00.dat	001720068	1720080	1720079	2193614281	14	111	16	2193614746				1116	Поле 111 не содержит кода подполя.
rsl03_z00.dat	001720069	1720081	1720080	2193616818	12	111	14	2193617239				1117	Поле 111 не содержит кода подполя.
rsl03_z00.dat	001720070	1720082	1720081	2193619782	12	111	14	2193620206				1118	Поле 111 не содержит кода подполя.
rsl03_z00.dat	001720071	1720083	1720082	2193621616	12	111	14	2193622004				1119	Поле 111 не содержит кода подполя.
rsl03_z00.dat	001720072	1720084	1720083	2193623119	11	111	13	2193623478				1120	Поле 111 не содержит кода подполя.
rsl03_z00.dat	001720073	1720085	1720084	2193625937	11	111	13	2193626287				1121	Поле 111 не содержит кода подполя.
rsl03_z00.dat	001720074	1720086	1720085	2193631964	12	111	14	2193632385				1122	Поле 111 не содержит кода подполя.
rsl03_z00.dat	001720075	1720087	1720086	2193633844	11	111	13	2193634187				1123	Поле 111 не содержит кода подполя.
rsl03_z00.dat	001720076	1720088	1720087	2193636636	10	111	12	2193636951				1124	Поле 111 не содержит кода подполя.
rsl03_z00.dat	001720078	1720090	1720089	2193639387	10	111	12	2193639702				1125	Поле 111 не содержит кода подполя.
rsl03_z00.dat	001720080	1720092	1720091	2193642076	10	111	12	2193642391				1126	Поле 111 не содержит кода подполя.
rsl03_z00.dat	001720082	1720094	1720093	2193644765	10	111	12	2193645078				1127	Поле 111 не содержит кода подполя.
rsl03_z00.dat	001720084	1720096	1720095	2193647813	12	111	14	2193648278				1128	Поле 111 не содержит кода подполя.
rsl03_z00.dat	001720085	1720097	1720096	2193649641	12	111	14	2193650061				1129	Поле 111 не содержит кода подполя.
rsl03_z00.dat	001720086	1720098	1720097	2193652085	12	111	14	2193652523				1130	Поле 111 не содержит кода подполя.
rsl03_z00.dat	001720087	1720099	1720098	2193653608	12	111	14	2193654056				1131	Поле 111 не содержит кода подполя.
rsl03_z00.dat	001720088	1720100	1720099	2193656407	11	111	13	2193656791				1132	Поле 111 не содержит кода подполя.
rsl03_z00.dat	001720090	1720102	1720101	2193659354	11	111	13	2193659723				1133	Поле 111 не содержит кода подполя.
rsl03_z00.dat	001720092	1720104	1720103	2193663674	12	111	14	2193664096				1134	Поле 111 не содержит кода подполя.
rsl03_z00.dat	001720093	1720105	1720104	2193665161	12	111	14	2193665568				1135	Поле 111 не содержит кода подполя.
rsl03_z00.dat	001720094	1720106	1720105	2193667788	11	111	13	2193668146				1136	Поле 111 не содержит кода подполя.
rsl03_z00.dat	001720095	1720107	1720106	2193671053	12	111	14	2193671495				1137	Поле 111 не содержит кода подполя.
rsl03_z00.dat	001720096	1720108	1720107	2193673009	10	111	12	2193673326				1138	Поле 111 не содержит кода подполя.
rsl03_z00.dat	001720098	1720110	1720109	2193676145	12	111	14	2193676574				1139	Поле 111 не содержит кода подполя.
rsl03_z00.dat	001720099	1720111	1720110	2193678610	10	111	12	2193678925				1140	Поле 111 не содержит кода подполя.
rsl03_z00.dat	001720101	1720113	1720112	2193681491	10	111	12	2193681808				1141	Поле 111 не содержит кода подполя.
rsl03_z00.dat	001720103	1720115	1720114	2193684249	10	111	12	2193684564				1142	Поле 111 не содержит кода подполя.
rsl03_z00.dat	001720105	1720117	1720116	2193687127	12	111	14	2193687558				1143	Поле 111 не содержит кода подполя.
rsl03_z00.dat	001720106	1720118	1720117	2193689211	12	111	14	2193689639				1144	Поле 111 не содержит кода подполя.
rsl03_z00.dat	001720107	1720119	1720118	2193691082	12	111	14	2193691509				1145	Поле 111 не содержит кода подполя.
rsl03_z00.dat	001720108	1720120	1720119	2193692746	12	111	14	2193693165				1146	Поле 111 не содержит кода подполя.
rsl03_z00.dat	001720109	1720121	1720120	2193694581	13	111	15	2193695047				1147	Поле 111 не содержит кода подполя.
rsl03_z00.dat	001720110	1720122	1720121	2193696709	12	111	14	2193697149				1148	Поле 111 не содержит кода подполя.
rsl03_z00.dat	001720111	1720123	1720122	2193699762	12	111	14	2193700194				1149	Поле 111 не содержит кода подполя.
rsl03_z00.dat	001720112	1720124	1720123	2193702409	12	111	14	2193702819				1150	Поле 111 не содержит кода подполя.
rsl03_z00.dat	001720113	1720125	1720124	2193704654	12	111	14	2193705062				1151	Поле 111 не содержит кода подполя.
rsl03_z00.dat	001720114	1720126	1720125	2193706753	12	111	14	2193707159				1152	Поле 111 не содержит кода подполя.
rsl03_z00.dat	001720115	1720127	1720126	2193709129	12	111	14	2193709540				1153	Поле 111 не содержит кода подполя.
rsl03_z00.dat	001720116	1720128	1720127	2193711568	12	111	14	2193711968				1154	Поле 111 не содержит кода подполя.
rsl03_z00.dat	001720117	1720129	1720128	2193713004	12	111	14	2193713402				1155	Поле 111 не содержит кода подполя.
rsl03_z00.dat	001720118	1720130	1720129	2193715486	12	111	14	2193715896				1156	Поле 111 не содержит кода подполя.
rsl03_z00.dat	001720119	1720131	1720130	2193718177	12	111	14	2193718624				1157	Поле 111 не содержит кода подполя.
rsl03_z00.dat	001720120	1720132	1720131	2193721989	11	111	13	2193722353				1158	Поле 111 не содержит кода подполя.
rsl03_z00.dat	001720121	1720133	1720132	2193725398	11	111	13	2193725778				1159	Поле 111 не содержит кода подполя.
rsl03_z00.dat	001720123	1720135	1720134	2193730839	11	111	13	2193731213				1160	Поле 111 не содержит кода подполя.
rsl03_z00.dat	001720124	1720136	1720135	2193733175	11	111	13	2193733555				1161	Поле 111 не содержит кода подполя.
rsl03_z00.dat	001720125	1720137	1720136	2193735869	11	111	13	2193736223				1162	Поле 111 не содержит кода подполя.
rsl03_z00.dat	001720126	1720138	1720137	2193739130	12	111	14	2193739558				1163	Поле 111 не содержит кода подполя.
rsl03_z00.dat	001720127	1720139	1720138	2193741132	12	111	14	2193741553				1164	Поле 111 не содержит кода подполя.
rsl03_z00.dat	001720128	1720140	1720139	2193744939	12	111	14	2193745363				1165	Поле 111 не содержит кода подполя.
rsl03_z00.dat	001720129	1720141	1720140	2193748725	11	111	13	2193749087				1166	Поле 111 не содержит кода подполя.
rsl03_z00.dat	001720130	1720142	1720141	2193752468	12	111	14	2193752927				1167	Поле 111 не содержит кода подполя.
rsl03_z00.dat	001720131	1720143	1720142	2193755757	12	111	14	2193756170				1168	Поле 111 не содержит кода подполя.
rsl03_z00.dat	001720132	1720144	1720143	2193758456	12	111	14	2193758876				1169	Поле 111 не содержит кода подполя.
rsl03_z00.dat	001720133	1720145	1720144	2193761382	12	111	14	2193761827				1170	Поле 111 не содержит кода подполя.
rsl03_z00.dat	001720134	1720146	1720145	2193764351	12	111	14	2193764782				1171	Поле 111 не содержит кода подполя.
rsl03_z00.dat	001720135	1720147	1720146	2193766498	12	111	14	2193766895				1172	Поле 111 не содержит кода подполя.
rsl03_z00.dat	001720136	1720148	1720147	2193768224	12	111	14	2193768640				1173	Поле 111 не содержит кода подполя.
rsl03_z00.dat	001720137	1720149	1720148	2193770641	12	111	14	2193771045				1174	Поле 111 не содержит кода подполя.
rsl03_z00.dat	001720139	1720151	1720150	2193773393	11	111	13	2193773754				1175	Поле 111 не содержит кода подполя.
rsl03_z00.dat	001720140	1720152	1720151	2193775389	12	111	14	2193775811				1176	Поле 111 не содержит кода подполя.
rsl03_z00.dat	001720141	1720153	1720152	2193776802	12	111	14	2193777206				1177	Поле 111 не содержит кода подполя.
rsl03_z00.dat	001720143	1720155	1720154	2193780145	12	111	14	2193780551				1178	Поле 111 не содержит кода подполя.
rsl03_z00.dat	001720145	1720157	1720156	2193783471	12	111	14	2193783898				1179	Поле 111 не содержит кода подполя.
rsl03_z00.dat	001720146	1720158	1720157	2193785385	11	111	13	2193785731				1180	Поле 111 не содержит кода подполя.
rsl03_z00.dat	001720147	1720159	1720158	2193787177	12	111	14	2193787601				1181	Поле 111 не содержит кода подполя.
rsl03_z00.dat	001720148	1720160	1720159	2193788700	12	111	14	2193789132				1182	Поле 111 не содержит кода подполя.
rsl03_z00.dat	001720149	1720161	1720160	2193791093	12	111	14	2193791508				1183	Поле 111 не содержит кода подполя.
rsl03_z00.dat	001720150	1720162	1720161	2193792916	12	111	14	2193793335				1184	Поле 111 не содержит кода подполя.
rsl03_z00.dat	001720151	1720163	1720162	2193793905	12	111	14	2193794342				1185	Поле 111 не содержит кода подполя.
rsl03_z00.dat	001720152	1720164	1720163	2193796280	12	111	14	2193796671				1186	Поле 111 не содержит кода подполя.
rsl03_z00.dat	001720153	1720165	1720164	2193798958	10	111	12	2193799273				1187	Поле 111 не содержит кода подполя.
rsl03_z00.dat	001720155	1720167	1720166	2193801737	10	111	12	2193802053				1188	Поле 111 не содержит кода подполя.
rsl03_z00.dat	001720157	1720169	1720168	2193804734	11	111	13	2193805101				1189	Поле 111 не содержит кода подполя.
rsl03_z00.dat	001720159	1720171	1720170	2193807604	11	111	13	2193807968				1190	Поле 111 не содержит кода подполя.
rsl03_z00.dat	001720160	1720172	1720171	2193811272	12	111	14	2193811663				1191	Поле 111 не содержит кода подполя.
rsl03_z00.dat	001720161	1720173	1720172	2193813821	12	111	14	2193814212				1192	Поле 111 не содержит кода подполя.
rsl03_z00.dat	001720162	1720174	1720173	2193816139	12	111	14	2193816528				1193	Поле 111 не содержит кода подполя.
rsl03_z00.dat	001720163	1720175	1720174	2193818649	12	111	14	2193819041				1194	Поле 111 не содержит кода подполя.
rsl03_z00.dat	001720164	1720176	1720175	2193820704	12	111	14	2193821107				1195	Поле 111 не содержит кода подполя.
rsl03_z00.dat	001720165	1720177	1720176	2193822888	11	111	13	2193823245				1196	Поле 111 не содержит кода подполя.
rsl03_z00.dat	001720166	1720178	1720177	2193825819	12	111	14	2193826238				1197	Поле 111 не содержит кода подполя.
rsl03_z00.dat	001720167	1720179	1720178	2193827220	11	111	13	2193827576				1198	Поле 111 не содержит кода подполя.
rsl03_z00.dat	001720168	1720180	1720179	2193829752	12	111	14	2193830182				1199	Поле 111 не содержит кода подполя.
rsl03_z00.dat	001720169	1720181	1720180	2193832217	12	111	14	2193832626				1200	Поле 111 не содержит кода подполя.
rsl03_z00.dat	001720170	1720182	1720181	2193834788	11	111	13	2193835158				1201	Поле 111 не содержит кода подполя.
rsl03_z00.dat	001720171	1720183	1720182	2193837724	12	111	14	2193838115				1202	Поле 111 не содержит кода подполя.
rsl03_z00.dat	001720172	1720184	1720183	2193841012	12	111	14	2193841430				1203	Поле 111 не содержит кода подполя.
rsl03_z00.dat	001720173	1720185	1720184	2193843479	11	111	13	2193843827				1204	Поле 111 не содержит кода подполя.
rsl03_z00.dat	001720174	1720186	1720185	2193846250	12	111	14	2193846683				1205	Поле 111 не содержит кода подполя.
rsl03_z00.dat	001720175	1720187	1720186	2193849491	12	111	14	2193849903				1206	Поле 111 не содержит кода подполя.
rsl03_z00.dat	001720176	1720188	1720187	2193852597	11	111	13	2193852935				1207	Поле 111 не содержит кода подполя.
rsl03_z00.dat	001720177	1720189	1720188	2193855806	12	111	14	2193856200				1208	Поле 111 не содержит кода подполя.
rsl03_z00.dat	001720178	1720190	1720189	2193857032	12	111	14	2193857441				1209	Поле 111 не содержит кода подполя.
rsl03_z00.dat	001720179	1720191	1720190	2193859153	10	111	12	2193859465				1210	Поле 111 не содержит кода подполя.
rsl03_z00.dat	001720181	1720193	1720192	2193863062	12	111	14	2193863469				1211	Поле 111 не содержит кода подполя.
rsl03_z00.dat	001720182	1720194	1720193	2193864743	12	111	14	2193865184				1212	Поле 111 не содержит кода подполя.
rsl03_z00.dat	001720183	1720195	1720194	2193867125	11	111	13	2193867483				1213	Поле 111 не содержит кода подполя.
rsl03_z00.dat	001720184	1720196	1720195	2193869912	12	111	14	2193870335				1214	Поле 111 не содержит кода подполя.
rsl03_z00.dat	001720185	1720197	1720196	2193871614	13	111	15	2193872092				1215	Поле 111 не содержит кода подполя.
rsl03_z00.dat	001720186	1720198	1720197	2193874353	12	111	14	2193874797				1216	Поле 111 не содержит кода подполя.
rsl03_z00.dat	001720187	1720199	1720198	2193876294	12	111	14	2193876724				1217	Поле 111 не содержит кода подполя.
rsl03_z00.dat	001720188	1720200	1720199	2193878236	12	111	14	2193878645				1218	Поле 111 не содержит кода подполя.
rsl03_z00.dat	001720189	1720201	1720200	2193881074	11	111	13	2193881415				1219	Поле 111 не содержит кода подполя.
rsl03_z00.dat	001720190	1720202	1720201	2193882065	12	111	14	2193882500				1220	Поле 111 не содержит кода подполя.
rsl03_z00.dat	001720191	1720203	1720202	2193884226	12	111	14	2193884629				1221	Поле 111 не содержит кода подполя.
rsl03_z00.dat	001720192	1720204	1720203	2193886204	12	111	14	2193886633				1222	Поле 111 не содержит кода подполя.
rsl03_z00.dat	001720193	1720205	1720204	2193887902	11	111	13	2193888268				1223	Поле 111 не содержит кода подполя.
rsl03_z00.dat	001720194	1720206	1720205	2193890804	12	111	14	2193891219				1224	Поле 111 не содержит кода подполя.
rsl03_z00.dat	001720195	1720207	1720206	2193894467	12	111	14	2193894894				1225	Поле 111 не содержит кода подполя.
rsl03_z00.dat	001720196	1720208	1720207	2193897385	12	111	14	2193897776				1226	Поле 111 не содержит кода подполя.
rsl03_z00.dat	001720197	1720209	1720208	2193900426	12	111	14	2193900828				1227	Поле 111 не содержит кода подполя.
rsl03_z00.dat	001720198	1720210	1720209	2193903621	12	111	14	2193904048				1228	Поле 111 не содержит кода подполя.
rsl03_z00.dat	001720199	1720211	1720210	2193906938	12	111	14	2193907370				1229	Поле 111 не содержит кода подполя.
rsl03_z00.dat	001720200	1720212	1720211	2193909523	13	111	15	2193910026				1230	Поле 111 не содержит кода подполя.
rsl03_z00.dat	001720201	1720213	1720212	2193912694	13	111	15	2193913155				1231	Поле 111 не содержит кода подполя.
rsl03_z00.dat	001720202	1720214	1720213	2193915581	13	111	15	2193916074				1232	Поле 111 не содержит кода подполя.
rsl03_z00.dat	001720203	1720215	1720214	2193918901	13	111	15	2193919404				1233	Поле 111 не содержит кода подполя.
rsl03_z00.dat	001720204	1720216	1720215	2193922212	13	111	15	2193922709				1234	Поле 111 не содержит кода подполя.
rsl03_z00.dat	001720205	1720217	1720216	2193925204	12	111	14	2193925632				1235	Поле 111 не содержит кода подполя.
rsl03_z00.dat	001720206	1720218	1720217	2193928916	13	111	15	2193929388				1236	Поле 111 не содержит кода подполя.
rsl03_z00.dat	001720207	1720219	1720218	2193932391	12	111	14	2193932829				1237	Поле 111 не содержит кода подполя.
rsl03_z00.dat	001720208	1720220	1720219	2193935241	13	111	15	2193935736				1238	Поле 111 не содержит кода подполя.
rsl03_z00.dat	001720209	1720221	1720220	2193937659	12	111	14	2193938075				1239	Поле 111 не содержит кода подполя.
rsl03_z00.dat	001720210	1720222	1720221	2193940693	12	111	14	2193941111				1240	Поле 111 не содержит кода подполя.
rsl03_z00.dat	001720211	1720223	1720222	2193942880	10	111	12	2193943186				1241	Поле 111 не содержит кода подполя.
rsl03_z00.dat	001720213	1720225	1720224	2193946209	13	111	15	2193946675				1242	Поле 111 не содержит кода подполя.
rsl03_z00.dat	001720214	1720226	1720225	2193948685	13	111	15	2193949139				1243	Поле 111 не содержит кода подполя.
rsl03_z00.dat	001720215	1720227	1720226	2193951950	12	111	14	2193952349				1244	Поле 111 не содержит кода подполя.
rsl03_z00.dat	001720216	1720228	1720227	2193954809	12	111	14	2193955240				1245	Поле 111 не содержит кода подполя.
rsl03_z00.dat	001720218	1720230	1720229	2193960128	14	111	16	2193960632				1246	Поле 111 не содержит кода подполя.
rsl03_z00.dat	001720219	1720231	1720230	2193962739	12	111	14	2193963199				1247	Поле 111 не содержит кода подполя.
rsl03_z00.dat	001720220	1720232	1720231	2193965586	12	111	14	2193966003				1248	Поле 111 не содержит кода подполя.
rsl03_z00.dat	001720221	1720233	1720232	2193968763	11	111	13	2193969110				1249	Поле 111 не содержит кода подполя.
rsl03_z00.dat	001720222	1720234	1720233	2193971562	12	111	14	2193971976				1250	Поле 111 не содержит кода подполя.
rsl03_z00.dat	001720224	1720235	1720234	2193974205	12	111	14	2193974602				1251	Поле 111 не содержит кода подполя.
rsl03_z00.dat	001720225	1720236	1720235	2193976505	12	111	14	2193976918				1252	Поле 111 не содержит кода подполя.
rsl03_z00.dat	001720226	1720237	1720236	2193979420	12	111	14	2193979810				1253	Поле 111 не содержит кода подполя.
rsl03_z00.dat	001720227	1720238	1720237	2193982422	12	111	14	2193982827				1254	Поле 111 не содержит кода подполя.
rsl03_z00.dat	001720228	1720239	1720238	2193985887	11	111	13	2193986246				1255	Поле 111 не содержит кода подполя.
rsl03_z00.dat	001720229	1720240	1720239	2193987798	11	111	13	2193988181				1256	Поле 111 не содержит кода подполя.
rsl03_z00.dat	001720230	1720241	1720240	2193991715	11	111	13	2193992073				1257	Поле 111 не содержит кода подполя.
rsl03_z00.dat	001720231	1720242	1720241	2193994764	12	111	14	2193995176				1258	Поле 111 не содержит кода подполя.
rsl03_z00.dat	001720232	1720243	1720242	2193998030	12	111	14	2193998479				1259	Поле 111 не содержит кода подполя.
rsl03_z00.dat	001720233	1720244	1720243	2194000471	12	111	14	2194000851				1260	Поле 111 не содержит кода подполя.
rsl03_z00.dat	001720235	1720246	1720245	2194003641	11	111	13	2194003999				1261	Поле 111 не содержит кода подполя.
rsl03_z00.dat	001720237	1720248	1720247	2194006809	12	111	14	2194007223				1262	Поле 111 не содержит кода подполя.
rsl03_z00.dat	001720238	1720249	1720248	2194010269	12	111	14	2194010655				1263	Поле 111 не содержит кода подполя.
rsl03_z00.dat	001720239	1720250	1720249	2194012251	12	111	14	2194012655				1264	Поле 111 не содержит кода подполя.
rsl03_z00.dat	001720241	1720252	1720251	2194015582	12	111	14	2194016000				1265	Поле 111 не содержит кода подполя.
rsl03_z00.dat	001720242	1720253	1720252	2194018021	12	111	14	2194018447				1266	Поле 111 не содержит кода подполя.
rsl03_z00.dat	001720243	1720254	1720253	2194020467	12	111	14	2194020891				1267	Поле 111 не содержит кода подполя.
rsl03_z00.dat	001720244	1720255	1720254	2194022024	12	111	14	2194022455				1268	Поле 111 не содержит кода подполя.
rsl03_z00.dat	001720245	1720256	1720255	2194024196	12	111	14	2194024652				1269	Поле 111 не содержит кода подполя.
rsl03_z00.dat	001720246	1720257	1720256	2194026139	12	111	14	2194026551				1270	Поле 111 не содержит кода подполя.
rsl03_z00.dat	001720247	1720258	1720257	2194028110	12	111	14	2194028514				1271	Поле 111 не содержит кода подполя.
rsl03_z00.dat	001720248	1720259	1720258	2194030517	12	111	14	2194030926				1272	Поле 111 не содержит кода подполя.
rsl03_z00.dat	001720249	1720260	1720259	2194032823	12	111	14	2194033269				1273	Поле 111 не содержит кода подполя.
rsl03_z00.dat	001720250	1720261	1720260	2194035692	12	111	14	2194036133				1274	Поле 111 не содержит кода подполя.
rsl03_z00.dat	001720251	1720262	1720261	2194038610	12	111	14	2194039040				1275	Поле 111 не содержит кода подполя.
rsl03_z00.dat	001720252	1720263	1720262	2194040345	12	111	14	2194040759				1276	Поле 111 не содержит кода подполя.
rsl03_z00.dat	001720253	1720264	1720263	2194042851	12	111	14	2194043285				1277	Поле 111 не содержит кода подполя.
rsl03_z00.dat	001720254	1720265	1720264	2194044900	12	111	14	2194045299				1278	Поле 111 не содержит кода подполя.
rsl03_z00.dat	001720255	1720266	1720265	2194046025	11	111	13	2194046380				1279	Поле 111 не содержит кода подполя.
rsl03_z00.dat	001720256	1720267	1720266	2194049014	13	111	15	2194049478				1280	Поле 111 не содержит кода подполя.
rsl03_z00.dat	001720257	1720268	1720267	2194050809	13	111	15	2194051273				1281	Поле 111 не содержит кода подполя.
rsl03_z00.dat	001720258	1720269	1720268	2194052715	13	111	15	2194053167				1282	Поле 111 не содержит кода подполя.
rsl03_z00.dat	001720259	1720270	1720269	2194054620	13	111	15	2194055083				1283	Поле 111 не содержит кода подполя.
rsl03_z00.dat	001720260	1720271	1720270	2194056420	13	111	15	2194056865				1284	Поле 111 не содержит кода подполя.
rsl03_z00.dat	001720261	1720272	1720271	2194058192	13	111	15	2194058655				1285	Поле 111 не содержит кода подполя.
rsl03_z00.dat	001720262	1720273	1720272	2194060995	13	111	15	2194061450				1286	Поле 111 не содержит кода подполя.
rsl03_z00.dat	001720263	1720274	1720273	2194062863	12	111	14	2194063290				1287	Поле 111 не содержит кода подполя.
rsl03_z00.dat	001720264	1720275	1720274	2194064740	12	111	14	2194065171				1288	Поле 111 не содержит кода подполя.
rsl03_z00.dat	001720265	1720276	1720275	2194067163	12	111	14	2194067582				1289	Поле 111 не содержит кода подполя.
rsl03_z00.dat	001720266	1720277	1720276	2194069582	12	111	14	2194070017				1290	Поле 111 не содержит кода подполя.
rsl03_z00.dat	001720267	1720278	1720277	2194071236	12	111	14	2194071678				1291	Поле 111 не содержит кода подполя.
rsl03_z00.dat	001720268	1720279	1720278	2194072837	12	111	14	2194073273				1292	Поле 111 не содержит кода подполя.
rsl03_z00.dat	001720269	1720280	1720279	2194074076	12	111	14	2194074504				1293	Поле 111 не содержит кода подполя.
rsl03_z00.dat	001720270	1720281	1720280	2194075948	11	111	13	2194076303				1294	Поле 111 не содержит кода подполя.
rsl03_z00.dat	001720271	1720282	1720281	2194078344	10	111	12	2194078653				1295	Поле 111 не содержит кода подполя.
rsl03_z00.dat	001720273	1720284	1720283	2194083777	12	111	14	2194084220				1296	Поле 111 не содержит кода подполя.
rsl03_z00.dat	001720274	1720285	1720284	2194087745	11	111	13	2194088137				1297	Поле 111 не содержит кода подполя.
rsl03_z00.dat	001720275	1720286	1720285	2194090194	12	111	14	2194090602				1298	Поле 111 не содержит кода подполя.
rsl03_z00.dat	001720276	1720287	1720286	2194091246	12	111	14	2194091648				1299	Поле 111 не содержит кода подполя.
rsl03_z00.dat	001720277	1720288	1720287	2194092418	11	111	13	2194092800				1300	Поле 111 не содержит кода подполя.
rsl03_z00.dat	001720279	1720290	1720289	2194096477	12	111	14	2194096860				1301	Поле 111 не содержит кода подполя.
rsl03_z00.dat	001720280	1720291	1720290	2194097684	12	111	14	2194098088				1302	Поле 111 не содержит кода подполя.
rsl03_z00.dat	001720281	1720292	1720291	2194099583	12	111	14	2194100010				1303	Поле 111 не содержит кода подполя.
rsl03_z00.dat	001720282	1720293	1720292	2194101211	12	111	14	2194101632				1304	Поле 111 не содержит кода подполя.
rsl03_z00.dat	001720283	1720294	1720293	2194103988	12	111	14	2194104400				1305	Поле 111 не содержит кода подполя.
rsl03_z00.dat	001720284	1720295	1720294	2194106892	12	111	14	2194107320				1306	Поле 111 не содержит кода подполя.
rsl03_z00.dat	001720285	1720296	1720295	2194109366	12	111	14	2194109799				1307	Поле 111 не содержит кода подполя.
rsl03_z00.dat	001720286	1720297	1720296	2194112265	12	111	14	2194112680				1308	Поле 111 не содержит кода подполя.
rsl03_z00.dat	001720287	1720298	1720297	2194114978	12	111	14	2194115411				1309	Поле 111 не содержит кода подполя.
rsl03_z00.dat	001720288	1720299	1720298	2194117841	12	111	14	2194118261				1310	Поле 111 не содержит кода подполя.
rsl03_z00.dat	001720289	1720300	1720299	2194120121	12	111	14	2194120539				1311	Поле 111 не содержит кода подполя.
rsl03_z00.dat	001720290	1720301	1720300	2194122024	12	111	14	2194122429				1312	Поле 111 не содержит кода подполя.
rsl03_z00.dat	001720291	1720302	1720301	2194124680	12	111	14	2194125095				1313	Поле 111 не содержит кода подполя.
rsl03_z00.dat	001720292	1720303	1720302	2194127079	12	111	14	2194127539				1314	Поле 111 не содержит кода подполя.
rsl03_z00.dat	001720293	1720304	1720303	2194130406	11	111	13	2194130771				1315	Поле 111 не содержит кода подполя.
rsl03_z00.dat	001720294	1720305	1720304	2194134358	12	111	14	2194134783				1316	Поле 111 не содержит кода подполя.
rsl03_z00.dat	001720295	1720306	1720305	2194137694	11	111	13	2194138063				1317	Поле 111 не содержит кода подполя.
rsl03_z00.dat	001720296	1720307	1720306	2194139904	11	111	13	2194140257				1318	Поле 111 не содержит кода подполя.
rsl03_z00.dat	001720297	1720308	1720307	2194142672	10	111	12	2194142992				1319	Поле 111 не содержит кода подполя.
rsl03_z00.dat	001720299	1720310	1720309	2194147580	13	111	15	2194147978				1320	Поле 111 не содержит кода подполя.
rsl03_z00.dat	001720300	1720311	1720310	2194150583	11	111	13	2194150919				1321	Поле 111 не содержит кода подполя.
rsl03_z00.dat	001720301	1720312	1720311	2194153246	12	111	14	2194153677				1322	Поле 111 не содержит кода подполя.
rsl03_z00.dat	001720302	1720313	1720312	2194155922	11	111	13	2194156288				1323	Поле 111 не содержит кода подполя.
rsl03_z00.dat	001720303	1720314	1720313	2194159966	11	111	13	2194160324				1324	Поле 111 не содержит кода подполя.
rsl03_z00.dat	001720304	1720315	1720314	2194163641	12	111	14	2194164060				1325	Поле 111 не содержит кода подполя.
rsl03_z00.dat	001720305	1720316	1720315	2194166260	14	111	16	2194166732				1326	Поле 111 не содержит кода подполя.
rsl03_z00.dat	001720306	1720317	1720316	2194168569	11	111	13	2194168923				1327	Поле 111 не содержит кода подполя.
rsl03_z00.dat	001720307	1720318	1720317	2194171353	12	111	14	2194171758				1328	Поле 111 не содержит кода подполя.
rsl03_z00.dat	001720308	1720319	1720318	2194174238	11	111	13	2194174637				1329	Поле 111 не содержит кода подполя.
rsl03_z00.dat	001720309	1720320	1720319	2194177505	12	111	14	2194177946				1330	Поле 111 не содержит кода подполя.
rsl03_z00.dat	001720310	1720321	1720320	2194180805	12	111	14	2194181262				1331	Поле 111 не содержит кода подполя.
rsl03_z00.dat	001720311	1720322	1720321	2194184418	11	111	13	2194184798				1332	Поле 111 не содержит кода подполя.
rsl03_z00.dat	001720312	1720323	1720322	2194188024	13	111	15	2194188493				1333	Поле 111 не содержит кода подполя.
rsl03_z00.dat	001720313	1720324	1720323	2194191425	12	111	14	2194191880				1334	Поле 111 не содержит кода подполя.
rsl03_z00.dat	001720314	1720325	1720324	2194193952	12	111	14	2194194349				1335	Поле 111 не содержит кода подполя.
rsl03_z00.dat	001720315	1720326	1720325	2194197093	11	111	13	2194197450				1336	Поле 111 не содержит кода подполя.
rsl03_z00.dat	001720316	1720327	1720326	2194198453	12	111	14	2194198868				1337	Поле 111 не содержит кода подполя.
rsl03_z00.dat	001720317	1720328	1720327	2194199430	11	111	13	2194199767				1338	Поле 111 не содержит кода подполя.
rsl03_z00.dat	001720318	1720329	1720328	2194202762	12	111	14	2194203209				1339	Поле 111 не содержит кода подполя.
rsl03_z00.dat	001720319	1720330	1720329	2194206479	14	111	16	2194206960				1340	Поле 111 не содержит кода подполя.
rsl03_z00.dat	001720320	1720331	1720330	2194209070	11	111	13	2194209447				1341	Поле 111 не содержит кода подполя.
rsl03_z00.dat	001720322	1720333	1720332	2194211415	11	111	13	2194211782				1342	Поле 111 не содержит кода подполя.
rsl03_z00.dat	001720324	1720335	1720334	2194217030	12	111	14	2194217442				1343	Поле 111 не содержит кода подполя.
rsl03_z00.dat	001720325	1720336	1720335	2194219295	13	111	15	2194219772				1344	Поле 111 не содержит кода подполя.
rsl03_z00.dat	001720326	1720337	1720336	2194221756	13	111	15	2194222233				1345	Поле 111 не содержит кода подполя.
rsl03_z00.dat	001720327	1720338	1720337	2194224243	12	111	14	2194224665				1346	Поле 111 не содержит кода подполя.
rsl03_z00.dat	001720328	1720339	1720338	2194227377	12	111	14	2194227794				1347	Поле 111 не содержит кода подполя.
rsl03_z00.dat	001720329	1720340	1720339	2194229692	12	111	14	2194230128				1348	Поле 111 не содержит кода подполя.
rsl03_z00.dat	001720330	1720341	1720340	2194233439	12	111	14	2194233858				1349	Поле 111 не содержит кода подполя.
rsl03_z00.dat	001720331	1720342	1720341	2194236741	12	111	14	2194237190				1350	Поле 111 не содержит кода подполя.
rsl03_z00.dat	001720332	1720343	1720342	2194238946	11	111	13	2194239326				1351	Поле 111 не содержит кода подполя.
rsl03_z00.dat	001720333	1720344	1720343	2194240849	11	111	13	2194241181				1352	Поле 111 не содержит кода подполя.
rsl03_z00.dat	001720335	1720346	1720345	2194245804	12	111	14	2194246212				1353	Поле 111 не содержит кода подполя.
rsl03_z00.dat	001720336	1720347	1720346	2194247317	12	111	14	2194247756				1354	Поле 111 не содержит кода подполя.
rsl03_z00.dat	001720337	1720348	1720347	2194249936	11	111	13	2194250309				1355	Поле 111 не содержит кода подполя.
rsl03_z00.dat	001720338	1720349	1720348	2194252904	12	111	14	2194253329				1356	Поле 111 не содержит кода подполя.
rsl03_z00.dat	001720339	1720350	1720349	2194256555	12	111	14	2194256974				1357	Поле 111 не содержит кода подполя.
rsl03_z00.dat	001720340	1720351	1720350	2194259528	13	111	15	2194260022				1358	Поле 111 не содержит кода подполя.
rsl03_z00.dat	001720341	1720352	1720351	2194261257	12	111	14	2194261696				1359	Поле 111 не содержит кода подполя.
rsl03_z00.dat	001720342	1720353	1720352	2194263195	12	111	14	2194263633				1360	Поле 111 не содержит кода подполя.
rsl03_z00.dat	001720343	1720354	1720353	2194265808	12	111	14	2194266227				1361	Поле 111 не содержит кода подполя.
rsl03_z00.dat	001720344	1720355	1720354	2194267833	11	111	13	2194268178				1362	Поле 111 не содержит кода подполя.
rsl03_z00.dat	001720345	1720356	1720355	2194269843	12	111	14	2194270243				1363	Поле 111 не содержит кода подполя.
rsl03_z00.dat	001720346	1720357	1720356	2194271969	12	111	14	2194272424				1364	Поле 111 не содержит кода подполя.
rsl03_z00.dat	001720347	1720358	1720357	2194275025	12	111	14	2194275438				1365	Поле 111 не содержит кода подполя.
rsl03_z00.dat	001720348	1720359	1720358	2194277618	12	111	14	2194278027				1366	Поле 111 не содержит кода подполя.
rsl03_z00.dat	001720349	1720360	1720359	2194279607	12	111	14	2194280025				1367	Поле 111 не содержит кода подполя.
rsl03_z00.dat	001720350	1720361	1720360	2194281484	12	111	14	2194281886				1368	Поле 111 не содержит кода подполя.
rsl03_z00.dat	001720351	1720362	1720361	2194284272	12	111	14	2194284675				1369	Поле 111 не содержит кода подполя.
rsl03_z00.dat	001720352	1720363	1720362	2194286744	12	111	14	2194287187				1370	Поле 111 не содержит кода подполя.
rsl03_z00.dat	001720353	1720364	1720363	2194289491	12	111	14	2194289905				1371	Поле 111 не содержит кода подполя.
rsl03_z00.dat	001720354	1720365	1720364	2194290776	13	111	15	2194291209				1372	Поле 111 не содержит кода подполя.
rsl03_z00.dat	001720355	1720366	1720365	2194293903	11	111	13	2194294281				1373	Поле 111 не содержит кода подполя.
rsl03_z00.dat	001720356	1720367	1720366	2194295686	12	111	14	2194296105				1374	Поле 111 не содержит кода подполя.
rsl03_z00.dat	001720357	1720368	1720367	2194298033	12	111	14	2194298484				1375	Поле 111 не содержит кода подполя.
rsl03_z00.dat	001720358	1720369	1720368	2194300227	12	111	14	2194300639				1376	Поле 111 не содержит кода подполя.
rsl03_z00.dat	001720359	1720370	1720369	2194302448	11	111	13	2194302844				1377	Поле 111 не содержит кода подполя.
rsl03_z00.dat	001720360	1720371	1720370	2194305281	12	111	14	2194305730				1378	Поле 111 не содержит кода подполя.
rsl03_z00.dat	001720361	1720372	1720371	2194307564	12	111	14	2194308008				1379	Поле 111 не содержит кода подполя.
rsl03_z00.dat	001720362	1720373	1720372	2194310295	12	111	14	2194310696				1380	Поле 111 не содержит кода подполя.
rsl03_z00.dat	001720363	1720374	1720373	2194312671	12	111	14	2194313080				1381	Поле 111 не содержит кода подполя.
rsl03_z00.dat	001720364	1720375	1720374	2194314498	12	111	14	2194314890				1382	Поле 111 не содержит кода подполя.
rsl03_z00.dat	001720365	1720376	1720375	2194317588	12	111	14	2194317998				1383	Поле 111 не содержит кода подполя.
rsl03_z00.dat	001720366	1720377	1720376	2194319942	12	111	14	2194320379				1384	Поле 111 не содержит кода подполя.
rsl03_z00.dat	001720367	1720378	1720377	2194322095	11	111	13	2194322451				1385	Поле 111 не содержит кода подполя.
rsl03_z00.dat	001720368	1720379	1720378	2194323348	12	111	14	2194323745				1386	Поле 111 не содержит кода подполя.
rsl03_z00.dat	001720369	1720380	1720379	2194325697	11	111	13	2194326059				1387	Поле 111 не содержит кода подполя.
rsl03_z00.dat	001720370	1720381	1720380	2194327052	11	111	13	2194327428				1388	Поле 111 не содержит кода подполя.
rsl03_z00.dat	001720371	1720382	1720381	2194329932	11	111	13	2194330306				1389	Поле 111 не содержит кода подполя.
rsl03_z00.dat	001720372	1720383	1720382	2194333032	12	111	14	2194333420				1390	Поле 111 не содержит кода подполя.
rsl03_z00.dat	001720373	1720384	1720383	2194335012	12	111	14	2194335445				1391	Поле 111 не содержит кода подполя.
rsl03_z00.dat	001720374	1720385	1720384	2194336630	11	111	13	2194336974				1392	Поле 111 не содержит кода подполя.
rsl03_z00.dat	001720377	1720388	1720387	2194345129	11	111	13	2194345495				1393	Поле 111 не содержит кода подполя.
rsl03_z00.dat	001720378	1720389	1720388	2194348486	13	111	15	2194348948				1394	Поле 111 не содержит кода подполя.
rsl03_z00.dat	001720380	1720392	1720391	2194354438	12	111	14	2194354862				1395	Поле 111 не содержит кода подполя.
rsl03_z00.dat	001720381	1720393	1720392	2194357795	12	111	14	2194358226				1396	Поле 111 не содержит кода подполя.
rsl03_z00.dat	001720382	1720394	1720393	2194360331	12	111	14	2194360762				1397	Поле 111 не содержит кода подполя.
rsl03_z00.dat	001720383	1720395	1720394	2194362003	12	111	14	2194362420				1398	Поле 111 не содержит кода подполя.
rsl03_z00.dat	001720384	1720396	1720395	2194364843	12	111	14	2194365242				1399	Поле 111 не содержит кода подполя.
rsl03_z00.dat	001720385	1720397	1720396	2194366385	12	111	14	2194366803				1400	Поле 111 не содержит кода подполя.
rsl03_z00.dat	001720386	1720398	1720397	2194369509	12	111	14	2194369958				1401	Поле 111 не содержит кода подполя.
rsl03_z00.dat	001720387	1720399	1720398	2194372539	12	111	14	2194372954				1402	Поле 111 не содержит кода подполя.
rsl03_z00.dat	001720388	1720400	1720399	2194374682	12	111	14	2194375128				1403	Поле 111 не содержит кода подполя.
rsl03_z00.dat	001720389	1720401	1720400	2194377275	11	111	13	2194377631				1404	Поле 111 не содержит кода подполя.
rsl03_z00.dat	001720390	1720402	1720401	2194380169	11	111	13	2194380523				1405	Поле 111 не содержит кода подполя.
rsl03_z00.dat	001720391	1720403	1720402	2194382760	12	111	14	2194383180				1406	Поле 111 не содержит кода подполя.
rsl03_z00.dat	001720392	1720404	1720403	2194386182	15	111	17	2194386643				1407	Поле 111 не содержит кода подполя.
rsl03_z00.dat	001720393	1720405	1720404	2194388462	12	111	14	2194388900				1408	Поле 111 не содержит кода подполя.
rsl03_z00.dat	001720394	1720406	1720405	2194390553	12	111	14	2194390946				1409	Поле 111 не содержит кода подполя.
rsl03_z00.dat	001720396	1720408	1720407	2194395594	12	111	14	2194396049				1410	Поле 111 не содержит кода подполя.
rsl03_z00.dat	001720397	1720409	1720408	2194397586	12	111	14	2194398031				1411	Поле 111 не содержит кода подполя.
rsl03_z00.dat	001720398	1720410	1720409	2194399424	12	111	14	2194399855				1412	Поле 111 не содержит кода подполя.
rsl03_z00.dat	001720399	1720411	1720410	2194401783	12	111	14	2194402223				1413	Поле 111 не содержит кода подполя.
rsl03_z00.dat	001720400	1720412	1720411	2194403859	12	111	14	2194404304				1414	Поле 111 не содержит кода подполя.
rsl03_z00.dat	001720401	1720413	1720412	2194405328	12	111	14	2194405716				1415	Поле 111 не содержит кода подполя.
rsl03_z00.dat	001720402	1720414	1720413	2194408614	12	111	14	2194409010				1416	Поле 111 не содержит кода подполя.
rsl03_z00.dat	001720403	1720415	1720414	2194410081	12	111	14	2194410508				1417	Поле 111 не содержит кода подполя.
rsl03_z00.dat	001720404	1720416	1720415	2194411975	13	111	15	2194412418				1418	Поле 111 не содержит кода подполя.
rsl03_z00.dat	001720405	1720417	1720416	2194414628	12	111	14	2194415023				1419	Поле 111 не содержит кода подполя.
rsl03_z00.dat	001720406	1720418	1720417	2194416416	12	111	14	2194416840				1420	Поле 111 не содержит кода подполя.
rsl03_z00.dat	001720407	1720419	1720418	2194418067	13	111	15	2194418514				1421	Поле 111 не содержит кода подполя.
rsl03_z00.dat	001720408	1720420	1720419	2194420360	13	111	15	2194420817				1422	Поле 111 не содержит кода подполя.
rsl03_z00.dat	001720409	1720421	1720420	2194422886	12	111	14	2194423303				1423	Поле 111 не содержит кода подполя.
rsl03_z00.dat	001720410	1720422	1720421	2194425972	11	111	13	2194426319				1424	Поле 111 не содержит кода подполя.
rsl03_z00.dat	001720412	1720424	1720423	2194431468	12	111	14	2194431898				1425	Поле 111 не содержит кода подполя.
rsl03_z00.dat	001720413	1720425	1720424	2194434745	11	111	13	2194435124				1426	Поле 111 не содержит кода подполя.
rsl03_z00.dat	001720414	1720426	1720425	2194438400	11	111	13	2194438749				1427	Поле 111 не содержит кода подполя.
rsl03_z00.dat	001720415	1720427	1720426	2194440914	11	111	13	2194441239				1428	Поле 111 не содержит кода подполя.
rsl03_z00.dat	001720417	1720429	1720428	2194444220	13	111	15	2194444709				1429	Поле 111 не содержит кода подполя.
rsl03_z00.dat	001720418	1720430	1720429	2194447386	12	111	14	2194447809				1430	Поле 111 не содержит кода подполя.
rsl03_z00.dat	001720419	1720431	1720430	2194450281	12	111	14	2194450733				1431	Поле 111 не содержит кода подполя.
rsl03_z00.dat	001720420	1720432	1720431	2194451940	12	111	14	2194452366				1432	Поле 111 не содержит кода подполя.
rsl03_z00.dat	001720421	1720433	1720432	2194453782	12	111	14	2194454224				1433	Поле 111 не содержит кода подполя.
rsl03_z00.dat	001720422	1720434	1720433	2194456828	12	111	14	2194457250				1434	Поле 111 не содержит кода подполя.
rsl03_z00.dat	001720423	1720435	1720434	2194460090	12	111	14	2194460525				1435	Поле 111 не содержит кода подполя.
rsl03_z00.dat	001720425	1720437	1720436	2194465363	12	111	14	2194465755				1436	Поле 111 не содержит кода подполя.
rsl03_z00.dat	001720426	1720438	1720437	2194467993	11	111	13	2194468344				1437	Поле 111 не содержит кода подполя.
rsl03_z00.dat	001720428	1720440	1720439	2194473126	11	111	13	2194473480				1438	Поле 111 не содержит кода подполя.
rsl03_z00.dat	001720429	1720441	1720440	2194476344	12	111	14	2194476735				1439	Поле 111 не содержит кода подполя.
rsl03_z00.dat	001720430	1720442	1720441	2194478070	12	111	14	2194478487				1440	Поле 111 не содержит кода подполя.
rsl03_z00.dat	001720432	1720444	1720443	2194481492	12	111	14	2194481909				1441	Поле 111 не содержит кода подполя.
rsl03_z00.dat	001720434	1720446	1720445	2194484852	12	111	14	2194485306				1442	Поле 111 не содержит кода подполя.
rsl03_z00.dat	001720435	1720447	1720446	2194487710	14	111	16	2194488225				1443	Поле 111 не содержит кода подполя.
rsl03_z00.dat	001720436	1720448	1720447	2194489657	12	111	14	2194490026				1444	Поле 111 не содержит кода подполя.
rsl03_z00.dat	001720438	1720450	1720449	2194493280	11	111	13	2194493669				1445	Поле 111 не содержит кода подполя.
rsl03_z00.dat	001720439	1720451	1720450	2194496932	12	111	14	2194497359				1446	Поле 111 не содержит кода подполя.
rsl03_z00.dat	001720440	1720452	1720451	2194499634	11	111	13	2194499997				1447	Поле 111 не содержит кода подполя.
rsl03_z00.dat	001720442	1720454	1720453	2194504384	12	111	14	2194504791				1448	Поле 111 не содержит кода подполя.
rsl03_z00.dat	001720443	1720455	1720454	2194506665	11	111	13	2194507035				1449	Поле 111 не содержит кода подполя.
rsl03_z00.dat	001720444	1720456	1720455	2194509395	12	111	14	2194509798				1450	Поле 111 не содержит кода подполя.
rsl03_z00.dat	001720445	1720457	1720456	2194511440	11	111	13	2194511803				1451	Поле 111 не содержит кода подполя.
rsl03_z00.dat	001720446	1720458	1720457	2194513733	12	111	14	2194514131				1452	Поле 111 не содержит кода подполя.
rsl03_z00.dat	001720447	1720459	1720458	2194515707	12	111	14	2194516144				1453	Поле 111 не содержит кода подполя.
rsl03_z00.dat	001720448	1720460	1720459	2194518222	11	111	13	2194518589				1454	Поле 111 не содержит кода подполя.
rsl03_z00.dat	001720449	1720461	1720460	2194521331	12	111	14	2194521754				1455	Поле 111 не содержит кода подполя.
rsl03_z00.dat	001720451	1720463	1720462	2194525052	12	111	14	2194525476				1456	Поле 111 не содержит кода подполя.
rsl03_z00.dat	001720453	1720465	1720464	2194529117	11	111	13	2194529489				1457	Поле 111 не содержит кода подполя.
rsl03_z00.dat	001720454	1720466	1720465	2194531328	12	111	14	2194531772				1458	Поле 111 не содержит кода подполя.
rsl03_z00.dat	001720455	1720467	1720466	2194532750	12	111	14	2194533196				1459	Поле 111 не содержит кода подполя.
rsl03_z00.dat	001720456	1720468	1720467	2194535255	13	111	15	2194535724				1460	Поле 111 не содержит кода подполя.
rsl03_z00.dat	001720457	1720469	1720468	2194536839	11	111	13	2194537218				1461	Поле 111 не содержит кода подполя.
rsl03_z00.dat	001720458	1720470	1720469	2194540338	12	111	14	2194540769				1462	Поле 111 не содержит кода подполя.
rsl03_z00.dat	001720459	1720471	1720470	2194543483	12	111	14	2194543914				1463	Поле 111 не содержит кода подполя.
rsl03_z00.dat	001720461	1720473	1720472	2194547986	12	111	14	2194548412				1464	Поле 111 не содержит кода подполя.
rsl03_z00.dat	001720462	1720474	1720473	2194550135	11	111	13	2194550494				1465	Поле 111 не содержит кода подполя.
rsl03_z00.dat	001720463	1720475	1720474	2194552013	12	111	14	2194552429				1466	Поле 111 не содержит кода подполя.
rsl03_z00.dat	001720464	1720476	1720475	2194553984	11	111	13	2194554347				1467	Поле 111 не содержит кода подполя.
rsl03_z00.dat	001720465	1720477	1720476	2194555323	11	111	13	2194555686				1468	Поле 111 не содержит кода подполя.
rsl03_z00.dat	001720466	1720478	1720477	2194556641	11	111	13	2194557004				1469	Поле 111 не содержит кода подполя.
rsl03_z00.dat	001720467	1720479	1720478	2194557979	11	111	13	2194558342				1470	Поле 111 не содержит кода подполя.
rsl03_z00.dat	001720468	1720480	1720479	2194559195	13	111	15	2194559654				1471	Поле 111 не содержит кода подполя.
rsl03_z00.dat	001720469	1720481	1720480	2194560551	12	111	14	2194561010				1472	Поле 111 не содержит кода подполя.
rsl03_z00.dat	001720471	1720483	1720482	2194566265	11	111	13	2194566620				1473	Поле 111 не содержит кода подполя.
rsl03_z00.dat	001720472	1720484	1720483	2194569421	12	111	14	2194569827				1474	Поле 111 не содержит кода подполя.
rsl03_z00.dat	001720473	1720485	1720484	2194571376	12	111	14	2194571801				1475	Поле 111 не содержит кода подполя.
rsl03_z00.dat	001720474	1720486	1720485	2194574009	12	111	14	2194574428				1476	Поле 111 не содержит кода подполя.
rsl03_z00.dat	001720476	1720488	1720487	2194579336	11	111	13	2194579693				1477	Поле 111 не содержит кода подполя.
rsl03_z00.dat	001720477	1720489	1720488	2194582005	12	111	14	2194582407				1478	Поле 111 не содержит кода подполя.
rsl03_z00.dat	001720479	1720491	1720490	2194587247	12	111	14	2194587647				1479	Поле 111 не содержит кода подполя.
rsl03_z00.dat	001720481	1720493	1720492	2194591475	11	111	13	2194591807				1480	Поле 111 не содержит кода подполя.
rsl03_z00.dat	001720482	1720494	1720493	2194595341	11	111	13	2194595693				1481	Поле 111 не содержит кода подполя.
rsl03_z00.dat	001720483	1720495	1720494	2194598748	12	111	14	2194599187				1482	Поле 111 не содержит кода подполя.
rsl03_z00.dat	001720484	1720496	1720495	2194602601	12	111	14	2194603020				1483	Поле 111 не содержит кода подполя.
rsl03_z00.dat	001720485	1720497	1720496	2194605830	12	111	14	2194606280				1484	Поле 111 не содержит кода подполя.
rsl03_z00.dat	001720486	1720498	1720497	2194608745	13	111	15	2194609226				1485	Поле 111 не содержит кода подполя.
rsl03_z00.dat	001720487	1720499	1720498	2194610977	11	111	13	2194611328				1486	Поле 111 не содержит кода подполя.
rsl03_z00.dat	001720488	1720500	1720499	2194614194	12	111	14	2194614634				1487	Поле 111 не содержит кода подполя.
rsl03_z00.dat	001720489	1720501	1720500	2194616420	12	111	14	2194616838				1488	Поле 111 не содержит кода подполя.
rsl03_z00.dat	001720490	1720502	1720501	2194618726	12	111	14	2194619190				1489	Поле 111 не содержит кода подполя.
rsl03_z00.dat	001720491	1720503	1720502	2194621692	12	111	14	2194622111				1490	Поле 111 не содержит кода подполя.
rsl03_z00.dat	001720492	1720504	1720503	2194623904	12	111	14	2194624304				1491	Поле 111 не содержит кода подполя.
rsl03_z00.dat	001720493	1720505	1720504	2194626180	12	111	14	2194626574				1492	Поле 111 не содержит кода подполя.
rsl03_z00.dat	001720494	1720506	1720505	2194629268	12	111	14	2194629686				1493	Поле 111 не содержит кода подполя.
rsl03_z00.dat	001720495	1720507	1720506	2194632466	12	111	14	2194632889				1494	Поле 111 не содержит кода подполя.
rsl03_z00.dat	001720496	1720508	1720507	2194635282	12	111	14	2194635726				1495	Поле 111 не содержит кода подполя.
rsl03_z00.dat	001720497	1720509	1720508	2194637576	12	111	14	2194637992				1496	Поле 111 не содержит кода подполя.
rsl03_z00.dat	001720498	1720510	1720509	2194639578	12	111	14	2194639959				1497	Поле 111 не содержит кода подполя.
rsl03_z00.dat	001720499	1720511	1720510	2194642095	11	111	13	2194642455				1498	Поле 111 не содержит кода подполя.
rsl03_z00.dat	001720501	1720513	1720512	2194644395	11	111	13	2194644775				1499	Поле 111 не содержит кода подполя.
rsl03_z00.dat	001720502	1720514	1720513	2194645995	11	111	13	2194646375				1500	Поле 111 не содержит кода подполя.
rsl03_z00.dat	001720503	1720515	1720514	2194647387	12	111	14	2194647780				1501	Поле 111 не содержит кода подполя.
rsl03_z00.dat	001720504	1720516	1720515	2194651652	12	111	14	2194652087				1502	Поле 111 не содержит кода подполя.
rsl03_z00.dat	001720505	1720517	1720516	2194654790	12	111	14	2194655173				1503	Поле 111 не содержит кода подполя.
rsl03_z00.dat	001720506	1720518	1720517	2194657554	12	111	14	2194657959				1504	Поле 111 не содержит кода подполя.
rsl03_z00.dat	001720507	1720519	1720518	2194659510	12	111	14	2194659889				1505	Поле 111 не содержит кода подполя.
rsl03_z00.dat	001720508	1720520	1720519	2194661949	12	111	14	2194662378				1506	Поле 111 не содержит кода подполя.
rsl03_z00.dat	001720509	1720521	1720520	2194665008	12	111	14	2194665418				1507	Поле 111 не содержит кода подполя.
rsl03_z00.dat	001720510	1720522	1720521	2194666898	12	111	14	2194667338				1508	Поле 111 не содержит кода подполя.
rsl03_z00.dat	001720511	1720523	1720522	2194669342	13	111	15	2194669781				1509	Поле 111 не содержит кода подполя.
rsl03_z00.dat	001720512	1720524	1720523	2194672122	12	111	14	2194672581				1510	Поле 111 не содержит кода подполя.
rsl03_z00.dat	001720513	1720525	1720524	2194675353	12	111	14	2194675755				1511	Поле 111 не содержит кода подполя.
rsl03_z00.dat	001720514	1720526	1720525	2194678080	11	111	13	2194678439				1512	Поле 111 не содержит кода подполя.
rsl03_z00.dat	001720515	1720527	1720526	2194680931	12	111	14	2194681362				1513	Поле 111 не содержит кода подполя.
rsl03_z00.dat	001720516	1720528	1720527	2194684156	12	111	14	2194684585				1514	Поле 111 не содержит кода подполя.
rsl03_z00.dat	001720517	1720529	1720528	2194687367	11	111	13	2194687720				1515	Поле 111 не содержит кода подполя.
rsl03_z00.dat	001720518	1720530	1720529	2194690219	11	111	13	2194690572				1516	Поле 111 не содержит кода подполя.
rsl03_z00.dat	001720519	1720531	1720530	2194693080	12	111	14	2194693493				1517	Поле 111 не содержит кода подполя.
rsl03_z00.dat	001720520	1720532	1720531	2194695127	12	111	14	2194695565				1518	Поле 111 не содержит кода подполя.
rsl03_z00.dat	001720521	1720533	1720532	2194697165	12	111	14	2194697581				1519	Поле 111 не содержит кода подполя.
rsl03_z00.dat	001720522	1720534	1720533	2194699214	12	111	14	2194699656				1520	Поле 111 не содержит кода подполя.
rsl03_z00.dat	001720523	1720535	1720534	2194701355	11	111	13	2194701722				1521	Поле 111 не содержит кода подполя.
rsl03_z00.dat	001720524	1720536	1720535	2194702810	12	111	14	2194703239				1522	Поле 111 не содержит кода подполя.
rsl03_z00.dat	001720525	1720537	1720536	2194705379	11	111	13	2194705761				1523	Поле 111 не содержит кода подполя.
rsl03_z00.dat	001720526	1720538	1720537	2194708501	12	111	14	2194708886				1524	Поле 111 не содержит кода подполя.
rsl03_z00.dat	001720527	1720539	1720538	2194711574	10	111	12	2194711890				1525	Поле 111 не содержит кода подполя.
rsl03_z00.dat	001720529	1720541	1720540	2194716340	12	111	14	2194716791				1526	Поле 111 не содержит кода подполя.
rsl03_z00.dat	001720530	1720542	1720541	2194719013	12	111	14	2194719432				1527	Поле 111 не содержит кода подполя.
rsl03_z00.dat	001720531	1720543	1720542	2194721257	12	111	14	2194721692				1528	Поле 111 не содержит кода подполя.
rsl03_z00.dat	001720532	1720544	1720543	2194723498	12	111	14	2194723899				1529	Поле 111 не содержит кода подполя.
rsl03_z00.dat	001720533	1720545	1720544	2194724756	12	111	14	2194725177				1530	Поле 111 не содержит кода подполя.
rsl03_z00.dat	001720534	1720546	1720545	2194727449	11	111	13	2194727800				1531	Поле 111 не содержит кода подполя.
rsl03_z00.dat	001720535	1720547	1720546	2194731726	11	111	13	2194732085				1532	Поле 111 не содержит кода подполя.
rsl03_z00.dat	001720536	1720548	1720547	2194735963	11	111	13	2194736320				1533	Поле 111 не содержит кода подполя.
rsl03_z00.dat	001720538	1720550	1720549	2194739696	12	111	14	2194740127				1534	Поле 111 не содержит кода подполя.
rsl03_z00.dat	001720539	1720551	1720550	2194742089	12	111	14	2194742517				1535	Поле 111 не содержит кода подполя.
rsl03_z00.dat	001720540	1720552	1720551	2194744671	12	111	14	2194745116				1536	Поле 111 не содержит кода подполя.
rsl03_z00.dat	001720541	1720553	1720552	2194747217	12	111	14	2194747651				1537	Поле 111 не содержит кода подполя.
rsl03_z00.dat	001720542	1720554	1720553	2194750144	12	111	14	2194750566				1538	Поле 111 не содержит кода подполя.
rsl03_z00.dat	001720543	1720555	1720554	2194753130	13	111	15	2194753564				1539	Поле 111 не содержит кода подполя.
rsl03_z00.dat	001720544	1720556	1720555	2194756923	12	111	14	2194757329				1540	Поле 111 не содержит кода подполя.
rsl03_z00.dat	001720545	1720557	1720556	2194760199	12	111	14	2194760594				1541	Поле 111 не содержит кода подполя.
rsl03_z00.dat	001720546	1720558	1720557	2194761994	12	111	14	2194762407				1542	Поле 111 не содержит кода подполя.
rsl03_z00.dat	001720547	1720559	1720558	2194763964	12	111	14	2194764380				1543	Поле 111 не содержит кода подполя.
rsl03_z00.dat	001720548	1720560	1720559	2194766196	12	111	14	2194766593				1544	Поле 111 не содержит кода подполя.
rsl03_z00.dat	001720549	1720561	1720560	2194768474	12	111	14	2194768888				1545	Поле 111 не содержит кода подполя.
rsl03_z00.dat	001720550	1720562	1720561	2194771415	12	111	14	2194771838				1546	Поле 111 не содержит кода подполя.
rsl03_z00.dat	001720551	1720563	1720562	2194772780	12	111	14	2194773232				1547	Поле 111 не содержит кода подполя.
rsl03_z00.dat	001720552	1720564	1720563	2194775994	12	111	14	2194776471				1548	Поле 111 не содержит кода подполя.
rsl03_z00.dat	001720553	1720565	1720564	2194778379	11	111	13	2194778762				1549	Поле 111 не содержит кода подполя.
rsl03_z00.dat	001720554	1720566	1720565	2194782020	12	111	14	2194782449				1550	Поле 111 не содержит кода подполя.
rsl03_z00.dat	001720555	1720567	1720566	2194783623	11	111	13	2194784001				1551	Поле 111 не содержит кода подполя.
rsl03_z00.dat	001720556	1720568	1720567	2194787226	12	111	14	2194787641				1552	Поле 111 не содержит кода подполя.
rsl03_z00.dat	001720557	1720569	1720568	2194789975	12	111	14	2194790404				1553	Поле 111 не содержит кода подполя.
rsl03_z00.dat	001720558	1720570	1720569	2194793053	12	111	14	2194793452				1554	Поле 111 не содержит кода подполя.
rsl03_z00.dat	001720559	1720571	1720570	2194795426	12	111	14	2194795846				1555	Поле 111 не содержит кода подполя.
rsl03_z00.dat	001720560	1720572	1720571	2194797972	12	111	14	2194798381				1556	Поле 111 не содержит кода подполя.
rsl03_z00.dat	001720561	1720573	1720572	2194801176	11	111	13	2194801562				1557	Поле 111 не содержит кода подполя.
rsl03_z00.dat	001720562	1720574	1720573	2194802427	11	111	13	2194802813				1558	Поле 111 не содержит кода подполя.
rsl03_z00.dat	001720563	1720575	1720574	2194803720	11	111	13	2194804106				1559	Поле 111 не содержит кода подполя.
rsl03_z00.dat	001720564	1720576	1720575	2194805175	11	111	13	2194805561				1560	Поле 111 не содержит кода подполя.
rsl03_z00.dat	001720565	1720577	1720576	2194806612	11	111	13	2194806998				1561	Поле 111 не содержит кода подполя.
rsl03_z00.dat	001720566	1720578	1720577	2194808011	11	111	13	2194808397				1562	Поле 111 не содержит кода подполя.
rsl03_z00.dat	001720567	1720579	1720578	2194809173	12	111	14	2194809615				1563	Поле 111 не содержит кода подполя.
rsl03_z00.dat	001720568	1720580	1720579	2194811680	12	111	14	2194812114				1564	Поле 111 не содержит кода подполя.
rsl03_z00.dat	001720569	1720581	1720580	2194814825	12	111	14	2194815263				1565	Поле 111 не содержит кода подполя.
rsl03_z00.dat	001720570	1720582	1720581	2194817542	12	111	14	2194817970				1566	Поле 111 не содержит кода подполя.
rsl03_z00.dat	001720571	1720583	1720582	2194820089	12	111	14	2194820486				1567	Поле 111 не содержит кода подполя.
rsl03_z00.dat	001720572	1720584	1720583	2194822605	12	111	14	2194823001				1568	Поле 111 не содержит кода подполя.
rsl03_z00.dat	001720573	1720585	1720584	2194824991	12	111	14	2194825395				1569	Поле 111 не содержит кода подполя.
rsl03_z00.dat	001720574	1720586	1720585	2194827796	12	111	14	2194828191				1570	Поле 111 не содержит кода подполя.
rsl03_z00.dat	001720575	1720587	1720586	2194830371	12	111	14	2194830782				1571	Поле 111 не содержит кода подполя.
rsl03_z00.dat	001720576	1720588	1720587	2194833039	12	111	14	2194833452				1572	Поле 111 не содержит кода подполя.
rsl03_z00.dat	001720577	1720589	1720588	2194836481	12	111	14	2194836924				1573	Поле 111 не содержит кода подполя.
rsl03_z00.dat	001720578	1720590	1720589	2194838781	13	111	15	2194839202				1574	Поле 111 не содержит кода подполя.
rsl03_z00.dat	001720579	1720591	1720590	2194841123	11	111	13	2194841468				1575	Поле 111 не содержит кода подполя.
rsl03_z00.dat	001720581	1720593	1720592	2194846393	12	111	14	2194846819				1576	Поле 111 не содержит кода подполя.
rsl03_z00.dat	001720582	1720594	1720593	2194848736	12	111	14	2194849124				1577	Поле 111 не содержит кода подполя.
rsl03_z00.dat	001720583	1720595	1720594	2194850397	12	111	14	2194850781				1578	Поле 111 не содержит кода подполя.
rsl03_z00.dat	001720584	1720596	1720595	2194852414	12	111	14	2194852798				1579	Поле 111 не содержит кода подполя.
rsl03_z00.dat	001720585	1720597	1720596	2194854190	12	111	14	2194854598				1580	Поле 111 не содержит кода подполя.
rsl03_z00.dat	001720587	1720599	1720598	2194860207	11	111	13	2194860547				1581	Поле 111 не содержит кода подполя.
rsl03_z00.dat	001720589	1720601	1720600	2194863766	11	111	13	2194864142				1582	Поле 111 не содержит кода подполя.
rsl03_z00.dat	001720590	1720602	1720601	2194867168	12	111	14	2194867571				1583	Поле 111 не содержит кода подполя.
rsl03_z00.dat	001720591	1720603	1720602	2194869578	12	111	14	2194869969				1584	Поле 111 не содержит кода подполя.
rsl03_z00.dat	001720592	1720604	1720603	2194871649	12	111	14	2194872068				1585	Поле 111 не содержит кода подполя.
rsl03_z00.dat	001720593	1720605	1720604	2194873818	12	111	14	2194874264				1586	Поле 111 не содержит кода подполя.
rsl03_z00.dat	001720594	1720606	1720605	2194876014	11	111	13	2194876389				1587	Поле 111 не содержит кода подполя.
rsl03_z00.dat	001720595	1720607	1720606	2194878997	12	111	14	2194879430				1588	Поле 111 не содержит кода подполя.
rsl03_z00.dat	001720596	1720608	1720607	2194881253	12	111	14	2194881697				1589	Поле 111 не содержит кода подполя.
rsl03_z00.dat	001720597	1720609	1720608	2194884643	12	111	14	2194885079				1590	Поле 111 не содержит кода подполя.
rsl03_z00.dat	001720598	1720610	1720609	2194886696	11	111	13	2194887032				1591	Поле 111 не содержит кода подполя.
rsl03_z00.dat	001720600	1720612	1720611	2194890427	11	111	13	2194890780				1592	Поле 111 не содержит кода подполя.
rsl03_z00.dat	001720601	1720613	1720612	2194893612	11	111	13	2194893952				1593	Поле 111 не содержит кода подполя.
rsl03_z00.dat	001720603	1720615	1720614	2194897219	11	111	13	2194897557				1594	Поле 111 не содержит кода подполя.
rsl03_z00.dat	001720605	1720617	1720616	2194900950	12	111	14	2194901377				1595	Поле 111 не содержит кода подполя.
rsl03_z00.dat	001720606	1720618	1720617	2194904104	12	111	14	2194904523				1596	Поле 111 не содержит кода подполя.
rsl03_z00.dat	001720607	1720619	1720618	2194905692	11	111	13	2194906051				1597	Поле 111 не содержит кода подполя.
rsl03_z00.dat	001720608	1720620	1720619	2194909113	12	111	14	2194909518				1598	Поле 111 не содержит кода подполя.
rsl03_z00.dat	001720610	1720622	1720621	2194913551	12	111	14	2194913956				1599	Поле 111 не содержит кода подполя.
rsl03_z00.dat	001720611	1720623	1720622	2194915990	12	111	14	2194916365				1600	Поле 111 не содержит кода подполя.
rsl03_z00.dat	001720612	1720624	1720623	2194918680	11	111	13	2194919045				1601	Поле 111 не содержит кода подполя.
rsl03_z00.dat	001720613	1720625	1720624	2194923119	12	111	14	2194923558				1602	Поле 111 не содержит кода подполя.
rsl03_z00.dat	001720614	1720626	1720625	2194925676	11	111	13	2194926028				1603	Поле 111 не содержит кода подполя.
rsl03_z00.dat	001720616	1720628	1720627	2194930766	11	111	13	2194931145				1604	Поле 111 не содержит кода подполя.
rsl03_z00.dat	001720618	1720630	1720629	2194933867	12	111	14	2194934292				1605	Поле 111 не содержит кода подполя.
rsl03_z00.dat	001720619	1720631	1720630	2194935905	12	111	14	2194936332				1606	Поле 111 не содержит кода подполя.
rsl03_z00.dat	001720620	1720632	1720631	2194938197	12	111	14	2194938620				1607	Поле 111 не содержит кода подполя.
rsl03_z00.dat	001720621	1720633	1720632	2194940038	13	111	15	2194940447				1608	Поле 111 не содержит кода подполя.
rsl03_z00.dat	001720622	1720634	1720633	2194942707	11	111	13	2194943060				1609	Поле 111 не содержит кода подполя.
rsl03_z00.dat	001720623	1720635	1720634	2194945326	12	111	14	2194945695				1610	Поле 111 не содержит кода подполя.
rsl03_z00.dat	001720624	1720636	1720635	2194948057	13	111	15	2194948494				1611	Поле 111 не содержит кода подполя.
rsl03_z00.dat	001720625	1720637	1720636	2194950811	13	111	15	2194951260				1612	Поле 111 не содержит кода подполя.
rsl03_z00.dat	001720626	1720638	1720637	2194954162	12	111	14	2194954576				1613	Поле 111 не содержит кода подполя.
rsl03_z00.dat	001720627	1720639	1720638	2194955861	12	111	14	2194956281				1614	Поле 111 не содержит кода подполя.
rsl03_z00.dat	001720628	1720640	1720639	2194958476	12	111	14	2194958883				1615	Поле 111 не содержит кода подполя.
rsl03_z00.dat	001720629	1720641	1720640	2194961228	12	111	14	2194961646				1616	Поле 111 не содержит кода подполя.
rsl03_z00.dat	001720630	1720642	1720641	2194964355	12	111	14	2194964776				1617	Поле 111 не содержит кода подполя.
rsl03_z00.dat	001720631	1720643	1720642	2194966417	12	111	14	2194966864				1618	Поле 111 не содержит кода подполя.
rsl03_z00.dat	001720632	1720644	1720643	2194969627	11	111	13	2194969980				1619	Поле 111 не содержит кода подполя.
rsl03_z00.dat	001720633	1720645	1720644	2194971459	12	111	14	2194971874				1620	Поле 111 не содержит кода подполя.
rsl03_z00.dat	001720634	1720646	1720645	2194973628	11	111	13	2194973984				1621	Поле 111 не содержит кода подполя.
rsl03_z00.dat	001720635	1720647	1720646	2194976342	11	111	13	2194976697				1622	Поле 111 не содержит кода подполя.
rsl03_z00.dat	001720636	1720648	1720647	2194979856	12	111	14	2194980302				1623	Поле 111 не содержит кода подполя.
rsl03_z00.dat	001720637	1720649	1720648	2194981795	13	111	15	2194982225				1624	Поле 111 не содержит кода подполя.
rsl03_z00.dat	001720638	1720650	1720649	2194984160	11	111	13	2194984506				1625	Поле 111 не содержит кода подполя.
rsl03_z00.dat	001720639	1720651	1720650	2194986911	13	111	15	2194987356				1626	Поле 111 не содержит кода подполя.
rsl03_z00.dat	001720640	1720652	1720651	2194989475	12	111	14	2194989905				1627	Поле 111 не содержит кода подполя.
rsl03_z00.dat	001720641	1720653	1720652	2194992737	13	111	15	2194993203				1628	Поле 111 не содержит кода подполя.
rsl03_z00.dat	001720642	1720654	1720653	2194995153	11	111	13	2194995517				1629	Поле 111 не содержит кода подполя.
rsl03_z00.dat	001720643	1720655	1720654	2194998032	11	111	13	2194998377				1630	Поле 111 не содержит кода подполя.
rsl03_z00.dat	001720644	1720656	1720655	2195001119	12	111	14	2195001543				1631	Поле 111 не содержит кода подполя.
rsl03_z00.dat	001720645	1720657	1720656	2195003205	12	111	14	2195003627				1632	Поле 111 не содержит кода подполя.
rsl03_z00.dat	001720646	1720658	1720657	2195006616	12	111	14	2195007029				1633	Поле 111 не содержит кода подполя.
rsl03_z00.dat	001720647	1720659	1720658	2195009268	10	111	12	2195009575				1634	Поле 111 не содержит кода подполя.
rsl03_z00.dat	001720648	1720660	1720659	2195011718	10	111	12	2195012025				1635	Поле 111 не содержит кода подполя.
rsl03_z00.dat	001720649	1720661	1720660	2195014546	11	111	13	2195014903				1636	Поле 111 не содержит кода подполя.
rsl03_z00.dat	001720650	1720662	1720661	2195017874	11	111	13	2195018229				1637	Поле 111 не содержит кода подполя.
rsl03_z00.dat	001720651	1720663	1720662	2195020568	12	111	14	2195020993				1638	Поле 111 не содержит кода подполя.
rsl03_z00.dat	001720652	1720664	1720663	2195023526	12	111	14	2195023956				1639	Поле 111 не содержит кода подполя.
rsl03_z00.dat	001720653	1720665	1720664	2195025359	12	111	14	2195025785				1640	Поле 111 не содержит кода подполя.
rsl03_z00.dat	001720654	1720666	1720665	2195027408	11	111	13	2195027762				1641	Поле 111 не содержит кода подполя.
rsl03_z00.dat	001720655	1720667	1720666	2195031000	12	111	14	2195031419				1642	Поле 111 не содержит кода подполя.
rsl03_z00.dat	001720656	1720668	1720667	2195034193	12	111	14	2195034612				1643	Поле 111 не содержит кода подполя.
rsl03_z00.dat	001720657	1720669	1720668	2195037537	11	111	13	2195037876				1644	Поле 111 не содержит кода подполя.
rsl03_z00.dat	001720658	1720670	1720669	2195038383	12	111	14	2195038787				1645	Поле 111 не содержит кода подполя.
rsl03_z00.dat	001720659	1720671	1720670	2195039554	12	111	14	2195039958				1646	Поле 111 не содержит кода подполя.
rsl03_z00.dat	001720660	1720672	1720671	2195041172	12	111	14	2195041576				1647	Поле 111 не содержит кода подполя.
rsl03_z00.dat	001720661	1720673	1720672	2195042345	12	111	14	2195042749				1648	Поле 111 не содержит кода подполя.
rsl03_z00.dat	001720662	1720674	1720673	2195043947	12	111	14	2195044355				1649	Поле 111 не содержит кода подполя.
rsl03_z00.dat	001720663	1720675	1720674	2195045166	10	111	12	2195045484				1650	Поле 111 не содержит кода подполя.
rsl03_z00.dat	001720664	1720676	1720675	2195046224	10	111	12	2195046527				1651	Поле 111 не содержит кода подполя.
rsl03_z00.dat	001720665	1720677	1720676	2195046965	10	111	12	2195047268				1652	Поле 111 не содержит кода подполя.
rsl03_z00.dat	001720666	1720678	1720677	2195047722	10	111	12	2195048025				1653	Поле 111 не содержит кода подполя.
rsl03_z00.dat	001720667	1720679	1720678	2195048728	10	111	12	2195049046				1654	Поле 111 не содержит кода подполя.
rsl03_z00.dat	001720668	1720680	1720679	2195049791	10	111	12	2195050094				1655	Поле 111 не содержит кода подполя.
rsl03_z00.dat	001720669	1720681	1720680	2195050688	10	111	12	2195051006				1656	Поле 111 не содержит кода подполя.
rsl03_z00.dat	001720670	1720682	1720681	2195051624	10	111	12	2195051942				1657	Поле 111 не содержит кода подполя.
rsl03_z00.dat	001720671	1720683	1720682	2195052569	10	111	12	2195052887				1658	Поле 111 не содержит кода подполя.
rsl03_z00.dat	001720672	1720684	1720683	2195053688	10	111	12	2195053985				1659	Поле 111 не содержит кода подполя.
rsl03_z00.dat	001720673	1720685	1720684	2195054469	10	111	12	2195054766				1660	Поле 111 не содержит кода подполя.
rsl03_z00.dat	001720674	1720686	1720685	2195055306	10	111	12	2195055624				1661	Поле 111 не содержит кода подполя.
rsl03_z00.dat	001720675	1720687	1720686	2195056153	10	111	12	2195056471				1662	Поле 111 не содержит кода подполя.
rsl03_z00.dat	001720676	1720688	1720687	2195056996	10	111	12	2195057314				1663	Поле 111 не содержит кода подполя.
rsl03_z00.dat	001720677	1720689	1720688	2195057739	10	111	12	2195058057				1664	Поле 111 не содержит кода подполя.
rsl03_z00.dat	001720678	1720690	1720689	2195058478	9	111	11	2195058751				1665	Поле 111 не содержит кода подполя.
rsl03_z00.dat	001720679	1720691	1720690	2195059211	10	111	12	2195059529				1666	Поле 111 не содержит кода подполя.
rsl03_z00.dat	001720680	1720692	1720691	2195060265	10	111	12	2195060583				1667	Поле 111 не содержит кода подполя.
rsl03_z00.dat	001720687	1720693	1720692	2195061315	12	111	14	2195061705				1668	Поле 111 не содержит кода подполя.
rsl03_z00.dat	001720688	1720694	1720693	2195062194	12	111	14	2195062564				1669	Поле 111 не содержит кода подполя.
rsl03_z00.dat	001720689	1720695	1720694	2195063080	10	111	12	2195063398				1670	Поле 111 не содержит кода подполя.
rsl03_z00.dat	001720690	1720696	1720695	2195064011	10	111	12	2195064308				1671	Поле 111 не содержит кода подполя.
rsl03_z00.dat	001720691	1720697	1720696	2195064886	11	111	13	2195065226				1672	Поле 111 не содержит кода подполя.
rsl03_z00.dat	001720692	1720698	1720697	2195065716	11	111	13	2195066043				1673	Поле 111 не содержит кода подполя.
rsl03_z00.dat	001720693	1720699	1720698	2195066526	11	111	13	2195066883				1674	Поле 111 не содержит кода подполя.
rsl03_z00.dat	001720694	1720700	1720699	2195067267	11	111	13	2195067594				1675	Поле 111 не содержит кода подполя.
rsl03_z00.dat	001720695	1720701	1720700	2195068160	11	111	13	2195068486				1676	Поле 111 не содержит кода подполя.
rsl03_z00.dat	001720696	1720702	1720701	2195069135	12	111	14	2195069520				1677	Поле 111 не содержит кода подполя.
rsl03_z00.dat	001720697	1720703	1720702	2195069949	12	111	14	2195070403				1678	Поле 111 не содержит кода подполя.
rsl03_z00.dat	001720698	1720704	1720703	2195072345	12	111	14	2195072754				1679	Поле 111 не содержит кода подполя.
rsl03_z00.dat	001720699	1720705	1720704	2195075707	12	111	14	2195076117				1680	Поле 111 не содержит кода подполя.
rsl03_z00.dat	001720700	1720706	1720705	2195077410	13	111	15	2195077874				1681	Поле 111 не содержит кода подполя.
rsl03_z00.dat	001720701	1720707	1720706	2195079185	12	111	14	2195079599				1682	Поле 111 не содержит кода подполя.
rsl03_z00.dat	001720702	1720708	1720707	2195081053	13	111	15	2195081516				1683	Поле 111 не содержит кода подполя.
rsl03_z00.dat	001720703	1720709	1720708	2195082853	12	111	14	2195083263				1684	Поле 111 не содержит кода подполя.
rsl03_z00.dat	001720704	1720710	1720709	2195084718	13	111	15	2195085200				1685	Поле 111 не содержит кода подполя.
rsl03_z00.dat	001720705	1720711	1720710	2195087138	12	111	14	2195087608				1686	Поле 111 не содержит кода подполя.
rsl03_z00.dat	001720706	1720712	1720711	2195089157	12	111	14	2195089575				1687	Поле 111 не содержит кода подполя.
rsl03_z00.dat	001720707	1720713	1720712	2195092403	10	111	12	2195092748				1688	Поле 111 не содержит кода подполя.
rsl03_z00.dat	001720709	1720715	1720714	2195097662	11	111	13	2195098029				1689	Поле 111 не содержит кода подполя.
rsl03_z00.dat	001720710	1720716	1720715	2195100091	10	111	12	2195100416				1690	Поле 111 не содержит кода подполя.
rsl03_z00.dat	001720712	1720718	1720717	2195103611	12	111	14	2195104003				1691	Поле 111 не содержит кода подполя.
rsl03_z00.dat	001720714	1720720	1720719	2195106246	11	111	13	2195106613				1692	Поле 111 не содержит кода подполя.
rsl03_z00.dat	001720715	1720721	1720720	2195109970	11	111	13	2195110339				1693	Поле 111 не содержит кода подполя.
rsl03_z00.dat	001720716	1720722	1720721	2195112174	10	111	12	2195112489				1694	Поле 111 не содержит кода подполя.
rsl03_z00.dat	001720718	1720724	1720723	2195114717	10	111	12	2195115032				1695	Поле 111 не содержит кода подполя.
rsl03_z00.dat	001720720	1720726	1720725	2195117164	10	111	12	2195117479				1696	Поле 111 не содержит кода подполя.
rsl03_z00.dat	001720722	1720728	1720727	2195119617	10	111	12	2195119932				1697	Поле 111 не содержит кода подполя.
rsl03_z00.dat	001720724	1720730	1720729	2195122070	11	111	13	2195122461				1698	Поле 111 не содержит кода подполя.
rsl03_z00.dat	001720725	1720731	1720730	2195125925	11	111	13	2195126258				1699	Поле 111 не содержит кода подполя.
rsl03_z00.dat	001720726	1720732	1720731	2195127591	11	111	13	2195127950				1700	Поле 111 не содержит кода подполя.
rsl03_z00.dat	001720727	1720733	1720732	2195130099	11	111	13	2195130458				1701	Поле 111 не содержит кода подполя.
rsl03_z00.dat	001720728	1720734	1720733	2195133101	11	111	13	2195133469				1702	Поле 111 не содержит кода подполя.
rsl03_z00.dat	001720729	1720735	1720734	2195134553	12	111	14	2195134991				1703	Поле 111 не содержит кода подполя.
rsl03_z00.dat	001720730	1720736	1720735	2195137613	12	111	14	2195138042				1704	Поле 111 не содержит кода подполя.
rsl03_z00.dat	001720731	1720737	1720736	2195139725	11	111	13	2195140120				1705	Поле 111 не содержит кода подполя.
rsl03_z00.dat	001720733	1720739	1720738	2195144824	12	111	14	2195145255				1706	Поле 111 не содержит кода подполя.
rsl03_z00.dat	001720734	1720740	1720739	2195147957	12	111	14	2195148411				1707	Поле 111 не содержит кода подполя.
rsl03_z00.dat	001720735	1720741	1720740	2195150452	12	111	14	2195150859				1708	Поле 111 не содержит кода подполя.
rsl03_z00.dat	001720736	1720742	1720741	2195153232	12	111	14	2195153638				1709	Поле 111 не содержит кода подполя.
rsl03_z00.dat	001720737	1720743	1720742	2195156526	12	111	14	2195156937				1710	Поле 111 не содержит кода подполя.
rsl03_z00.dat	001720738	1720744	1720743	2195159993	11	111	13	2195160341				1711	Поле 111 не содержит кода подполя.
rsl03_z00.dat	001720740	1720746	1720745	2195164635	12	111	14	2195165063				1712	Поле 111 не содержит кода подполя.
rsl03_z00.dat	001720741	1720747	1720746	2195167465	12	111	14	2195167869				1713	Поле 111 не содержит кода подполя.
rsl03_z00.dat	001720743	1720749	1720748	2195171878	12	111	14	2195172317				1714	Поле 111 не содержит кода подполя.
rsl03_z00.dat	001720744	1720750	1720749	2195172927	12	111	14	2195173349				1715	Поле 111 не содержит кода подполя.
rsl03_z00.dat	001720745	1720751	1720750	2195175592	12	111	14	2195176027				1716	Поле 111 не содержит кода подполя.
rsl03_z00.dat	001720746	1720752	1720751	2195178596	12	111	14	2195179019				1717	Поле 111 не содержит кода подполя.
rsl03_z00.dat	001720747	1720753	1720752	2195181134	12	111	14	2195181570				1718	Поле 111 не содержит кода подполя.
rsl03_z00.dat	001720748	1720754	1720753	2195183910	11	111	13	2195184280				1719	Поле 111 не содержит кода подполя.
rsl03_z00.dat	001720749	1720755	1720754	2195187690	12	111	14	2195188069				1720	Поле 111 не содержит кода подполя.
rsl03_z00.dat	001720750	1720756	1720755	2195189345	12	111	14	2195189747				1721	Поле 111 не содержит кода подполя.
rsl03_z00.dat	001720751	1720757	1720756	2195191597	11	111	13	2195191972				1722	Поле 111 не содержит кода подполя.
rsl03_z00.dat	001720752	1720758	1720757	2195195050	12	111	14	2195195487				1723	Поле 111 не содержит кода подполя.
rsl03_z00.dat	001720753	1720759	1720758	2195197527	10	111	12	2195197842				1724	Поле 111 не содержит кода подполя.
rsl03_z00.dat	001720755	1720761	1720760	2195200070	11	111	13	2195200435				1725	Поле 111 не содержит кода подполя.
rsl03_z00.dat	001720756	1720762	1720761	2195203267	11	111	13	2195203614				1726	Поле 111 не содержит кода подполя.
rsl03_z00.dat	001720758	1720764	1720763	2195206022	11	111	13	2195206369				1727	Поле 111 не содержит кода подполя.
rsl03_z00.dat	001720761	1720767	1720766	2195211295	12	111	14	2195211749				1728	Поле 111 не содержит кода подполя.
rsl03_z00.dat	001720764	1720771	1720770	2195221169	12	111	14	2195221592				1729	Поле 111 не содержит кода подполя.
rsl03_z00.dat	001720765	1720772	1720771	2195223559	10	111	12	2195223876				1730	Поле 111 не содержит кода подполя.
rsl03_z00.dat	001720767	1720774	1720773	2195226010	10	111	12	2195226327				1731	Поле 111 не содержит кода подполя.
rsl03_z00.dat	001720769	1720776	1720775	2195228461	13	111	15	2195228929				1732	Поле 111 не содержит кода подполя.
rsl03_z00.dat	001720770	1720777	1720776	2195232343	10	111	12	2195232660				1733	Поле 111 не содержит кода подполя.
rsl03_z00.dat	001720772	1720779	1720778	2195234851	12	111	14	2195235255				1734	Поле 111 не содержит кода подполя.
rsl03_z00.dat	001720773	1720780	1720779	2195238219	11	111	13	2195238565				1735	Поле 111 не содержит кода подполя.
rsl03_z00.dat	001720775	1720782	1720781	2195243674	11	111	13	2195244054				1736	Поле 111 не содержит кода подполя.
rsl03_z00.dat	001720776	1720783	1720782	2195247190	12	111	14	2195247606				1737	Поле 111 не содержит кода подполя.
rsl03_z00.dat	001720777	1720784	1720783	2195251293	12	111	14	2195251713				1738	Поле 111 не содержит кода подполя.
rsl03_z00.dat	001720778	1720785	1720784	2195255137	12	111	14	2195255513				1739	Поле 111 не содержит кода подполя.
rsl03_z00.dat	001720779	1720786	1720785	2195258349	12	111	14	2195258752				1740	Поле 111 не содержит кода подполя.
rsl03_z00.dat	001720780	1720787	1720786	2195261314	12	111	14	2195261717				1741	Поле 111 не содержит кода подполя.
rsl03_z00.dat	001720781	1720788	1720787	2195263033	12	111	14	2195263452				1742	Поле 111 не содержит кода подполя.
rsl03_z00.dat	001720782	1720789	1720788	2195266230	14	111	16	2195266747				1743	Поле 111 не содержит кода подполя.
rsl03_z00.dat	001720784	1720791	1720790	2195269691	14	111	16	2195270208				1744	Поле 111 не содержит кода подполя.
rsl03_z00.dat	001720786	1720793	1720792	2195273152	14	111	16	2195273669				1745	Поле 111 не содержит кода подполя.
rsl03_z00.dat	001720788	1720795	1720794	2195276613	14	111	16	2195277130				1746	Поле 111 не содержит кода подполя.
rsl03_z00.dat	001720791	1720798	1720797	2195282605	12	111	14	2195283012				1747	Поле 111 не содержит кода подполя.
rsl03_z00.dat	001720792	1720799	1720798	2195284791	12	111	14	2195285181				1748	Поле 111 не содержит кода подполя.
rsl03_z00.dat	001720793	1720800	1720799	2195287537	12	111	14	2195287940				1749	Поле 111 не содержит кода подполя.
rsl03_z00.dat	001720796	1720803	1720802	2195294714	12	111	14	2195295117				1750	Поле 111 не содержит кода подполя.
rsl03_z00.dat	001720797	1720804	1720803	2195297252	11	111	13	2195297658				1751	Поле 111 не содержит кода подполя.
rsl03_z00.dat	001720799	1720806	1720805	2195303679	12	111	14	2195304115				1752	Поле 111 не содержит кода подполя.
rsl03_z00.dat	001720800	1720807	1720806	2195306578	12	111	14	2195307013				1753	Поле 111 не содержит кода подполя.
rsl03_z00.dat	001720801	1720808	1720807	2195309713	11	111	13	2195310104				1754	Поле 111 не содержит кода подполя.
rsl03_z00.dat	001720802	1720809	1720808	2195313046	14	111	16	2195313523				1755	Поле 111 не содержит кода подполя.
rsl03_z00.dat	001720803	1720810	1720809	2195316672	12	111	14	2195317084				1756	Поле 111 не содержит кода подполя.
rsl03_z00.dat	001720804	1720811	1720810	2195319662	11	111	13	2195320017				1757	Поле 111 не содержит кода подполя.
rsl03_z00.dat	001720805	1720812	1720811	2195324251	11	111	13	2195324612				1758	Поле 111 не содержит кода подполя.
rsl03_z00.dat	001720806	1720813	1720812	2195327040	12	111	14	2195327456				1759	Поле 111 не содержит кода подполя.
rsl03_z00.dat	001720807	1720814	1720813	2195329949	11	111	13	2195330304				1760	Поле 111 не содержит кода подполя.
rsl03_z00.dat	001720808	1720815	1720814	2195334324	12	111	14	2195334790				1761	Поле 111 не содержит кода подполя.
rsl03_z00.dat	001720809	1720816	1720815	2195336647	12	111	14	2195337060				1762	Поле 111 не содержит кода подполя.
rsl03_z00.dat	001720810	1720817	1720816	2195339863	12	111	14	2195340297				1763	Поле 111 не содержит кода подполя.
rsl03_z00.dat	001720811	1720818	1720817	2195342132	11	111	13	2195342472				1764	Поле 111 не содержит кода подполя.
rsl03_z00.dat	001720813	1720820	1720819	2195345633	14	111	16	2195346125				1765	Поле 111 не содержит кода подполя.
rsl03_z00.dat	001720814	1720821	1720820	2195347407	13	111	15	2195347858				1766	Поле 111 не содержит кода подполя.
rsl03_z00.dat	001720815	1720822	1720821	2195349610	15	111	17	2195350099				1767	Поле 111 не содержит кода подполя.
rsl03_z00.dat	001720816	1720823	1720822	2195352252	13	111	15	2195352700				1768	Поле 111 не содержит кода подполя.
rsl03_z00.dat	001720817	1720824	1720823	2195354852	12	111	14	2195355289				1769	Поле 111 не содержит кода подполя.
rsl03_z00.dat	001720818	1720825	1720824	2195358205	10	111	12	2195358520				1770	Поле 111 не содержит кода подполя.
rsl03_z00.dat	001720820	1720827	1720826	2195360748	10	111	12	2195361063				1771	Поле 111 не содержит кода подполя.
rsl03_z00.dat	001720822	1720829	1720828	2195363291	11	111	13	2195363649				1772	Поле 111 не содержит кода подполя.
rsl03_z00.dat	001720823	1720830	1720829	2195365136	11	111	13	2195365511				1773	Поле 111 не содержит кода подполя.
rsl03_z00.dat	001720824	1720831	1720830	2195367331	12	111	14	2195367744				1774	Поле 111 не содержит кода подполя.
rsl03_z00.dat	001720825	1720832	1720831	2195370101	12	111	14	2195370542				1775	Поле 111 не содержит кода подполя.
rsl03_z00.dat	001720826	1720833	1720832	2195372146	13	111	15	2195372588				1776	Поле 111 не содержит кода подполя.
rsl03_z00.dat	001720827	1720834	1720833	2195374487	12	111	14	2195374871				1777	Поле 111 не содержит кода подполя.
rsl03_z00.dat	001720828	1720835	1720834	2195376940	13	111	15	2195377384				1778	Поле 111 не содержит кода подполя.
rsl03_z00.dat	001720829	1720836	1720835	2195379364	13	111	15	2195379809				1779	Поле 111 не содержит кода подполя.
rsl03_z00.dat	001720830	1720837	1720836	2195380977	10	111	12	2195381322				1780	Поле 111 не содержит кода подполя.
rsl03_z00.dat	001720832	1720839	1720838	2195386348	12	111	14	2195386757				1781	Поле 111 не содержит кода подполя.
rsl03_z00.dat	001720833	1720840	1720839	2195389493	12	111	14	2195389917				1782	Поле 111 не содержит кода подполя.
rsl03_z00.dat	001720834	1720841	1720840	2195391083	12	111	14	2195391481				1783	Поле 111 не содержит кода подполя.
rsl03_z00.dat	001720835	1720842	1720841	2195392122	12	111	14	2195392541				1784	Поле 111 не содержит кода подполя.
rsl03_z00.dat	001720836	1720843	1720842	2195393351	11	111	13	2195393723				1785	Поле 111 не содержит кода подполя.
rsl03_z00.dat	001720837	1720844	1720843	2195397232	12	111	14	2195397662				1786	Поле 111 не содержит кода подполя.
rsl03_z00.dat	001720838	1720845	1720844	2195400916	12	111	14	2195401310				1787	Поле 111 не содержит кода подполя.
rsl03_z00.dat	001720839	1720846	1720845	2195404539	12	111	14	2195404959				1788	Поле 111 не содержит кода подполя.
rsl03_z00.dat	001720840	1720847	1720846	2195408019	14	111	16	2195408494				1789	Поле 111 не содержит кода подполя.
rsl03_z00.dat	001720841	1720848	1720847	2195410866	12	111	14	2195411266				1790	Поле 111 не содержит кода подполя.
rsl03_z00.dat	001720843	1720850	1720849	2195413797	13	111	15	2195414242				1791	Поле 111 не содержит кода подполя.
rsl03_z00.dat	001720844	1720851	1720850	2195416202	13	111	15	2195416665				1792	Поле 111 не содержит кода подполя.
rsl03_z00.dat	001720845	1720852	1720851	2195418558	12	111	14	2195418956				1793	Поле 111 не содержит кода подполя.
rsl03_z00.dat	001720847	1720854	1720853	2195422104	12	111	14	2195422502				1794	Поле 111 не содержит кода подполя.
rsl03_z00.dat	001720849	1720856	1720855	2195425650	13	111	15	2195426106				1795	Поле 111 не содержит кода подполя.
rsl03_z00.dat	001720850	1720857	1720856	2195427514	12	111	14	2195427951				1796	Поле 111 не содержит кода подполя.
rsl03_z00.dat	001720851	1720858	1720857	2195429641	12	111	14	2195430061				1797	Поле 111 не содержит кода подполя.
rsl03_z00.dat	001720853	1720860	1720859	2195433003	13	111	15	2195433459				1798	Поле 111 не содержит кода подполя.
rsl03_z00.dat	001720854	1720861	1720860	2195434569	12	111	14	2195434989				1799	Поле 111 не содержит кода подполя.
rsl03_z00.dat	001720856	1720863	1720862	2195437931	11	111	13	2195438299				1800	Поле 111 не содержит кода подполя.
rsl03_z00.dat	001720857	1720864	1720863	2195442200	12	111	14	2195442636				1801	Поле 111 не содержит кода подполя.
rsl03_z00.dat	001720858	1720865	1720864	2195444906	12	111	14	2195445336				1802	Поле 111 не содержит кода подполя.
rsl03_z00.dat	001720859	1720866	1720865	2195448101	12	111	14	2195448528				1803	Поле 111 не содержит кода подполя.
rsl03_z00.dat	001720860	1720867	1720866	2195450493	12	111	14	2195450940				1804	Поле 111 не содержит кода подполя.
rsl03_z00.dat	001720861	1720868	1720867	2195453907	12	111	14	2195454336				1805	Поле 111 не содержит кода подполя.
rsl03_z00.dat	001720862	1720869	1720868	2195456823	11	111	13	2195457178				1806	Поле 111 не содержит кода подполя.
rsl03_z00.dat	001720864	1720871	1720870	2195463959	13	111	15	2195464405				1807	Поле 111 не содержит кода подполя.
rsl03_z00.dat	001720865	1720872	1720871	2195467769	12	111	14	2195468198				1808	Поле 111 не содержит кода подполя.
rsl03_z00.dat	001720866	1720873	1720872	2195469699	11	111	13	2195470077				1809	Поле 111 не содержит кода подполя.
rsl03_z00.dat	001720867	1720874	1720873	2195473024	11	111	13	2195473391				1810	Поле 111 не содержит кода подполя.
rsl03_z00.dat	001720868	1720875	1720874	2195474932	11	111	13	2195475307				1811	Поле 111 не содержит кода подполя.
rsl03_z00.dat	001720869	1720876	1720875	2195477861	11	111	13	2195478228				1812	Поле 111 не содержит кода подполя.
rsl03_z00.dat	001720870	1720877	1720876	2195479769	11	111	13	2195480144				1813	Поле 111 не содержит кода подполя.
rsl03_z00.dat	001720871	1720878	1720877	2195482698	11	111	13	2195483076				1814	Поле 111 не содержит кода подполя.
rsl03_z00.dat	001720873	1720880	1720879	2195487894	11	111	13	2195488263				1815	Поле 111 не содержит кода подполя.
rsl03_z00.dat	001720874	1720881	1720880	2195491277	11	111	13	2195491643				1816	Поле 111 не содержит кода подполя.
rsl03_z00.dat	001720875	1720882	1720881	2195494766	11	111	13	2195495133				1817	Поле 111 не содержит кода подполя.
rsl03_z00.dat	001720876	1720883	1720882	2195497567	11	111	13	2195497929				1818	Поле 111 не содержит кода подполя.
rsl03_z00.dat	001720877	1720884	1720883	2195500663	11	111	13	2195501034				1819	Поле 111 не содержит кода подполя.
rsl03_z00.dat	001720878	1720885	1720884	2195503844	11	111	13	2195504211				1820	Поле 111 не содержит кода подполя.
rsl03_z00.dat	001720879	1720886	1720885	2195507200	11	111	13	2195507568				1821	Поле 111 не содержит кода подполя.
rsl03_z00.dat	001720880	1720887	1720886	2195509127	11	111	13	2195509511				1822	Поле 111 не содержит кода подполя.
rsl03_z00.dat	001720881	1720888	1720887	2195512176	11	111	13	2195512544				1823	Поле 111 не содержит кода подполя.
rsl03_z00.dat	001720882	1720889	1720888	2195514103	11	111	13	2195514487				1824	Поле 111 не содержит кода подполя.
rsl03_z00.dat	001720883	1720890	1720889	2195517157	11	111	13	2195517531				1825	Поле 111 не содержит кода подполя.
rsl03_z00.dat	001720884	1720891	1720890	2195520095	12	111	14	2195520528				1826	Поле 111 не содержит кода подполя.
rsl03_z00.dat	001720885	1720892	1720891	2195522763	11	111	13	2195523112				1827	Поле 111 не содержит кода подполя.
rsl03_z00.dat	001720886	1720893	1720892	2195523741	11	111	13	2195524120				1828	Поле 111 не содержит кода подполя.
rsl03_z00.dat	001720887	1720894	1720893	2195525503	11	111	13	2195525860				1829	Поле 111 не содержит кода подполя.
rsl03_z00.dat	001720888	1720895	1720894	2195528995	12	111	14	2195529420				1830	Поле 111 не содержит кода подполя.
rsl03_z00.dat	001720889	1720896	1720895	2195530939	13	111	15	2195531412				1831	Поле 111 не содержит кода подполя.
rsl03_z00.dat	001720890	1720897	1720896	2195533663	13	111	15	2195534107				1832	Поле 111 не содержит кода подполя.
rsl03_z00.dat	001720891	1720898	1720897	2195536923	13	111	15	2195537405				1833	Поле 111 не содержит кода подполя.
rsl03_z00.dat	001720892	1720899	1720898	2195539298	13	111	15	2195539760				1834	Поле 111 не содержит кода подполя.
rsl03_z00.dat	001720893	1720900	1720899	2195542275	13	111	15	2195542717				1835	Поле 111 не содержит кода подполя.
rsl03_z00.dat	001720894	1720901	1720900	2195544967	12	111	14	2195545333				1836	Поле 111 не содержит кода подполя.
rsl03_z00.dat	001720896	1720903	1720902	2195548709	13	111	15	2195549162				1837	Поле 111 не содержит кода подполя.
rsl03_z00.dat	001720897	1720904	1720903	2195551896	12	111	14	2195552342				1838	Поле 111 не содержит кода подполя.
rsl03_z00.dat	001720898	1720905	1720904	2195555029	13	111	15	2195555479				1839	Поле 111 не содержит кода подполя.
rsl03_z00.dat	001720899	1720906	1720905	2195557212	12	111	14	2195557614				1840	Поле 111 не содержит кода подполя.
rsl03_z00.dat	001720900	1720907	1720906	2195558796	13	111	15	2195559273				1841	Поле 111 не содержит кода подполя.
rsl03_z00.dat	001720901	1720908	1720907	2195561529	12	111	14	2195561938				1842	Поле 111 не содержит кода подполя.
rsl03_z00.dat	001720902	1720909	1720908	2195564204	11	111	13	2195564552				1843	Поле 111 не содержит кода подполя.
rsl03_z00.dat	001720903	1720910	1720909	2195569131	11	111	13	2195569509				1844	Поле 111 не содержит кода подполя.
rsl03_z00.dat	001720904	1720911	1720910	2195572157	12	111	14	2195572579				1845	Поле 111 не содержит кода подполя.
rsl03_z00.dat	001720905	1720912	1720911	2195574655	11	111	13	2195575049				1846	Поле 111 не содержит кода подполя.
rsl03_z00.dat	001720906	1720913	1720912	2195577870	11	111	13	2195578226				1847	Поле 111 не содержит кода подполя.
rsl03_z00.dat	001720907	1720914	1720913	2195580007	11	111	13	2195580384				1848	Поле 111 не содержит кода подполя.
rsl03_z00.dat	001720908	1720915	1720914	2195581817	12	111	14	2195582229				1849	Поле 111 не содержит кода подполя.
rsl03_z00.dat	001720909	1720916	1720915	2195585704	12	111	14	2195586140				1850	Поле 111 не содержит кода подполя.
rsl03_z00.dat	001720910	1720917	1720916	2195589223	12	111	14	2195589657				1851	Поле 111 не содержит кода подполя.
rsl03_z00.dat	001720911	1720918	1720917	2195592419	11	111	13	2195592788				1852	Поле 111 не содержит кода подполя.
rsl03_z00.dat	001720912	1720919	1720918	2195596557	11	111	13	2195596914				1853	Поле 111 не содержит кода подполя.
rsl03_z00.dat	001720913	1720920	1720919	2195600401	12	111	14	2195600825				1854	Поле 111 не содержит кода подполя.
rsl03_z00.dat	001720914	1720921	1720920	2195604149	11	111	13	2195604489				1855	Поле 111 не содержит кода подполя.
rsl03_z00.dat	001720915	1720922	1720921	2195607535	11	111	13	2195607875				1856	Поле 111 не содержит кода подполя.
rsl03_z00.dat	001720916	1720923	1720922	2195611422	12	111	14	2195611793				1857	Поле 111 не содержит кода подполя.
rsl03_z00.dat	001720917	1720924	1720923	2195615113	12	111	14	2195615524				1858	Поле 111 не содержит кода подполя.
rsl03_z00.dat	001720918	1720925	1720924	2195617147	12	111	14	2195617582				1859	Поле 111 не содержит кода подполя.
rsl03_z00.dat	001720919	1720926	1720925	2195618800	12	111	14	2195619242				1860	Поле 111 не содержит кода подполя.
rsl03_z00.dat	001720920	1720927	1720926	2195621171	12	111	14	2195621607				1861	Поле 111 не содержит кода подполя.
rsl03_z00.dat	001720921	1720928	1720927	2195622642	12	111	14	2195623078				1862	Поле 111 не содержит кода подполя.
rsl03_z00.dat	001720922	1720929	1720928	2195624880	12	111	14	2195625313				1863	Поле 111 не содержит кода подполя.
rsl03_z00.dat	001720923	1720930	1720929	2195625910	12	111	14	2195626290				1864	Поле 111 не содержит кода подполя.
rsl03_z00.dat	001720924	1720931	1720930	2195628400	12	111	14	2195628798				1865	Поле 111 не содержит кода подполя.
rsl03_z00.dat	001720925	1720932	1720931	2195630543	12	111	14	2195630964				1866	Поле 111 не содержит кода подполя.
rsl03_z00.dat	001720926	1720933	1720932	2195632373	12	111	14	2195632770				1867	Поле 111 не содержит кода подполя.
rsl03_z00.dat	001720927	1720934	1720933	2195634797	11	111	13	2195635163				1868	Поле 111 не содержит кода подполя.
rsl03_z00.dat	001720928	1720935	1720934	2195637088	12	111	14	2195637503				1869	Поле 111 не содержит кода подполя.
rsl03_z00.dat	001720929	1720936	1720935	2195638550	12	111	14	2195638945				1870	Поле 111 не содержит кода подполя.
rsl03_z00.dat	001720930	1720937	1720936	2195640843	12	111	14	2195641269				1871	Поле 111 не содержит кода подполя.
rsl03_z00.dat	001720931	1720938	1720937	2195642148	12	111	14	2195642572				1872	Поле 111 не содержит кода подполя.
rsl03_z00.dat	001720932	1720939	1720938	2195643784	12	111	14	2195644214				1873	Поле 111 не содержит кода подполя.
rsl03_z00.dat	001720933	1720940	1720939	2195647201	12	111	14	2195647615				1874	Поле 111 не содержит кода подполя.
rsl03_z00.dat	001720934	1720941	1720940	2195649291	12	111	14	2195649702				1875	Поле 111 не содержит кода подполя.
rsl03_z00.dat	001720936	1720943	1720942	2195652803	12	111	14	2195653212				1876	Поле 111 не содержит кода подполя.
rsl03_z00.dat	001720937	1720944	1720943	2195654624	11	111	13	2195655004				1877	Поле 111 не содержит кода подполя.
rsl03_z00.dat	001720939	1720946	1720945	2195658298	12	111	14	2195658728				1878	Поле 111 не содержит кода подполя.
rsl03_z00.dat	001720940	1720947	1720946	2195659869	11	111	13	2195660219				1879	Поле 111 не содержит кода подполя.
rsl03_z00.dat	001720942	1720949	1720948	2195661794	12	111	14	2195662200				1880	Поле 111 не содержит кода подполя.
rsl03_z00.dat	001720943	1720950	1720949	2195664584	12	111	14	2195665031				1881	Поле 111 не содержит кода подполя.
rsl03_z00.dat	001720944	1720951	1720950	2195666029	12	111	14	2195666451				1882	Поле 111 не содержит кода подполя.
rsl03_z00.dat	001720945	1720952	1720951	2195668005	12	111	14	2195668438				1883	Поле 111 не содержит кода подполя.
rsl03_z00.dat	001720946	1720953	1720952	2195670923	12	111	14	2195671300				1884	Поле 111 не содержит кода подполя.
rsl03_z00.dat	001720947	1720954	1720953	2195674121	12	111	14	2195674554				1885	Поле 111 не содержит кода подполя.
rsl03_z00.dat	001720949	1720956	1720955	2195677741	12	111	14	2195678137				1886	Поле 111 не содержит кода подполя.
rsl03_z00.dat	001720950	1720957	1720956	2195680242	12	111	14	2195680641				1887	Поле 111 не содержит кода подполя.
rsl03_z00.dat	001720951	1720958	1720957	2195681827	12	111	14	2195682275				1888	Поле 111 не содержит кода подполя.
rsl03_z00.dat	001720952	1720959	1720958	2195685367	12	111	14	2195685817				1889	Поле 111 не содержит кода подполя.
rsl03_z00.dat	001720953	1720960	1720959	2195688946	12	111	14	2195689360				1890	Поле 111 не содержит кода подполя.
rsl03_z00.dat	001720954	1720961	1720960	2195692103	13	111	15	2195692559				1891	Поле 111 не содержит кода подполя.
rsl03_z00.dat	001720955	1720962	1720961	2195694801	11	111	13	2195695129				1892	Поле 111 не содержит кода подполя.
rsl03_z00.dat	001720956	1720963	1720962	2195696473	13	111	15	2195696912				1893	Поле 111 не содержит кода подполя.
rsl03_z00.dat	001720957	1720964	1720963	2195699224	12	111	14	2195699680				1894	Поле 111 не содержит кода подполя.
rsl03_z00.dat	001720958	1720965	1720964	2195702919	11	111	13	2195703294				1895	Поле 111 не содержит кода подполя.
rsl03_z00.dat	001720959	1720966	1720965	2195706497	12	111	14	2195706955				1896	Поле 111 не содержит кода подполя.
rsl03_z00.dat	001720960	1720967	1720966	2195710090	12	111	14	2195710531				1897	Поле 111 не содержит кода подполя.
rsl03_z00.dat	001720961	1720968	1720967	2195713709	11	111	13	2195714071				1898	Поле 111 не содержит кода подполя.
rsl03_z00.dat	001720963	1720970	1720969	2195719171	11	111	13	2195719554				1899	Поле 111 не содержит кода подполя.
rsl03_z00.dat	001720964	1720971	1720970	2195722923	12	111	14	2195723372				1900	Поле 111 не содержит кода подполя.
rsl03_z00.dat	001720967	1720974	1720973	2195731085	11	111	13	2195731482				1901	Поле 111 не содержит кода подполя.
rsl03_z00.dat	001720968	1720975	1720974	2195733678	11	111	13	2195734054				1902	Поле 111 не содержит кода подполя.
rsl03_z00.dat	001720970	1720977	1720976	2195740351	11	111	13	2195740726				1903	Поле 111 не содержит кода подполя.
rsl03_z00.dat	001720971	1720978	1720977	2195743344	12	111	14	2195743732				1904	Поле 111 не содержит кода подполя.
rsl03_z00.dat	001720972	1720979	1720978	2195745478	12	111	14	2195745922				1905	Поле 111 не содержит кода подполя.
rsl03_z00.dat	001720973	1720980	1720979	2195748470	12	111	14	2195748858				1906	Поле 111 не содержит кода подполя.
rsl03_z00.dat	001720974	1720981	1720980	2195750907	11	111	13	2195751247				1907	Поле 111 не содержит кода подполя.
rsl03_z00.dat	001720976	1720983	1720982	2195754260	11	111	13	2195754600				1908	Поле 111 не содержит кода подполя.
rsl07_z00.dat	000401465	400707	400706	78953596	11	110	13	78953906				1	Поле 110 не содержит кода подполя.
rsl07_z00.dat	000508986	509748	509747	166128330	13	490	15	166129156				2	Поле 490 не содержит кода подполя.
rsl10_z00.dat	000081163	1310	1309	547326	10	678	16	548012				1	Поле 678 не содержит кода подполя.
rsl10_z00.dat	000217020	215798	215797	111943018	8	410	10	111943420				14	Поле 410 не содержит кода подполя.
rsl10_z00.dat	000239114	238193	238192	133624837	6	@08	12	133625220				20	Поле @08 не содержит кода подполя.
rsl10_z00.dat	000241213	240311	240310	135670814	8	410	10	135671182				23	Поле 410 не содержит кода подполя.
rsl11_z00.dat	000019976	19318	19317	18614760	10	678	21	18615699				2	Поле 678 не содержит кода подполя.
rsl11_z00.dat	000140213	132624	132623	108184966	8	;0 	16	108185539				8	Поле ;0  не содержит кода подполя.
rsl11_z00.dat	000105783	149050	149049	122590445	4	035	6	122590602				12	Поле 035 не содержит кода подполя.
rsl11_z00.dat	000157011	149055	149054	122597394	4	035	6	122597551				13	Поле 035 не содержит кода подполя.
rsl11_z00.dat	000172653	164698	164697	137865359	11	670	16	137865991				15	Поле 670 не содержит кода подполя.
rsl11_z00.dat	000172653	164698	164697	137865359	12	670	17	137866007				15	Поле 670 не содержит кода подполя.
rsl11_z00.dat	000172654	164699	164698	137866646	11	670	15	137867229				16	Поле 670 не содержит кода подполя.
rsl11_z00.dat	000172654	164699	164698	137866646	12	670	16	137867245				16	Поле 670 не содержит кода подполя.
rsl11_z00.dat	000185632	177848	177847	151478708	8	 01	14	151479179				19	Поле  01 не содержит кода подполя.
rsl11_z00.dat	000063696	195821	195820	171991778	10	;01	19	171992577				25	Поле ;01 не содержит кода подполя.
rsl11_z00.dat	000204354	197464	197463	173894362	9	678	15	173895173				26	Поле 678 не содержит кода подполя.
rsl11_z00.dat	000041709	205861	205860	183383319	7	Q01	14	183383776				29	Поле Q01 не содержит кода подполя.
rsl11_z00.dat	000239573	234033	234032	214164664	6	=:8	10	214164950				41	Поле =:8 не содержит кода подполя.
rsl11_z00.dat	000259897	255227	255226	237527225	8	 08	12	237527629				45	Поле  08 не содержит кода подполя.
rsl11_z00.dat	000275192	271037	271036	254149757	11	<K=	16	254150378				48	Поле <K= не содержит кода подполя.
rsl11_z00.dat	000275194	271041	271040	254154798	10	<K=	16	254155440				49	Поле <K= не содержит кода подполя.
rsl11_z00.dat	000314626	311507	311506	296313047	8	678	12	296313483				59	Поле 678 не содержит кода подполя.
rsl11_z00.dat	000332426	331290	331289	319591793	7	670	15	319592368				74	Поле 670 не содержит кода подполя.
rsl11_z00.dat	000019975	337494	337493	328006576	12	678	24	328007680				77	Поле 678 не содержит кода подполя.
rsl11_z00.dat	000081931	338502	338501	329317581	22	670	41	329319608				78	Поле 670 не содержит кода подполя.
