file	recordId	recordNumber	recordIndex	byteOffset	fieldIndex	tag	sourceFieldNumber	fieldByteOffset	indicatorIndex	subfieldIndex	problemByteOffset	reportLine	message
rsl01_z00.dat	000006428	5842	5841	7823886								1	Error: Aleph-запись должна содержать ровно одно поле LDR; найдено 2.
rsl01_z00.dat	006572685	342854	342853	468850275								2	Error: Aleph-запись должна содержать ровно одно поле LDR; найдено 2.
rsl01_z00.dat	006582900	345160	345159	470498927								3	Error: Aleph-запись должна содержать ровно одно поле LDR; найдено 3.
rsl01_z00.dat	006580610	351081	351080	474624168								4	Error: Aleph-запись должна содержать ровно одно поле LDR; найдено 2.
rsl01_z00.dat	006554973	351447	351446	474869420								5	Error: Aleph-запись должна содержать ровно одно поле LDR; найдено 2.
rsl01_z00.dat	006580901	352077	352076	475295049								6	Error: Aleph-запись должна содержать ровно одно поле LDR; найдено 2.
rsl01_z00.dat	000520990	446614	446613	580110488								9	Error: Aleph-запись должна содержать ровно одно поле LDR; найдено 2.
rsl01_z00.dat	000695827	609191	609190	833238968								12	Error: Aleph-запись должна содержать ровно одно поле LDR; найдено 2.
rsl01_z00.dat	002918571	761872	761871	1042245772								13	Error: Aleph-запись должна содержать ровно одно поле LDR; найдено 2.
rsl01_z00.dat	011459744	881831	881830	1182013431								14	Error: Aleph-запись должна содержать ровно одно поле LDR; найдено 2.
rsl01_z00.dat	001065120	1044602	1044601	1417813420								17	Error: Aleph-запись должна содержать ровно одно поле LDR; найдено 2.
rsl01_z00.dat	001072028	1051346	1051345	1427626842								18	Error: Aleph-запись должна содержать ровно одно поле LDR; найдено 2.
rsl01_z00.dat	001081589	1060559	1060558	1441231815								19	Error: Aleph-запись должна содержать ровно одно поле LDR; найдено 2.
rsl01_z00.dat	001098084	1076290	1076289	1464644253								20	Error: Aleph-запись должна содержать ровно одно поле LDR; найдено 2.
rsl01_z00.dat	006569843	1128709	1128708	1543235074								21	Error: Aleph-запись должна содержать ровно одно поле LDR; найдено 3.
rsl01_z00.dat	001200673	1174571	1174570	1611596332								22	Error: Aleph-запись должна содержать ровно одно поле LDR; найдено 3.
rsl01_z00.dat	001211727	1185152	1185151	1627812320								23	Error: Aleph-запись должна содержать ровно одно поле LDR; найдено 2.
rsl01_z00.dat	001217854	1190952	1190951	1636455334								24	Error: Aleph-запись должна содержать ровно одно поле LDR; найдено 3.
rsl01_z00.dat	001228806	1201235	1201234	1651526160								25	Error: Aleph-запись должна содержать ровно одно поле LDR; найдено 2.
rsl01_z00.dat	001228955	1201382	1201381	1651738241								26	Error: Aleph-запись должна содержать ровно одно поле LDR; найдено 2.
rsl01_z00.dat	001272208	1243017	1243016	1712412364								27	Error: Aleph-запись должна содержать ровно одно поле LDR; найдено 2.
rsl01_z00.dat	001273138	1243952	1243951	1713782391								28	Error: Aleph-запись должна содержать ровно одно поле LDR; найдено 2.
rsl01_z00.dat	001281627	1252292	1252291	1725598881								29	Error: Aleph-запись должна содержать ровно одно поле LDR; найдено 2.
rsl01_z00.dat	001289791	1260146	1260145	1737176104								30	Error: Aleph-запись должна содержать ровно одно поле LDR; найдено 2.
rsl01_z00.dat	001295684	1265776	1265775	1745663920								31	Error: Aleph-запись должна содержать ровно одно поле LDR; найдено 2.
rsl01_z00.dat	006566557	1304262	1304261	1803576392								32	Error: Aleph-запись должна содержать ровно одно поле LDR; найдено 2.
rsl01_z00.dat	001353997	1322157	1322156	1830566508								33	Error: Aleph-запись должна содержать ровно одно поле LDR; найдено 2.
rsl01_z00.dat	006565120	1377885	1377884	1916206570								34	Error: Aleph-запись должна содержать ровно одно поле LDR; найдено 2.
rsl01_z00.dat	001429439	1393441	1393440	1940663696								35	Error: Aleph-запись должна содержать ровно одно поле LDR; найдено 2.
rsl01_z00.dat	001429553	1393552	1393551	1940847839								36	Error: Aleph-запись должна содержать ровно одно поле LDR; найдено 2.
rsl01_z00.dat	006566991	1404863	1404862	1958365554								37	Error: Aleph-запись должна содержать ровно одно поле LDR; найдено 2.
rsl01_z00.dat	001552400	1509734	1509733	2121528057								38	Error: Aleph-запись должна содержать ровно одно поле LDR; найдено 2.
rsl01_z00.dat	001552781	1510097	1510096	2122092562								39	Error: Aleph-запись должна содержать ровно одно поле LDR; найдено 2.
rsl01_z00.dat	001590645	1545812	1545811	2177908020								40	Error: Aleph-запись должна содержать ровно одно поле LDR; найдено 2.
rsl01_z00.dat	001647053	1598555	1598554	2261483291								41	Error: Aleph-запись должна содержать ровно одно поле LDR; найдено 2.
rsl01_z00.dat	001647054	1598557	1598556	2261486500								42	Error: Aleph-запись должна содержать ровно одно поле LDR; найдено 2.
rsl01_z00.dat	001647518	1598982	1598981	2262158550								43	Error: Aleph-запись должна содержать ровно одно поле LDR; найдено 2.
rsl01_z00.dat	005419011	1603568	1603567	2269407654								44	Error: Aleph-запись должна содержать ровно одно поле LDR; найдено 2.
rsl01_z00.dat	005419012	1603581	1603580	2269428363								45	Error: Aleph-запись должна содержать ровно одно поле LDR; найдено 2.
rsl01_z00.dat	001737076	1682520	1682519	2396054941								46	Error: Aleph-запись должна содержать ровно одно поле LDR; найдено 2.
rsl01_z00.dat	007997599	1745161	1745160	2496105683								47	Error: Aleph-запись должна содержать ровно одно поле LDR; найдено 2.
rsl01_z00.dat	007993730	1747872	1747871	2498737909								48	Error: Aleph-запись должна содержать ровно одно поле LDR; найдено 2.
rsl01_z00.dat	007877356	1763676	1763675	2514251740								49	Error: Aleph-запись должна содержать ровно одно поле LDR; найдено 2.
rsl01_z00.dat	010471665	1765242	1765241	2515763179								50	Error: Aleph-запись должна содержать ровно одно поле LDR; найдено 2.
rsl01_z00.dat	004681366	1767445	1767444	2518147810								51	Error: Aleph-запись должна содержать ровно одно поле LDR; найдено 2.
rsl01_z00.dat	007920509	1776670	1776669	2527421488								52	Error: Aleph-запись должна содержать ровно одно поле LDR; найдено 2.
rsl01_z00.dat	005383864	1801196	1801195	2558714352								53	Error: Aleph-запись должна содержать ровно одно поле LDR; найдено 2.
rsl01_z00.dat	008003026	1941632	1941631	2764624735								54	Error: Aleph-запись должна содержать ровно одно поле LDR; найдено 2.
rsl01_z00.dat	005417848	2056758	2056757	2914452351								56	Error: Aleph-запись должна содержать ровно одно поле LDR; найдено 2.
rsl01_z00.dat	002102711	2058313	2058312	2916879244								57	Error: Aleph-запись должна содержать ровно одно поле LDR; найдено 2.
rsl01_z00.dat	005465269	2073810	2073809	2943034534								58	Error: Aleph-запись должна содержать ровно одно поле LDR; найдено 2.
rsl01_z00.dat	008002935	2089025	2089024	2968970200								59	Error: Aleph-запись должна содержать ровно одно поле LDR; найдено 2.
rsl01_z00.dat	002704427	2162447	2162446	3041271620								60	Error: Aleph-запись должна содержать ровно одно поле LDR; найдено 2.
rsl01_z00.dat	003574950	2283815	2283814	3135739349								61	Error: Aleph-запись должна содержать ровно одно поле LDR; найдено 2.
rsl01_z00.dat	002363554	2376310	2376309	3261359909								62	Error: Aleph-запись должна содержать ровно одно поле LDR; найдено 2.
rsl01_z00.dat	011459698	2380159	2380158	3268143628								63	Error: Aleph-запись должна содержать ровно одно поле LDR; найдено 2.
rsl01_z00.dat	012266125	2515041	2515040	3479169255								64	Error: Aleph-запись должна содержать ровно одно поле LDR; найдено 2.
rsl01_z00.dat	001601326	2544752	2544751	3526508021								65	Error: Aleph-запись должна содержать ровно одно поле LDR; найдено 2.
rsl01_z00.dat	006510515	2567719	2567718	3544721054								66	Error: Aleph-запись должна содержать ровно одно поле LDR; найдено 2.
rsl01_z00.dat	006510522	2567762	2567761	3544742176								67	Error: Aleph-запись должна содержать ровно одно поле LDR; найдено 2.
rsl01_z00.dat	006508448	2571483	2571482	3546956770								68	Error: Aleph-запись должна содержать ровно одно поле LDR; найдено 2.
rsl01_z00.dat	008003240	2626372	2626371	3597722150								69	Error: Aleph-запись должна содержать ровно одно поле LDR; найдено 2.
rsl01_z00.dat	002879415	2818186	2818185	3940283055								70	Error: Aleph-запись должна содержать ровно одно поле LDR; найдено 2.
rsl01_z00.dat	003072437	2895280	2895279	4067864215								71	Error: Aleph-запись должна содержать ровно одно поле LDR; найдено 2.
rsl01_z00.dat	008039150	2929648	2929647	4117891156								72	Error: Aleph-запись должна содержать ровно одно поле LDR; найдено 2.
rsl01_z00.dat	003556672	3019907	3019906	4252011852								73	Error: Aleph-запись должна содержать ровно одно поле LDR; найдено 2.
rsl01_z00.dat	003337896	3101800	3101799	4407539022								74	Error: Aleph-запись должна содержать ровно одно поле LDR; найдено 2.
rsl01_z00.dat	003544844	3195279	3195278	4565099274								75	Error: Aleph-запись должна содержать ровно одно поле LDR; найдено 2.
rsl01_z00.dat	004048993	3198098	3198097	4569640962								76	Error: Aleph-запись должна содержать ровно одно поле LDR; найдено 2.
rsl01_z00.dat	003543253	3238689	3238688	4622107740								77	Error: Aleph-запись должна содержать ровно одно поле LDR; найдено 2.
rsl01_z00.dat	003580927	3254047	3254046	4640785489								78	Error: Aleph-запись должна содержать ровно одно поле LDR; найдено 3.
rsl01_z00.dat	003630670	3301179	3301178	4691936886								79	Error: Aleph-запись должна содержать ровно одно поле LDR; найдено 2.
rsl01_z00.dat	003639666	3309814	3309813	4701812908								80	Error: Aleph-запись должна содержать ровно одно поле LDR; найдено 2.
rsl01_z00.dat	003695204	3362976	3362975	4757535183								81	Error: Aleph-запись должна содержать ровно одно поле LDR; найдено 2.
rsl01_z00.dat	012149357	3394276	3394275	4791048690								82	Error: Aleph-запись должна содержать ровно одно поле LDR; найдено 2.
rsl01_z00.dat	003736316	3402140	3402139	4799401561								83	Error: Aleph-запись должна содержать ровно одно поле LDR; найдено 2.
rsl01_z00.dat	003739234	3404895	3404894	4802334647								84	Error: Aleph-запись должна содержать ровно одно поле LDR; найдено 2.
rsl01_z00.dat	003745758	3411044	3411043	4808849737								85	Error: Aleph-запись должна содержать ровно одно поле LDR; найдено 2.
rsl01_z00.dat	003810889	3473207	3473206	4874157967								86	Error: Aleph-запись должна содержать ровно одно поле LDR; найдено 2.
rsl01_z00.dat	003821233	3484024	3484023	4888798900								87	Error: Aleph-запись должна содержать ровно одно поле LDR; найдено 2.
rsl01_z00.dat	003821234	3484025	3484024	4888801243								88	Error: Aleph-запись должна содержать ровно одно поле LDR; найдено 2.
rsl01_z00.dat	003822568	3485296	3485295	4890439458								89	Error: Aleph-запись должна содержать ровно одно поле LDR; найдено 2.
rsl01_z00.dat	003822569	3485297	3485296	4890441813								90	Error: Aleph-запись должна содержать ровно одно поле LDR; найдено 2.
rsl01_z00.dat	003822570	3485298	3485297	4890444222								91	Error: Aleph-запись должна содержать ровно одно поле LDR; найдено 2.
rsl01_z00.dat	003823949	3486649	3486648	4892152835								92	Error: Aleph-запись должна содержать ровно одно поле LDR; найдено 2.
rsl01_z00.dat	003823950	3486650	3486649	4892154920								93	Error: Aleph-запись должна содержать ровно одно поле LDR; найдено 2.
rsl01_z00.dat	003823951	3486651	3486650	4892156999								94	Error: Aleph-запись должна содержать ровно одно поле LDR; найдено 2.
rsl01_z00.dat	003823952	3486652	3486651	4892159075								95	Error: Aleph-запись должна содержать ровно одно поле LDR; найдено 2.
rsl01_z00.dat	003823953	3486653	3486652	4892161118								96	Error: Aleph-запись должна содержать ровно одно поле LDR; найдено 2.
rsl01_z00.dat	003823955	3486654	3486653	4892163220								97	Error: Aleph-запись должна содержать ровно одно поле LDR; найдено 2.
rsl01_z00.dat	003823959	3486655	3486654	4892165294								98	Error: Aleph-запись должна содержать ровно одно поле LDR; найдено 2.
rsl01_z00.dat	003823960	3486656	3486655	4892167510								99	Error: Aleph-запись должна содержать ровно одно поле LDR; найдено 2.
rsl01_z00.dat	003824873	3487569	3487568	4893290384								100	Error: Aleph-запись должна содержать ровно одно поле LDR; найдено 2.
rsl01_z00.dat	003824934	3487634	3487633	4893370872								101	Error: Aleph-запись должна содержать ровно одно поле LDR; найдено 2.
rsl01_z00.dat	003824961	3487659	3487658	4893407824								102	Error: Aleph-запись должна содержать ровно одно поле LDR; найдено 2.
rsl01_z00.dat	003825408	3488049	3488048	4893880909								103	Error: Aleph-запись должна содержать ровно одно поле LDR; найдено 2.
rsl01_z00.dat	003828507	3491061	3491060	4897281139								105	Error: Aleph-запись должна содержать ровно одно поле LDR; найдено 2.
rsl01_z00.dat	003830675	3493535	3493534	4899696956								106	Error: Aleph-запись должна содержать ровно одно поле LDR; найдено 2.
rsl01_z00.dat	003831059	3493973	3493972	4900244897								107	Error: Aleph-запись должна содержать ровно одно поле LDR; найдено 2.
rsl01_z00.dat	003831062	3493976	3493975	4900251080								108	Error: Aleph-запись должна содержать ровно одно поле LDR; найдено 2.
rsl01_z00.dat	003831065	3493977	3493976	4900254769								109	Error: Aleph-запись должна содержать ровно одно поле LDR; найдено 2.
rsl01_z00.dat	003831066	3493979	3493978	4900259056								110	Error: Aleph-запись должна содержать ровно одно поле LDR; найдено 2.
rsl01_z00.dat	003831069	3493980	3493979	4900262444								111	Error: Aleph-запись должна содержать ровно одно поле LDR; найдено 2.
rsl01_z00.dat	003831074	3493981	3493980	4900266016								112	Error: Aleph-запись должна содержать ровно одно поле LDR; найдено 2.
rsl01_z00.dat	003831076	3493982	3493981	4900269540								113	Error: Aleph-запись должна содержать ровно одно поле LDR; найдено 2.
rsl01_z00.dat	004057043	3513761	3513760	4924825505								114	Error: Aleph-запись должна содержать ровно одно поле LDR; найдено 2.
rsl01_z00.dat	003859813	3520491	3520490	4932010525								115	Error: Aleph-запись должна содержать ровно одно поле LDR; найдено 2.
rsl01_z00.dat	003863208	3523844	3523843	4935942074								116	Error: Aleph-запись должна содержать ровно одно поле LDR; найдено 2.
rsl01_z00.dat	003864294	3524929	3524928	4937123897								117	Error: Aleph-запись должна содержать ровно одно поле LDR; найдено 2.
rsl01_z00.dat	003866916	3527566	3527565	4939997483								118	Error: Aleph-запись должна содержать ровно одно поле LDR; найдено 2.
rsl01_z00.dat	003866928	3527580	3527579	4940018848								119	Error: Aleph-запись должна содержать ровно одно поле LDR; найдено 2.
rsl01_z00.dat	003866930	3527582	3527581	4940021573								120	Error: Aleph-запись должна содержать ровно одно поле LDR; найдено 2.
rsl01_z00.dat	003866932	3527584	3527583	4940025622								121	Error: Aleph-запись должна содержать ровно одно поле LDR; найдено 2.
rsl01_z00.dat	003866934	3527585	3527584	4940028140								122	Error: Aleph-запись должна содержать ровно одно поле LDR; найдено 2.
rsl01_z00.dat	003866937	3527588	3527587	4940034692								123	Error: Aleph-запись должна содержать ровно одно поле LDR; найдено 2.
rsl01_z00.dat	003866941	3527591	3527590	4940039918								124	Error: Aleph-запись должна содержать ровно одно поле LDR; найдено 2.
rsl01_z00.dat	003866944	3527592	3527591	4940042207								125	Error: Aleph-запись должна содержать ровно одно поле LDR; найдено 2.
rsl01_z00.dat	003866945	3527593	3527592	4940044718								126	Error: Aleph-запись должна содержать ровно одно поле LDR; найдено 2.
rsl01_z00.dat	003866946	3527594	3527593	4940047260								127	Error: Aleph-запись должна содержать ровно одно поле LDR; найдено 2.
rsl01_z00.dat	003866947	3527595	3527594	4940049771								128	Error: Aleph-запись должна содержать ровно одно поле LDR; найдено 2.
rsl01_z00.dat	003866950	3527597	3527596	4940053937								129	Error: Aleph-запись должна содержать ровно одно поле LDR; найдено 2.
rsl01_z00.dat	003866953	3527598	3527597	4940056557								130	Error: Aleph-запись должна содержать ровно одно поле LDR; найдено 2.
rsl01_z00.dat	003866954	3527600	3527599	4940060689								131	Error: Aleph-запись должна содержать ровно одно поле LDR; найдено 2.
rsl01_z00.dat	003866956	3527601	3527600	4940063325								132	Error: Aleph-запись должна содержать ровно одно поле LDR; найдено 2.
rsl01_z00.dat	003866962	3527607	3527606	4940073214								133	Error: Aleph-запись должна содержать ровно одно поле LDR; найдено 2.
rsl01_z00.dat	003866964	3527608	3527607	4940075561								134	Error: Aleph-запись должна содержать ровно одно поле LDR; найдено 2.
rsl01_z00.dat	003866965	3527609	3527608	4940077971								135	Error: Aleph-запись должна содержать ровно одно поле LDR; найдено 2.
rsl01_z00.dat	003866968	3527610	3527609	4940080336								136	Error: Aleph-запись должна содержать ровно одно поле LDR; найдено 2.
rsl01_z00.dat	003873046	3533742	3533741	4946714387								137	Error: Aleph-запись должна содержать ровно одно поле LDR; найдено 2.
rsl01_z00.dat	003873047	3533743	3533742	4946716694								138	Error: Aleph-запись должна содержать ровно одно поле LDR; найдено 2.
rsl01_z00.dat	003876128	3536799	3536798	4949965323								139	Error: Aleph-запись должна содержать ровно одно поле LDR; найдено 2.
rsl01_z00.dat	003877874	3538560	3538559	4951847199								140	Error: Aleph-запись должна содержать ровно одно поле LDR; найдено 2.
rsl01_z00.dat	003878678	3539373	3539372	4952706128								141	Error: Aleph-запись должна содержать ровно одно поле LDR; найдено 2.
rsl01_z00.dat	003878804	3539505	3539504	4952838440								142	Error: Aleph-запись должна содержать ровно одно поле LDR; найдено 2.
rsl01_z00.dat	003882530	3543303	3543302	4956808064								143	Error: Aleph-запись должна содержать ровно одно поле LDR; найдено 2.
rsl01_z00.dat	003883571	3544367	3544366	4957943836								144	Error: Aleph-запись должна содержать ровно одно поле LDR; найдено 2.
rsl01_z00.dat	003883573	3544368	3544367	4957946322								145	Error: Aleph-запись должна содержать ровно одно поле LDR; найдено 2.
rsl01_z00.dat	003885816	3546654	3546653	4960527673								146	Error: Aleph-запись должна содержать ровно одно поле LDR; найдено 2.
rsl01_z00.dat	003889740	3550647	3550646	4965072154								147	Error: Aleph-запись должна содержать ровно одно поле LDR; найдено 2.
rsl01_z00.dat	003897417	3558794	3558793	4973860369								148	Error: Aleph-запись должна содержать ровно одно поле LDR; найдено 2.
rsl01_z00.dat	003897420	3558795	3558794	4973863006								149	Error: Aleph-запись должна содержать ровно одно поле LDR; найдено 2.
rsl01_z00.dat	003897421	3558796	3558795	4973865304								150	Error: Aleph-запись должна содержать ровно одно поле LDR; найдено 2.
rsl01_z00.dat	003903060	3564723	3564722	4980190942								151	Error: Aleph-запись должна содержать ровно одно поле LDR; найдено 2.
rsl01_z00.dat	003903943	3565634	3565633	4981222943								152	Error: Aleph-запись должна содержать ровно одно поле LDR; найдено 2.
rsl01_z00.dat	003903945	3565635	3565634	4981225284								153	Error: Aleph-запись должна содержать ровно одно поле LDR; найдено 2.
rsl01_z00.dat	003903947	3565636	3565635	4981227182								154	Error: Aleph-запись должна содержать ровно одно поле LDR; найдено 2.
rsl01_z00.dat	003903950	3565638	3565637	4981230389								155	Error: Aleph-запись должна содержать ровно одно поле LDR; найдено 2.
rsl01_z00.dat	003903952	3565639	3565638	4981232580								156	Error: Aleph-запись должна содержать ровно одно поле LDR; найдено 2.
rsl01_z00.dat	003903954	3565640	3565639	4981234485								157	Error: Aleph-запись должна содержать ровно одно поле LDR; найдено 2.
rsl01_z00.dat	003903955	3565641	3565640	4981236339								158	Error: Aleph-запись должна содержать ровно одно поле LDR; найдено 2.
rsl01_z00.dat	003903961	3565643	3565642	4981239744								159	Error: Aleph-запись должна содержать ровно одно поле LDR; найдено 2.
rsl01_z00.dat	003904941	3566660	3566659	4982318380								160	Error: Aleph-запись должна содержать ровно одно поле LDR; найдено 2.
rsl01_z00.dat	003908724	3570592	3570591	4986525252								161	Error: Aleph-запись должна содержать ровно одно поле LDR; найдено 2.
rsl01_z00.dat	003910515	3572507	3572506	4988524086								162	Error: Aleph-запись должна содержать ровно одно поле LDR; найдено 2.
rsl01_z00.dat	003914505	3576809	3576808	4993188077								163	Error: Aleph-запись должна содержать ровно одно поле LDR; найдено 2.
rsl01_z00.dat	003916794	3579208	3579207	4995747139								164	Error: Aleph-запись должна содержать ровно одно поле LDR; найдено 2.
rsl01_z00.dat	003916795	3579209	3579208	4995748972								165	Error: Aleph-запись должна содержать ровно одно поле LDR; найдено 2.
rsl01_z00.dat	003917393	3579821	3579820	4996426508								166	Error: Aleph-запись должна содержать ровно одно поле LDR; найдено 2.
rsl01_z00.dat	003920721	3583281	3583280	5000158853								167	Error: Aleph-запись должна содержать ровно одно поле LDR; найдено 2.
rsl01_z00.dat	003923537	3586261	3586260	5003307906								168	Error: Aleph-запись должна содержать ровно одно поле LDR; найдено 2.
rsl01_z00.dat	003923538	3586262	3586261	5003310531								169	Error: Aleph-запись должна содержать ровно одно поле LDR; найдено 2.
rsl01_z00.dat	003924079	3586853	3586852	5004030932								170	Error: Aleph-запись должна содержать ровно одно поле LDR; найдено 2.
rsl01_z00.dat	003925445	3588259	3588258	5005573987								171	Error: Aleph-запись должна содержать ровно одно поле LDR; найдено 2.
rsl01_z00.dat	003932149	3595237	3595236	5013117550								172	Error: Aleph-запись должна содержать ровно одно поле LDR; найдено 2.
rsl01_z00.dat	003932152	3595238	3595237	5013119628								173	Error: Aleph-запись должна содержать ровно одно поле LDR; найдено 2.
rsl01_z00.dat	003932153	3595239	3595238	5013121604								174	Error: Aleph-запись должна содержать ровно одно поле LDR; найдено 2.
rsl01_z00.dat	003932382	3595482	3595481	5013368300								175	Error: Aleph-запись должна содержать ровно одно поле LDR; найдено 2.
rsl01_z00.dat	003932383	3595483	3595482	5013370548								176	Error: Aleph-запись должна содержать ровно одно поле LDR; найдено 2.
rsl01_z00.dat	003932384	3595486	3595485	5013375819								177	Error: Aleph-запись должна содержать ровно одно поле LDR; найдено 2.
rsl01_z00.dat	003932385	3595487	3595486	5013378226								178	Error: Aleph-запись должна содержать ровно одно поле LDR; найдено 2.
rsl01_z00.dat	003932387	3595491	3595490	5013383614								179	Error: Aleph-запись должна содержать ровно одно поле LDR; найдено 2.
rsl01_z00.dat	003932388	3595492	3595491	5013386016								180	Error: Aleph-запись должна содержать ровно одно поле LDR; найдено 2.
rsl01_z00.dat	003932389	3595493	3595492	5013388681								181	Error: Aleph-запись должна содержать ровно одно поле LDR; найдено 2.
rsl01_z00.dat	003932390	3595495	3595494	5013391146								182	Error: Aleph-запись должна содержать ровно одно поле LDR; найдено 3.
rsl01_z00.dat	003932391	3595496	3595495	5013393688								183	Error: Aleph-запись должна содержать ровно одно поле LDR; найдено 3.
rsl01_z00.dat	003932392	3595497	3595496	5013396240								184	Error: Aleph-запись должна содержать ровно одно поле LDR; найдено 3.
rsl01_z00.dat	003939233	3602512	3602511	5021042172								185	Error: Aleph-запись должна содержать ровно одно поле LDR; найдено 2.
rsl01_z00.dat	003939234	3602513	3602512	5021044226								186	Error: Aleph-запись должна содержать ровно одно поле LDR; найдено 2.
rsl01_z00.dat	003952896	3615959	3615958	5036631174								187	Error: Aleph-запись должна содержать ровно одно поле LDR; найдено 2.
rsl01_z00.dat	003952899	3615960	3615959	5036632929								188	Error: Aleph-запись должна содержать ровно одно поле LDR; найдено 2.
rsl01_z00.dat	003952904	3615961	3615960	5036634691								189	Error: Aleph-запись должна содержать ровно одно поле LDR; найдено 2.
rsl01_z00.dat	003952905	3615962	3615961	5036636467								190	Error: Aleph-запись должна содержать ровно одно поле LDR; найдено 2.
rsl01_z00.dat	003952908	3615964	3615963	5036639899								191	Error: Aleph-запись должна содержать ровно одно поле LDR; найдено 2.
rsl01_z00.dat	003952909	3615965	3615964	5036641578								192	Error: Aleph-запись должна содержать ровно одно поле LDR; найдено 2.
rsl01_z00.dat	003952911	3615966	3615965	5036643355								193	Error: Aleph-запись должна содержать ровно одно поле LDR; найдено 2.
rsl01_z00.dat	003962842	3625684	3625683	5048345327								194	Error: Aleph-запись должна содержать ровно одно поле LDR; найдено 2.
rsl01_z00.dat	003963639	3626470	3626469	5049402412								195	Error: Aleph-запись должна содержать ровно одно поле LDR; найдено 2.
rsl01_z00.dat	003963749	3626578	3626577	5049530879								196	Error: Aleph-запись должна содержать ровно одно поле LDR; найдено 2.
rsl01_z00.dat	003963751	3626579	3626578	5049533721								197	Error: Aleph-запись должна содержать ровно одно поле LDR; найдено 2.
rsl01_z00.dat	003965175	3627970	3627969	5051215743								198	Error: Aleph-запись должна содержать ровно одно поле LDR; найдено 2.
rsl01_z00.dat	003972743	3635363	3635362	5060282731								199	Error: Aleph-запись должна содержать ровно одно поле LDR; найдено 2.
rsl01_z00.dat	003976092	3638648	3638647	5064282788								200	Error: Aleph-запись должна содержать ровно одно поле LDR; найдено 2.
rsl01_z00.dat	003976094	3638649	3638648	5064285500								201	Error: Aleph-запись должна содержать ровно одно поле LDR; найдено 2.
rsl01_z00.dat	003976095	3638650	3638649	5064287979								202	Error: Aleph-запись должна содержать ровно одно поле LDR; найдено 2.
rsl01_z00.dat	003979633	3642123	3642122	5068536020								203	Error: Aleph-запись должна содержать ровно одно поле LDR; найдено 2.
rsl01_z00.dat	003980995	3643434	3643433	5070104352								204	Error: Aleph-запись должна содержать ровно одно поле LDR; найдено 2.
rsl01_z00.dat	003990011	3652302	3652301	5080806043								205	Error: Aleph-запись должна содержать ровно одно поле LDR; найдено 2.
rsl01_z00.dat	003990013	3652303	3652302	5080807947								206	Error: Aleph-запись должна содержать ровно одно поле LDR; найдено 2.
rsl01_z00.dat	003990015	3652304	3652303	5080809984								207	Error: Aleph-запись должна содержать ровно одно поле LDR; найдено 2.
rsl01_z00.dat	003990018	3652305	3652304	5080811961								208	Error: Aleph-запись должна содержать ровно одно поле LDR; найдено 2.
rsl01_z00.dat	003991322	3653613	3653612	5082367498								209	Error: Aleph-запись должна содержать ровно одно поле LDR; найдено 2.
rsl01_z00.dat	003991325	3653614	3653613	5082369625								210	Error: Aleph-запись должна содержать ровно одно поле LDR; найдено 2.
rsl01_z00.dat	003992789	3655018	3655017	5084038804								211	Error: Aleph-запись должна содержать ровно одно поле LDR; найдено 2.
rsl01_z00.dat	003992791	3655020	3655019	5084042152								212	Error: Aleph-запись должна содержать ровно одно поле LDR; найдено 2.
rsl01_z00.dat	003992797	3655025	3655024	5084048650								213	Error: Aleph-запись должна содержать ровно одно поле LDR; найдено 2.
rsl01_z00.dat	003995165	3657420	3657419	5086891825								214	Error: Aleph-запись должна содержать ровно одно поле LDR; найдено 2.
rsl01_z00.dat	004002737	3664934	3664933	5095839832								215	Error: Aleph-запись должна содержать ровно одно поле LDR; найдено 2.
rsl01_z00.dat	004003070	3665260	3665259	5096229777								216	Error: Aleph-запись должна содержать ровно одно поле LDR; найдено 2.
rsl01_z00.dat	004003072	3665261	3665260	5096232759								217	Error: Aleph-запись должна содержать ровно одно поле LDR; найдено 2.
rsl01_z00.dat	004005195	3667353	3667352	5098814720								218	Error: Aleph-запись должна содержать ровно одно поле LDR; найдено 2.
rsl01_z00.dat	004015759	3677838	3677837	5111347033								219	Error: Aleph-запись должна содержать ровно одно поле LDR; найдено 2.
rsl01_z00.dat	004018063	3680089	3680088	5114092839								220	Error: Aleph-запись должна содержать ровно одно поле LDR; найдено 2.
rsl01_z00.dat	004018240	3680253	3680252	5114297289								221	Error: Aleph-запись должна содержать ровно одно поле LDR; найдено 2.
rsl01_z00.dat	004044131	3694131	3694130	5136016492								222	Error: Aleph-запись должна содержать ровно одно поле LDR; найдено 2.
rsl01_z00.dat	004056244	3717247	3717246	5173200148								223	Error: Aleph-запись должна содержать ровно одно поле LDR; найдено 2.
rsl01_z00.dat	004089824	3726473	3726472	5188147758								224	Error: Aleph-запись должна содержать ровно одно поле LDR; найдено 2.
rsl01_z00.dat	004090088	3726868	3726867	5188874640								225	Error: Aleph-запись должна содержать ровно одно поле LDR; найдено 3.
rsl01_z00.dat	004090107	3726892	3726891	5188923352								226	Error: Aleph-запись должна содержать ровно одно поле LDR; найдено 3.
rsl01_z00.dat	004094560	3730565	3730564	5194910982								227	Error: Aleph-запись должна содержать ровно одно поле LDR; найдено 2.
rsl01_z00.dat	004094566	3730770	3730769	5195261841								228	Error: Aleph-запись должна содержать ровно одно поле LDR; найдено 2.
rsl01_z00.dat	004109246	3748116	3748115	5224717595								229	Error: Aleph-запись должна содержать ровно одно поле LDR; найдено 2.
rsl01_z00.dat	004110408	3749200	3749199	5226528399								230	Error: Aleph-запись должна содержать ровно одно поле LDR; найдено 2.
rsl01_z00.dat	004152472	3795135	3795134	5303935550								231	Error: Aleph-запись должна содержать ровно одно поле LDR; найдено 2.
rsl01_z00.dat	004152486	3795148	3795147	5303955379								232	Error: Aleph-запись должна содержать ровно одно поле LDR; найдено 2.
rsl01_z00.dat	004163021	3805438	3805437	5320871864								233	Error: Aleph-запись должна содержать ровно одно поле LDR; найдено 2.
rsl01_z00.dat	004169140	3810677	3810676	5328342253								234	Error: Aleph-запись должна содержать ровно одно поле LDR; найдено 3.
rsl01_z00.dat	004169161	3810700	3810699	5328385386								235	Error: Aleph-запись должна содержать ровно одно поле LDR; найдено 2.
rsl01_z00.dat	011941078	3814295	3814294	5334292428								236	Error: Aleph-запись должна содержать ровно одно поле LDR; найдено 2.
rsl01_z00.dat	004180228	3821404	3821403	5342322298								237	Error: Aleph-запись должна содержать ровно одно поле LDR; найдено 2.
rsl01_z00.dat	004180231	3821405	3821404	5342324649								238	Error: Aleph-запись должна содержать ровно одно поле LDR; найдено 2.
rsl01_z00.dat	004183265	3823854	3823853	5345302198								239	Error: Aleph-запись должна содержать ровно одно поле LDR; найдено 2.
rsl01_z00.dat	004183268	3823855	3823854	5345305634								240	Error: Aleph-запись должна содержать ровно одно поле LDR; найдено 2.
rsl01_z00.dat	004183271	3823856	3823855	5345308707								241	Error: Aleph-запись должна содержать ровно одно поле LDR; найдено 2.
rsl01_z00.dat	004183275	3823859	3823858	5345316410								242	Error: Aleph-запись должна содержать ровно одно поле LDR; найдено 2.
rsl01_z00.dat	004199342	3838756	3838755	5361296593								243	Error: Aleph-запись должна содержать ровно одно поле LDR; найдено 2.
rsl01_z00.dat	004200739	3840108	3840107	5362674247								244	Error: Aleph-запись должна содержать ровно одно поле LDR; найдено 2.
rsl01_z00.dat	004232917	3871168	3871167	5394484192								245	Error: Aleph-запись должна содержать ровно одно поле LDR; найдено 2.
rsl01_z00.dat	004236225	3873806	3873805	5397648569								247	Error: Aleph-запись должна содержать ровно одно поле LDR; найдено 2.
rsl01_z00.dat	004253628	3893892	3893891	5431020633								248	Error: Aleph-запись должна содержать ровно одно поле LDR; найдено 2.
rsl01_z00.dat	003877875	3906518	3906517	5451688400								249	Error: Aleph-запись должна содержать ровно одно поле LDR; найдено 2.
rsl01_z00.dat	004279575	3919264	3919263	5470457437								250	Error: Aleph-запись должна содержать ровно одно поле LDR; найдено 2.
rsl01_z00.dat	004282544	3921214	3921213	5472650331								251	Error: Aleph-запись должна содержать ровно одно поле LDR; найдено 2.
rsl01_z00.dat	004231881	3939019	3939018	5496868469								252	Error: Aleph-запись должна содержать ровно одно поле LDR; найдено 2.
rsl01_z00.dat	004232912	3950014	3950013	5514724395								253	Error: Aleph-запись должна содержать ровно одно поле LDR; найдено 2.
rsl01_z00.dat	004232914	3950022	3950021	5514739741								254	Error: Aleph-запись должна содержать ровно одно поле LDR; найдено 2.
rsl01_z00.dat	010483082	3972012	3972011	5551074808								255	Error: Aleph-запись должна содержать ровно одно поле LDR; найдено 2.
rsl01_z00.dat	011011312	4032550	4032549	5648958096								256	Error: Aleph-запись должна содержать ровно одно поле LDR; найдено 2.
rsl01_z00.dat	004397364	4037311	4037310	5656903277								257	Error: Aleph-запись должна содержать ровно одно поле LDR; найдено 3.
rsl01_z00.dat	004402986	4044400	4044399	5668921680								258	Error: Aleph-запись должна содержать ровно одно поле LDR; найдено 2.
rsl01_z00.dat	004561279	4181297	4181296	5857572744								262	Error: Aleph-запись должна содержать ровно одно поле LDR; найдено 2.
rsl01_z00.dat	005420179	4188223	4188222	5869666471								263	Error: Aleph-запись должна содержать ровно одно поле LDR; найдено 2.
rsl01_z00.dat	012958349	4194032	4194031	5879988454								264	Error: Aleph-запись должна содержать ровно одно поле LDR; найдено 2.
rsl01_z00.dat	007842966	4206535	4206534	5902060636								266	Error: Aleph-запись должна содержать ровно одно поле LDR; найдено 2.
rsl01_z00.dat	005419681	4235580	4235579	5953347702								267	Error: Aleph-запись должна содержать ровно одно поле LDR; найдено 2.
rsl01_z00.dat	003485007	4307360	4307359	6072168737								268	Error: Aleph-запись должна содержать ровно одно поле LDR; найдено 2.
rsl01_z00.dat	004681367	4329171	4329170	6102490860								269	Error: Aleph-запись должна содержать ровно одно поле LDR; найдено 2.
rsl01_z00.dat	004776892	4422683	4422682	6247790250								271	Error: Aleph-запись должна содержать ровно одно поле LDR; найдено 2.
rsl01_z00.dat	004776893	4422684	4422683	6247791788								272	Error: Aleph-запись должна содержать ровно одно поле LDR; найдено 2.
rsl01_z00.dat	007887490	4467908	4467907	6285371054								273	Error: Aleph-запись должна содержать ровно одно поле LDR; найдено 2.
rsl01_z00.dat	006594557	4475864	4475863	6298978935								274	Error: Aleph-запись должна содержать ровно одно поле LDR; найдено 2.
rsl01_z00.dat	004862226	4486398	4486397	6317994005								275	Error: Aleph-запись должна содержать ровно одно поле LDR; найдено 2.
rsl01_z00.dat	004863143	4487626	4487625	6320252816								276	Error: Aleph-запись должна содержать ровно одно поле LDR; найдено 2.
rsl01_z00.dat	004865560	4490294	4490293	6325058069								277	Error: Aleph-запись должна содержать ровно одно поле LDR; найдено 2.
rsl01_z00.dat	004865561	4490297	4490296	6325064169								278	Error: Aleph-запись должна содержать ровно одно поле LDR; найдено 2.
rsl01_z00.dat	004868800	4493696	4493695	6331272273								279	Error: Aleph-запись должна содержать ровно одно поле LDR; найдено 2.
rsl01_z00.dat	004868790	4494091	4494090	6331952743								280	Error: Aleph-запись должна содержать ровно одно поле LDR; найдено 2.
rsl01_z00.dat	004868805	4494098	4494097	6331965803								281	Error: Aleph-запись должна содержать ровно одно поле LDR; найдено 2.
rsl01_z00.dat	004877202	4503854	4503853	6349557976								283	Error: Aleph-запись должна содержать ровно одно поле LDR; найдено 2.
rsl01_z00.dat	004877206	4503858	4503857	6349565220								284	Error: Aleph-запись должна содержать ровно одно поле LDR; найдено 2.
rsl01_z00.dat	004877211	4503862	4503861	6349572653								285	Error: Aleph-запись должна содержать ровно одно поле LDR; найдено 2.
rsl01_z00.dat	004877212	4503863	4503862	6349574157								286	Error: Aleph-запись должна содержать ровно одно поле LDR; найдено 2.
rsl01_z00.dat	004877214	4503869	4503868	6349585483								287	Error: Aleph-запись должна содержать ровно одно поле LDR; найдено 2.
rsl01_z00.dat	004877215	4503870	4503869	6349586797								288	Error: Aleph-запись должна содержать ровно одно поле LDR; найдено 2.
rsl01_z00.dat	004295737	4615327	4615326	6548352699								444	Error: Aleph-запись должна содержать ровно одно поле LDR; найдено 2.
rsl01_z00.dat	004987726	4615765	4615764	6549162371								445	Error: Aleph-запись должна содержать ровно одно поле LDR; найдено 2.
rsl01_z00.dat	004938234	4636504	4636503	6585850296								446	Error: Aleph-запись должна содержать ровно одно поле LDR; найдено 2.
rsl01_z00.dat	005038984	4649297	4649296	6609061034								447	Error: Aleph-запись должна содержать ровно одно поле LDR; найдено 2.
rsl01_z00.dat	007542747	4675074	4675073	6648224943								448	Error: Aleph-запись должна содержать ровно одно поле LDR; найдено 2.
rsl01_z00.dat	005105718	4680823	4680822	6658403869								449	Error: Aleph-запись должна содержать ровно одно поле LDR; найдено 2.
rsl01_z00.dat	005109252	4684751	4684750	6665516495								450	Error: Aleph-запись должна содержать ровно одно поле LDR; найдено 2.
rsl01_z00.dat	005111461	4686990	4686989	6669591282								451	Error: Aleph-запись должна содержать ровно одно поле LDR; найдено 2.
rsl01_z00.dat	005115183	4687645	4687644	6670769916								452	Error: Aleph-запись должна содержать ровно одно поле LDR; найдено 2.
rsl01_z00.dat	005115180	4690992	4690991	6676723936								453	Error: Aleph-запись должна содержать ровно одно поле LDR; найдено 2.
rsl01_z00.dat	005128105	4703654	4703653	6691614991								454	Error: Aleph-запись должна содержать ровно одно поле LDR; найдено 2.
rsl01_z00.dat	005377743	4949239	4949238	6976296369								455	Error: Aleph-запись должна содержать ровно одно поле LDR; найдено 2.
rsl01_z00.dat	005383906	4956230	4956229	6988833768								456	Error: Aleph-запись должна содержать ровно одно поле LDR; найдено 2.
rsl01_z00.dat	005441293	4972130	4972129	7017575364								457	Error: Aleph-запись должна содержать ровно одно поле LDR; найдено 2.
rsl01_z00.dat	005415878	4987662	4987661	7043104041								458	Error: Aleph-запись должна содержать ровно одно поле LDR; найдено 2.
rsl01_z00.dat	005415896	4987678	4987677	7043126797								459	Error: Aleph-запись должна содержать ровно одно поле LDR; найдено 2.
rsl01_z00.dat	005417868	4989602	4989601	7046528250								460	Error: Aleph-запись должна содержать ровно одно поле LDR; найдено 2.
rsl01_z00.dat	005418054	4989831	4989830	7046954321								461	Error: Aleph-запись должна содержать ровно одно поле LDR; найдено 2.
rsl01_z00.dat	007578175	5000042	5000041	7065465640								462	Error: Aleph-запись должна содержать ровно одно поле LDR; найдено 2.
rsl01_z00.dat	005430389	5006254	5006253	7076739698								463	Error: Aleph-запись должна содержать ровно одно поле LDR; найдено 2.
rsl01_z00.dat	011360591	5007028	5007027	7078078593								464	Error: Aleph-запись должна содержать ровно одно поле LDR; найдено 2.
rsl01_z00.dat	005435274	5011009	5011008	7085088632								465	Error: Aleph-запись должна содержать ровно одно поле LDR; найдено 2.
rsl01_z00.dat	005435296	5011557	5011556	7086101578								466	Error: Aleph-запись должна содержать ровно одно поле LDR; найдено 2.
rsl01_z00.dat	005488882	5015925	5015924	7093841689								467	Error: Aleph-запись должна содержать ровно одно поле LDR; найдено 3.
rsl01_z00.dat	006705039	5018673	5018672	7098651068								468	Error: Aleph-запись должна содержать ровно одно поле LDR; найдено 2.
rsl01_z00.dat	005442903	5019717	5019716	7100434242								469	Error: Aleph-запись должна содержать ровно одно поле LDR; найдено 2.
rsl01_z00.dat	005443425	5020225	5020224	7101276279								470	Error: Aleph-запись должна содержать ровно одно поле LDR; найдено 2.
rsl01_z00.dat	005443470	5020260	5020259	7101337381								471	Error: Aleph-запись должна содержать ровно одно поле LDR; найдено 2.
rsl01_z00.dat	005443473	5020264	5020263	7101342816								472	Error: Aleph-запись должна содержать ровно одно поле LDR; найдено 2.
rsl01_z00.dat	005445268	5022027	5022026	7104337024								473	Error: Aleph-запись должна содержать ровно одно поле LDR; найдено 2.
rsl01_z00.dat	005445853	5022866	5022865	7105811319								474	Error: Aleph-запись должна содержать ровно одно поле LDR; найдено 2.
rsl01_z00.dat	005445928	5022948	5022947	7105957008								475	Error: Aleph-запись должна содержать ровно одно поле LDR; найдено 2.
rsl01_z00.dat	005445932	5022955	5022954	7105969409								476	Error: Aleph-запись должна содержать ровно одно поле LDR; найдено 2.
rsl01_z00.dat	005446317	5023375	5023374	7106657833								477	Error: Aleph-запись должна содержать ровно одно поле LDR; найдено 2.
rsl01_z00.dat	005446325	5023390	5023389	7106680504								478	Error: Aleph-запись должна содержать ровно одно поле LDR; найдено 2.
rsl01_z00.dat	005452310	5029373	5029372	7116792848								479	Error: Aleph-запись должна содержать ровно одно поле LDR; найдено 2.
rsl01_z00.dat	005452316	5029377	5029376	7116799091								480	Error: Aleph-запись должна содержать ровно одно поле LDR; найдено 2.
rsl01_z00.dat	005458414	5035873	5035872	7128484475								481	Error: Aleph-запись должна содержать ровно одно поле LDR; найдено 2.
rsl01_z00.dat	005458418	5035877	5035876	7128493299								482	Error: Aleph-запись должна содержать ровно одно поле LDR; найдено 2.
rsl01_z00.dat	005458637	5036177	5036176	7129060580								483	Error: Aleph-запись должна содержать ровно одно поле LDR; найдено 2.
rsl01_z00.dat	005458645	5036185	5036184	7129074056								484	Error: Aleph-запись должна содержать ровно одно поле LDR; найдено 2.
rsl01_z00.dat	005458647	5036188	5036187	7129079095								485	Error: Aleph-запись должна содержать ровно одно поле LDR; найдено 2.
rsl01_z00.dat	003831073	5049075	5049074	7155468637								486	Error: Aleph-запись должна содержать ровно одно поле LDR; найдено 2.
rsl01_z00.dat	005466427	5063952	5063951	7189978200								487	Error: Aleph-запись должна содержать ровно одно поле LDR; найдено 2.
rsl01_z00.dat	007910761	5067776	5067775	7196758523								488	Error: Aleph-запись должна содержать ровно одно поле LDR; найдено 2.
rsl01_z00.dat	005479379	5075676	5075675	7210491967								489	Error: Aleph-запись должна содержать ровно одно поле LDR; найдено 2.
rsl01_z00.dat	005479386	5075683	5075682	7210504902								490	Error: Aleph-запись должна содержать ровно одно поле LDR; найдено 2.
rsl01_z00.dat	005488877	5084348	5084347	7225687400								492	Error: Aleph-запись должна содержать ровно одно поле LDR; найдено 2.
rsl01_z00.dat	005495412	5090656	5090655	7236785873								493	Error: Aleph-запись должна содержать ровно одно поле LDR; найдено 2.
rsl01_z00.dat	005495415	5090664	5090663	7236800803								494	Error: Aleph-запись должна содержать ровно одно поле LDR; найдено 2.
rsl01_z00.dat	007996942	5092271	5092270	7239832603								495	Error: Aleph-запись должна содержать ровно одно поле LDR; найдено 2.
rsl01_z00.dat	005498895	5094143	5094142	7243070968								496	Error: Aleph-запись должна содержать ровно одно поле LDR; найдено 2.
rsl01_z00.dat	005498899	5094145	5094144	7243074299								497	Error: Aleph-запись должна содержать ровно одно поле LDR; найдено 2.
rsl01_z00.dat	005498900	5094153	5094152	7243093819								498	Error: Aleph-запись должна содержать ровно одно поле LDR; найдено 2.
rsl01_z00.dat	005502364	5097545	5097544	7249213095								499	Error: Aleph-запись должна содержать ровно одно поле LDR; найдено 2.
rsl01_z00.dat	004183277	5116404	5116403	7285344284								500	Error: Aleph-запись должна содержать ровно одно поле LDR; найдено 2.
rsl01_z00.dat	005529014	5126350	5126349	7303100304								501	Error: Aleph-запись должна содержать ровно одно поле LDR; найдено 2.
rsl01_z00.dat	005530804	5127828	5127827	7305708218								502	Error: Aleph-запись должна содержать ровно одно поле LDR; найдено 2.
rsl01_z00.dat	005530800	5127832	5127831	7305713437								503	Error: Aleph-запись должна содержать ровно одно поле LDR; найдено 2.
rsl01_z00.dat	004180229	5132881	5132880	7314533791								504	Error: Aleph-запись должна содержать ровно одно поле LDR; найдено 2.
rsl01_z00.dat	004183272	5133129	5133128	7314864401								505	Error: Aleph-запись должна содержать ровно одно поле LDR; найдено 2.
rsl01_z00.dat	005576872	5139796	5139795	7324466434								506	Error: Aleph-запись должна содержать ровно одно поле LDR; найдено 2.
rsl01_z00.dat	005576875	5139800	5139799	7324472943								507	Error: Aleph-запись должна содержать ровно одно поле LDR; найдено 2.
rsl01_z00.dat	005576877	5139805	5139804	7324478696								508	Error: Aleph-запись должна содержать ровно одно поле LDR; найдено 2.
rsl01_z00.dat	010790634	5170392	5170391	7362634280								509	Error: Aleph-запись должна содержать ровно одно поле LDR; найдено 2.
rsl01_z00.dat	005711837	5230387	5230386	7439772606								510	Error: Aleph-запись должна содержать ровно одно поле LDR; найдено 2.
rsl01_z00.dat	005711838	5230388	5230387	7439774869								511	Error: Aleph-запись должна содержать ровно одно поле LDR; найдено 2.
rsl01_z00.dat	005711839	5230389	5230388	7439777075								512	Error: Aleph-запись должна содержать ровно одно поле LDR; найдено 2.
rsl01_z00.dat	005711840	5230390	5230389	7439780259								513	Error: Aleph-запись должна содержать ровно одно поле LDR; найдено 2.
rsl01_z00.dat	005711843	5230392	5230391	7439785024								514	Error: Aleph-запись должна содержать ровно одно поле LDR; найдено 2.
rsl01_z00.dat	005711844	5230393	5230392	7439787276								515	Error: Aleph-запись должна содержать ровно одно поле LDR; найдено 2.
rsl01_z00.dat	011878949	5282427	5282426	7495903079								516	Error: Aleph-запись должна содержать ровно одно поле LDR; найдено 2.
rsl01_z00.dat	007868324	5407368	5407367	7644268448								517	Error: Aleph-запись должна содержать ровно одно поле LDR; найдено 2.
rsl01_z00.dat	007832247	5527572	5527571	7785127561								518	Error: Aleph-запись должна содержать ровно одно поле LDR; найдено 2.
rsl01_z00.dat	006628648	5540488	5540487	7800773764								519	Error: Aleph-запись должна содержать ровно одно поле LDR; найдено 3.
rsl01_z00.dat	006628682	5540826	5540825	7801191487								520	Error: Aleph-запись должна содержать ровно одно поле LDR; найдено 3.
rsl01_z00.dat	006628684	5540854	5540853	7801225887								521	Error: Aleph-запись должна содержать ровно одно поле LDR; найдено 3.
rsl01_z00.dat	006628688	5540881	5540880	7801260450								522	Error: Aleph-запись должна содержать ровно одно поле LDR; найдено 3.
rsl01_z00.dat	006594470	5960433	5960432	8300786547								523	Error: Aleph-запись должна содержать ровно одно поле LDR; найдено 2.
rsl01_z00.dat	006594131	5969473	5969472	8312003690								524	Error: Aleph-запись должна содержать ровно одно поле LDR; найдено 2.
rsl01_z00.dat	006500601	6025115	6025114	8378237005								525	Error: Aleph-запись должна содержать ровно одно поле LDR; найдено 2.
rsl01_z00.dat	005105719	6028604	6028603	8384283735								526	Error: Aleph-запись должна содержать ровно одно поле LDR; найдено 2.
rsl01_z00.dat	006558161	6030666	6030665	8388055593								527	Error: Aleph-запись должна содержать ровно одно поле LDR; найдено 3.
rsl01_z00.dat	007542269	6031069	6031068	8388804750								528	Error: Aleph-запись должна содержать ровно одно поле LDR; найдено 2.
rsl01_z00.dat	006594616	6044671	6044670	8413336606								529	Error: Aleph-запись должна содержать ровно одно поле LDR; найдено 2.
rsl01_z00.dat	006585444	6068691	6068690	8458323343								531	Error: Aleph-запись должна содержать ровно одно поле LDR; найдено 2.
rsl01_z00.dat	004927756	6069712	6069711	8460281846								532	Error: Aleph-запись должна содержать ровно одно поле LDR; найдено 2.
rsl01_z00.dat	006562752	6074717	6074716	8469866339								533	Error: Aleph-запись должна содержать ровно одно поле LDR; найдено 2.
rsl01_z00.dat	006564849	6076666	6076665	8473528934								534	Error: Aleph-запись должна содержать ровно одно поле LDR; найдено 2.
rsl01_z00.dat	006564856	6076669	6076668	8473535647								535	Error: Aleph-запись должна содержать ровно одно поле LDR; найдено 2.
rsl01_z00.dat	006514216	6078726	6078725	8477465307								536	Error: Aleph-запись должна содержать ровно одно поле LDR; найдено 2.
rsl01_z00.dat	005526816	6078930	6078929	8477872883								537	Error: Aleph-запись должна содержать ровно одно поле LDR; найдено 2.
rsl01_z00.dat	006568533	6080069	6080068	8480062983								538	Error: Aleph-запись должна содержать ровно одно поле LDR; найдено 2.
rsl01_z00.dat	006569849	6081296	6081295	8482379100								539	Error: Aleph-запись должна содержать ровно одно поле LDR; найдено 2.
rsl01_z00.dat	006569278	6083035	6083034	8485658887								540	Error: Aleph-запись должна содержать ровно одно поле LDR; найдено 2.
rsl01_z00.dat	006576000	6087043	6087042	8493425078								541	Error: Aleph-запись должна содержать ровно одно поле LDR; найдено 3.
rsl01_z00.dat	006580670	6089611	6089610	8498402569								542	Error: Aleph-запись должна содержать ровно одно поле LDR; найдено 2.
rsl01_z00.dat	006580677	6089614	6089613	8498408688								543	Error: Aleph-запись должна содержать ровно одно поле LDR; найдено 2.
rsl01_z00.dat	006594595	6094724	6094723	8508150664								544	Error: Aleph-запись должна содержать ровно одно поле LDR; найдено 2.
rsl01_z00.dat	011883086	6097096	6097095	8512695024								545	Error: Aleph-запись должна содержать ровно одно поле LDR; найдено 2.
rsl01_z00.dat	006543130	6097152	6097151	8512802961								546	Error: Aleph-запись должна содержать ровно одно поле LDR; найдено 3.
rsl01_z00.dat	006628686	6120539	6120538	8556881437								547	Error: Aleph-запись должна содержать ровно одно поле LDR; найдено 3.
rsl01_z00.dat	006627150	6121249	6121248	8558230038								548	Error: Aleph-запись должна содержать ровно одно поле LDR; найдено 2.
rsl01_z00.dat	011868983	6132684	6132683	8580323251								549	Error: Aleph-запись должна содержать ровно одно поле LDR; найдено 2.
rsl01_z00.dat	006692128	6146817	6146816	8607831966								550	Error: Aleph-запись должна содержать ровно одно поле LDR; найдено 2.
rsl01_z00.dat	006694000	6148839	6148838	8611782129								551	Error: Aleph-запись должна содержать ровно одно поле LDR; найдено 2.
rsl01_z00.dat	003866955	6155873	6155872	8625476151								552	Error: Aleph-запись должна содержать ровно одно поле LDR; найдено 2.
rsl01_z00.dat	006708715	6165252	6165251	8643719043								553	Error: Aleph-запись должна содержать ровно одно поле LDR; найдено 2.
rsl01_z00.dat	006708724	6165259	6165258	8643730135								554	Error: Aleph-запись должна содержать ровно одно поле LDR; найдено 2.
rsl01_z00.dat	007517496	6170105	6170104	8653041649								555	Error: Aleph-запись должна содержать ровно одно поле LDR; найдено 2.
rsl01_z00.dat	005466711	6171914	6171913	8656534029								556	Error: Aleph-запись должна содержать ровно одно поле LDR; найдено 2.
rsl01_z00.dat	006715545	6172554	6172553	8657694777								557	Error: Aleph-запись должна содержать ровно одно поле LDR; найдено 2.
rsl01_z00.dat	006730346	6188666	6188665	8688482416								558	Error: Aleph-запись должна содержать ровно одно поле LDR; найдено 2.
rsl01_z00.dat	006730370	6188693	6188692	8688534348								559	Error: Aleph-запись должна содержать ровно одно поле LDR; найдено 2.
rsl01_z00.dat	006682434	6189852	6189851	8690801716								560	Error: Aleph-запись должна содержать ровно одно поле LDR; найдено 2.
rsl01_z00.dat	007529838	6192783	6192782	8696443364								561	Error: Aleph-запись должна содержать ровно одно поле LDR; найдено 2.
rsl01_z00.dat	006677236	6204230	6204229	8718398347								562	Error: Aleph-запись должна содержать ровно одно поле LDR; найдено 2.
rsl01_z00.dat	006677222	6204233	6204232	8718405639								563	Error: Aleph-запись должна содержать ровно одно поле LDR; найдено 2.
rsl01_z00.dat	007530077	6205034	6205033	8719955490								564	Error: Aleph-запись должна содержать ровно одно поле LDR; найдено 2.
rsl01_z00.dat	007489811	6207390	6207389	8724374162								565	Error: Aleph-запись должна содержать ровно одно поле LDR; найдено 2.
rsl01_z00.dat	007994021	6212997	6212996	8734592591								566	Error: Aleph-запись должна содержать ровно одно поле LDR; найдено 2.
rsl01_z00.dat	006753908	6213497	6213496	8735572868								567	Error: Aleph-запись должна содержать ровно одно поле LDR; найдено 2.
rsl01_z00.dat	003920722	6227648	6227647	8762790494								568	Error: Aleph-запись должна содержать ровно одно поле LDR; найдено 2.
rsl01_z00.dat	006772051	6230473	6230472	8768334851								569	Error: Aleph-запись должна содержать ровно одно поле LDR; найдено 2.
rsl01_z00.dat	006804691	6261770	6261769	8808729639								570	Error: Aleph-запись должна содержать ровно одно поле LDR; найдено 2.
rsl01_z00.dat	006804675	6261772	6261771	8808736697								571	Error: Aleph-запись должна содержать ровно одно поле LDR; найдено 2.
rsl01_z00.dat	002704420	6261878	6261877	8808934758								572	Error: Aleph-запись должна содержать ровно одно поле LDR; найдено 2.
rsl01_z00.dat	006821372	6279175	6279174	8833881177								573	Error: Aleph-запись должна содержать ровно одно поле LDR; найдено 2.
rsl01_z00.dat	007579699	6325987	6325986	8894926426								574	Error: Aleph-запись должна содержать ровно одно поле LDR; найдено 2.
rsl01_z00.dat	007579707	6326154	6326153	8895144120								575	Error: Aleph-запись должна содержать ровно одно поле LDR; найдено 2.
rsl01_z00.dat	007844689	6459391	6459390	9060410764								576	Error: Aleph-запись должна содержать ровно одно поле LDR; найдено 2.
rsl01_z00.dat	007569394	6479356	6479355	9084436160								577	Error: Aleph-запись должна содержать ровно одно поле LDR; найдено 2.
rsl01_z00.dat	007563988	6544564	6544563	9162621934								578	Error: Aleph-запись должна содержать ровно одно поле LDR; найдено 2.
rsl01_z00.dat	007563996	6544745	6544744	9162833678								579	Error: Aleph-запись должна содержать ровно одно поле LDR; найдено 2.
rsl01_z00.dat	007561932	6576028	6576027	9199663134								580	Error: Aleph-запись должна содержать ровно одно поле LDR; найдено 2.
rsl01_z00.dat	007560336	6594528	6594527	9221861705								581	Error: Aleph-запись должна содержать ровно одно поле LDR; найдено 2.
rsl01_z00.dat	007555478	6663495	6663494	9305061799								582	Error: Aleph-запись должна содержать ровно одно поле LDR; найдено 2.
rsl01_z00.dat	007555493	6663743	6663742	9305358262								583	Error: Aleph-запись должна содержать ровно одно поле LDR; найдено 2.
rsl01_z00.dat	007555542	6664305	6664304	9306040031								584	Error: Aleph-запись должна содержать ровно одно поле LDR; найдено 2.
rsl01_z00.dat	007551756	6716253	6716252	9369165697								585	Error: Aleph-запись должна содержать ровно одно поле LDR; найдено 2.
rsl01_z00.dat	007522014	6718708	6718707	9372027934								586	Error: Aleph-запись должна содержать ровно одно поле LDR; найдено 2.
rsl01_z00.dat	007551929	6719437	6719436	9372891777								587	Error: Aleph-запись должна содержать ровно одно поле LDR; найдено 2.
rsl01_z00.dat	007551978	6720029	6720028	9373576170								588	Error: Aleph-запись должна содержать ровно одно поле LDR; найдено 2.
rsl01_z00.dat	007551980	6720052	6720051	9373605242								589	Error: Aleph-запись должна содержать ровно одно поле LDR; найдено 2.
rsl01_z00.dat	006724906	6735631	6735630	9391890440								590	Error: Aleph-запись должна содержать ровно одно поле LDR; найдено 2.
rsl01_z00.dat	005038983	6753151	6753150	9412377935								591	Error: Aleph-запись должна содержать ровно одно поле LDR; найдено 3.
rsl01_z00.dat	007834417	6760186	6760185	9420646687								592	Error: Aleph-запись должна содержать ровно одно поле LDR; найдено 2.
rsl01_z00.dat	007548771	6764372	6764371	9425834636								593	Error: Aleph-запись должна содержать ровно одно поле LDR; найдено 2.
rsl01_z00.dat	007548775	6764499	6764498	9425999127								594	Error: Aleph-запись должна содержать ровно одно поле LDR; найдено 2.
rsl01_z00.dat	003906045	6800022	6800021	9468712035								595	Error: Aleph-запись должна содержать ровно одно поле LDR; найдено 2.
rsl01_z00.dat	007542859	6834625	6834624	9510748832								596	Error: Aleph-запись должна содержать ровно одно поле LDR; найдено 2.
rsl01_z00.dat	008064143	6834931	6834930	9511120477								597	Error: Aleph-запись должна содержать ровно одно поле LDR; найдено 2.
rsl01_z00.dat	003824874	6841672	6841671	9519097589								598	Error: Aleph-запись должна содержать ровно одно поле LDR; найдено 2.
rsl01_z00.dat	007542273	6849909	6849908	9528669663								599	Error: Aleph-запись должна содержать ровно одно поле LDR; найдено 2.
rsl01_z00.dat	007831548	6864974	6864973	9546231458								600	Error: Aleph-запись должна содержать ровно одно поле LDR; найдено 2.
rsl01_z00.dat	006575088	6952311	6952310	9649550814								601	Error: Aleph-запись должна содержать ровно одно поле LDR; найдено 2.
rsl01_z00.dat	002704424	6952443	6952442	9649805624								602	Error: Aleph-запись должна содержать ровно одно поле LDR; найдено 2.
rsl01_z00.dat	007997414	6955193	6955192	9654591308								603	Error: Aleph-запись должна содержать ровно одно поле LDR; найдено 2.
rsl01_z00.dat	006676514	6957723	6957722	9659533646								604	Error: Aleph-запись должна содержать ровно одно поле LDR; найдено 2.
rsl01_z00.dat	006681530	6957738	6957737	9659564740								605	Error: Aleph-запись должна содержать ровно одно поле LDR; найдено 2.
rsl01_z00.dat	007489794	6958924	6958923	9661856038								606	Error: Aleph-запись должна содержать ровно одно поле LDR; найдено 2.
rsl01_z00.dat	007489798	6958927	6958926	9661861028								607	Error: Aleph-запись должна содержать ровно одно поле LDR; найдено 2.
rsl01_z00.dat	007504216	6962605	6962604	9668806218								608	Error: Aleph-запись должна содержать ровно одно поле LDR; найдено 2.
rsl01_z00.dat	007496514	6965859	6965858	9675140099								609	Error: Aleph-запись должна содержать ровно одно поле LDR; найдено 3.
rsl01_z00.dat	007496606	6965964	6965963	9675346540								610	Error: Aleph-запись должна содержать ровно одно поле LDR; найдено 3.
rsl01_z00.dat	007496734	6966111	6966110	9675636135								611	Error: Aleph-запись должна содержать ровно одно поле LDR; найдено 3.
rsl01_z00.dat	007489669	6968619	6968618	9680510045								612	Error: Aleph-запись должна содержать ровно одно поле LDR; найдено 2.
rsl01_z00.dat	007489680	6968695	6968694	9680658718								613	Error: Aleph-запись должна содержать ровно одно поле LDR; найдено 2.
rsl01_z00.dat	007918324	6968962	6968961	9681171527								614	Error: Aleph-запись должна содержать ровно одно поле LDR; найдено 2.
rsl01_z00.dat	007918325	6968964	6968963	9681174872								615	Error: Aleph-запись должна содержать ровно одно поле LDR; найдено 2.
rsl01_z00.dat	007517494	6971159	6971158	9685355453								616	Error: Aleph-запись должна содержать ровно одно поле LDR; найдено 2.
rsl01_z00.dat	007501784	6971754	6971753	9686529428								617	Error: Aleph-запись должна содержать ровно одно поле LDR; найдено 2.
rsl01_z00.dat	007501787	6971756	6971755	9686532022								618	Error: Aleph-запись должна содержать ровно одно поле LDR; найдено 2.
rsl01_z00.dat	007502905	6973225	6973224	9689326294								619	Error: Aleph-запись должна содержать ровно одно поле LDR; найдено 2.
rsl01_z00.dat	007489813	6973363	6973362	9689579095								620	Error: Aleph-запись должна содержать ровно одно поле LDR; найдено 2.
rsl01_z00.dat	006501072	6974894	6974893	9692551421								621	Error: Aleph-запись должна содержать ровно одно поле LDR; найдено 2.
rsl01_z00.dat	006742158	6976631	6976630	9695879457								622	Error: Aleph-запись должна содержать ровно одно поле LDR; найдено 2.
rsl01_z00.dat	007514782	6977092	6977091	9696767510								623	Error: Aleph-запись должна содержать ровно одно поле LDR; найдено 2.
rsl01_z00.dat	007501736	6978507	6978506	9699519986								624	Error: Aleph-запись должна содержать ровно одно поле LDR; найдено 2.
rsl01_z00.dat	007504214	6978585	6978584	9699678888								625	Error: Aleph-запись должна содержать ровно одно поле LDR; найдено 2.
rsl01_z00.dat	007502128	6979353	6979352	9701162807								626	Error: Aleph-запись должна содержать ровно одно поле LDR; найдено 2.
rsl01_z00.dat	007510655	6981446	6981445	9705108670								627	Error: Aleph-запись должна содержать ровно одно поле LDR; найдено 2.
rsl01_z00.dat	007827689	6982816	6982815	9707631195								628	Error: Aleph-запись должна содержать ровно одно поле LDR; найдено 2.
rsl01_z00.dat	007512804	6983812	6983811	9709500411								629	Error: Aleph-запись должна содержать ровно одно поле LDR; найдено 2.
rsl01_z00.dat	003878805	6985224	6985223	9712211002								630	Error: Aleph-запись должна содержать ровно одно поле LDR; найдено 2.
rsl01_z00.dat	007514097	6985287	6985286	9712329732								631	Error: Aleph-запись должна содержать ровно одно поле LDR; найдено 2.
rsl01_z00.dat	007514103	6985295	6985294	9712346747								632	Error: Aleph-запись должна содержать ровно одно поле LDR; найдено 2.
rsl01_z00.dat	007514163	6985386	6985385	9712512415								633	Error: Aleph-запись должна содержать ровно одно поле LDR; найдено 2.
rsl01_z00.dat	007514164	6985398	6985397	9712537512								634	Error: Aleph-запись должна содержать ровно одно поле LDR; найдено 2.
rsl01_z00.dat	003864295	6985576	6985575	9712861976								635	Error: Aleph-запись должна содержать ровно одно поле LDR; найдено 2.
rsl01_z00.dat	006514214	6985713	6985712	9713126023								636	Error: Aleph-запись должна содержать ровно одно поле LDR; найдено 2.
rsl01_z00.dat	007514773	6986065	6986064	9713786553								637	Error: Aleph-запись должна содержать ровно одно поле LDR; найдено 2.
rsl01_z00.dat	007514789	6986075	6986074	9713807526								638	Error: Aleph-запись должна содержать ровно одно поле LDR; найдено 2.
rsl01_z00.dat	007517218	6988197	6988196	9717847133								639	Error: Aleph-запись должна содержать ровно одно поле LDR; найдено 2.
rsl01_z00.dat	007517489	6988330	6988329	9718100168								640	Error: Aleph-запись должна содержать ровно одно поле LDR; найдено 2.
rsl01_z00.dat	007517491	6988331	6988330	9718101568								641	Error: Aleph-запись должна содержать ровно одно поле LDR; найдено 2.
rsl01_z00.dat	007517460	6988342	6988341	9718123627								642	Error: Aleph-запись должна содержать ровно одно поле LDR; найдено 2.
rsl01_z00.dat	007517505	6988417	6988416	9718278579								643	Error: Aleph-запись должна содержать ровно одно поле LDR; найдено 2.
rsl01_z00.dat	007520796	6991493	6991492	9724106800								644	Error: Aleph-запись должна содержать ровно одно поле LDR; найдено 2.
rsl01_z00.dat	007520874	6991562	6991561	9724237304								645	Error: Aleph-запись должна содержать ровно одно поле LDR; найдено 2.
rsl01_z00.dat	007520889	6991574	6991573	9724261243								646	Error: Aleph-запись должна содержать ровно одно поле LDR; найдено 2.
rsl01_z00.dat	007520904	6991586	6991585	9724283444								647	Error: Aleph-запись должна содержать ровно одно поле LDR; найдено 2.
rsl01_z00.dat	007520918	6991593	6991592	9724296610								648	Error: Aleph-запись должна содержать ровно одно поле LDR; найдено 2.
rsl01_z00.dat	007520969	6991652	6991651	9724411597								649	Error: Aleph-запись должна содержать ровно одно поле LDR; найдено 2.
rsl01_z00.dat	007520990	6991672	6991671	9724445202								650	Error: Aleph-запись должна содержать ровно одно поле LDR; найдено 2.
rsl01_z00.dat	007521154	6991812	6991811	9724719378								651	Error: Aleph-запись должна содержать ровно одно поле LDR; найдено 2.
rsl01_z00.dat	007522073	6991833	6991832	9724760781								652	Error: Aleph-запись должна содержать ровно одно поле LDR; найдено 2.
rsl01_z00.dat	007521246	6991915	6991914	9724904775								653	Error: Aleph-запись должна содержать ровно одно поле LDR; найдено 2.
rsl01_z00.dat	007521517	6992242	6992241	9725504729								654	Error: Aleph-запись должна содержать ровно одно поле LDR; найдено 2.
rsl01_z00.dat	007521549	6992273	6992272	9725563038								655	Error: Aleph-запись должна содержать ровно одно поле LDR; найдено 2.
rsl01_z00.dat	007521557	6992278	6992277	9725574234								656	Error: Aleph-запись должна содержать ровно одно поле LDR; найдено 2.
rsl01_z00.dat	007522001	6992684	6992683	9726318970								657	Error: Aleph-запись должна содержать ровно одно поле LDR; найдено 2.
rsl01_z00.dat	007522004	6992689	6992688	9726328908								658	Error: Aleph-запись должна содержать ровно одно поле LDR; найдено 2.
rsl01_z00.dat	007522011	6992699	6992698	9726349488								659	Error: Aleph-запись должна содержать ровно одно поле LDR; найдено 2.
rsl01_z00.dat	007522017	6992707	6992706	9726365163								660	Error: Aleph-запись должна содержать ровно одно поле LDR; найдено 2.
rsl01_z00.dat	007522079	6992771	6992770	9726481095								661	Error: Aleph-запись должна содержать ровно одно поле LDR; найдено 2.
rsl01_z00.dat	007522082	6992775	6992774	9726490017								662	Error: Aleph-запись должна содержать ровно одно поле LDR; найдено 2.
rsl01_z00.dat	007522090	6992776	6992775	9726492028								663	Error: Aleph-запись должна содержать ровно одно поле LDR; найдено 2.
rsl01_z00.dat	007522098	6992777	6992776	9726493880								664	Error: Aleph-запись должна содержать ровно одно поле LDR; найдено 2.
rsl01_z00.dat	007522147	6992841	6992840	9726621682								665	Error: Aleph-запись должна содержать ровно одно поле LDR; найдено 2.
rsl01_z00.dat	007522158	6992842	6992841	9726623526								666	Error: Aleph-запись должна содержать ровно одно поле LDR; найдено 2.
rsl01_z00.dat	007522179	6992867	6992866	9726672805								667	Error: Aleph-запись должна содержать ровно одно поле LDR; найдено 2.
rsl01_z00.dat	007522186	6992875	6992874	9726686373								668	Error: Aleph-запись должна содержать ровно одно поле LDR; найдено 2.
rsl01_z00.dat	003961356	6993344	6993343	9727604602								669	Error: Aleph-запись должна содержать ровно одно поле LDR; найдено 2.
rsl01_z00.dat	003932150	6994118	6994117	9729064367								670	Error: Aleph-запись должна содержать ровно одно поле LDR; найдено 2.
rsl01_z00.dat	003932148	6994190	6994189	9729201812								671	Error: Aleph-запись должна содержать ровно одно поле LDR; найдено 2.
rsl01_z00.dat	003932143	6994207	6994206	9729233687								672	Error: Aleph-запись должна содержать ровно одно поле LDR; найдено 2.
rsl01_z00.dat	007523789	6994416	6994415	9729646255								673	Error: Aleph-запись должна содержать ровно одно поле LDR; найдено 2.
rsl01_z00.dat	007997021	6994442	6994441	9729695523								674	Error: Aleph-запись должна содержать ровно одно поле LDR; найдено 2.
rsl01_z00.dat	007997020	6994447	6994446	9729703921								675	Error: Aleph-запись должна содержать ровно одно поле LDR; найдено 2.
rsl01_z00.dat	003704030	6994816	6994815	9730408455								676	Error: Aleph-запись должна содержать ровно одно поле LDR; найдено 2.
rsl01_z00.dat	007524454	6995189	6995188	9731104062								677	Error: Aleph-запись должна содержать ровно одно поле LDR; найдено 2.
rsl01_z00.dat	004018239	6995640	6995639	9732005386								678	Error: Aleph-запись должна содержать ровно одно поле LDR; найдено 2.
rsl01_z00.dat	007929140	6995935	6995934	9732547419								679	Error: Aleph-запись должна содержать ровно одно поле LDR; найдено 3.
rsl01_z00.dat	006742161	6996747	6996746	9734133781								680	Error: Aleph-запись должна содержать ровно одно поле LDR; найдено 2.
rsl01_z00.dat	006724002	6996752	6996751	9734148003								681	Error: Aleph-запись должна содержать ровно одно поле LDR; найдено 2.
rsl01_z00.dat	007528555	6998857	6998856	9738159676								682	Error: Aleph-запись должна содержать ровно одно поле LDR; найдено 2.
rsl01_z00.dat	007529842	6999605	6999604	9739634154								683	Error: Aleph-запись должна содержать ровно одно поле LDR; найдено 2.
rsl01_z00.dat	007529339	6999722	6999721	9739852995								684	Error: Aleph-запись должна содержать ровно одно поле LDR; найдено 2.
rsl01_z00.dat	007529345	6999726	6999725	9739862165								685	Error: Aleph-запись должна содержать ровно одно поле LDR; найдено 2.
rsl01_z00.dat	007529349	6999730	6999729	9739868954								686	Error: Aleph-запись должна содержать ровно одно поле LDR; найдено 2.
rsl01_z00.dat	007529824	7000204	7000203	9740766446								687	Error: Aleph-запись должна содержать ровно одно поле LDR; найдено 2.
rsl01_z00.dat	007529990	7000370	7000369	9741094631								688	Error: Aleph-запись должна содержать ровно одно поле LDR; найдено 2.
rsl01_z00.dat	007529994	7000374	7000373	9741105068								689	Error: Aleph-запись должна содержать ровно одно поле LDR; найдено 2.
rsl01_z00.dat	007530138	7000493	7000492	9741340772								690	Error: Aleph-запись должна содержать ровно одно поле LDR; найдено 2.
rsl01_z00.dat	007531261	7001537	7001536	9743285444								691	Error: Aleph-запись должна содержать ровно одно поле LDR; найдено 2.
rsl01_z00.dat	007535464	7002220	7002219	9744559812								692	Error: Aleph-запись должна содержать ровно одно поле LDR; найдено 2.
rsl01_z00.dat	007531973	7002221	7002220	9744561136								693	Error: Aleph-запись должна содержать ровно одно поле LDR; найдено 2.
rsl01_z00.dat	006508149	7005367	7005366	9750514211								694	Error: Aleph-запись должна содержать ровно одно поле LDR; найдено 2.
rsl01_z00.dat	007535285	7005571	7005570	9750887239								695	Error: Aleph-запись должна содержать ровно одно поле LDR; найдено 2.
rsl01_z00.dat	007535429	7005672	7005671	9751064962								696	Error: Aleph-запись должна содержать ровно одно поле LDR; найдено 2.
rsl01_z00.dat	007535467	7005698	7005697	9751116392								697	Error: Aleph-запись должна содержать ровно одно поле LDR; найдено 2.
rsl01_z00.dat	000748429	7006116	7006115	9751878015								698	Error: Aleph-запись должна содержать ровно одно поле LDR; найдено 2.
rsl01_z00.dat	007514649	7006122	7006121	9751890261								699	Error: Aleph-запись должна содержать ровно одно поле LDR; найдено 2.
rsl01_z00.dat	006540231	7006844	7006843	9753285633								700	Error: Aleph-запись должна содержать ровно одно поле LDR; найдено 2.
rsl01_z00.dat	007536796	7006848	7006847	9753293421								701	Error: Aleph-запись должна содержать ровно одно поле LDR; найдено 2.
rsl01_z00.dat	007542037	7011609	7011608	9762775395								702	Error: Aleph-запись должна содержать ровно одно поле LDR; найдено 2.
rsl01_z00.dat	007542281	7011763	7011762	9763070644								703	Error: Aleph-запись должна содержать ровно одно поле LDR; найдено 2.
rsl01_z00.dat	007542855	7012295	7012294	9764142105								704	Error: Aleph-запись должна содержать ровно одно поле LDR; найдено 2.
rsl01_z00.dat	007543883	7012999	7012998	9765493224								705	Error: Aleph-запись должна содержать ровно одно поле LDR; найдено 2.
rsl01_z00.dat	007544382	7013387	7013386	9766257605								706	Error: Aleph-запись должна содержать ровно одно поле LDR; найдено 2.
rsl01_z00.dat	003929670	7013532	7013531	9766540734								707	Error: Aleph-запись должна содержать ровно одно поле LDR; найдено 2.
rsl01_z00.dat	007499247	7014058	7014057	9767576720								708	Error: Aleph-запись должна содержать ровно одно поле LDR; найдено 2.
rsl01_z00.dat	007548036	7016726	7016725	9772732038								709	Error: Aleph-запись должна содержать ровно одно поле LDR; найдено 2.
rsl01_z00.dat	007548144	7016788	7016787	9772849149								710	Error: Aleph-запись должна содержать ровно одно поле LDR; найдено 2.
rsl01_z00.dat	007548846	7017372	7017371	9774009515								711	Error: Aleph-запись должна содержать ровно одно поле LDR; найдено 2.
rsl01_z00.dat	005038986	7017379	7017378	9774021272								712	Error: Aleph-запись должна содержать ровно одно поле LDR; найдено 2.
rsl01_z00.dat	007544374	7017587	7017586	9774422651								713	Error: Aleph-запись должна содержать ровно одно поле LDR; найдено 2.
rsl01_z00.dat	003906046	7017618	7017617	9774486483								714	Error: Aleph-запись должна содержать ровно одно поле LDR; найдено 2.
rsl01_z00.dat	007549431	7017889	7017888	9774997084								715	Error: Aleph-запись должна содержать ровно одно поле LDR; найдено 2.
rsl01_z00.dat	007550548	7018979	7018978	9777054451								716	Error: Aleph-запись должна содержать ровно одно поле LDR; найдено 2.
rsl01_z00.dat	007550906	7019300	7019299	9777649979								717	Error: Aleph-запись должна содержать ровно одно поле LDR; найдено 2.
rsl01_z00.dat	007551618	7019898	7019897	9778786955								718	Error: Aleph-запись должна содержать ровно одно поле LDR; найдено 2.
rsl01_z00.dat	007551627	7019912	7019911	9778812560								719	Error: Aleph-запись должна содержать ровно одно поле LDR; найдено 2.
rsl01_z00.dat	007551926	7020186	7020185	9779336820								720	Error: Aleph-запись должна содержать ровно одно поле LDR; найдено 2.
rsl01_z00.dat	007551982	7020218	7020217	9779399740								721	Error: Aleph-запись должна содержать ровно одно поле LDR; найдено 2.
rsl01_z00.dat	007551984	7020220	7020219	9779402904								722	Error: Aleph-запись должна содержать ровно одно поле LDR; найдено 2.
rsl01_z00.dat	007520785	7020307	7020306	9779572758								723	Error: Aleph-запись должна содержать ровно одно поле LDR; найдено 2.
rsl01_z00.dat	003932147	7020974	7020973	9780855629								724	Error: Aleph-запись должна содержать ровно одно поле LDR; найдено 2.
rsl01_z00.dat	007555530	7023171	7023170	9785140755								725	Error: Aleph-запись должна содержать ровно одно поле LDR; найдено 2.
rsl01_z00.dat	003882531	7023689	7023688	9786172047								726	Error: Aleph-запись должна содержать ровно одно поле LDR; найдено 2.
rsl01_z00.dat	007530085	7023903	7023902	9786583397								727	Error: Aleph-запись должна содержать ровно одно поле LDR; найдено 2.
rsl01_z00.dat	007514268	7025558	7025557	9789749348								728	Error: Aleph-запись должна содержать ровно одно поле LDR; найдено 2.
rsl01_z00.dat	007559202	7026484	7026483	9791600763								729	Error: Aleph-запись должна содержать ровно одно поле LDR; найдено 2.
rsl01_z00.dat	007559205	7026487	7026486	9791605407								730	Error: Aleph-запись должна содержать ровно одно поле LDR; найдено 2.
rsl01_z00.dat	007559211	7026492	7026491	9791614554								731	Error: Aleph-запись должна содержать ровно одно поле LDR; найдено 2.
rsl01_z00.dat	007560275	7027855	7027854	9794423599								732	Error: Aleph-запись должна содержать ровно одно поле LDR; найдено 2.
rsl01_z00.dat	004936462	7027868	7027867	9794442381								733	Error: Aleph-запись должна содержать ровно одно поле LDR; найдено 2.
rsl01_z00.dat	007560292	7027870	7027869	9794449171								734	Error: Aleph-запись должна содержать ровно одно поле LDR; найдено 2.
rsl01_z00.dat	007560358	7027926	7027925	9794569281								735	Error: Aleph-запись должна содержать ровно одно поле LDR; найдено 2.
rsl01_z00.dat	007561403	7028927	7028926	9796621397								736	Error: Aleph-запись должна содержать ровно одно поле LDR; найдено 2.
rsl01_z00.dat	006537570	7028971	7028970	9796716044								737	Error: Aleph-запись должна содержать ровно одно поле LDR; найдено 2.
rsl01_z00.dat	007561921	7029371	7029370	9797518422								738	Error: Aleph-запись должна содержать ровно одно поле LDR; найдено 2.
rsl01_z00.dat	007561928	7029374	7029373	9797523118								739	Error: Aleph-запись должна содержать ровно одно поле LDR; найдено 2.
rsl01_z00.dat	007564815	7032106	7032105	9802961562								740	Error: Aleph-запись должна содержать ровно одно поле LDR; найдено 2.
rsl01_z00.dat	007564816	7032107	7032106	9802962833								741	Error: Aleph-запись должна содержать ровно одно поле LDR; найдено 2.
rsl01_z00.dat	007566992	7034052	7034051	9806762069								742	Error: Aleph-запись должна содержать ровно одно поле LDR; найдено 2.
rsl01_z00.dat	007567006	7034064	7034063	9806784134								743	Error: Aleph-запись должна содержать ровно одно поле LDR; найдено 2.
rsl01_z00.dat	007567013	7034067	7034066	9806790485								744	Error: Aleph-запись должна содержать ровно одно поле LDR; найдено 2.
rsl01_z00.dat	007567524	7034576	7034575	9807720565								745	Error: Aleph-запись должна содержать ровно одно поле LDR; найдено 2.
rsl01_z00.dat	007567713	7034759	7034758	9808075391								746	Error: Aleph-запись должна содержать ровно одно поле LDR; найдено 2.
rsl01_z00.dat	007567873	7034847	7034846	9808234327								747	Error: Aleph-запись должна содержать ровно одно поле LDR; найдено 2.
rsl01_z00.dat	007567865	7034869	7034868	9808275719								748	Error: Aleph-запись должна содержать ровно одно поле LDR; найдено 2.
rsl01_z00.dat	007567885	7034877	7034876	9808287247								749	Error: Aleph-запись должна содержать ровно одно поле LDR; найдено 2.
rsl01_z00.dat	007567881	7034886	7034885	9808299009								750	Error: Aleph-запись должна содержать ровно одно поле LDR; найдено 2.
rsl01_z00.dat	007567879	7034895	7034894	9808315148								751	Error: Aleph-запись должна содержать ровно одно поле LDR; найдено 2.
rsl01_z00.dat	003859814	7034920	7034919	9808367277								752	Error: Aleph-запись должна содержать ровно одно поле LDR; найдено 2.
rsl01_z00.dat	007568063	7035147	7035146	9808803618								753	Error: Aleph-запись должна содержать ровно одно поле LDR; найдено 2.
rsl01_z00.dat	007568072	7035152	7035151	9808815889								754	Error: Aleph-запись должна содержать ровно одно поле LDR; найдено 2.
rsl01_z00.dat	007568080	7035155	7035154	9808823619								755	Error: Aleph-запись должна содержать ровно одно поле LDR; найдено 2.
rsl01_z00.dat	007568090	7035164	7035163	9808841516								756	Error: Aleph-запись должна содержать ровно одно поле LDR; найдено 2.
rsl01_z00.dat	007568094	7035168	7035167	9808849396								757	Error: Aleph-запись должна содержать ровно одно поле LDR; найдено 2.
rsl01_z00.dat	007568181	7035234	7035233	9808987729								758	Error: Aleph-запись должна содержать ровно одно поле LDR; найдено 2.
rsl01_z00.dat	007569392	7036115	7036114	9810733380								759	Error: Aleph-запись должна содержать ровно одно поле LDR; найдено 2.
rsl01_z00.dat	005465271	7038512	7038511	9815367762								760	Error: Aleph-запись должна содержать ровно одно поле LDR; найдено 2.
rsl01_z00.dat	006580681	7038841	7038840	9816005046								761	Error: Aleph-запись должна содержать ровно одно поле LDR; найдено 2.
rsl01_z00.dat	007577034	7042701	7042700	9823688037								762	Error: Aleph-запись должна содержать ровно одно поле LDR; найдено 2.
rsl01_z00.dat	007577035	7042702	7042701	9823689417								763	Error: Aleph-запись должна содержать ровно одно поле LDR; найдено 2.
rsl01_z00.dat	007577048	7042706	7042705	9823695955								764	Error: Aleph-запись должна содержать ровно одно поле LDR; найдено 2.
rsl01_z00.dat	007577052	7042711	7042710	9823706549								765	Error: Aleph-запись должна содержать ровно одно поле LDR; найдено 2.
rsl01_z00.dat	007577056	7042713	7042712	9823709852								766	Error: Aleph-запись должна содержать ровно одно поле LDR; найдено 2.
rsl01_z00.dat	007578164	7043644	7043643	9825598407								767	Error: Aleph-запись должна содержать ровно одно поле LDR; найдено 2.
rsl01_z00.dat	007580749	7045423	7045422	9829112459								768	Error: Aleph-запись должна содержать ровно одно поле LDR; найдено 2.
rsl01_z00.dat	007580764	7045434	7045433	9829135802								769	Error: Aleph-запись должна содержать ровно одно поле LDR; найдено 2.
rsl01_z00.dat	007580811	7045476	7045475	9829213623								770	Error: Aleph-запись должна содержать ровно одно поле LDR; найдено 2.
rsl01_z00.dat	007551165	7052925	7052924	9839451289								771	Error: Aleph-запись должна содержать ровно одно поле LDR; найдено 2.
rsl01_z00.dat	007607271	7070998	7070997	9863512953								772	Error: Aleph-запись должна содержать ровно одно поле LDR; найдено 2.
rsl01_z00.dat	007607272	7070999	7070998	9863514662								773	Error: Aleph-запись должна содержать ровно одно поле LDR; найдено 2.
rsl01_z00.dat	007657257	7122641	7122640	9926217699								774	Error: Aleph-запись должна содержать ровно одно поле LDR; найдено 2.
rsl01_z00.dat	007851517	7197698	7197697	10019890858								775	Error: Aleph-запись должна содержать ровно одно поле LDR; найдено 2.
rsl01_z00.dat	007851532	7198047	7198046	10020308978								776	Error: Aleph-запись должна содержать ровно одно поле LDR; найдено 2.
rsl01_z00.dat	007851535	7198091	7198090	10020365449								777	Error: Aleph-запись должна содержать ровно одно поле LDR; найдено 2.
rsl01_z00.dat	007546794	7260801	7260800	10097360291								778	Error: Aleph-запись должна содержать ровно одно поле LDR; найдено 2.
rsl01_z00.dat	007825560	7291864	7291863	10134425730								779	Error: Aleph-запись должна содержать ровно одно поле LDR; найдено 2.
rsl01_z00.dat	007825567	7291873	7291872	10134443290								780	Error: Aleph-запись должна содержать ровно одно поле LDR; найдено 2.
rsl01_z00.dat	007551158	7291968	7291967	10134621303								781	Error: Aleph-запись должна содержать ровно одно поле LDR; найдено 2.
rsl01_z00.dat	007567577	7291985	7291984	10134655585								782	Error: Aleph-запись должна содержать ровно одно поле LDR; найдено 2.
rsl01_z00.dat	007567581	7292001	7292000	10134683898								783	Error: Aleph-запись должна содержать ровно одно поле LDR; найдено 2.
rsl01_z00.dat	007567588	7292015	7292014	10134712087								784	Error: Aleph-запись должна содержать ровно одно поле LDR; найдено 2.
rsl01_z00.dat	007570132	7292320	7292319	10135284929								785	Error: Aleph-запись должна содержать ровно одно поле LDR; найдено 2.
rsl01_z00.dat	007570133	7292323	7292322	10135289915								786	Error: Aleph-запись должна содержать ровно одно поле LDR; найдено 2.
rsl01_z00.dat	007548843	7293666	7293665	10137919217								787	Error: Aleph-запись должна содержать ровно одно поле LDR; найдено 2.
rsl01_z00.dat	007548849	7293695	7293694	10137976157								788	Error: Aleph-запись должна содержать ровно одно поле LDR; найдено 2.
rsl01_z00.dat	007827348	7293772	7293771	10138115106								789	Error: Aleph-запись должна содержать ровно одно поле LDR; найдено 2.
rsl01_z00.dat	007827693	7294976	7294975	10140132952								790	Error: Aleph-запись должна содержать ровно одно поле LDR; найдено 2.
rsl01_z00.dat	007827697	7294977	7294976	10140134534								791	Error: Aleph-запись должна содержать ровно одно поле LDR; найдено 2.
rsl01_z00.dat	003995170	7295017	7295016	10140210421								792	Error: Aleph-запись должна содержать ровно одно поле LDR; найдено 2.
rsl01_z00.dat	007828797	7296138	7296137	10142377745								793	Error: Aleph-запись должна содержать ровно одно поле LDR; найдено 2.
rsl01_z00.dat	007828811	7296157	7296156	10142413682								794	Error: Aleph-запись должна содержать ровно одно поле LDR; найдено 2.
rsl01_z00.dat	007828828	7296173	7296172	10142450459								795	Error: Aleph-запись должна содержать ровно одно поле LDR; найдено 2.
rsl01_z00.dat	007829322	7296552	7296551	10143151550								796	Error: Aleph-запись должна содержать ровно одно поле LDR; найдено 2.
rsl01_z00.dat	003876127	7296663	7296662	10143356279								797	Error: Aleph-запись должна содержать ровно одно поле LDR; найдено 2.
rsl01_z00.dat	007830603	7297742	7297741	10145407355								798	Error: Aleph-запись должна содержать ровно одно поле LDR; найдено 2.
rsl01_z00.dat	007580100	7298061	7298060	10146039884								799	Error: Aleph-запись должна содержать ровно одно поле LDR; найдено 2.
rsl01_z00.dat	007829334	7298140	7298139	10146194433								800	Error: Aleph-запись должна содержать ровно одно поле LDR; найдено 3.
rsl01_z00.dat	003897418	7298349	7298348	10146588973								801	Error: Aleph-запись должна содержать ровно одно поле LDR; найдено 2.
rsl01_z00.dat	001647156	7298924	7298923	10147717221								802	Error: Aleph-запись должна содержать ровно одно поле LDR; найдено 2.
rsl01_z00.dat	004018064	7299055	7299054	10147971557								803	Error: Aleph-запись должна содержать ровно одно поле LDR; найдено 2.
rsl01_z00.dat	007832311	7299157	7299156	10148172875								804	Error: Aleph-запись должна содержать ровно одно поле LDR; найдено 2.
rsl01_z00.dat	003572634	7299813	7299812	10149478870								805	Error: Aleph-запись должна содержать ровно одно поле LDR; найдено 2.
rsl01_z00.dat	007560350	7300181	7300180	10150184467								806	Error: Aleph-запись должна содержать ровно одно поле LDR; найдено 2.
rsl01_z00.dat	007560355	7300195	7300194	10150213547								807	Error: Aleph-запись должна содержать ровно одно поле LDR; найдено 2.
rsl01_z00.dat	007560365	7300202	7300201	10150229322								808	Error: Aleph-запись должна содержать ровно одно поле LDR; найдено 2.
rsl01_z00.dat	007580813	7300392	7300391	10150609186								809	Error: Aleph-запись должна содержать ровно одно поле LDR; найдено 2.
rsl01_z00.dat	003572918	7300485	7300484	10150796990								810	Error: Aleph-запись должна содержать ровно одно поле LDR; найдено 2.
rsl01_z00.dat	007864537	7300793	7300792	10151407434								811	Error: Aleph-запись должна содержать ровно одно поле LDR; найдено 2.
rsl01_z00.dat	007834419	7301588	7301587	10152946973								812	Error: Aleph-запись должна содержать ровно одно поле LDR; найдено 2.
rsl01_z00.dat	007834755	7301892	7301891	10153546382								813	Error: Aleph-запись должна содержать ровно одно поле LDR; найдено 2.
rsl01_z00.dat	003963752	7302721	7302720	10155123586								814	Error: Aleph-запись должна содержать ровно одно поле LDR; найдено 2.
rsl01_z00.dat	007567015	7303644	7303643	10156924874								815	Error: Aleph-запись должна содержать ровно одно поле LDR; найдено 2.
rsl01_z00.dat	003963750	7304664	7304663	10158947213								816	Error: Aleph-запись должна содержать ровно одно поле LDR; найдено 2.
rsl01_z00.dat	003824933	7304751	7304750	10159135010								817	Error: Aleph-запись должна содержать ровно одно поле LDR; найдено 2.
rsl01_z00.dat	004015760	7304928	7304927	10159477968								818	Error: Aleph-запись должна содержать ровно одно поле LDR; найдено 2.
rsl01_z00.dat	007838206	7305298	7305297	10160175059								819	Error: Aleph-запись должна содержать ровно одно поле LDR; найдено 2.
rsl01_z00.dat	007838210	7305330	7305329	10160247120								820	Error: Aleph-запись должна содержать ровно одно поле LDR; найдено 2.
rsl01_z00.dat	007838213	7305338	7305337	10160266226								821	Error: Aleph-запись должна содержать ровно одно поле LDR; найдено 2.
rsl01_z00.dat	003976096	7306045	7306044	10161702336								822	Error: Aleph-запись должна содержать ровно одно поле LDR; найдено 2.
rsl01_z00.dat	003976093	7306107	7306106	10161830452								823	Error: Aleph-запись должна содержать ровно одно поле LDR; найдено 2.
rsl01_z00.dat	007832309	7306127	7306126	10161867930								824	Error: Aleph-запись должна содержать ровно одно поле LDR; найдено 2.
rsl01_z00.dat	007832160	7306279	7306278	10162164302								825	Error: Aleph-запись должна содержать ровно одно поле LDR; найдено 2.
rsl01_z00.dat	007832164	7306292	7306291	10162186925								826	Error: Aleph-запись должна содержать ровно одно поле LDR; найдено 2.
rsl01_z00.dat	003831071	7306776	7306775	10163105129								827	Error: Aleph-запись должна содержать ровно одно поле LDR; найдено 2.
rsl01_z00.dat	007577054	7307639	7307638	10164792523								828	Error: Aleph-запись должна содержать ровно одно поле LDR; найдено 2.
rsl01_z00.dat	007840729	7307661	7307660	10164833908								829	Error: Aleph-запись должна содержать ровно одно поле LDR; найдено 2.
rsl01_z00.dat	003923536	7308033	7308032	10165550776								830	Error: Aleph-запись должна содержать ровно одно поле LDR; найдено 2.
rsl01_z00.dat	003923555	7308045	7308044	10165574829								831	Error: Aleph-запись должна содержать ровно одно поле LDR; найдено 2.
rsl01_z00.dat	003923562	7308087	7308086	10165642276								832	Error: Aleph-запись должна содержать ровно одно поле LDR; найдено 2.
rsl01_z00.dat	007841756	7317532	7317531	10186598629								833	Error: Aleph-запись должна содержать ровно одно поле LDR; найдено 2.
rsl01_z00.dat	003825407	7317741	7317740	10187022973								834	Error: Aleph-запись должна содержать ровно одно поле LDR; найдено 2.
rsl01_z00.dat	003831063	7318425	7318424	10188369942								835	Error: Aleph-запись должна содержать ровно одно поле LDR; найдено 2.
rsl01_z00.dat	003831077	7318763	7318762	10189061820								836	Error: Aleph-запись должна содержать ровно одно поле LDR; найдено 2.
rsl01_z00.dat	003831068	7318801	7318800	10189133933								837	Error: Aleph-запись должна содержать ровно одно поле LDR; найдено 2.
rsl01_z00.dat	003831060	7318865	7318864	10189257004								838	Error: Aleph-запись должна содержать ровно одно поле LDR; найдено 2.
rsl01_z00.dat	003831061	7318869	7318868	10189268095								839	Error: Aleph-запись должна содержать ровно одно поле LDR; найдено 2.
rsl01_z00.dat	003923563	7319321	7319320	10190139641								840	Error: Aleph-запись должна содержать ровно одно поле LDR; найдено 2.
rsl01_z00.dat	007844688	7319759	7319758	10190921959								841	Error: Aleph-запись должна содержать ровно одно поле LDR; найдено 2.
rsl01_z00.dat	003831064	7319762	7319761	10190928062								842	Error: Aleph-запись должна содержать ровно одно поле LDR; найдено 2.
rsl01_z00.dat	007844822	7319955	7319954	10191312181								843	Error: Aleph-запись должна содержать ровно одно поле LDR; найдено 2.
rsl01_z00.dat	003831070	7319967	7319966	10191337252								844	Error: Aleph-запись должна содержать ровно одно поле LDR; найдено 2.
rsl01_z00.dat	003963748	7320911	7320910	10193204726								845	Error: Aleph-запись должна содержать ровно одно поле LDR; найдено 2.
rsl01_z00.dat	006761103	7320944	7320943	10193289441								846	Error: Aleph-запись должна содержать ровно одно поле LDR; найдено 2.
rsl01_z00.dat	003963753	7321218	7321217	10193870156								847	Error: Aleph-запись должна содержать ровно одно поле LDR; найдено 2.
rsl01_z00.dat	003916796	7321259	7321258	10193944094								848	Error: Aleph-запись должна содержать ровно одно поле LDR; найдено 2.
rsl01_z00.dat	003878677	7321265	7321264	10193954501								849	Error: Aleph-запись должна содержать ровно одно поле LDR; найдено 2.
rsl01_z00.dat	007576901	7321727	7321726	10194804567								850	Error: Aleph-запись должна содержать ровно одно поле LDR; найдено 2.
rsl01_z00.dat	007577039	7321935	7321934	10195228093								851	Error: Aleph-запись должна содержать ровно одно поле LDR; найдено 2.
rsl01_z00.dat	007577045	7321953	7321952	10195262522								852	Error: Aleph-запись должна содержать ровно одно поле LDR; найдено 2.
rsl01_z00.dat	007578178	7322550	7322549	10196349274								853	Error: Aleph-запись должна содержать ровно одно поле LDR; найдено 2.
rsl01_z00.dat	004072479	7322557	7322556	10196360245								854	Error: Aleph-запись должна содержать ровно одно поле LDR; найдено 2.
rsl01_z00.dat	007848804	7323719	7323718	10198557960								855	Error: Aleph-запись должна содержать ровно одно поле LDR; найдено 2.
rsl01_z00.dat	007848934	7323803	7323802	10198703327								856	Error: Aleph-запись должна содержать ровно одно поле LDR; найдено 2.
rsl01_z00.dat	004183267	7324386	7324385	10199832899								857	Error: Aleph-запись должна содержать ровно одно поле LDR; найдено 2.
rsl01_z00.dat	004183266	7324462	7324461	10199992589								858	Error: Aleph-запись должна содержать ровно одно поле LDR; найдено 2.
rsl01_z00.dat	007578180	7324820	7324819	10200669876								859	Error: Aleph-запись должна содержать ровно одно поле LDR; найдено 2.
rsl01_z00.dat	004183279	7326751	7326750	10204382635								860	Error: Aleph-запись должна содержать ровно одно поле LDR; найдено 2.
rsl01_z00.dat	004183264	7326770	7326769	10204419578								861	Error: Aleph-запись должна содержать ровно одно поле LDR; найдено 2.
rsl01_z00.dat	003992785	7326927	7326926	10204733530								862	Error: Aleph-запись должна содержать ровно одно поле LDR; найдено 2.
rsl01_z00.dat	003992792	7326928	7326927	10204735832								863	Error: Aleph-запись должна содержать ровно одно поле LDR; найдено 2.
rsl01_z00.dat	007852951	7327577	7327576	10206001937								864	Error: Aleph-запись должна содержать ровно одно поле LDR; найдено 2.
rsl01_z00.dat	007857698	7331414	7331413	10213323552								865	Error: Aleph-запись должна содержать ровно одно поле LDR; найдено 2.
rsl01_z00.dat	007857706	7331422	7331421	10213338766								866	Error: Aleph-запись должна содержать ровно одно поле LDR; найдено 2.
rsl01_z00.dat	007857778	7331476	7331475	10213441695								867	Error: Aleph-запись должна содержать ровно одно поле LDR; найдено 2.
rsl01_z00.dat	007861181	7334068	7334067	10218391832								868	Error: Aleph-запись должна содержать ровно одно поле LDR; найдено 2.
rsl01_z00.dat	007540972	7335418	7335417	10220846606								869	Error: Aleph-запись должна содержать ровно одно поле LDR; найдено 2.
rsl01_z00.dat	007863509	7336046	7336045	10222033454								870	Error: Aleph-запись должна содержать ровно одно поле LDR; найдено 2.
rsl01_z00.dat	007864509	7336891	7336890	10223610777								871	Error: Aleph-запись должна содержать ровно одно поле LDR; найдено 2.
rsl01_z00.dat	007864489	7336899	7336898	10223625355								872	Error: Aleph-запись должна содержать ровно одно поле LDR; найдено 2.
rsl01_z00.dat	007864532	7336916	7336915	10223657721								873	Error: Aleph-запись должна содержать ровно одно поле LDR; найдено 2.
rsl01_z00.dat	007864542	7336919	7336918	10223664297								874	Error: Aleph-запись должна содержать ровно одно поле LDR; найдено 2.
rsl01_z00.dat	007857772	7337526	7337525	10224820197								875	Error: Aleph-запись должна содержать ровно одно поле LDR; найдено 2.
rsl01_z00.dat	007865548	7337784	7337783	10225293811								876	Error: Aleph-запись должна содержать ровно одно поле LDR; найдено 2.
rsl01_z00.dat	004089839	7339127	7339126	10227786293								877	Error: Aleph-запись должна содержать ровно одно поле LDR; найдено 2.
rsl01_z00.dat	007854724	7340162	7340161	10229706135								878	Error: Aleph-запись должна содержать ровно одно поле LDR; найдено 2.
rsl01_z00.dat	007854725	7340176	7340175	10229731024								879	Error: Aleph-запись должна содержать ровно одно поле LDR; найдено 2.
rsl01_z00.dat	007868638	7340366	7340365	10230089418								880	Error: Aleph-запись должна содержать ровно одно поле LDR; найдено 2.
rsl01_z00.dat	005711841	7340671	7340670	10230619488								881	Error: Aleph-запись должна содержать ровно одно поле LDR; найдено 2.
rsl01_z00.dat	007872309	7343703	7343702	10236295422								882	Error: Aleph-запись должна содержать ровно одно поле LDR; найдено 2.
rsl01_z00.dat	007872450	7343829	7343828	10236503919								883	Error: Aleph-запись должна содержать ровно одно поле LDR; найдено 2.
rsl01_z00.dat	007872527	7343901	7343900	10236630510								884	Error: Aleph-запись должна содержать ровно одно поле LDR; найдено 2.
rsl01_z00.dat	007872568	7343944	7343943	10236712582								885	Error: Aleph-запись должна содержать ровно одно поле LDR; найдено 2.
rsl01_z00.dat	007872617	7343946	7343945	10236716357								886	Error: Aleph-запись должна содержать ровно одно поле LDR; найдено 2.
rsl01_z00.dat	007872751	7344056	7344055	10236915309								887	Error: Aleph-запись должна содержать ровно одно поле LDR; найдено 2.
rsl01_z00.dat	007872760	7344059	7344058	10236919192								888	Error: Aleph-запись должна содержать ровно одно поле LDR; найдено 2.
rsl01_z00.dat	007873371	7344842	7344841	10238380857								889	Error: Aleph-запись должна содержать ровно одно поле LDR; найдено 2.
rsl01_z00.dat	007861182	7344866	7344865	10238423696								890	Error: Aleph-запись должна содержать ровно одно поле LDR; найдено 2.
rsl01_z00.dat	007832251	7345092	7345091	10238842311								891	Error: Aleph-запись должна содержать ровно одно поле LDR; найдено 2.
rsl01_z00.dat	007864030	7347630	7347629	10243596556								892	Error: Aleph-запись должна содержать ровно одно поле LDR; найдено 2.
rsl01_z00.dat	007864034	7347641	7347640	10243616085								893	Error: Aleph-запись должна содержать ровно одно поле LDR; найдено 2.
rsl01_z00.dat	007852953	7347730	7347729	10243785809								894	Error: Aleph-запись должна содержать ровно одно поле LDR; найдено 2.
rsl01_z00.dat	007875484	7347856	7347855	10244018116								895	Error: Aleph-запись должна содержать ровно одно поле LDR; найдено 2.
rsl01_z00.dat	007875499	7347864	7347863	10244032335								896	Error: Aleph-запись должна содержать ровно одно поле LDR; найдено 2.
rsl01_z00.dat	007876766	7349246	7349245	10246626273								897	Error: Aleph-запись должна содержать ровно одно поле LDR; найдено 2.
rsl01_z00.dat	003822567	7349416	7349415	10246946320								898	Error: Aleph-запись должна содержать ровно одно поле LDR; найдено 2.
rsl01_z00.dat	007879773	7349439	7349438	10246987010								899	Error: Aleph-запись должна содержать ровно одно поле LDR; найдено 2.
rsl01_z00.dat	007877209	7349670	7349669	10247428065								900	Error: Aleph-запись должна содержать ровно одно поле LDR; найдено 2.
rsl01_z00.dat	007877619	7349685	7349684	10247455664								901	Error: Aleph-запись должна содержать ровно одно поле LDR; найдено 2.
rsl01_z00.dat	007877346	7349812	7349811	10247691754								902	Error: Aleph-запись должна содержать ровно одно поле LDR; найдено 2.
rsl01_z00.dat	007877521	7350021	7350020	10248085812								903	Error: Aleph-запись должна содержать ровно одно поле LDR; найдено 2.
rsl01_z00.dat	007877551	7350063	7350062	10248171838								904	Error: Aleph-запись должна содержать ровно одно поле LDR; найдено 2.
rsl01_z00.dat	007877558	7350081	7350080	10248201725								905	Error: Aleph-запись должна содержать ровно одно поле LDR; найдено 2.
rsl01_z00.dat	007877583	7350106	7350105	10248249483								906	Error: Aleph-запись должна содержать ровно одно поле LDR; найдено 2.
rsl01_z00.dat	007877588	7350111	7350110	10248258898								907	Error: Aleph-запись должна содержать ровно одно поле LDR; найдено 2.
rsl01_z00.dat	007877615	7350134	7350133	10248301606								908	Error: Aleph-запись должна содержать ровно одно поле LDR; найдено 2.
rsl01_z00.dat	007877621	7350148	7350147	10248326148								909	Error: Aleph-запись должна содержать ровно одно поле LDR; найдено 2.
rsl01_z00.dat	007875565	7350266	7350265	10248551559								910	Error: Aleph-запись должна содержать ровно одно поле LDR; найдено 2.
rsl01_z00.dat	007878459	7351202	7351201	10250323831								911	Error: Aleph-запись должна содержать ровно одно поле LDR; найдено 2.
rsl01_z00.dat	007878464	7351208	7351207	10250335337								912	Error: Aleph-запись должна содержать ровно одно поле LDR; найдено 2.
rsl01_z00.dat	003990016	7351765	7351764	10251350289								913	Error: Aleph-запись должна содержать ровно одно поле LDR; найдено 2.
rsl01_z00.dat	007879014	7351863	7351862	10251533120								914	Error: Aleph-запись должна содержать ровно одно поле LDR; найдено 2.
rsl01_z00.dat	003990012	7351864	7351863	10251534697								915	Error: Aleph-запись должна содержать ровно одно поле LDR; найдено 2.
rsl01_z00.dat	007879015	7351865	7351864	10251536738								916	Error: Aleph-запись должна содержать ровно одно поле LDR; найдено 2.
rsl01_z00.dat	007879025	7351879	7351878	10251560453								917	Error: Aleph-запись должна содержать ровно одно поле LDR; найдено 2.
rsl01_z00.dat	007879029	7351887	7351886	10251574880								918	Error: Aleph-запись должна содержать ровно одно поле LDR; найдено 2.
rsl01_z00.dat	004907324	7352032	7352031	10251833398								919	Error: Aleph-запись должна содержать ровно одно поле LDR; найдено 2.
rsl01_z00.dat	007879190	7352071	7352070	10251902503								920	Error: Aleph-запись должна содержать ровно одно поле LDR; найдено 2.
rsl01_z00.dat	007879531	7352398	7352397	10252484986								921	Error: Aleph-запись должна содержать ровно одно поле LDR; найдено 2.
rsl01_z00.dat	007879536	7352402	7352401	10252491586								922	Error: Aleph-запись должна содержать ровно одно поле LDR; найдено 2.
rsl01_z00.dat	003990017	7352454	7352453	10252577526								923	Error: Aleph-запись должна содержать ровно одно поле LDR; найдено 2.
rsl01_z00.dat	007881514	7354689	7354688	10256633919								924	Error: Aleph-запись должна содержать ровно одно поле LDR; найдено 2.
rsl01_z00.dat	001314243	7355282	7355281	10257706502								925	Error: Aleph-запись должна содержать ровно одно поле LDR; найдено 2.
rsl01_z00.dat	001314244	7355286	7355285	10257713843								926	Error: Aleph-запись должна содержать ровно одно поле LDR; найдено 2.
rsl01_z00.dat	007882485	7355816	7355815	10258701206								927	Error: Aleph-запись должна содержать ровно одно поле LDR; найдено 2.
rsl01_z00.dat	007882497	7355825	7355824	10258716611								928	Error: Aleph-запись должна содержать ровно одно поле LDR; найдено 2.
rsl01_z00.dat	007882847	7356174	7356173	10259323833								929	Error: Aleph-запись должна содержать ровно одно поле LDR; найдено 2.
rsl01_z00.dat	007882868	7356196	7356195	10259363052								930	Error: Aleph-запись должна содержать ровно одно поле LDR; найдено 2.
rsl01_z00.dat	007883761	7357120	7357119	10260999378								931	Error: Aleph-запись должна содержать ровно одно поле LDR; найдено 2.
rsl01_z00.dat	007861153	7357329	7357328	10261372986								932	Error: Aleph-запись должна содержать ровно одно поле LDR; найдено 2.
rsl01_z00.dat	001576576	7358453	7358452	10263396062								933	Error: Aleph-запись должна содержать ровно одно поле LDR; найдено 2.
rsl01_z00.dat	007886164	7359439	7359438	10265107484								934	Error: Aleph-запись должна содержать ровно одно поле LDR; найдено 2.
rsl01_z00.dat	007886179	7359448	7359447	10265126264								935	Error: Aleph-запись должна содержать ровно одно поле LDR; найдено 2.
rsl01_z00.dat	007886244	7359505	7359504	10265213244								936	Error: Aleph-запись должна содержать ровно одно поле LDR; найдено 2.
rsl01_z00.dat	007886346	7359584	7359583	10265339610								937	Error: Aleph-запись должна содержать ровно одно поле LDR; найдено 2.
rsl01_z00.dat	007886934	7360165	7360164	10266299262								938	Error: Aleph-запись должна содержать ровно одно поле LDR; найдено 2.
rsl01_z00.dat	007886976	7360221	7360220	10266401356								939	Error: Aleph-запись должна содержать ровно одно поле LDR; найдено 2.
rsl01_z00.dat	007886972	7360223	7360222	10266405743								940	Error: Aleph-запись должна содержать ровно одно поле LDR; найдено 2.
rsl01_z00.dat	007887483	7360840	7360839	10267544980								941	Error: Aleph-запись должна содержать ровно одно поле LDR; найдено 2.
rsl01_z00.dat	007887529	7360885	7360884	10267635086								943	Error: Aleph-запись должна содержать ровно одно поле LDR; найдено 2.
rsl01_z00.dat	007887535	7360889	7360888	10267644097								944	Error: Aleph-запись должна содержать ровно одно поле LDR; найдено 2.
rsl01_z00.dat	006741665	7362465	7362464	10270511844								946	Error: Aleph-запись должна содержать ровно одно поле LDR; найдено 2.
rsl01_z00.dat	007912148	7362554	7362553	10270673101								947	Error: Aleph-запись должна содержать ровно одно поле LDR; найдено 2.
rsl01_z00.dat	003823958	7362857	7362856	10271208575								948	Error: Aleph-запись должна содержать ровно одно поле LDR; найдено 2.
rsl01_z00.dat	007891629	7364606	7364605	10274326406								949	Error: Aleph-запись должна содержать ровно одно поле LDR; найдено 2.
rsl01_z00.dat	003823956	7365089	7365088	10275204312								950	Error: Aleph-запись должна содержать ровно одно поле LDR; найдено 2.
rsl01_z00.dat	006389009	7365428	7365427	10275801491								951	Error: Aleph-запись должна содержать ровно одно поле LDR; найдено 2.
rsl01_z00.dat	007909831	7366085	7366084	10276956276								952	Error: Aleph-запись должна содержать ровно одно поле LDR; найдено 2.
rsl01_z00.dat	003972374	7366602	7366601	10277859861								954	Error: Aleph-запись должна содержать ровно одно поле LDR; найдено 2.
rsl01_z00.dat	007893995	7366706	7366705	10278028019								955	Error: Aleph-запись должна содержать ровно одно поле LDR; найдено 2.
rsl01_z00.dat	007894007	7366720	7366719	10278049755								956	Error: Aleph-запись должна содержать ровно одно поле LDR; найдено 2.
rsl01_z00.dat	007894094	7366804	7366803	10278201994								957	Error: Aleph-запись должна содержать ровно одно поле LDR; найдено 2.
rsl01_z00.dat	007894112	7366815	7366814	10278219917								958	Error: Aleph-запись должна содержать ровно одно поле LDR; найдено 2.
rsl01_z00.dat	007894131	7366827	7366826	10278239948								959	Error: Aleph-запись должна содержать ровно одно поле LDR; найдено 2.
rsl01_z00.dat	007894143	7366838	7366837	10278257536								960	Error: Aleph-запись должна содержать ровно одно поле LDR; найдено 2.
rsl01_z00.dat	007894269	7366930	7366929	10278410414								961	Error: Aleph-запись должна содержать ровно одно поле LDR; найдено 2.
rsl01_z00.dat	007869582	7368562	7368561	10281276628								963	Error: Aleph-запись должна содержать ровно одно поле LDR; найдено 2.
rsl01_z00.dat	007896091	7368945	7368944	10281988622								964	Error: Aleph-запись должна содержать ровно одно поле LDR; найдено 2.
rsl01_z00.dat	007896093	7368946	7368945	10281990060								965	Error: Aleph-запись должна содержать ровно одно поле LDR; найдено 2.
rsl01_z00.dat	007892600	7370689	7370688	10285010744								966	Error: Aleph-запись должна содержать ровно одно поле LDR; найдено 2.
rsl01_z00.dat	007898356	7371048	7371047	10285610662								967	Error: Aleph-запись должна содержать ровно одно поле LDR; найдено 2.
rsl01_z00.dat	007898361	7371056	7371055	10285624891								968	Error: Aleph-запись должна содержать ровно одно поле LDR; найдено 2.
rsl01_z00.dat	007900396	7373336	7373335	10289642731								969	Error: Aleph-запись должна содержать ровно одно поле LDR; найдено 2.
rsl01_z00.dat	007900404	7373350	7373349	10289666870								970	Error: Aleph-запись должна содержать ровно одно поле LDR; найдено 2.
rsl01_z00.dat	007900478	7373351	7373350	10289669438								971	Error: Aleph-запись должна содержать ровно одно поле LDR; найдено 2.
rsl01_z00.dat	005711842	7374078	7374077	10290935144								972	Error: Aleph-запись должна содержать ровно одно поле LDR; найдено 2.
rsl01_z00.dat	007894262	7374690	7374689	10291964170								973	Error: Aleph-запись должна содержать ровно одно поле LDR; найдено 2.
rsl01_z00.dat	007901674	7374712	7374711	10292005007								974	Error: Aleph-запись должна содержать ровно одно поле LDR; найдено 2.
rsl01_z00.dat	007901748	7374799	7374798	10292163786								975	Error: Aleph-запись должна содержать ровно одно поле LDR; найдено 2.
rsl01_z00.dat	003882529	7375431	7375430	10293298671								976	Error: Aleph-запись должна содержать ровно одно поле LDR; найдено 2.
rsl01_z00.dat	005657525	7375515	7375514	10293442168								977	Error: Aleph-запись должна содержать ровно одно поле LDR; найдено 2.
rsl01_z00.dat	003892311	7375555	7375554	10293512920								978	Error: Aleph-запись должна содержать ровно одно поле LDR; найдено 2.
rsl01_z00.dat	007946526	7375903	7375902	10294128640								979	Error: Aleph-запись должна содержать ровно одно поле LDR; найдено 2.
rsl01_z00.dat	007902918	7376102	7376101	10294464944								980	Error: Aleph-запись должна содержать ровно одно поле LDR; найдено 2.
rsl01_z00.dat	007902930	7376112	7376111	10294481180								981	Error: Aleph-запись должна содержать ровно одно поле LDR; найдено 2.
rsl01_z00.dat	007903809	7377091	7377090	10296127344								982	Error: Aleph-запись должна содержать ровно одно поле LDR; найдено 2.
rsl01_z00.dat	007528551	7377666	7377665	10297132822								983	Error: Aleph-запись должна содержать ровно одно поле LDR; найдено 2.
rsl01_z00.dat	006449032	7377858	7377857	10297473858								984	Error: Aleph-запись должна содержать ровно одно поле LDR; найдено 2.
rsl01_z00.dat	007905791	7379528	7379527	10300431724								985	Error: Aleph-запись должна содержать ровно одно поле LDR; найдено 2.
rsl01_z00.dat	007905797	7379532	7379531	10300436914								986	Error: Aleph-запись должна содержать ровно одно поле LDR; найдено 2.
rsl01_z00.dat	007906007	7379772	7379771	10300876717								987	Error: Aleph-запись должна содержать ровно одно поле LDR; найдено 2.
rsl01_z00.dat	007905799	7381291	7381290	10303586641								988	Error: Aleph-запись должна содержать ровно одно поле LDR; найдено 2.
rsl01_z00.dat	007909828	7383702	7383701	10307789867								989	Error: Aleph-запись должна содержать ровно одно поле LDR; найдено 2.
rsl01_z00.dat	007910772	7384905	7384904	10309934516								990	Error: Aleph-запись должна содержать ровно одно поле LDR; найдено 2.
rsl01_z00.dat	003914506	7385542	7385541	10311059989								991	Error: Aleph-запись должна содержать ровно одно поле LDR; найдено 2.
rsl01_z00.dat	007911459	7385642	7385641	10311229380								992	Error: Aleph-запись должна содержать ровно одно поле LDR; найдено 2.
rsl01_z00.dat	007911465	7385648	7385647	10311239297								993	Error: Aleph-запись должна содержать ровно одно поле LDR; найдено 2.
rsl01_z00.dat	007912120	7386343	7386342	10312490343								994	Error: Aleph-запись должна содержать ровно одно поле LDR; найдено 2.
rsl01_z00.dat	007912128	7386353	7386352	10312509500								995	Error: Aleph-запись должна содержать ровно одно поле LDR; найдено 2.
rsl01_z00.dat	007912165	7386390	7386389	10312570133								996	Error: Aleph-запись должна содержать ровно одно поле LDR; найдено 2.
rsl01_z00.dat	007912172	7386394	7386393	10312577343								997	Error: Aleph-запись должна содержать ровно одно поле LDR; найдено 2.
rsl01_z00.dat	007912269	7386493	7386492	10312773547								998	Error: Aleph-запись должна содержать ровно одно поле LDR; найдено 2.
rsl01_z00.dat	007912272	7386496	7386495	10312779684								999	Error: Aleph-запись должна содержать ровно одно поле LDR; найдено 2.
rsl01_z00.dat	007496523	7388719	7388718	10316618831								1000	Error: Aleph-запись должна содержать ровно одно поле LDR; найдено 3.
rsl01_z00.dat	007531202	7389282	7389281	10317583061								1001	Error: Aleph-запись должна содержать ровно одно поле LDR; найдено 2.
rsl01_z00.dat	001228956	7389866	7389865	10318612410								1002	Error: Aleph-запись должна содержать ровно одно поле LDR; найдено 2.
rsl01_z00.dat	005466712	7390362	7390361	10319505547								1003	Error: Aleph-запись должна содержать ровно одно поле LDR; найдено 2.
rsl01_z00.dat	007918305	7390685	7390684	10320065070								1004	Error: Aleph-запись должна содержать ровно одно поле LDR; найдено 2.
rsl01_z00.dat	007916614	7390942	7390941	10320508144								1005	Error: Aleph-запись должна содержать ровно одно поле LDR; найдено 2.
rsl01_z00.dat	007917187	7391576	7391575	10321642124								1006	Error: Aleph-запись должна содержать ровно одно поле LDR; найдено 2.
rsl01_z00.dat	007917339	7391729	7391728	10321916113								1007	Error: Aleph-запись должна содержать ровно одно поле LDR; найдено 2.
rsl01_z00.dat	007917343	7391731	7391730	10321918561								1008	Error: Aleph-запись должна содержать ровно одно поле LDR; найдено 2.
rsl01_z00.dat	007918072	7392437	7392436	10323160926								1009	Error: Aleph-запись должна содержать ровно одно поле LDR; найдено 2.
rsl01_z00.dat	007918075	7392440	7392439	10323166657								1010	Error: Aleph-запись должна содержать ровно одно поле LDR; найдено 2.
rsl01_z00.dat	007918308	7392639	7392638	10323517117								1011	Error: Aleph-запись должна содержать ровно одно поле LDR; найдено 2.
rsl01_z00.dat	007918300	7392661	7392660	10323556727								1012	Error: Aleph-запись должна содержать ровно одно поле LDR; найдено 2.
rsl01_z00.dat	007918314	7392666	7392665	10323568735								1013	Error: Aleph-запись должна содержать ровно одно поле LDR; найдено 2.
rsl01_z00.dat	007918340	7392682	7392681	10323598595								1014	Error: Aleph-запись должна содержать ровно одно поле LDR; найдено 2.
rsl01_z00.dat	007919075	7393353	7393352	10324700745								1015	Error: Aleph-запись должна содержать ровно одно поле LDR; найдено 2.
rsl01_z00.dat	007920465	7394976	7394975	10327524166								1016	Error: Aleph-запись должна содержать ровно одно поле LDR; найдено 2.
rsl01_z00.dat	007920518	7395039	7395038	10327636585								1017	Error: Aleph-запись должна содержать ровно одно поле LDR; найдено 2.
rsl01_z00.dat	007916618	7395557	7395556	10328570481								1018	Error: Aleph-запись должна содержать ровно одно поле LDR; найдено 2.
rsl01_z00.dat	007921371	7395952	7395951	10329251609								1019	Error: Aleph-запись должна содержать ровно одно поле LDR; найдено 2.
rsl01_z00.dat	007918048	7395998	7395997	10329326267								1020	Error: Aleph-запись должна содержать ровно одно поле LDR; найдено 2.
rsl01_z00.dat	007920472	7396424	7396423	10330075892								1021	Error: Aleph-запись должна содержать ровно одно поле LDR; найдено 2.
rsl01_z00.dat	007921989	7396504	7396503	10330202609								1022	Error: Aleph-запись должна содержать ровно одно поле LDR; найдено 2.
rsl01_z00.dat	007917388	7396545	7396544	10330276199								1023	Error: Aleph-запись должна содержать ровно одно поле LDR; найдено 2.
rsl01_z00.dat	007922646	7397186	7397185	10331332154								1024	Error: Aleph-запись должна содержать ровно одно поле LDR; найдено 2.
rsl01_z00.dat	007923131	7397660	7397659	10332158548								1025	Error: Aleph-запись должна содержать ровно одно поле LDR; найдено 2.
rsl01_z00.dat	001601193	7398176	7398175	10333037460								1026	Error: Aleph-запись должна содержать ровно одно поле LDR; найдено 2.
rsl01_z00.dat	001590653	7398193	7398192	10333068704								1027	Error: Aleph-запись должна содержать ровно одно поле LDR; найдено 2.
rsl01_z00.dat	007825575	7399435	7399434	10335175323								1028	Error: Aleph-запись должна содержать ровно одно поле LDR; найдено 2.
rsl01_z00.dat	007920457	7399439	7399438	10335183187								1029	Error: Aleph-запись должна содержать ровно одно поле LDR; найдено 2.
rsl01_z00.dat	001072027	7402573	7402572	10340594839								1030	Error: Aleph-запись должна содержать ровно одно поле LDR; найдено 2.
rsl01_z00.dat	007929549	7403549	7403548	10342257414								1031	Error: Aleph-запись должна содержать ровно одно поле LDR; найдено 2.
rsl01_z00.dat	007929103	7403716	7403715	10342534977								1032	Error: Aleph-запись должна содержать ровно одно поле LDR; найдено 3.
rsl01_z00.dat	007929199	7403812	7403811	10342718369								1033	Error: Aleph-запись должна содержать ровно одно поле LDR; найдено 3.
rsl01_z00.dat	007929415	7404007	7404006	10343056357								1034	Error: Aleph-запись должна содержать ровно одно поле LDR; найдено 3.
rsl01_z00.dat	007929443	7404024	7404023	10343079306								1035	Error: Aleph-запись должна содержать ровно одно поле LDR; найдено 3.
rsl01_z00.dat	007929489	7404058	7404057	10343129878								1036	Error: Aleph-запись должна содержать ровно одно поле LDR; найдено 2.
rsl01_z00.dat	007929532	7404087	7404086	10343177562								1037	Error: Aleph-запись должна содержать ровно одно поле LDR; найдено 2.
rsl01_z00.dat	007929831	7404446	7404445	10343818543								1038	Error: Aleph-запись должна содержать ровно одно поле LDR; найдено 2.
rsl01_z00.dat	007925808	7404684	7404683	10344223719								1039	Error: Aleph-запись должна содержать ровно одно поле LDR; найдено 2.
rsl01_z00.dat	007925813	7404696	7404695	10344243913								1040	Error: Aleph-запись должна содержать ровно одно поле LDR; найдено 2.
rsl01_z00.dat	007925823	7404728	7404727	10344294711								1041	Error: Aleph-запись должна содержать ровно одно поле LDR; найдено 2.
rsl01_z00.dat	007925826	7404743	7404742	10344324206								1042	Error: Aleph-запись должна содержать ровно одно поле LDR; найдено 2.
rsl01_z00.dat	007918303	7406435	7406434	10347157463								1043	Error: Aleph-запись должна содержать ровно одно поле LDR; найдено 2.
rsl01_z00.dat	007932177	7406930	7406929	10347992156								1044	Error: Aleph-запись должна содержать ровно одно поле LDR; найдено 2.
rsl01_z00.dat	007918333	7406993	7406992	10348095877								1045	Error: Aleph-запись должна содержать ровно одно поле LDR; найдено 2.
rsl01_z00.dat	007918347	7407009	7407008	10348121552								1046	Error: Aleph-запись должна содержать ровно одно поле LDR; найдено 2.
rsl01_z00.dat	004918538	7407693	7407692	10349252658								1047	Error: Aleph-запись должна содержать ровно одно поле LDR; найдено 2.
rsl01_z00.dat	007883758	7409092	7409091	10351670066								1048	Error: Aleph-запись должна содержать ровно одно поле LDR; найдено 2.
rsl01_z00.dat	007851524	7409375	7409374	10352177480								1049	Error: Aleph-запись должна содержать ровно одно поле LDR; найдено 2.
rsl01_z00.dat	007809834	7410468	7410467	10354005197								1050	Error: Aleph-запись должна содержать ровно одно поле LDR; найдено 2.
rsl01_z00.dat	007929241	7411606	7411605	10355903088								1051	Error: Aleph-запись должна содержать ровно одно поле LDR; найдено 2.
rsl01_z00.dat	003735032	7412243	7412242	10357017157								1052	Error: Aleph-запись должна содержать ровно одно поле LDR; найдено 2.
rsl01_z00.dat	007937236	7412253	7412252	10357045288								1053	Error: Aleph-запись должна содержать ровно одно поле LDR; найдено 2.
rsl01_z00.dat	007937386	7412353	7412352	10357213801								1054	Error: Aleph-запись должна содержать ровно одно поле LDR; найдено 2.
rsl01_z00.dat	007925820	7412404	7412403	10357304172								1055	Error: Aleph-запись должна содержать ровно одно поле LDR; найдено 2.
rsl01_z00.dat	007929529	7412454	7412453	10357386909								1056	Error: Aleph-запись должна содержать ровно одно поле LDR; найдено 2.
rsl01_z00.dat	007925804	7413037	7413036	10358332951								1057	Error: Aleph-запись должна содержать ровно одно поле LDR; найдено 2.
rsl01_z00.dat	003736086	7413661	7413660	10359353892								1058	Error: Aleph-запись должна содержать ровно одно поле LDR; найдено 2.
rsl01_z00.dat	004002738	7415658	7415657	10362841364								1059	Error: Aleph-запись должна содержать ровно одно поле LDR; найдено 2.
rsl01_z00.dat	004017173	7415865	7415864	10363184004								1060	Error: Aleph-запись должна содержать ровно одно поле LDR; найдено 2.
rsl01_z00.dat	007522088	7417409	7417408	10365880111								1061	Error: Aleph-запись должна содержать ровно одно поле LDR; найдено 2.
rsl01_z00.dat	007560369	7417492	7417491	10366020990								1062	Error: Aleph-запись должна содержать ровно одно поле LDR; найдено 2.
rsl01_z00.dat	007580097	7417541	7417540	10366099200								1063	Error: Aleph-запись должна содержать ровно одно поле LDR; найдено 2.
rsl01_z00.dat	006580869	7418323	7418322	10367471594								1064	Error: Aleph-запись должна содержать ровно одно поле LDR; найдено 2.
rsl01_z00.dat	007943291	7418329	7418328	10367482105								1065	Error: Aleph-запись должна содержать ровно одно поле LDR; найдено 2.
rsl01_z00.dat	007945763	7420591	7420590	10371270280								1066	Error: Aleph-запись должна содержать ровно одно поле LDR; найдено 2.
rsl01_z00.dat	001029876	7420721	7420720	10371477171								1067	Error: Aleph-запись должна содержать ровно одно поле LDR; найдено 2.
rsl01_z00.dat	005502373	7421040	7421039	10372003725								1068	Error: Aleph-запись должна содержать ровно одно поле LDR; найдено 2.
rsl01_z00.dat	007946359	7421171	7421170	10372254531								1069	Error: Aleph-запись должна содержать ровно одно поле LDR; найдено 2.
rsl01_z00.dat	007946373	7421192	7421191	10372296715								1070	Error: Aleph-запись должна содержать ровно одно поле LDR; найдено 2.
rsl01_z00.dat	007946428	7421237	7421236	10372371504								1071	Error: Aleph-запись должна содержать ровно одно поле LDR; найдено 2.
rsl01_z00.dat	007946523	7421300	7421299	10372493097								1072	Error: Aleph-запись должна содержать ровно одно поле LDR; найдено 2.
rsl01_z00.dat	001599973	7421318	7421317	10372525766								1073	Error: Aleph-запись должна содержать ровно одно поле LDR; найдено 2.
rsl01_z00.dat	007929237	7422494	7422493	10374549751								1074	Error: Aleph-запись должна содержать ровно одно поле LDR; найдено 3.
rsl01_z00.dat	007929283	7422500	7422499	10374557866								1075	Error: Aleph-запись должна содержать ровно одно поле LDR; найдено 3.
rsl01_z00.dat	007951503	7422748	7422747	10375006717								1076	Error: Aleph-запись должна содержать ровно одно поле LDR; найдено 2.
rsl01_z00.dat	007945766	7424248	7424247	10377585606								1077	Error: Aleph-запись должна содержать ровно одно поле LDR; найдено 2.
rsl01_z00.dat	007951340	7426069	7426068	10380750480								1078	Error: Aleph-запись должна содержать ровно одно поле LDR; найдено 2.
rsl01_z00.dat	007951507	7426226	7426225	10381006124								1079	Error: Aleph-запись должна содержать ровно одно поле LDR; найдено 2.
rsl01_z00.dat	007951508	7426227	7426226	10381007251								1080	Error: Aleph-запись должна содержать ровно одно поле LDR; найдено 2.
rsl01_z00.dat	007951510	7426228	7426227	10381008427								1081	Error: Aleph-запись должна содержать ровно одно поле LDR; найдено 2.
rsl01_z00.dat	007953817	7428494	7428493	10383503460								1082	Error: Aleph-запись должна содержать ровно одно поле LDR; найдено 2.
rsl01_z00.dat	007953846	7428502	7428501	10383515698								1083	Error: Aleph-запись должна содержать ровно одно поле LDR; найдено 2.
rsl01_z00.dat	007958824	7433462	7433461	10391941334								1084	Error: Aleph-запись должна содержать ровно одно поле LDR; найдено 2.
rsl01_z00.dat	003910516	7433979	7433978	10392836687								1085	Error: Aleph-запись должна содержать ровно одно поле LDR; найдено 2.
rsl01_z00.dat	007960250	7434670	7434669	10393967945								1086	Error: Aleph-запись должна содержать ровно одно поле LDR; найдено 2.
rsl01_z00.dat	007960315	7434731	7434730	10394069631								1087	Error: Aleph-запись должна содержать ровно одно поле LDR; найдено 2.
rsl01_z00.dat	007960319	7434734	7434733	10394074532								1088	Error: Aleph-запись должна содержать ровно одно поле LDR; найдено 2.
rsl01_z00.dat	007566523	7435724	7435723	10395719618								1089	Error: Aleph-запись должна содержать ровно одно поле LDR; найдено 2.
rsl01_z00.dat	007962693	7437081	7437080	10397978434								1090	Error: Aleph-запись должна содержать ровно одно поле LDR; найдено 2.
rsl01_z00.dat	007962694	7437085	7437084	10397985796								1091	Error: Aleph-запись должна содержать ровно одно поле LDR; найдено 2.
rsl01_z00.dat	007965148	7439509	7439508	10402055480								1092	Error: Aleph-запись должна содержать ровно одно поле LDR; найдено 2.
rsl01_z00.dat	007965628	7439924	7439923	10402730603								1093	Error: Aleph-запись должна содержать ровно одно поле LDR; найдено 2.
rsl01_z00.dat	007965637	7439931	7439930	10402741242								1094	Error: Aleph-запись должна содержать ровно одно поле LDR; найдено 2.
rsl01_z00.dat	007965689	7439976	7439975	10402817324								1095	Error: Aleph-запись должна содержать ровно одно поле LDR; найдено 2.
rsl01_z00.dat	007965692	7439979	7439978	10402823606								1096	Error: Aleph-запись должна содержать ровно одно поле LDR; найдено 2.
rsl01_z00.dat	007965696	7439983	7439982	10402827940								1097	Error: Aleph-запись должна содержать ровно одно поле LDR; найдено 2.
rsl01_z00.dat	007965699	7439989	7439988	10402837658								1098	Error: Aleph-запись должна содержать ровно одно поле LDR; найдено 2.
rsl01_z00.dat	007965741	7440037	7440036	10402920581								1099	Error: Aleph-запись должна содержать ровно одно поле LDR; найдено 2.
rsl01_z00.dat	007965806	7440086	7440085	10403010194								1100	Error: Aleph-запись должна содержать ровно одно поле LDR; найдено 2.
rsl01_z00.dat	007968395	7442821	7442820	10407614496								1101	Error: Aleph-запись должна содержать ровно одно поле LDR; найдено 2.
rsl01_z00.dat	007951327	7443835	7443834	10409284633								1102	Error: Aleph-запись должна содержать ровно одно поле LDR; найдено 2.
rsl01_z00.dat	007951336	7443845	7443844	10409304777								1103	Error: Aleph-запись должна содержать ровно одно поле LDR; найдено 2.
rsl01_z00.dat	007946371	7444975	7444974	10411165345								1104	Error: Aleph-запись должна содержать ровно одно поле LDR; найдено 2.
rsl01_z00.dat	007946360	7445314	7445313	10411748044								1105	Error: Aleph-запись должна содержать ровно одно поле LDR; найдено 2.
rsl01_z00.dat	007946361	7445324	7445323	10411766425								1106	Error: Aleph-запись должна содержать ровно одно поле LDR; найдено 2.
rsl01_z00.dat	007946424	7445492	7445491	10412036280								1107	Error: Aleph-запись должна содержать ровно одно поле LDR; найдено 2.
rsl01_z00.dat	007951509	7448452	7448451	10416874695								1108	Error: Aleph-запись должна содержать ровно одно поле LDR; найдено 2.
rsl01_z00.dat	008020883	7452675	7452674	10424206420								1109	Error: Aleph-запись должна содержать ровно одно поле LDR; найдено 2.
rsl01_z00.dat	007980248	7454204	7454203	10426959941								1110	Error: Aleph-запись должна содержать ровно одно поле LDR; найдено 2.
rsl01_z00.dat	007980257	7454209	7454208	10426967801								1111	Error: Aleph-запись должна содержать ровно одно поле LDR; найдено 2.
rsl01_z00.dat	007521125	7456284	7456283	10430715932								1112	Error: Aleph-запись должна содержать ровно одно поле LDR; найдено 2.
rsl01_z00.dat	007984870	7458711	7458710	10434928257								1113	Error: Aleph-запись должна содержать ровно одно поле LDR; найдено 2.
rsl01_z00.dat	007984874	7458712	7458711	10434929504								1114	Error: Aleph-запись должна содержать ровно одно поле LDR; найдено 2.
rsl01_z00.dat	007984901	7458752	7458751	10434992807								1115	Error: Aleph-запись должна содержать ровно одно поле LDR; найдено 2.
rsl01_z00.dat	006746788	7459258	7459257	10435893256								1116	Error: Aleph-запись должна содержать ровно одно поле LDR; найдено 2.
rsl01_z00.dat	007993670	7461606	7461605	10440085634								1117	Error: Aleph-запись должна содержать ровно одно поле LDR; найдено 2.
rsl01_z00.dat	007989948	7463266	7463265	10442951209								1118	Error: Aleph-запись должна содержать ровно одно поле LDR; найдено 2.
rsl01_z00.dat	007989951	7463294	7463293	10442998712								1119	Error: Aleph-запись должна содержать ровно одно поле LDR; найдено 2.
rsl01_z00.dat	007989955	7463300	7463299	10443006948								1120	Error: Aleph-запись должна содержать ровно одно поле LDR; найдено 2.
rsl01_z00.dat	007989957	7463302	7463301	10443009449								1121	Error: Aleph-запись должна содержать ровно одно поле LDR; найдено 2.
rsl01_z00.dat	007990025	7463346	7463345	10443085170								1122	Error: Aleph-запись должна содержать ровно одно поле LDR; найдено 2.
rsl01_z00.dat	007990026	7463347	7463346	10443086027								1123	Error: Aleph-запись должна содержать ровно одно поле LDR; найдено 2.
rsl01_z00.dat	007992778	7466225	7466224	10448099120								1124	Error: Aleph-запись должна содержать ровно одно поле LDR; найдено 2.
rsl01_z00.dat	007992813	7466274	7466273	10448188538								1125	Error: Aleph-запись должна содержать ровно одно поле LDR; найдено 2.
rsl01_z00.dat	003866949	7466368	7466367	10448348404								1126	Error: Aleph-запись должна содержать ровно одно поле LDR; найдено 2.
rsl01_z00.dat	003866931	7466443	7466442	10448479698								1127	Error: Aleph-запись должна содержать ровно одно поле LDR; найдено 2.
rsl01_z00.dat	007993028	7466484	7466483	10448554285								1128	Error: Aleph-запись должна содержать ровно одно поле LDR; найдено 2.
rsl01_z00.dat	007993031	7466488	7466487	10448562101								1129	Error: Aleph-запись должна содержать ровно одно поле LDR; найдено 2.
rsl01_z00.dat	003866951	7466506	7466505	10448596351								1130	Error: Aleph-запись должна содержать ровно одно поле LDR; найдено 2.
rsl01_z00.dat	007993053	7466513	7466512	10448607999								1131	Error: Aleph-запись должна содержать ровно одно поле LDR; найдено 2.
rsl01_z00.dat	007993056	7466519	7466518	10448619110								1132	Error: Aleph-запись должна содержать ровно одно поле LDR; найдено 2.
rsl01_z00.dat	007993068	7466539	7466538	10448657266								1133	Error: Aleph-запись должна содержать ровно одно поле LDR; найдено 2.
rsl01_z00.dat	007993072	7466546	7466545	10448669134								1134	Error: Aleph-запись должна содержать ровно одно поле LDR; найдено 2.
rsl01_z00.dat	007993075	7466549	7466548	10448678229								1135	Error: Aleph-запись должна содержать ровно одно поле LDR; найдено 2.
rsl01_z00.dat	007993084	7466561	7466560	10448698493								1136	Error: Aleph-запись должна содержать ровно одно поле LDR; найдено 2.
rsl01_z00.dat	003866918	7466562	7466561	10448702041								1137	Error: Aleph-запись должна содержать ровно одно поле LDR; найдено 2.
rsl01_z00.dat	007993097	7466574	7466573	10448723399								1138	Error: Aleph-запись должна содержать ровно одно поле LDR; найдено 2.
rsl01_z00.dat	003889739	7466633	7466632	10448829179								1139	Error: Aleph-запись должна содержать ровно одно поле LDR; найдено 2.
rsl01_z00.dat	007993661	7467116	7467115	10449633146								1140	Error: Aleph-запись должна содержать ровно одно поле LDR; найдено 2.
rsl01_z00.dat	007993732	7467179	7467178	10449731853								1141	Error: Aleph-запись должна содержать ровно одно поле LDR; найдено 2.
rsl01_z00.dat	007993738	7467187	7467186	10449744595								1142	Error: Aleph-запись должна содержать ровно одно поле LDR; найдено 2.
rsl01_z00.dat	007993744	7467196	7467195	10449758709								1143	Error: Aleph-запись должна содержать ровно одно поле LDR; найдено 2.
rsl01_z00.dat	007994019	7467459	7467458	10450195344								1144	Error: Aleph-запись должна содержать ровно одно поле LDR; найдено 2.
rsl01_z00.dat	007996618	7469903	7469902	10454290244								1145	Error: Aleph-запись должна содержать ровно одно поле LDR; найдено 2.
rsl01_z00.dat	007996626	7469920	7469919	10454314421								1146	Error: Aleph-запись должна содержать ровно одно поле LDR; найдено 2.
rsl01_z00.dat	007996810	7470066	7470065	10454581950								1147	Error: Aleph-запись должна содержать ровно одно поле LDR; найдено 2.
rsl01_z00.dat	007997026	7470245	7470244	10454872260								1148	Error: Aleph-запись должна содержать ровно одно поле LDR; найдено 2.
rsl01_z00.dat	007997027	7470247	7470246	10454876645								1149	Error: Aleph-запись должна содержать ровно одно поле LDR; найдено 2.
rsl01_z00.dat	007997148	7470439	7470438	10455231385								1150	Error: Aleph-запись должна содержать ровно одно поле LDR; найдено 2.
rsl01_z00.dat	007997166	7470466	7470465	10455277651								1151	Error: Aleph-запись должна содержать ровно одно поле LDR; найдено 2.
rsl01_z00.dat	007997171	7470472	7470471	10455289146								1152	Error: Aleph-запись должна содержать ровно одно поле LDR; найдено 2.
rsl01_z00.dat	007997215	7470503	7470502	10455346943								1153	Error: Aleph-запись должна содержать ровно одно поле LDR; найдено 2.
rsl01_z00.dat	007997323	7470632	7470631	10455565891								1154	Error: Aleph-запись должна содержать ровно одно поле LDR; найдено 2.
rsl01_z00.dat	007997537	7470858	7470857	10455941908								1155	Error: Aleph-запись должна содержать ровно одно поле LDR; найдено 2.
rsl01_z00.dat	007997570	7470879	7470878	10455975007								1156	Error: Aleph-запись должна содержать ровно одно поле LDR; найдено 2.
rsl01_z00.dat	007997577	7470886	7470885	10455987879								1157	Error: Aleph-запись должна содержать ровно одно поле LDR; найдено 2.
rsl01_z00.dat	007997584	7470889	7470888	10455991925								1158	Error: Aleph-запись должна содержать ровно одно поле LDR; найдено 2.
rsl01_z00.dat	007997617	7470909	7470908	10456025988								1159	Error: Aleph-запись должна содержать ровно одно поле LDR; найдено 2.
rsl01_z00.dat	007997621	7470913	7470912	10456033135								1160	Error: Aleph-запись должна содержать ровно одно поле LDR; найдено 2.
rsl01_z00.dat	007997630	7470918	7470917	10456041552								1161	Error: Aleph-запись должна содержать ровно одно поле LDR; найдено 2.
rsl01_z00.dat	007997638	7470923	7470922	10456049595								1162	Error: Aleph-запись должна содержать ровно одно поле LDR; найдено 2.
rsl01_z00.dat	007997684	7470960	7470959	10456110393								1163	Error: Aleph-запись должна содержать ровно одно поле LDR; найдено 2.
rsl01_z00.dat	007997732	7471002	7471001	10456184418								1164	Error: Aleph-запись должна содержать ровно одно поле LDR; найдено 2.
rsl01_z00.dat	007997857	7471086	7471085	10456309451								1165	Error: Aleph-запись должна содержать ровно одно поле LDR; найдено 2.
rsl01_z00.dat	004180226	7471414	7471413	10456872992								1166	Error: Aleph-запись должна содержать ровно одно поле LDR; найдено 2.
rsl01_z00.dat	007998184	7471456	7471455	10456947163								1167	Error: Aleph-запись должна содержать ровно одно поле LDR; найдено 2.
rsl01_z00.dat	007998226	7471510	7471509	10457030686								1168	Error: Aleph-запись должна содержать ровно одно поле LDR; найдено 2.
rsl01_z00.dat	007998476	7471749	7471748	10457410564								1169	Error: Aleph-запись должна содержать ровно одно поле LDR; найдено 2.
rsl01_z00.dat	007998489	7471768	7471767	10457441597								1170	Error: Aleph-запись должна содержать ровно одно поле LDR; найдено 2.
rsl01_z00.dat	007998532	7471809	7471808	10457508650								1171	Error: Aleph-запись должна содержать ровно одно поле LDR; найдено 2.
rsl01_z00.dat	007998591	7471882	7471881	10457626959								1172	Error: Aleph-запись должна содержать ровно одно поле LDR; найдено 2.
rsl01_z00.dat	007998804	7472077	7472076	10457939550								1173	Error: Aleph-запись должна содержать ровно одно поле LDR; найдено 2.
rsl01_z00.dat	007998864	7472149	7472148	10458054443								1174	Error: Aleph-запись должна содержать ровно одно поле LDR; найдено 2.
rsl01_z00.dat	007998894	7472170	7472169	10458089661								1175	Error: Aleph-запись должна содержать ровно одно поле LDR; найдено 2.
rsl01_z00.dat	007998920	7472172	7472171	10458093095								1176	Error: Aleph-запись должна содержать ровно одно поле LDR; найдено 2.
rsl01_z00.dat	007998941	7472173	7472172	10458094916								1177	Error: Aleph-запись должна содержать ровно одно поле LDR; найдено 2.
rsl01_z00.dat	007998997	7472326	7472325	10458365420								1178	Error: Aleph-запись должна содержать ровно одно поле LDR; найдено 2.
rsl01_z00.dat	007999002	7472340	7472339	10458393889								1179	Error: Aleph-запись должна содержать ровно одно поле LDR; найдено 2.
rsl01_z00.dat	007999019	7472360	7472359	10458430742								1180	Error: Aleph-запись должна содержать ровно одно поле LDR; найдено 2.
rsl01_z00.dat	007999283	7472623	7472622	10458865069								1181	Error: Aleph-запись должна содержать ровно одно поле LDR; найдено 2.
rsl01_z00.dat	007999318	7472657	7472656	10458916248								1182	Error: Aleph-запись должна содержать ровно одно поле LDR; найдено 2.
rsl01_z00.dat	007999358	7472688	7472687	10458971359								1183	Error: Aleph-запись должна содержать ровно одно поле LDR; найдено 2.
rsl01_z00.dat	007999371	7472698	7472697	10458989946								1184	Error: Aleph-запись должна содержать ровно одно поле LDR; найдено 2.
rsl01_z00.dat	007999399	7472737	7472736	10459058331								1185	Error: Aleph-запись должна содержать ровно одно поле LDR; найдено 2.
rsl01_z00.dat	007999530	7472881	7472880	10459311439								1186	Error: Aleph-запись должна содержать ровно одно поле LDR; найдено 2.
rsl01_z00.dat	007999615	7472954	7472953	10459434420								1187	Error: Aleph-запись должна содержать ровно одно поле LDR; найдено 2.
rsl01_z00.dat	007998363	7473167	7473166	10459793365								1188	Error: Aleph-запись должна содержать ровно одно поле LDR; найдено 2.
rsl01_z00.dat	003903949	7473281	7473280	10459984996								1189	Error: Aleph-запись должна содержать ровно одно поле LDR; найдено 2.
rsl01_z00.dat	003903962	7473294	7473293	10460005188								1190	Error: Aleph-запись должна содержать ровно одно поле LDR; найдено 2.
rsl01_z00.dat	003903953	7473379	7473378	10460155835								1191	Error: Aleph-запись должна содержать ровно одно поле LDR; найдено 2.
rsl01_z00.dat	008000184	7473442	7473441	10460259414								1192	Error: Aleph-запись должна содержать ровно одно поле LDR; найдено 2.
rsl01_z00.dat	003903956	7473464	7473463	10460297467								1193	Error: Aleph-запись должна содержать ровно одно поле LDR; найдено 2.
rsl01_z00.dat	008000305	7473542	7473541	10460419910								1194	Error: Aleph-запись должна содержать ровно одно поле LDR; найдено 2.
rsl01_z00.dat	008000318	7473556	7473555	10460443448								1195	Error: Aleph-запись должна содержать ровно одно поле LDR; найдено 2.
rsl01_z00.dat	003952906	7473559	7473558	10460448243								1196	Error: Aleph-запись должна содержать ровно одно поле LDR; найдено 2.
rsl01_z00.dat	003903944	7473564	7473563	10460457242								1197	Error: Aleph-запись должна содержать ровно одно поле LDR; найдено 2.
rsl01_z00.dat	008000356	7473604	7473603	10460526372								1198	Error: Aleph-запись должна содержать ровно одно поле LDR; найдено 2.
rsl01_z00.dat	008000377	7473628	7473627	10460570864								1199	Error: Aleph-запись должна содержать ровно одно поле LDR; найдено 2.
rsl01_z00.dat	007998650	7473635	7473634	10460583073								1200	Error: Aleph-запись должна содержать ровно одно поле LDR; найдено 2.
rsl01_z00.dat	008000394	7473648	7473647	10460605062								1201	Error: Aleph-запись должна содержать ровно одно поле LDR; найдено 2.
rsl01_z00.dat	003952903	7473664	7473663	10460633334								1202	Error: Aleph-запись должна содержать ровно одно поле LDR; найдено 2.
rsl01_z00.dat	008000431	7473672	7473671	10460646023								1203	Error: Aleph-запись должна содержать ровно одно поле LDR; найдено 2.
rsl01_z00.dat	008000461	7473709	7473708	10460708328								1204	Error: Aleph-запись должна содержать ровно одно поле LDR; найдено 2.
rsl01_z00.dat	008000499	7473730	7473729	10460738365								1205	Error: Aleph-запись должна содержать ровно одно поле LDR; найдено 2.
rsl01_z00.dat	003952898	7473752	7473751	10460773588								1206	Error: Aleph-запись должна содержать ровно одно поле LDR; найдено 2.
rsl01_z00.dat	008000637	7473842	7473841	10460909288								1207	Error: Aleph-запись должна содержать ровно одно поле LDR; найдено 2.
rsl01_z00.dat	008001006	7474148	7474147	10461440930								1208	Error: Aleph-запись должна содержать ровно одно поле LDR; найдено 2.
rsl01_z00.dat	008001020	7474179	7474178	10461497970								1209	Error: Aleph-запись должна содержать ровно одно поле LDR; найдено 2.
rsl01_z00.dat	008001034	7474197	7474196	10461526466								1210	Error: Aleph-запись должна содержать ровно одно поле LDR; найдено 2.
rsl01_z00.dat	007997649	7474266	7474265	10461632737								1211	Error: Aleph-запись должна содержать ровно одно поле LDR; найдено 2.
rsl01_z00.dat	003866938	7474270	7474269	10461639155								1212	Error: Aleph-запись должна содержать ровно одно поле LDR; найдено 2.
rsl01_z00.dat	008001200	7474352	7474351	10461777324								1213	Error: Aleph-запись должна содержать ровно одно поле LDR; найдено 2.
rsl01_z00.dat	008001232	7474377	7474376	10461819000								1214	Error: Aleph-запись должна содержать ровно одно поле LDR; найдено 2.
rsl01_z00.dat	008001305	7474442	7474441	10461937477								1215	Error: Aleph-запись должна содержать ровно одно поле LDR; найдено 2.
rsl01_z00.dat	008001398	7474524	7474523	10462063403								1216	Error: Aleph-запись должна содержать ровно одно поле LDR; найдено 2.
rsl01_z00.dat	008001425	7474545	7474544	10462095586								1217	Error: Aleph-запись должна содержать ровно одно поле LDR; найдено 2.
rsl01_z00.dat	008001473	7474592	7474591	10462168665								1218	Error: Aleph-запись должна содержать ровно одно поле LDR; найдено 2.
rsl01_z00.dat	008001521	7474629	7474628	10462227310								1219	Error: Aleph-запись должна содержать ровно одно поле LDR; найдено 2.
rsl01_z00.dat	008001560	7474661	7474660	10462282033								1220	Error: Aleph-запись должна содержать ровно одно поле LDR; найдено 2.
rsl01_z00.dat	003903951	7474798	7474797	10462501319								1221	Error: Aleph-запись должна содержать ровно одно поле LDR; найдено 2.
rsl01_z00.dat	008002006	7475089	7475088	10462964562								1222	Error: Aleph-запись должна содержать ровно одно поле LDR; найдено 2.
rsl01_z00.dat	008002021	7475098	7475097	10462982505								1223	Error: Aleph-запись должна содержать ровно одно поле LDR; найдено 2.
rsl01_z00.dat	008002215	7475263	7475262	10463245145								1224	Error: Aleph-запись должна содержать ровно одно поле LDR; найдено 2.
rsl01_z00.dat	008002248	7475292	7475291	10463291640								1225	Error: Aleph-запись должна содержать ровно одно поле LDR; найдено 2.
rsl01_z00.dat	008002366	7475403	7475402	10463485664								1226	Error: Aleph-запись должна содержать ровно одно поле LDR; найдено 2.
rsl01_z00.dat	008002435	7475482	7475481	10463629859								1227	Error: Aleph-запись должна содержать ровно одно поле LDR; найдено 2.
rsl01_z00.dat	004180232	7475492	7475491	10463648036								1228	Error: Aleph-запись должна содержать ровно одно поле LDR; найдено 2.
rsl01_z00.dat	008002477	7475517	7475516	10463691463								1229	Error: Aleph-запись должна содержать ровно одно поле LDR; найдено 2.
rsl01_z00.dat	008002562	7475584	7475583	10463800087								1230	Error: Aleph-запись должна содержать ровно одно поле LDR; найдено 2.
rsl01_z00.dat	008002603	7475629	7475628	10463876465								1231	Error: Aleph-запись должна содержать ровно одно поле LDR; найдено 2.
rsl01_z00.dat	008002658	7475658	7475657	10463922474								1232	Error: Aleph-запись должна содержать ровно одно поле LDR; найдено 2.
rsl01_z00.dat	008002670	7475665	7475664	10463933189								1233	Error: Aleph-запись должна содержать ровно одно поле LDR; найдено 2.
rsl01_z00.dat	008002781	7475761	7475760	10464092507								1234	Error: Aleph-запись должна содержать ровно одно поле LDR; найдено 2.
rsl01_z00.dat	008002925	7475959	7475958	10464439445								1235	Error: Aleph-запись должна содержать ровно одно поле LDR; найдено 2.
rsl01_z00.dat	008002961	7475996	7475995	10464498424								1236	Error: Aleph-запись должна содержать ровно одно поле LDR; найдено 2.
rsl01_z00.dat	008002982	7476017	7476016	10464532406								1237	Error: Aleph-запись должна содержать ровно одно поле LDR; найдено 2.
rsl01_z00.dat	008002991	7476023	7476022	10464543318								1238	Error: Aleph-запись должна содержать ровно одно поле LDR; найдено 2.
rsl01_z00.dat	008003074	7476125	7476124	10464717505								1239	Error: Aleph-запись должна содержать ровно одно поле LDR; найдено 2.
rsl01_z00.dat	008003177	7476191	7476190	10464831239								1240	Error: Aleph-запись должна содержать ровно одно поле LDR; найдено 2.
rsl01_z00.dat	008003276	7476288	7476287	10464976855								1241	Error: Aleph-запись должна содержать ровно одно поле LDR; найдено 2.
rsl01_z00.dat	008003322	7476324	7476323	10465034798								1242	Error: Aleph-запись должна содержать ровно одно поле LDR; найдено 2.
rsl01_z00.dat	008003378	7476375	7476374	10465116150								1243	Error: Aleph-запись должна содержать ровно одно поле LDR; найдено 2.
rsl01_z00.dat	008003429	7476426	7476425	10465213114								1244	Error: Aleph-запись должна содержать ровно одно поле LDR; найдено 2.
rsl01_z00.dat	008003473	7476455	7476454	10465261213								1245	Error: Aleph-запись должна содержать ровно одно поле LDR; найдено 2.
rsl01_z00.dat	008003539	7476492	7476491	10465323509								1246	Error: Aleph-запись должна содержать ровно одно поле LDR; найдено 2.
rsl01_z00.dat	008003608	7476566	7476565	10465437568								1247	Error: Aleph-запись должна содержать ровно одно поле LDR; найдено 2.
rsl01_z00.dat	008003914	7476912	7476911	10466039345								1248	Error: Aleph-запись должна содержать ровно одно поле LDR; найдено 2.
rsl01_z00.dat	008003918	7476918	7476917	10466048418								1249	Error: Aleph-запись должна содержать ровно одно поле LDR; найдено 2.
rsl01_z00.dat	008003980	7476937	7476936	10466082463								1250	Error: Aleph-запись должна содержать ровно одно поле LDR; найдено 2.
rsl01_z00.dat	008004579	7477431	7477430	10466878574								1251	Error: Aleph-запись должна содержать ровно одно поле LDR; найдено 2.
rsl01_z00.dat	008004594	7477443	7477442	10466897208								1252	Error: Aleph-запись должна содержать ровно одно поле LDR; найдено 2.
rsl01_z00.dat	007997194	7481266	7481265	10473235329								1253	Error: Aleph-запись должна содержать ровно одно поле LDR; найдено 2.
rsl01_z00.dat	007998733	7481334	7481333	10473342043								1254	Error: Aleph-запись должна содержать ровно одно поле LDR; найдено 2.
rsl01_z00.dat	007999387	7481387	7481386	10473432283								1255	Error: Aleph-запись должна содержать ровно одно поле LDR; найдено 2.
rsl01_z00.dat	007999586	7481399	7481398	10473451576								1256	Error: Aleph-запись должна содержать ровно одно поле LDR; найдено 2.
rsl01_z00.dat	008000768	7481534	7481533	10473667721								1257	Error: Aleph-запись должна содержать ровно одно поле LDR; найдено 2.
rsl01_z00.dat	008002343	7482344	7482343	10475056068								1258	Error: Aleph-запись должна содержать ровно одно поле LDR; найдено 2.
rsl01_z00.dat	008002536	7482359	7482358	10475081839								1259	Error: Aleph-запись должна содержать ровно одно поле LDR; найдено 2.
rsl01_z00.dat	008002748	7482366	7482365	10475093230								1260	Error: Aleph-запись должна содержать ровно одно поле LDR; найдено 2.
rsl01_z00.dat	008002766	7482369	7482368	10475097755								1261	Error: Aleph-запись должна содержать ровно одно поле LDR; найдено 2.
rsl01_z00.dat	008002929	7482378	7482377	10475114240								1262	Error: Aleph-запись должна содержать ровно одно поле LDR; найдено 2.
rsl01_z00.dat	008002952	7482383	7482382	10475124089								1263	Error: Aleph-запись должна содержать ровно одно поле LDR; найдено 2.
rsl01_z00.dat	008003040	7482393	7482392	10475140657								1264	Error: Aleph-запись должна содержать ровно одно поле LDR; найдено 2.
rsl01_z00.dat	008010761	7483195	7483194	10476463022								1265	Error: Aleph-запись должна содержать ровно одно поле LDR; найдено 2.
rsl01_z00.dat	008010773	7483206	7483205	10476480818								1266	Error: Aleph-запись должна содержать ровно одно поле LDR; найдено 2.
rsl01_z00.dat	008010779	7483209	7483208	10476485264								1267	Error: Aleph-запись должна содержать ровно одно поле LDR; найдено 2.
rsl01_z00.dat	008010811	7483241	7483240	10476534726								1268	Error: Aleph-запись должна содержать ровно одно поле LDR; найдено 2.
rsl01_z00.dat	008010853	7483279	7483278	10476597975								1269	Error: Aleph-запись должна содержать ровно одно поле LDR; найдено 2.
rsl01_z00.dat	008010861	7483288	7483287	10476614601								1270	Error: Aleph-запись должна содержать ровно одно поле LDR; найдено 2.
rsl01_z00.dat	007991149	7485079	7485078	10479616836								1271	Error: Aleph-запись должна содержать ровно одно поле LDR; найдено 2.
rsl01_z00.dat	008007938	7488992	7488991	10485979086								1272	Error: Aleph-запись должна содержать ровно одно поле LDR; найдено 2.
rsl01_z00.dat	008016767	7489102	7489101	10486153924								1273	Error: Aleph-запись должна содержать ровно одно поле LDR; найдено 2.
rsl01_z00.dat	008007943	7489107	7489106	10486163832								1274	Error: Aleph-запись должна содержать ровно одно поле LDR; найдено 2.
rsl01_z00.dat	008016779	7489113	7489112	10486175405								1275	Error: Aleph-запись должна содержать ровно одно поле LDR; найдено 2.
rsl01_z00.dat	008017228	7489475	7489474	10486732954								1276	Error: Aleph-запись должна содержать ровно одно поле LDR; найдено 2.
rsl01_z00.dat	008017232	7489480	7489479	10486743120								1277	Error: Aleph-запись должна содержать ровно одно поле LDR; найдено 2.
rsl01_z00.dat	008018061	7490205	7490204	10487866427								1278	Error: Aleph-запись должна содержать ровно одно поле LDR; найдено 2.
rsl01_z00.dat	008018065	7490206	7490205	10487867444								1279	Error: Aleph-запись должна содержать ровно одно поле LDR; найдено 2.
rsl01_z00.dat	008018067	7490207	7490206	10487868386								1280	Error: Aleph-запись должна содержать ровно одно поле LDR; найдено 2.
rsl01_z00.dat	007989949	7490645	7490644	10488563396								1281	Error: Aleph-запись должна содержать ровно одно поле LDR; найдено 2.
rsl01_z00.dat	008018493	7490647	7490646	10488565538								1282	Error: Aleph-запись должна содержать ровно одно поле LDR; найдено 2.
rsl01_z00.dat	008018490	7490655	7490654	10488577991								1283	Error: Aleph-запись должна содержать ровно одно поле LDR; найдено 2.
rsl01_z00.dat	008007964	7491662	7491661	10490262017								1284	Error: Aleph-запись должна содержать ровно одно поле LDR; найдено 2.
rsl01_z00.dat	008019448	7491670	7491669	10490278020								1285	Error: Aleph-запись должна содержать ровно одно поле LDR; найдено 2.
rsl01_z00.dat	008019460	7491682	7491681	10490303132								1286	Error: Aleph-запись должна содержать ровно одно поле LDR; найдено 2.
rsl01_z00.dat	008019480	7491713	7491712	10490361492								1287	Error: Aleph-запись должна содержать ровно одно поле LDR; найдено 2.
rsl01_z00.dat	008019486	7491719	7491718	10490369882								1288	Error: Aleph-запись должна содержать ровно одно поле LDR; найдено 2.
rsl01_z00.dat	008020809	7493000	7492999	10492447936								1289	Error: Aleph-запись должна содержать ровно одно поле LDR; найдено 2.
rsl01_z00.dat	008020818	7493006	7493005	10492460082								1290	Error: Aleph-запись должна содержать ровно одно поле LDR; найдено 2.
rsl01_z00.dat	008020829	7493021	7493020	10492484255								1291	Error: Aleph-запись должна содержать ровно одно поле LDR; найдено 2.
rsl01_z00.dat	008020876	7493064	7493063	10492565662								1292	Error: Aleph-запись должна содержать ровно одно поле LDR; найдено 2.
rsl01_z00.dat	003991323	7493108	7493107	10492646362								1293	Error: Aleph-запись должна содержать ровно одно поле LDR; найдено 2.
rsl01_z00.dat	008021152	7493333	7493332	10493023242								1294	Error: Aleph-запись должна содержать ровно одно поле LDR; найдено 2.
rsl01_z00.dat	008021158	7493335	7493334	10493026226								1295	Error: Aleph-запись должна содержать ровно одно поле LDR; найдено 2.
rsl01_z00.dat	008021425	7493605	7493604	10493459352								1296	Error: Aleph-запись должна содержать ровно одно поле LDR; найдено 2.
rsl01_z00.dat	007958822	7494047	7494046	10494151158								1297	Error: Aleph-запись должна содержать ровно одно поле LDR; найдено 2.
rsl01_z00.dat	006682403	7495359	7495358	10496353534								1298	Error: Aleph-запись должна содержать ровно одно поле LDR; найдено 2.
rsl01_z00.dat	006682428	7495360	7495359	10496361043								1299	Error: Aleph-запись должна содержать ровно одно поле LDR; найдено 2.
rsl01_z00.dat	006568210	7496520	7496519	10498367089								1300	Error: Aleph-запись должна содержать ровно одно поле LDR; найдено 2.
rsl01_z00.dat	008026810	7498407	7498406	10501467656								1301	Error: Aleph-запись должна содержать ровно одно поле LDR; найдено 2.
rsl01_z00.dat	008026814	7498411	7498410	10501474353								1302	Error: Aleph-запись должна содержать ровно одно поле LDR; найдено 2.
rsl01_z00.dat	008026955	7498576	7498575	10501763928								1303	Error: Aleph-запись должна содержать ровно одно поле LDR; найдено 2.
rsl01_z00.dat	003990014	7499096	7499095	10502634050								1304	Error: Aleph-запись должна содержать ровно одно поле LDR; найдено 2.
rsl01_z00.dat	003991326	7503508	7503507	10509965293								1305	Error: Aleph-запись должна содержать ровно одно поле LDR; найдено 2.
rsl01_z00.dat	008034763	7507155	7507154	10516002734								1306	Error: Aleph-запись должна содержать ровно одно поле LDR; найдено 2.
rsl01_z00.dat	008034767	7507157	7507156	10516005670								1307	Error: Aleph-запись должна содержать ровно одно поле LDR; найдено 2.
rsl01_z00.dat	008039130	7511320	7511319	10522804625								1308	Error: Aleph-запись должна содержать ровно одно поле LDR; найдено 2.
rsl01_z00.dat	008039136	7511323	7511322	10522809036								1309	Error: Aleph-запись должна содержать ровно одно поле LDR; найдено 2.
rsl01_z00.dat	006768415	7511360	7511359	10522861476								1310	Error: Aleph-запись должна содержать ровно одно поле LDR; найдено 2.
rsl01_z00.dat	008039214	7511378	7511377	10522901147								1311	Error: Aleph-запись должна содержать ровно одно поле LDR; найдено 2.
rsl01_z00.dat	008039222	7511381	7511380	10522907644								1312	Error: Aleph-запись должна содержать ровно одно поле LDR; найдено 2.
rsl01_z00.dat	007528562	7514806	7514805	10528493689								1313	Error: Aleph-запись должна содержать ровно одно поле LDR; найдено 2.
rsl01_z00.dat	008042046	7516300	7516299	10530948946								1314	Error: Aleph-запись должна содержать ровно одно поле LDR; найдено 2.
rsl01_z00.dat	008046874	7518811	7518810	10535138405								1315	Error: Aleph-запись должна содержать ровно одно поле LDR; найдено 2.
rsl01_z00.dat	008046873	7521265	7521264	10539448301								1316	Error: Aleph-запись должна содержать ровно одно поле LDR; найдено 2.
rsl01_z00.dat	008049941	7521736	7521735	10540285140								1317	Error: Aleph-запись должна содержать ровно одно поле LDR; найдено 2.
rsl01_z00.dat	008053821	7525621	7525620	10546936572								1318	Error: Aleph-запись должна содержать ровно одно поле LDR; найдено 2.
rsl01_z00.dat	008053917	7525714	7525713	10547103744								1319	Error: Aleph-запись должна содержать ровно одно поле LDR; найдено 2.
rsl01_z00.dat	008054093	7525914	7525913	10547461865								1320	Error: Aleph-запись должна содержать ровно одно поле LDR; найдено 2.
rsl01_z00.dat	008054115	7525936	7525935	10547502397								1321	Error: Aleph-запись должна содержать ровно одно поле LDR; найдено 2.
rsl01_z00.dat	002988617	7530698	7530697	10555945284								1322	Error: Aleph-запись должна содержать ровно одно поле LDR; найдено 2.
rsl01_z00.dat	008058455	7531274	7531273	10556931836								1323	Error: Aleph-запись должна содержать ровно одно поле LDR; найдено 2.
rsl01_z00.dat	008053566	7531953	7531952	10558039169								1324	Error: Aleph-запись должна содержать ровно одно поле LDR; найдено 2.
rsl01_z00.dat	008059348	7531998	7531997	10558116253								1325	Error: Aleph-запись должна содержать ровно одно поле LDR; найдено 2.
rsl01_z00.dat	008059362	7531999	7531998	10558118362								1326	Error: Aleph-запись должна содержать ровно одно поле LDR; найдено 2.
rsl01_z00.dat	008059367	7532014	7532013	10558148649								1327	Error: Aleph-запись должна содержать ровно одно поле LDR; найдено 2.
rsl01_z00.dat	008054100	7533242	7533241	10560262982								1328	Error: Aleph-запись должна содержать ровно одно поле LDR; найдено 2.
rsl01_z00.dat	008062571	7535323	7535322	10563754210								1329	Error: Aleph-запись должна содержать ровно одно поле LDR; найдено 2.
rsl01_z00.dat	008062584	7535330	7535329	10563763950								1330	Error: Aleph-запись должна содержать ровно одно поле LDR; найдено 2.
rsl01_z00.dat	008063061	7535665	7535664	10564356475								1331	Error: Aleph-запись должна содержать ровно одно поле LDR; найдено 2.
rsl01_z00.dat	008063064	7535668	7535667	10564360515								1332	Error: Aleph-запись должна содержать ровно одно поле LDR; найдено 2.
rsl01_z00.dat	008063067	7535672	7535671	10564366400								1333	Error: Aleph-запись должна содержать ровно одно поле LDR; найдено 2.
rsl01_z00.dat	008063072	7535674	7535673	10564368586								1334	Error: Aleph-запись должна содержать ровно одно поле LDR; найдено 2.
rsl01_z00.dat	006584388	7537041	7537040	10566723097								1335	Error: Aleph-запись должна содержать ровно одно поле LDR; найдено 2.
rsl01_z00.dat	008064836	7537400	7537399	10567370472								1336	Error: Aleph-запись должна содержать ровно одно поле LDR; найдено 2.
rsl01_z00.dat	008064841	7537406	7537405	10567380644								1337	Error: Aleph-запись должна содержать ровно одно поле LDR; найдено 2.
rsl01_z00.dat	008064847	7537409	7537408	10567385442								1338	Error: Aleph-запись должна содержать ровно одно поле LDR; найдено 2.
rsl01_z00.dat	008064973	7537536	7537535	10567603377								1339	Error: Aleph-запись должна содержать ровно одно поле LDR; найдено 2.
rsl01_z00.dat	008064983	7537543	7537542	10567617507								1340	Error: Aleph-запись должна содержать ровно одно поле LDR; найдено 2.
rsl01_z00.dat	008054095	7540219	7540218	10572342427								1341	Error: Aleph-запись должна содержать ровно одно поле LDR; найдено 2.
rsl01_z00.dat	008054097	7540222	7540221	10572347755								1342	Error: Aleph-запись должна содержать ровно одно поле LDR; найдено 2.
rsl01_z00.dat	008054116	7540241	7540240	10572376180								1343	Error: Aleph-запись должна содержать ровно одно поле LDR; найдено 2.
rsl01_z00.dat	008068303	7540639	7540638	10573051629								1344	Error: Aleph-запись должна содержать ровно одно поле LDR; найдено 2.
rsl01_z00.dat	008051246	7541495	7541494	10574521684								1345	Error: Aleph-запись должна содержать ровно одно поле LDR; найдено 2.
rsl01_z00.dat	003972373	7543418	7543417	10577800835								1346	Error: Aleph-запись должна содержать ровно одно поле LDR; найдено 2.
rsl01_z00.dat	008072100	7544639	7544638	10580004213								1347	Error: Aleph-запись должна содержать ровно одно поле LDR; найдено 2.
rsl01_z00.dat	008054112	7546135	7546134	10582498475								1348	Error: Aleph-запись должна содержать ровно одно поле LDR; найдено 2.
rsl01_z00.dat	008026855	7552510	7552509	10592030572								1349	Error: Aleph-запись должна содержать ровно одно поле LDR; найдено 2.
rsl01_z00.dat	005445272	7553571	7553570	10593898477								1350	Error: Aleph-запись должна содержать ровно одно поле LDR; найдено 2.
rsl01_z00.dat	011847251	7554483	7554482	10595523437								1351	Error: Aleph-запись должна содержать ровно одно поле LDR; найдено 2.
rsl01_z00.dat	008083115	7556816	7556815	10599592962								1352	Error: Aleph-запись должна содержать ровно одно поле LDR; найдено 2.
rsl01_z00.dat	008083126	7556839	7556838	10599638255								1353	Error: Aleph-запись должна содержать ровно одно поле LDR; найдено 2.
rsl01_z00.dat	008083153	7556864	7556863	10599678645								1354	Error: Aleph-запись должна содержать ровно одно поле LDR; найдено 2.
rsl01_z00.dat	008083154	7556865	7556864	10599680595								1355	Error: Aleph-запись должна содержать ровно одно поле LDR; найдено 2.
rsl01_z00.dat	008086051	7559664	7559663	10604257597								1356	Error: Aleph-запись должна содержать ровно одно поле LDR; найдено 2.
rsl01_z00.dat	008098462	7575543	7575542	10631031388								1357	Error: Aleph-запись должна содержать ровно одно поле LDR; найдено 2.
rsl01_z00.dat	008106816	7579669	7579668	10637679021								1358	Error: Aleph-запись должна содержать ровно одно поле LDR; найдено 2.
rsl01_z00.dat	008109769	7582606	7582605	10642665187								1359	Error: Aleph-запись должна содержать ровно одно поле LDR; найдено 2.
rsl01_z00.dat	008114378	7586788	7586787	10649663476								1360	Error: Aleph-запись должна содержать ровно одно поле LDR; найдено 2.
rsl01_z00.dat	008109773	7596722	7596721	10666363012								1361	Error: Aleph-запись должна содержать ровно одно поле LDR; найдено 2.
rsl01_z00.dat	007923134	7597308	7597307	10667311484								1362	Error: Aleph-запись должна содержать ровно одно поле LDR; найдено 2.
rsl01_z00.dat	007526843	7602188	7602187	10675610437								1363	Error: Aleph-запись должна содержать ровно одно поле LDR; найдено 2.
rsl01_z00.dat	008131401	7605939	7605938	10681992761								1364	Error: Aleph-запись должна содержать ровно одно поле LDR; найдено 2.
rsl01_z00.dat	008064138	7608183	7608182	10685930458								1365	Error: Aleph-запись должна содержать ровно одно поле LDR; найдено 2.
rsl01_z00.dat	006705564	7613471	7613470	10694694792								1366	Error: Aleph-запись должна содержать ровно одно поле LDR; найдено 2.
rsl01_z00.dat	007993090	7711421	7711420	10841662669								1367	Error: Aleph-запись должна содержать ровно одно поле LDR; найдено 2.
rsl01_z00.dat	008256283	7715728	7715727	10848818123								1368	Error: Aleph-запись должна содержать ровно одно поле LDR; найдено 2.
rsl01_z00.dat	008256293	7715733	7715732	10848825383								1369	Error: Aleph-запись должна содержать ровно одно поле LDR; найдено 2.
rsl01_z00.dat	008464171	7927136	7927135	11106518462								1370	Error: Aleph-запись должна содержать ровно одно поле LDR; найдено 2.
rsl01_z00.dat	007514269	7948071	7948070	11140245266								1371	Error: Aleph-запись должна содержать ровно одно поле LDR; найдено 2.
rsl01_z00.dat	006575413	7949316	7949315	11142155206								1372	Error: Aleph-запись должна содержать ровно одно поле LDR; найдено 2.
rsl01_z00.dat	003991324	7956274	7956273	11153687003								1373	Error: Aleph-запись должна содержать ровно одно поле LDR; найдено 2.
rsl01_z00.dat	003823954	7956607	7956606	11154275570								1374	Error: Aleph-запись должна содержать ровно одно поле LDR; найдено 2.
rsl01_z00.dat	008496445	7959109	7959108	11158323261								1375	Error: Aleph-запись должна содержать ровно одно поле LDR; найдено 2.
rsl01_z00.dat	008496453	7959119	7959118	11158335967								1376	Error: Aleph-запись должна содержать ровно одно поле LDR; найдено 2.
rsl01_z00.dat	008496455	7959121	7959120	11158338786								1377	Error: Aleph-запись должна содержать ровно одно поле LDR; найдено 2.
rsl01_z00.dat	008496766	7959378	7959377	11158747405								1378	Error: Aleph-запись должна содержать ровно одно поле LDR; найдено 2.
rsl01_z00.dat	008496774	7959388	7959387	11158760917								1379	Error: Aleph-запись должна содержать ровно одно поле LDR; найдено 2.
rsl01_z00.dat	008496781	7959395	7959394	11158772665								1380	Error: Aleph-запись должна содержать ровно одно поле LDR; найдено 2.
rsl01_z00.dat	003991327	7964203	7964202	11166465695								1381	Error: Aleph-запись должна содержать ровно одно поле LDR; найдено 2.
rsl01_z00.dat	003866942	7969210	7969209	11174407570								1382	Error: Aleph-запись должна содержать ровно одно поле LDR; найдено 2.
rsl01_z00.dat	005514058	7970635	7970634	11176724897								1383	Error: Aleph-запись должна содержать ровно одно поле LDR; найдено 2.
rsl01_z00.dat	008524109	7985943	7985942	11201479596								1384	Error: Aleph-запись должна содержать ровно одно поле LDR; найдено 2.
rsl01_z00.dat	008002388	7988852	7988851	11206088637								1385	Error: Aleph-запись должна содержать ровно одно поле LDR; найдено 2.
rsl01_z00.dat	007848813	8000309	8000308	11224347798								1386	Error: Aleph-запись должна содержать ровно одно поле LDR; найдено 2.
rsl01_z00.dat	007840726	8016670	8016669	11250337133								1387	Error: Aleph-запись должна содержать ровно одно поле LDR; найдено 2.
rsl01_z00.dat	003192708	8026812	8026811	11266611978								1388	Error: Aleph-запись должна содержать ровно одно поле LDR; найдено 2.
rsl01_z00.dat	003831067	8029554	8029553	11271127361								1389	Error: Aleph-запись должна содержать ровно одно поле LDR; найдено 2.
rsl01_z00.dat	003831075	8029578	8029577	11271164992								1390	Error: Aleph-запись должна содержать ровно одно поле LDR; найдено 2.
rsl01_z00.dat	003995164	8030714	8030713	11273025419								1391	Error: Aleph-запись должна содержать ровно одно поле LDR; найдено 2.
rsl01_z00.dat	004183276	8030896	8030895	11273341606								1392	Error: Aleph-запись должна содержать ровно одно поле LDR; найдено 2.
rsl01_z00.dat	003903957	8039503	8039502	11287104390								1393	Error: Aleph-запись должна содержать ровно одно поле LDR; найдено 2.
rsl01_z00.dat	007985258	8047016	8047015	11300907557								1394	Error: Aleph-запись должна содержать ровно одно поле LDR; найдено 2.
rsl01_z00.dat	007996990	8047060	8047059	11300971814								1395	Error: Aleph-запись должна содержать ровно одно поле LDR; найдено 2.
rsl01_z00.dat	007997240	8047077	8047076	11300996855								1396	Error: Aleph-запись должна содержать ровно одно поле LDR; найдено 2.
rsl01_z00.dat	007999202	8048254	8048253	11302781159								1397	Error: Aleph-запись должна содержать ровно одно поле LDR; найдено 2.
rsl01_z00.dat	007825591	8049420	8049419	11304612404								1398	Error: Aleph-запись должна содержать ровно одно поле LDR; найдено 2.
rsl01_z00.dat	008003921	8051568	8051567	11307807410								1399	Error: Aleph-запись должна содержать ровно одно поле LDR; найдено 2.
rsl01_z00.dat	008622273	8069502	8069501	11335531398								1400	Error: Aleph-запись должна содержать ровно одно поле LDR; найдено 2.
rsl01_z00.dat	008098461	8104291	8104290	11390219833								1401	Error: Aleph-запись должна содержать ровно одно поле LDR; найдено 2.
rsl01_z00.dat	008659238	8104299	8104298	11390238528								1402	Error: Aleph-запись должна содержать ровно одно поле LDR; найдено 2.
rsl01_z00.dat	008659246	8104303	8104302	11390244242								1403	Error: Aleph-запись должна содержать ровно одно поле LDR; найдено 2.
rsl01_z00.dat	008659250	8104305	8104304	11390248684								1404	Error: Aleph-запись должна содержать ровно одно поле LDR; найдено 2.
rsl01_z00.dat	008696976	8141092	8141091	11449230065								1405	Error: Aleph-запись должна содержать ровно одно поле LDR; найдено 2.
rsl01_z00.dat	003925444	8154647	8154646	11470202447								1406	Error: Aleph-запись должна содержать ровно одно поле LDR; найдено 2.
rsl01_z00.dat	003823961	8154651	8154650	11470207612								1407	Error: Aleph-запись должна содержать ровно одно поле LDR; найдено 2.
rsl01_z00.dat	003737119	8197191	8197190	11539081692								1408	Error: Aleph-запись должна содержать ровно одно поле LDR; найдено 2.
rsl01_z00.dat	008805645	8228306	8228305	11590546978								1409	Error: Aleph-запись должна содержать ровно одно поле LDR; найдено 2.
rsl01_z00.dat	005445271	8231978	8231977	11596544026								1410	Error: Aleph-запись должна содержать ровно одно поле LDR; найдено 2.
rsl01_z00.dat	008014649	8240757	8240756	11610931923								1411	Error: Aleph-запись должна содержать ровно одно поле LDR; найдено 2.
rsl01_z00.dat	008827765	8249669	8249668	11625604224								1412	Error: Aleph-запись должна содержать ровно одно поле LDR; найдено 2.
rsl01_z00.dat	008827767	8249670	8249669	11625605141								1413	Error: Aleph-запись должна содержать ровно одно поле LDR; найдено 2.
rsl01_z00.dat	008827771	8249677	8249676	11625614523								1414	Error: Aleph-запись должна содержать ровно одно поле LDR; найдено 2.
rsl01_z00.dat	008827772	8249680	8249679	11625618323								1415	Error: Aleph-запись должна содержать ровно одно поле LDR; найдено 2.
rsl01_z00.dat	008829383	8251275	8251274	11628251326								1416	Error: Aleph-запись должна содержать ровно одно поле LDR; найдено 2.
rsl01_z00.dat	008850587	8272260	8272259	11662391914								1417	Error: Aleph-запись должна содержать ровно одно поле LDR; найдено 2.
rsl01_z00.dat	008850600	8272262	8272261	11662395905								1418	Error: Aleph-запись должна содержать ровно одно поле LDR; найдено 2.
rsl01_z00.dat	008850635	8272295	8272294	11662446780								1419	Error: Aleph-запись должна содержать ровно одно поле LDR; найдено 2.
rsl01_z00.dat	008850625	8275149	8275148	11666932325								1420	Error: Aleph-запись должна содержать ровно одно поле LDR; найдено 2.
rsl01_z00.dat	003866966	8282661	8282660	11679400005								1421	Error: Aleph-запись должна содержать ровно одно поле LDR; найдено 2.
rsl01_z00.dat	012921801	8310460	8310459	11725979277								1422	Error: Aleph-запись должна содержать ровно одно поле LDR; найдено 2.
rsl01_z00.dat	004397362	8352408	8352407	11795272148								1423	Error: Aleph-запись должна содержать ровно одно поле LDR; найдено 2.
rsl01_z00.dat	004397365	8352480	8352479	11795390936								1424	Error: Aleph-запись должна содержать ровно одно поле LDR; найдено 2.
rsl01_z00.dat	008957035	8373728	8373727	11830527666								1425	Error: Aleph-запись должна содержать ровно одно поле LDR; найдено 2.
rsl01_z00.dat	008957048	8373745	8373744	11830558145								1426	Error: Aleph-запись должна содержать ровно одно поле LDR; найдено 2.
rsl01_z00.dat	009452463	8399776	8399775	11859807540								1427	Error: Aleph-запись должна содержать ровно одно поле LDR; найдено 2.
rsl01_z00.dat	009380181	8799469	8799468	12300353005								1428	Error: Aleph-запись должна содержать ровно одно поле LDR; найдено 2.
rsl01_z00.dat	009386651	8805876	8805875	12310859202								1429	Error: Aleph-запись должна содержать ровно одно поле LDR; найдено 2.
rsl01_z00.dat	006115064	8809519	8809518	12317560340								1430	Error: Aleph-запись должна содержать ровно одно поле LDR; найдено 2.
rsl01_z00.dat	009396199	8816062	8816061	12328343423								1431	Error: Aleph-запись должна содержать ровно одно поле LDR; найдено 2.
rsl01_z00.dat	009396313	8816192	8816191	12328572771								1432	Error: Aleph-запись должна содержать ровно одно поле LDR; найдено 2.
rsl01_z00.dat	009396322	8816207	8816206	12328605108								1433	Error: Aleph-запись должна содержать ровно одно поле LDR; найдено 2.
rsl01_z00.dat	009396334	8816224	8816223	12328632604								1434	Error: Aleph-запись должна содержать ровно одно поле LDR; найдено 2.
rsl01_z00.dat	009396351	8816227	8816226	12328638941								1435	Error: Aleph-запись должна содержать ровно одно поле LDR; найдено 2.
rsl01_z00.dat	009396362	8816239	8816238	12328658185								1436	Error: Aleph-запись должна содержать ровно одно поле LDR; найдено 2.
rsl01_z00.dat	009396378	8816254	8816253	12328686791								1437	Error: Aleph-запись должна содержать ровно одно поле LDR; найдено 2.
rsl01_z00.dat	007529626	8833809	8833808	12357633345								1438	Error: Aleph-запись должна содержать ровно одно поле LDR; найдено 2.
rsl01_z00.dat	009396097	8834743	8834742	12359223234								1439	Error: Aleph-запись должна содержать ровно одно поле LDR; найдено 2.
rsl01_z00.dat	006690067	8840972	8840971	12369515461								1440	Error: Aleph-запись должна содержать ровно одно поле LDR; найдено 2.
rsl01_z00.dat	007993061	8858372	8858371	12398833726								1441	Error: Aleph-запись должна содержать ровно одно поле LDR; найдено 2.
rsl01_z00.dat	007993048	8858438	8858437	12398951184								1442	Error: Aleph-запись должна содержать ровно одно поле LDR; найдено 2.
rsl01_z00.dat	009451685	8869007	8869006	12416834431								1443	Error: Aleph-запись должна содержать ровно одно поле LDR; найдено 2.
rsl01_z00.dat	009452446	8869764	8869763	12418137717								1444	Error: Aleph-запись должна содержать ровно одно поле LDR; найдено 2.
rsl01_z00.dat	009452485	8869812	8869811	12418217963								1445	Error: Aleph-запись должна содержать ровно одно поле LDR; найдено 2.
rsl01_z00.dat	009452502	8869831	8869830	12418252803								1446	Error: Aleph-запись должна содержать ровно одно поле LDR; найдено 2.
rsl01_z00.dat	009452528	8869855	8869854	12418292403								1447	Error: Aleph-запись должна содержать ровно одно поле LDR; найдено 2.
rsl01_z00.dat	009452574	8869893	8869892	12418356005								1448	Error: Aleph-запись должна содержать ровно одно поле LDR; найдено 2.
rsl01_z00.dat	009452591	8869895	8869894	12418358799								1449	Error: Aleph-запись должна содержать ровно одно поле LDR; найдено 2.
rsl01_z00.dat	009452718	8869995	8869994	12418520153								1450	Error: Aleph-запись должна содержать ровно одно поле LDR; найдено 2.
rsl01_z00.dat	009452768	8870035	8870034	12418586431								1451	Error: Aleph-запись должна содержать ровно одно поле LDR; найдено 2.
rsl01_z00.dat	011847337	8876396	8876395	12429305838								1452	Error: Aleph-запись должна содержать ровно одно поле LDR; найдено 2.
rsl01_z00.dat	007547810	8899791	8899790	12469325310								1453	Error: Aleph-запись должна содержать ровно одно поле LDR; найдено 2.
rsl01_z00.dat	008464173	8917177	8917176	12498874804								1454	Error: Aleph-запись должна содержать ровно одно поле LDR; найдено 2.
rsl01_z00.dat	005419687	8926343	8926342	12515024459								1455	Error: Aleph-запись должна содержать ровно одно поле LDR; найдено 2.
rsl01_z00.dat	009454239	8938890	8938889	12536740916								1456	Error: Aleph-запись должна содержать ровно одно поле LDR; найдено 2.
rsl01_z00.dat	006724003	8942653	8942652	12543371148								1457	Error: Aleph-запись должна содержать ровно одно поле LDR; найдено 2.
rsl01_z00.dat	009535720	8950765	8950764	12557670278								1458	Error: Aleph-запись должна содержать ровно одно поле LDR; найдено 2.
rsl01_z00.dat	003972742	8977004	8977003	12603154523								1459	Error: Aleph-запись должна содержать ровно одно поле LDR; найдено 2.
rsl01_z00.dat	006805620	8996433	8996432	12636937204								1460	Error: Aleph-запись должна содержать ровно одно поле LDR; найдено 2.
rsl01_z00.dat	006606257	9022114	9022113	12681387413								1461	Error: Aleph-запись должна содержать ровно одно поле LDR; найдено 2.
rsl01_z00.dat	009635616	9049630	9049629	12728407860								1462	Error: Aleph-запись должна содержать ровно одно поле LDR; найдено 2.
rsl01_z00.dat	003600327	9051819	9051818	12732229781								1463	Error: Aleph-запись должна содержать ровно одно поле LDR; найдено 2.
rsl01_z00.dat	007535500	9065388	9065387	12755736355								1464	Error: Aleph-запись должна содержать ровно одно поле LDR; найдено 2.
rsl01_z00.dat	009655238	9068708	9068707	12761424135								1465	Error: Aleph-запись должна содержать ровно одно поле LDR; найдено 2.
rsl01_z00.dat	009655295	9068809	9068808	12761592465								1466	Error: Aleph-запись должна содержать ровно одно поле LDR; найдено 2.
rsl01_z00.dat	009705157	9108771	9108770	12829972061								1467	Error: Aleph-запись должна содержать ровно одно поле LDR; найдено 2.
rsl01_z00.dat	009705165	9117355	9117354	12844302931								1468	Error: Aleph-запись должна содержать ровно одно поле LDR; найдено 2.
rsl01_z00.dat	006760780	9182929	9182928	12954506546								1470	Error: Aleph-запись должна содержать ровно одно поле LDR; найдено 2.
rsl01_z00.dat	009863421	9269705	9269704	13102274856								1471	Error: Aleph-запись должна содержать ровно одно поле LDR; найдено 2.
rsl01_z00.dat	009863439	9269733	9269732	13102326306								1472	Error: Aleph-запись должна содержать ровно одно поле LDR; найдено 2.
rsl01_z00.dat	003929673	9273264	9273263	13108534067								1473	Error: Aleph-запись должна содержать ровно одно поле LDR; найдено 2.
rsl01_z00.dat	007528559	9273278	9273277	13108562880								1474	Error: Aleph-запись должна содержать ровно одно поле LDR; найдено 2.
rsl01_z00.dat	007877562	9273283	9273282	13108571819								1475	Error: Aleph-запись должна содержать ровно одно поле LDR; найдено 2.
rsl01_z00.dat	007521225	9297439	9297438	13149625158								1476	Error: Aleph-запись должна содержать ровно одно поле LDR; найдено 2.
rsl01_z00.dat	006587632	9326751	9326750	13199747287								1477	Error: Aleph-запись должна содержать ровно одно поле LDR; найдено 2.
rsl01_z00.dat	007865710	9383119	9383118	13295829315								1479	Error: Aleph-запись должна содержать ровно одно поле LDR; найдено 2.
rsl01_z00.dat	003883572	9407201	9407200	13338065637								1480	Error: Aleph-запись должна содержать ровно одно поле LDR; найдено 2.
rsl01_z00.dat	007857277	9463612	9463611	13432625130								1481	Error: Aleph-запись должна содержать ровно одно поле LDR; найдено 2.
rsl01_z00.dat	010077848	9468521	9468520	13441392677								1482	Error: Aleph-запись должна содержать ровно одно поле LDR; найдено 2.
rsl01_z00.dat	006586715	9469162	9469161	13442480185								1483	Error: Aleph-запись должна содержать ровно одно поле LDR; найдено 2.
rsl01_z00.dat	006586708	9492834	9492833	13481825654								1484	Error: Aleph-запись должна содержать ровно одно поле LDR; найдено 2.
rsl01_z00.dat	010524926	9506842	9506841	13505139061								1485	Error: Aleph-запись должна содержать ровно одно поле LDR; найдено 2.
rsl01_z00.dat	010124644	9512886	9512885	13515813461								1486	Error: Aleph-запись должна содержать ровно одно поле LDR; найдено 2.
rsl01_z00.dat	010152116	9538784	9538783	13559127057								1487	Error: Aleph-запись должна содержать ровно одно поле LDR; найдено 2.
rsl01_z00.dat	010154689	9540984	9540983	13562771294								1488	Error: Aleph-запись должна содержать ровно одно поле LDR; найдено 2.
rsl01_z00.dat	010161265	9546823	9546822	13572502008								1489	Error: Aleph-запись должна содержать ровно одно поле LDR; найдено 2.
rsl01_z00.dat	010343739	9550792	9550791	13579349468								1490	Error: Aleph-запись должна содержать ровно одно поле LDR; найдено 3.
rsl01_z00.dat	010184705	9562658	9562657	13600150784								1491	Error: Aleph-запись должна содержать ровно одно поле LDR; найдено 2.
rsl01_z00.dat	010301430	9655585	9655584	13754972579								1493	Error: Aleph-запись должна содержать ровно одно поле LDR; найдено 2.
rsl01_z00.dat	010303717	9658463	9658462	13759984457								1494	Error: Aleph-запись должна содержать ровно одно поле LDR; найдено 2.
rsl01_z00.dat	010305987	9661049	9661048	13764509341								1495	Error: Aleph-запись должна содержать ровно одно поле LDR; найдено 2.
rsl01_z00.dat	010308511	9663206	9663205	13768028137								1496	Error: Aleph-запись должна содержать ровно одно поле LDR; найдено 2.
rsl01_z00.dat	010310195	9664660	9664659	13770464000								1497	Error: Aleph-запись должна содержать ровно одно поле LDR; найдено 2.
rsl01_z00.dat	010310225	9676208	9676207	13788494265								1498	Error: Aleph-запись должна содержать ровно одно поле LDR; найдено 2.
rsl01_z00.dat	010307608	9676233	9676232	13788535745								1499	Error: Aleph-запись должна содержать ровно одно поле LDR; найдено 2.
rsl01_z00.dat	010292440	9677670	9677669	13791105739								1500	Error: Aleph-запись должна содержать ровно одно поле LDR; найдено 2.
rsl01_z00.dat	010321851	9678010	9678009	13791708169								1501	Error: Aleph-запись должна содержать ровно одно поле LDR; найдено 2.
rsl01_z00.dat	010321994	9678145	9678144	13791948115								1502	Error: Aleph-запись должна содержать ровно одно поле LDR; найдено 2.
rsl01_z00.dat	010308597	9678506	9678505	13792575109								1503	Error: Aleph-запись должна содержать ровно одно поле LDR; найдено 2.
rsl01_z00.dat	010310839	9678852	9678851	13793193288								1504	Error: Aleph-запись должна содержать ровно одно поле LDR; найдено 2.
rsl01_z00.dat	010308594	9679064	9679063	13793585962								1505	Error: Aleph-запись должна содержать ровно одно поле LDR; найдено 2.
rsl01_z00.dat	010303511	9680066	9680065	13795285934								1506	Error: Aleph-запись должна содержать ровно одно поле LDR; найдено 2.
rsl01_z00.dat	010303684	9680118	9680117	13795364628								1507	Error: Aleph-запись должна содержать ровно одно поле LDR; найдено 2.
rsl01_z00.dat	010324493	9680556	9680555	13796104100								1508	Error: Aleph-запись должна содержать ровно одно поле LDR; найдено 2.
rsl01_z00.dat	010315585	9692150	9692149	13814286483								1509	Error: Aleph-запись должна содержать ровно одно поле LDR; найдено 2.
rsl01_z00.dat	010310818	9693913	9693912	13817314174								1510	Error: Aleph-запись должна содержать ровно одно поле LDR; найдено 2.
rsl01_z00.dat	010316300	9694177	9694176	13817745488								1511	Error: Aleph-запись должна содержать ровно одно поле LDR; найдено 2.
rsl01_z00.dat	010312386	9694817	9694816	13818820952								1512	Error: Aleph-запись должна содержать ровно одно поле LDR; найдено 2.
rsl01_z00.dat	010315545	9695025	9695024	13819167342								1513	Error: Aleph-запись должна содержать ровно одно поле LDR; найдено 2.
rsl01_z00.dat	010324481	9701387	9701386	13830006272								1514	Error: Aleph-запись должна содержать ровно одно поле LDR; найдено 2.
rsl01_z00.dat	010316276	9702149	9702148	13831350923								1515	Error: Aleph-запись должна содержать ровно одно поле LDR; найдено 2.
rsl01_z00.dat	010347731	9702663	9702662	13832235583								1516	Error: Aleph-запись должна содержать ровно одно поле LDR; найдено 2.
rsl01_z00.dat	010321875	9702763	9702762	13832401121								1517	Error: Aleph-запись должна содержать ровно одно поле LDR; найдено 2.
rsl01_z00.dat	010321743	9703475	9703474	13833631368								1518	Error: Aleph-запись должна содержать ровно одно поле LDR; найдено 2.
rsl01_z00.dat	010324468	9703490	9703489	13833657368								1519	Error: Aleph-запись должна содержать ровно одно поле LDR; найдено 2.
rsl01_z00.dat	010356085	9710777	9710776	13845941960								1520	Error: Aleph-запись должна содержать ровно одно поле LDR; найдено 2.
rsl01_z00.dat	010359501	9713843	9713842	13851169746								1521	Error: Aleph-запись должна содержать ровно одно поле LDR; найдено 2.
rsl01_z00.dat	010359863	9714272	9714271	13851921807								1522	Error: Aleph-запись должна содержать ровно одно поле LDR; найдено 2.
rsl01_z00.dat	010363038	9722944	9722943	13866026393								1523	Error: Aleph-запись должна содержать ровно одно поле LDR; найдено 2.
rsl01_z00.dat	010351845	9738765	9738764	13891264362								1524	Error: Aleph-запись должна содержать ровно одно поле LDR; найдено 2.
rsl01_z00.dat	010387579	9739267	9739266	13892112654								1525	Error: Aleph-запись должна содержать ровно одно поле LDR; найдено 2.
rsl01_z00.dat	010362650	9743594	9743593	13899153769								1526	Error: Aleph-запись должна содержать ровно одно поле LDR; найдено 2.
rsl01_z00.dat	010394217	9744613	9744612	13900759088								1527	Error: Aleph-запись должна содержать ровно одно поле LDR; найдено 2.
rsl01_z00.dat	008026960	9745628	9745627	13902398299								1528	Error: Aleph-запись должна содержать ровно одно поле LDR; найдено 2.
rsl01_z00.dat	010362765	9745642	9745641	13902427714								1529	Error: Aleph-запись должна содержать ровно одно поле LDR; найдено 2.
rsl01_z00.dat	010396611	9746442	9746441	13903698847								1530	Error: Aleph-запись должна содержать ровно одно поле LDR; найдено 2.
rsl01_z00.dat	010396656	9746475	9746474	13903756730								1531	Error: Aleph-запись должна содержать ровно одно поле LDR; найдено 2.
rsl01_z00.dat	010359452	9746650	9746649	13904045148								1532	Error: Aleph-запись должна содержать ровно одно поле LDR; найдено 2.
rsl01_z00.dat	005442693	9747087	9747086	13904752737								1533	Error: Aleph-запись должна содержать ровно одно поле LDR; найдено 2.
rsl01_z00.dat	010359437	9747867	9747866	13906024713								1534	Error: Aleph-запись должна содержать ровно одно поле LDR; найдено 2.
rsl01_z00.dat	010363441	9747966	9747965	13906193888								1535	Error: Aleph-запись должна содержать ровно одно поле LDR; найдено 2.
rsl01_z00.dat	010359445	9750610	9750609	13910568235								1536	Error: Aleph-запись должна содержать ровно одно поле LDR; найдено 2.
rsl01_z00.dat	010359483	9750821	9750820	13910911992								1537	Error: Aleph-запись должна содержать ровно одно поле LDR; найдено 2.
rsl01_z00.dat	010363434	9750824	9750823	13910916708								1538	Error: Aleph-запись должна содержать ровно одно поле LDR; найдено 2.
rsl01_z00.dat	010359439	9750825	9750824	13910918605								1539	Error: Aleph-запись должна содержать ровно одно поле LDR; найдено 2.
rsl01_z00.dat	010401717	9752311	9752310	13913257491								1540	Error: Aleph-запись должна содержать ровно одно поле LDR; найдено 2.
rsl01_z00.dat	010403427	9753856	9753855	13915808600								1541	Error: Aleph-запись должна содержать ровно одно поле LDR; найдено 2.
rsl01_z00.dat	010403442	9753870	9753869	13915828985								1542	Error: Aleph-запись должна содержать ровно одно поле LDR; найдено 2.
rsl01_z00.dat	010403451	9753874	9753873	13915839335								1543	Error: Aleph-запись должна содержать ровно одно поле LDR; найдено 2.
rsl01_z00.dat	010403470	9753887	9753886	13915860007								1544	Error: Aleph-запись должна содержать ровно одно поле LDR; найдено 2.
rsl01_z00.dat	010403477	9753890	9753889	13915864513								1545	Error: Aleph-запись должна содержать ровно одно поле LDR; найдено 2.
rsl01_z00.dat	010383243	9772661	9772660	13947467853								1546	Error: Aleph-запись должна содержать ровно одно поле LDR; найдено 2.
rsl01_z00.dat	010383324	9773033	9773032	13948092912								1547	Error: Aleph-запись должна содержать ровно одно поле LDR; найдено 2.
rsl01_z00.dat	010376522	9773580	9773579	13948977777								1548	Error: Aleph-запись должна содержать ровно одно поле LDR; найдено 2.
rsl01_z00.dat	010394630	9792149	9792148	13980885705								1549	Error: Aleph-запись должна содержать ровно одно поле LDR; найдено 2.
rsl01_z00.dat	010394216	9792295	9792294	13981132551								1550	Error: Aleph-запись должна содержать ровно одно поле LDR; найдено 2.
rsl01_z00.dat	010394228	9792317	9792316	13981171085								1551	Error: Aleph-запись должна содержать ровно одно поле LDR; найдено 2.
rsl01_z00.dat	010394307	9792341	9792340	13981216212								1552	Error: Aleph-запись должна содержать ровно одно поле LDR; найдено 2.
rsl01_z00.dat	010386251	9792943	9792942	13982247475								1553	Error: Aleph-запись должна содержать ровно одно поле LDR; найдено 2.
rsl01_z00.dat	010351816	9795863	9795862	13987653095								1554	Error: Aleph-запись должна содержать ровно одно поле LDR; найдено 2.
rsl01_z00.dat	010403556	9796703	9796702	13989083606								1555	Error: Aleph-запись должна содержать ровно одно поле LDR; найдено 2.
rsl01_z00.dat	010403558	9796838	9796837	13989319049								1556	Error: Aleph-запись должна содержать ровно одно поле LDR; найдено 2.
rsl01_z00.dat	010422384	9802390	9802389	13999161757								1557	Error: Aleph-запись должна содержать ровно одно поле LDR; найдено 2.
rsl01_z00.dat	010351856	9816376	9816375	14023916998								1558	Error: Aleph-запись должна содержать ровно одно поле LDR; найдено 2.
rsl01_z00.dat	010353837	9818477	9818476	14027574189								1559	Error: Aleph-запись должна содержать ровно одно поле LDR; найдено 2.
rsl01_z00.dat	010423016	9819860	9819859	14029981322								1560	Error: Aleph-запись должна содержать ровно одно поле LDR; найдено 2.
rsl01_z00.dat	010348372	9821551	9821550	14032943688								1561	Error: Aleph-запись должна содержать ровно одно поле LDR; найдено 2.
rsl01_z00.dat	010356121	9827683	9827682	14043337223								1562	Error: Aleph-запись должна содержать ровно одно поле LDR; найдено 2.
rsl01_z00.dat	010466945	9850311	9850310	14081858500								1563	Error: Aleph-запись должна содержать ровно одно поле LDR; найдено 2.
rsl01_z00.dat	010515020	9856521	9856520	14092244785								1564	Error: Aleph-запись должна содержать ровно одно поле LDR; найдено 2.
rsl01_z00.dat	010491596	9858964	9858963	14096432314								1565	Error: Aleph-запись должна содержать ровно одно поле LDR; найдено 2.
rsl01_z00.dat	010491602	9859001	9859000	14096499531								1566	Error: Aleph-запись должна содержать ровно одно поле LDR; найдено 2.
rsl01_z00.dat	010483087	9859456	9859455	14097303080								1567	Error: Aleph-запись должна содержать ровно одно поле LDR; найдено 2.
rsl01_z00.dat	010491644	9859580	9859579	14097535176								1568	Error: Aleph-запись должна содержать ровно одно поле LDR; найдено 2.
rsl01_z00.dat	010491566	9863963	9863962	14105024086								1569	Error: Aleph-запись должна содержать ровно одно поле LDR; найдено 2.
rsl01_z00.dat	010488860	9864970	9864969	14106787392								1570	Error: Aleph-запись должна содержать ровно одно поле LDR; найдено 2.
rsl01_z00.dat	010491639	9865287	9865286	14107323769								1571	Error: Aleph-запись должна содержать ровно одно поле LDR; найдено 2.
rsl01_z00.dat	010515021	9881954	9881953	14136061318								1572	Error: Aleph-запись должна содержать ровно одно поле LDR; найдено 2.
rsl01_z00.dat	010515314	9882119	9882118	14136350658								1573	Error: Aleph-запись должна содержать ровно одно поле LDR; найдено 2.
rsl01_z00.dat	010681863	9914663	9914662	14193041206								1574	Error: Aleph-запись должна содержать ровно одно поле LDR; найдено 2.
rsl01_z00.dat	010587179	9923909	9923908	14209284634								1575	Error: Aleph-запись должна содержать ровно одно поле LDR; найдено 2.
rsl01_z00.dat	010604994	9927264	9927263	14215099014								1576	Error: Aleph-запись должна содержать ровно одно поле LDR; найдено 2.
rsl01_z00.dat	010571488	9932402	9932401	14224168757								1577	Error: Aleph-запись должна содержать ровно одно поле LDR; найдено 2.
rsl01_z00.dat	010604918	9940017	9940016	14237192645								1578	Error: Aleph-запись должна содержать ровно одно поле LDR; найдено 2.
rsl01_z00.dat	010604925	9940023	9940022	14237202646								1579	Error: Aleph-запись должна содержать ровно одно поле LDR; найдено 2.
rsl01_z00.dat	010604934	9940034	9940033	14237220237								1580	Error: Aleph-запись должна содержать ровно одно поле LDR; найдено 2.
rsl01_z00.dat	010604943	9940046	9940045	14237236613								1581	Error: Aleph-запись должна содержать ровно одно поле LDR; найдено 2.
rsl01_z00.dat	010604950	9940050	9940049	14237242888								1582	Error: Aleph-запись должна содержать ровно одно поле LDR; найдено 2.
rsl01_z00.dat	010604989	9940097	9940096	14237324905								1583	Error: Aleph-запись должна содержать ровно одно поле LDR; найдено 2.
rsl01_z00.dat	010605001	9940115	9940114	14237359042								1584	Error: Aleph-запись должна содержать ровно одно поле LDR; найдено 2.
rsl01_z00.dat	010605012	9940125	9940124	14237376989								1585	Error: Aleph-запись должна содержать ровно одно поле LDR; найдено 2.
rsl01_z00.dat	010605026	9940145	9940144	14237414760								1586	Error: Aleph-запись должна содержать ровно одно поле LDR; найдено 2.
rsl01_z00.dat	007548852	9942448	9942447	14241297627								1587	Error: Aleph-запись должна содержать ровно одно поле LDR; найдено 2.
rsl01_z00.dat	010587796	9949276	9949275	14253273362								1588	Error: Aleph-запись должна содержать ровно одно поле LDR; найдено 2.
rsl01_z00.dat	010587334	9951649	9951648	14257284893								1589	Error: Aleph-запись должна содержать ровно одно поле LDR; найдено 2.
rsl01_z00.dat	010646320	9977047	9977046	14275274578								1590	Error: Aleph-запись должна содержать ровно одно поле LDR; найдено 2.
rsl01_z00.dat	010579599	9983701	9983700	14286504158								1591	Error: Aleph-запись должна содержать ровно одно поле LDR; найдено 2.
rsl01_z00.dat	010579566	9985242	9985241	14289159595								1592	Error: Aleph-запись должна содержать ровно одно поле LDR; найдено 2.
rsl01_z00.dat	010646300	9994869	9994868	14305736651								1593	Error: Aleph-запись должна содержать ровно одно поле LDR; найдено 2.
rsl01_z00.dat	010682493	10007997	10007996	14328104636								1594	Error: Aleph-запись должна содержать ровно одно поле LDR; найдено 2.
rsl01_z00.dat	010682495	10007999	10007998	14328107231								1595	Error: Aleph-запись должна содержать ровно одно поле LDR; найдено 2.
rsl01_z00.dat	010682496	10008000	10007999	14328108598								1596	Error: Aleph-запись должна содержать ровно одно поле LDR; найдено 2.
rsl01_z00.dat	010682497	10008001	10008000	14328110259								1597	Error: Aleph-запись должна содержать ровно одно поле LDR; найдено 2.
rsl01_z00.dat	010724193	10045261	10045260	14392941645								1598	Error: Aleph-запись должна содержать ровно одно поле LDR; найдено 2.
rsl01_z00.dat	011226369	10052656	10052655	14405278760								1599	Error: Aleph-запись должна содержать ровно одно поле LDR; найдено 2.
rsl01_z00.dat	005498423	10074541	10074540	14442926705								1600	Error: Aleph-запись должна содержать ровно одно поле LDR; найдено 2.
rsl01_z00.dat	010765131	10081740	10081739	14456359395								1601	Error: Aleph-запись должна содержать ровно одно поле LDR; найдено 2.
rsl01_z00.dat	010781532	10096598	10096597	14484224481								1602	Error: Aleph-запись должна содержать ровно одно поле LDR; найдено 2.
rsl01_z00.dat	010781547	10096602	10096601	14484230290								1603	Error: Aleph-запись должна содержать ровно одно поле LDR; найдено 2.
rsl01_z00.dat	005498417	10103190	10103189	14496164963								1604	Error: Aleph-запись должна содержать ровно одно поле LDR; найдено 2.
rsl01_z00.dat	010814095	10127009	10127008	14539353615								1605	Error: Aleph-запись должна содержать ровно одно поле LDR; найдено 2.
rsl01_z00.dat	010814699	10127512	10127511	14540200910								1606	Error: Aleph-запись должна содержать ровно одно поле LDR; найдено 2.
rsl01_z00.dat	010814724	10127513	10127512	14540201762								1607	Error: Aleph-запись должна содержать ровно одно поле LDR; найдено 2.
rsl01_z00.dat	010814897	10127709	10127708	14540553655								1608	Error: Aleph-запись должна содержать ровно одно поле LDR; найдено 2.
rsl01_z00.dat	010814903	10127711	10127710	14540558195								1609	Error: Aleph-запись должна содержать ровно одно поле LDR; найдено 2.
rsl01_z00.dat	010814983	10127790	10127789	14540705005								1610	Error: Aleph-запись должна содержать ровно одно поле LDR; найдено 2.
rsl01_z00.dat	010814992	10127793	10127792	14540709724								1611	Error: Aleph-запись должна содержать ровно одно поле LDR; найдено 2.
rsl01_z00.dat	010816091	10128768	10128767	14542421370								1612	Error: Aleph-запись должна содержать ровно одно поле LDR; найдено 2.
rsl01_z00.dat	010816092	10128783	10128782	14542452740								1613	Error: Aleph-запись должна содержать ровно одно поле LDR; найдено 2.
rsl01_z00.dat	010834132	10144732	10144731	14571492110								1614	Error: Aleph-запись должна содержать ровно одно поле LDR; найдено 2.
rsl01_z00.dat	010864247	10177011	10177010	14630849763								1615	Error: Aleph-запись должна содержать ровно одно поле LDR; найдено 3.
rsl01_z00.dat	010890959	10189015	10189014	14653278654								1616	Error: Aleph-запись должна содержать ровно одно поле LDR; найдено 2.
rsl01_z00.dat	010898739	10202259	10202258	14676966075								1617	Error: Aleph-запись должна содержать ровно одно поле LDR; найдено 2.
rsl01_z00.dat	010898743	10202261	10202260	14676968206								1618	Error: Aleph-запись должна содержать ровно одно поле LDR; найдено 2.
rsl01_z00.dat	010955346	10256010	10256009	14766320480								1619	Error: Aleph-запись должна содержать ровно одно поле LDR; найдено 2.
rsl01_z00.dat	010975415	10275569	10275568	14804500655								1620	Error: Aleph-запись должна содержать ровно одно поле LDR; найдено 2.
rsl01_z00.dat	010975444	10275601	10275600	14804552767								1621	Error: Aleph-запись должна содержать ровно одно поле LDR; найдено 2.
rsl01_z00.dat	010975473	10275612	10275611	14804577588								1622	Error: Aleph-запись должна содержать ровно одно поле LDR; найдено 2.
rsl01_z00.dat	010975498	10275640	10275639	14804625962								1623	Error: Aleph-запись должна содержать ровно одно поле LDR; найдено 2.
rsl01_z00.dat	010984163	10283463	10283462	14819795951								1624	Error: Aleph-запись должна содержать ровно одно поле LDR; найдено 2.
rsl01_z00.dat	010984174	10283472	10283471	14819812323								1625	Error: Aleph-запись должна содержать ровно одно поле LDR; найдено 2.
rsl01_z00.dat	010984193	10283479	10283478	14819821351								1626	Error: Aleph-запись должна содержать ровно одно поле LDR; найдено 2.
rsl01_z00.dat	007938552	10286410	10286409	14825373312								1627	Error: Aleph-запись должна содержать ровно одно поле LDR; найдено 2.
rsl01_z00.dat	002704404	10304371	10304370	14859683573								1628	Error: Aleph-запись должна содержать ровно одно поле LDR; найдено 2.
rsl01_z00.dat	002704438	10304373	10304372	14859688791								1629	Error: Aleph-запись должна содержать ровно одно поле LDR; найдено 3.
rsl01_z00.dat	003572825	10334002	10334001	14924124078								1630	Error: Aleph-запись должна содержать ровно одно поле LDR; найдено 2.
rsl01_z00.dat	003646222	10334413	10334412	14924827878								1631	Error: Aleph-запись должна содержать ровно одно поле LDR; найдено 3.
rsl01_z00.dat	003823947	10335360	10335359	14926435208								1632	Error: Aleph-запись должна содержать ровно одно поле LDR; найдено 2.
rsl01_z00.dat	003866943	10336994	10336993	14929462267								1633	Error: Aleph-запись должна содержать ровно одно поле LDR; найдено 2.
rsl01_z00.dat	003866948	10336995	10336994	14929464780								1634	Error: Aleph-запись должна содержать ровно одно поле LDR; найдено 2.
rsl01_z00.dat	003866952	10336996	10336995	14929467296								1635	Error: Aleph-запись должна содержать ровно одно поле LDR; найдено 2.
rsl01_z00.dat	003917397	10337095	10337094	14929651264								1636	Error: Aleph-запись должна содержать ровно одно поле LDR; найдено 2.
rsl01_z00.dat	003924080	10337119	10337118	14929696216								1637	Error: Aleph-запись должна содержать ровно одно поле LDR; найдено 2.
rsl01_z00.dat	003932393	10337135	10337134	14929729247								1638	Error: Aleph-запись должна содержать ровно одно поле LDR; найдено 3.
rsl01_z00.dat	003961355	10337184	10337183	14929827959								1639	Error: Aleph-запись должна содержать ровно одно поле LDR; найдено 2.
rsl01_z00.dat	004089812	10338079	10338078	14931535747								1640	Error: Aleph-запись должна содержать ровно одно поле LDR; найдено 2.
rsl01_z00.dat	004180227	10338687	10338686	14932799672								1641	Error: Aleph-запись должна содержать ровно одно поле LDR; найдено 2.
rsl01_z00.dat	004180233	10338689	10338688	14932803185								1642	Error: Aleph-запись должна содержать ровно одно поле LDR; найдено 2.
rsl01_z00.dat	004183269	10338697	10338696	14932818785								1643	Error: Aleph-запись должна содержать ровно одно поле LDR; найдено 2.
rsl01_z00.dat	005480222	10349335	10349334	14954606093								1644	Error: Aleph-запись должна содержать ровно одно поле LDR; найдено 2.
rsl01_z00.dat	006682895	10354365	10354364	14965530775								1645	Error: Aleph-запись должна содержать ровно одно поле LDR; найдено 2.
rsl01_z00.dat	007520938	10355246	10355245	14967457842								1646	Error: Aleph-запись должна содержать ровно одно поле LDR; найдено 2.
rsl01_z00.dat	007521353	10355249	10355248	14967464595								1647	Error: Aleph-запись должна содержать ровно одно поле LDR; найдено 2.
rsl01_z00.dat	007542276	10355340	10355339	14967652178								1648	Error: Aleph-запись должна содержать ровно одно поле LDR; найдено 2.
rsl01_z00.dat	007560322	10355414	10355413	14967818495								1649	Error: Aleph-запись должна содержать ровно одно поле LDR; найдено 2.
rsl01_z00.dat	007809408	10355567	10355566	14968126178								1650	Error: Aleph-запись должна содержать ровно одно поле LDR; найдено 2.
rsl01_z00.dat	007993059	10356416	10356415	14969880816								1651	Error: Aleph-запись должна содержать ровно одно поле LDR; найдено 2.
rsl01_z00.dat	007999452	10356433	10356432	14969919492								1652	Error: Aleph-запись должна содержать ровно одно поле LDR; найдено 2.
rsl01_z00.dat	008000726	10356435	10356434	14969924445								1653	Error: Aleph-запись должна содержать ровно одно поле LDR; найдено 2.
rsl01_z00.dat	008001046	10356436	10356435	14969926272								1654	Error: Aleph-запись должна содержать ровно одно поле LDR; найдено 2.
rsl01_z00.dat	008001109	10356437	10356436	14969928059								1655	Error: Aleph-запись должна содержать ровно одно поле LDR; найдено 2.
rsl01_z00.dat	008002085	10356439	10356438	14969932249								1656	Error: Aleph-запись должна содержать ровно одно поле LDR; найдено 2.
rsl01_z00.dat	011012814	10371584	10371583	15000557225								1657	Error: Aleph-запись должна содержать ровно одно поле LDR; найдено 2.
rsl01_z00.dat	005480224	10427250	10427249	15104227725								1659	Error: Aleph-запись должна содержать ровно одно поле LDR; найдено 2.
rsl01_z00.dat	005420497	10440361	10440360	15127501144								1661	Error: Aleph-запись должна содержать ровно одно поле LDR; найдено 2.
rsl01_z00.dat	011066541	10465490	10465489	15178646443								1662	Error: Aleph-запись должна содержать ровно одно поле LDR; найдено 2.
rsl01_z00.dat	006584383	10476158	10476157	15198857116								1663	Error: Aleph-запись должна содержать ровно одно поле LDR; найдено 2.
rsl01_z00.dat	012835501	10480755	10480754	15207395221								1664	Error: Aleph-запись должна содержать ровно одно поле LDR; найдено 2.
rsl01_z00.dat	011150681	10511937	10511936	15264917535								1666	Error: Aleph-запись должна содержать ровно одно поле LDR; найдено 2.
rsl01_z00.dat	011150609	10514999	10514998	15270945145								1667	Error: Aleph-запись должна содержать ровно одно поле LDR; найдено 2.
rsl01_z00.dat	011151927	10516311	10516310	15273446273								1668	Error: Aleph-запись должна содержать ровно одно поле LDR; найдено 2.
rsl01_z00.dat	001228080	10519426	10519425	15279275861								1669	Error: Aleph-запись должна содержать ровно одно поле LDR; найдено 2.
rsl01_z00.dat	001353998	10519449	10519448	15279331523								1670	Error: Aleph-запись должна содержать ровно одно поле LDR; найдено 2.
rsl01_z00.dat	004183270	10520076	10520075	15280550980								1671	Error: Aleph-запись должна содержать ровно одно поле LDR; найдено 2.
rsl01_z00.dat	007489673	10520881	10520880	15281992441								1672	Error: Aleph-запись должна содержать ровно одно поле LDR; найдено 2.
rsl01_z00.dat	006760773	10526583	10526582	15292517395								1673	Error: Aleph-запись должна содержать ровно одно поле LDR; найдено 2.
rsl01_z00.dat	011186460	10562336	10562335	15357859786								1674	Error: Aleph-запись должна содержать ровно одно поле LDR; найдено 2.
rsl01_z00.dat	011190033	10566505	10566504	15365757803								1675	Error: Aleph-запись должна содержать ровно одно поле LDR; найдено 2.
rsl01_z00.dat	011188234	10568126	10568125	15369117383								1676	Error: Aleph-запись должна содержать ровно одно поле LDR; найдено 2.
rsl01_z00.dat	011190026	10570055	10570054	15372633329								1677	Error: Aleph-запись должна содержать ровно одно поле LDR; найдено 2.
rsl01_z00.dat	011151603	10583240	10583239	15397284242								1679	Error: Aleph-запись должна содержать ровно одно поле LDR; найдено 2.
rsl01_z00.dat	007542751	10589599	10589598	15409600753								1680	Error: Aleph-запись должна содержать ровно одно поле LDR; найдено 2.
rsl01_z00.dat	011221049	10598313	10598312	15425672966								1681	Error: Aleph-запись должна содержать ровно одно поле LDR; найдено 2.
rsl01_z00.dat	011225874	10601546	10601545	15431640352								1682	Error: Aleph-запись должна содержать ровно одно поле LDR; найдено 2.
rsl01_z00.dat	011225891	10601548	10601547	15431642204								1683	Error: Aleph-запись должна содержать ровно одно поле LDR; найдено 2.
rsl01_z00.dat	011226408	10602203	10602202	15432952226								1684	Error: Aleph-запись должна содержать ровно одно поле LDR; найдено 2.
rsl01_z00.dat	011227871	10603255	10603254	15434955574								1685	Error: Aleph-запись должна содержать ровно одно поле LDR; найдено 2.
rsl01_z00.dat	011228058	10603400	10603399	15435211859								1686	Error: Aleph-запись должна содержать ровно одно поле LDR; найдено 2.
rsl01_z00.dat	002704435	10606091	10606090	15440129361								1687	Error: Aleph-запись должна содержать ровно одно поле LDR; найдено 3.
rsl01_z00.dat	002826600	10615126	10615125	15455206253								1688	Error: Aleph-запись должна содержать ровно одно поле LDR; найдено 2.
rsl01_z00.dat	006580613	10616372	10616371	15457155945								1689	Error: Aleph-запись должна содержать ровно одно поле LDR; найдено 2.
rsl01_z00.dat	006500591	10616373	10616372	15457159372								1690	Error: Aleph-запись должна содержать ровно одно поле LDR; найдено 2.
rsl01_z00.dat	005496832	10616386	10616385	15457187155								1691	Error: Aleph-запись должна содержать ровно одно поле LDR; найдено 2.
rsl01_z00.dat	005423923	10616709	10616708	15457771128								1692	Error: Aleph-запись должна содержать ровно одно поле LDR; найдено 2.
rsl01_z00.dat	007825572	10617033	10617032	15458346740								1693	Error: Aleph-запись должна содержать ровно одно поле LDR; найдено 2.
rsl01_z00.dat	007566998	10619764	10619763	15462856167								1694	Error: Aleph-запись должна содержать ровно одно поле LDR; найдено 2.
rsl01_z00.dat	007550657	10619775	10619774	15462874687								1695	Error: Aleph-запись должна содержать ровно одно поле LDR; найдено 2.
rsl01_z00.dat	005383854	10622338	10622337	15468364379								1696	Error: Aleph-запись должна содержать ровно одно поле LDR; найдено 2.
rsl01_z00.dat	006628685	10624440	10624439	15472385646								1697	Error: Aleph-запись должна содержать ровно одно поле LDR; найдено 3.
rsl01_z00.dat	005115341	10625043	10625042	15473559083								1698	Error: Aleph-запись должна содержать ровно одно поле LDR; найдено 2.
rsl01_z00.dat	011300954	10703348	10703347	15615566240								1699	Error: Aleph-запись должна содержать ровно одно поле LDR; найдено 2.
rsl01_z00.dat	007848875	10740759	10740758	15681877343								1700	Error: Aleph-запись должна содержать ровно одно поле LDR; найдено 2.
rsl01_z00.dat	007517473	10760945	10760944	15718252760								1701	Error: Aleph-запись должна содержать ровно одно поле LDR; найдено 2.
rsl01_z00.dat	007517398	10760956	10760955	15718272442								1702	Error: Aleph-запись должна содержать ровно одно поле LDR; найдено 2.
rsl01_z00.dat	007857267	10769821	10769820	15734465723								1703	Error: Aleph-запись должна содержать ровно одно поле LDR; найдено 2.
rsl01_z00.dat	004090099	10770372	10770371	15735506358								1704	Error: Aleph-запись должна содержать ровно одно поле LDR; найдено 3.
rsl01_z00.dat	005111455	10801548	10801547	15792518865								1705	Error: Aleph-запись должна содержать ровно одно поле LDR; найдено 2.
rsl01_z00.dat	005478949	10801583	10801582	15792587889								1706	Error: Aleph-запись должна содержать ровно одно поле LDR; найдено 2.
rsl01_z00.dat	005498896	10801595	10801594	15792608955								1707	Error: Aleph-запись должна содержать ровно одно поле LDR; найдено 2.
rsl01_z00.dat	006582889	10801651	10801650	15792713793								1708	Error: Aleph-запись должна содержать ровно одно поле LDR; найдено 2.
rsl01_z00.dat	007903807	10804817	10804816	15798638708								1709	Error: Aleph-запись должна содержать ровно одно поле LDR; найдено 2.
rsl01_z00.dat	004089841	10806584	10806583	15801781030								1710	Error: Aleph-запись должна содержать ровно одно поле LDR; найдено 2.
rsl01_z00.dat	004090047	10806586	10806585	15801785796								1711	Error: Aleph-запись должна содержать ровно одно поле LDR; найдено 2.
rsl01_z00.dat	007530121	10807480	10807479	15803615438								1712	Error: Aleph-запись должна содержать ровно одно поле LDR; найдено 2.
rsl01_z00.dat	007542848	10807493	10807492	15803644279								1713	Error: Aleph-запись должна содержать ровно одно поле LDR; найдено 2.
rsl01_z00.dat	007551922	10807503	10807502	15803666039								1714	Error: Aleph-запись должна содержать ровно одно поле LDR; найдено 2.
rsl01_z00.dat	007974575	10807673	10807672	15803957880								1715	Error: Aleph-запись должна содержать ровно одно поле LDR; найдено 2.
rsl01_z00.dat	007993998	10807685	10807684	15803983147								1716	Error: Aleph-запись должна содержать ровно одно поле LDR; найдено 2.
rsl01_z00.dat	007995192	10807687	10807686	15803986036								1717	Error: Aleph-запись должна содержать ровно одно поле LDR; найдено 2.
rsl01_z00.dat	008021430	10807713	10807712	15804030356								1718	Error: Aleph-запись должна содержать ровно одно поле LDR; найдено 2.
rsl01_z00.dat	008161551	10807840	10807839	15804250640								1719	Error: Aleph-запись должна содержать ровно одно поле LDR; найдено 2.
rsl01_z00.dat	001064969	10809718	10809717	15807234902								1720	Error: Aleph-запись должна содержать ровно одно поле LDR; найдено 2.
rsl01_z00.dat	001281628	10814994	10814993	15815690814								1721	Error: Aleph-запись должна содержать ровно одно поле LDR; найдено 2.
rsl01_z00.dat	001549795	10820352	10820351	15824068375								1722	Error: Aleph-запись должна содержать ровно одно поле LDR; найдено 2.
rsl01_z00.dat	011458392	10832272	10832271	15844874957								1723	Error: Aleph-запись должна содержать ровно одно поле LDR; найдено 2.
rsl01_z00.dat	011458425	10832295	10832294	15844913430								1724	Error: Aleph-запись должна содержать ровно одно поле LDR; найдено 2.
rsl01_z00.dat	011458473	10832323	10832322	15844959619								1725	Error: Aleph-запись должна содержать ровно одно поле LDR; найдено 2.
rsl01_z00.dat	011459232	10832863	10832862	15845938408								1726	Error: Aleph-запись должна содержать ровно одно поле LDR; найдено 2.
rsl01_z00.dat	011459717	10833312	10833311	15846730848								1727	Error: Aleph-запись должна содержать ровно одно поле LDR; найдено 2.
rsl01_z00.dat	011459946	10833382	10833381	15846851141								1728	Error: Aleph-запись должна содержать ровно одно поле LDR; найдено 2.
rsl01_z00.dat	011464219	10835132	10835131	15850028669								1729	Error: Aleph-запись должна содержать ровно одно поле LDR; найдено 2.
rsl01_z00.dat	011464226	10835135	10835134	15850032389								1730	Error: Aleph-запись должна содержать ровно одно поле LDR; найдено 2.
rsl01_z00.dat	011464276	10835198	10835197	15850141616								1731	Error: Aleph-запись должна содержать ровно одно поле LDR; найдено 2.
rsl01_z00.dat	011464434	10835356	10835355	15850413597								1732	Error: Aleph-запись должна содержать ровно одно поле LDR; найдено 2.
rsl01_z00.dat	011464492	10835419	10835418	15850517115								1733	Error: Aleph-запись должна содержать ровно одно поле LDR; найдено 2.
rsl01_z00.dat	005466415	10847148	10847147	15872183051								1734	Error: Aleph-запись должна содержать ровно одно поле LDR; найдено 2.
rsl01_z00.dat	008081031	10851167	10851166	15879666838								1735	Error: Aleph-запись должна содержать ровно одно поле LDR; найдено 2.
rsl01_z00.dat	011501918	10864680	10864679	15905544943								1736	Error: Aleph-запись должна содержать ровно одно поле LDR; найдено 2.
rsl01_z00.dat	011502114	10864799	10864798	15905782596								1737	Error: Aleph-запись должна содержать ровно одно поле LDR; найдено 2.
rsl01_z00.dat	011502194	10864854	10864853	15905895386								1738	Error: Aleph-запись должна содержать ровно одно поле LDR; найдено 2.
rsl01_z00.dat	007559201	10871661	10871660	15918392009								1739	Error: Aleph-запись должна содержать ровно одно поле LDR; найдено 2.
rsl01_z00.dat	004936470	10902950	10902949	15972285572								1740	Error: Aleph-запись должна содержать ровно одно поле LDR; найдено 2.
rsl01_z00.dat	011542010	10913630	10913629	15991217186								1742	Error: Aleph-запись должна содержать ровно одно поле LDR; найдено 2.
rsl01_z00.dat	005415242	10914241	10914240	15992294998								1743	Error: Aleph-запись должна содержать ровно одно поле LDR; найдено 2.
rsl01_z00.dat	007567018	10914322	10914321	15992438900								1744	Error: Aleph-запись должна содержать ровно одно поле LDR; найдено 2.
rsl01_z00.dat	008062561	10914343	10914342	15992474705								1745	Error: Aleph-запись должна содержать ровно одно поле LDR; найдено 2.
rsl01_z00.dat	002704431	10937005	10937004	16035678106								1746	Error: Aleph-запись должна содержать ровно одно поле LDR; найдено 2.
rsl01_z00.dat	007877514	10941898	10941897	16045018763								1747	Error: Aleph-запись должна содержать ровно одно поле LDR; найдено 2.
rsl01_z00.dat	001263170	10953615	10953614	16070231308								1748	Error: Aleph-запись должна содержать ровно одно поле LDR; найдено 2.
rsl01_z00.dat	011744505	10968657	10968656	16098755729								1749	Error: Aleph-запись должна содержать ровно одно поле LDR; найдено 2.
rsl01_z00.dat	004397363	11001048	11001047	16163408080								1750	Error: Aleph-запись должна содержать ровно одно поле LDR; найдено 3.
rsl01_z00.dat	008072105	11001181	11001180	16163734579								1751	Error: Aleph-запись должна содержать ровно одно поле LDR; найдено 2.
rsl01_z00.dat	005498415	11013623	11013622	16191537154								1753	Error: Aleph-запись должна содержать ровно одно поле LDR; найдено 2.
rsl01_z00.dat	005475068	11013630	11013629	16191558027								1754	Error: Aleph-запись должна содержать ровно одно поле LDR; найдено 2.
rsl01_z00.dat	006587625	11013662	11013661	16191634204								1755	Error: Aleph-запись должна содержать ровно одно поле LDR; найдено 2.
rsl01_z00.dat	005424131	11020229	11020228	16203971941								1756	Error: Aleph-запись должна содержать ровно одно поле LDR; найдено 2.
rsl01_z00.dat	005442690	11022429	11022428	16207400617								1757	Error: Aleph-запись должна содержать ровно одно поле LDR; найдено 2.
rsl01_z00.dat	003831058	11031761	11031760	16222124701								1758	Error: Aleph-запись должна содержать ровно одно поле LDR; найдено 2.
rsl01_z00.dat	003903948	11032401	11032400	16223000640								1759	Error: Aleph-запись должна содержать ровно одно поле LDR; найдено 2.
rsl01_z00.dat	003932386	11032541	11032540	16223194962								1760	Error: Aleph-запись должна содержать ровно одно поле LDR; найдено 2.
rsl01_z00.dat	003952900	11032635	11032634	16223333781								1761	Error: Aleph-запись должна содержать ровно одно поле LDR; найдено 2.
rsl01_z00.dat	003992781	11032826	11032825	16223615783								1762	Error: Aleph-запись должна содержать ровно одно поле LDR; найдено 2.
rsl01_z00.dat	004003069	11032870	11032869	16223679224								1763	Error: Aleph-запись должна содержать ровно одно поле LDR; найдено 2.
rsl01_z00.dat	009528154	11033460	11033459	16224439434								1764	Error: Aleph-запись должна содержать ровно одно поле LDR; найдено 2.
rsl01_z00.dat	007965745	11038362	11038361	16232271256								1765	Error: Aleph-запись должна содержать ровно одно поле LDR; найдено 2.
rsl01_z00.dat	007827350	11051108	11051107	16254581600								1766	Error: Aleph-запись должна содержать ровно одно поле LDR; найдено 2.
rsl01_z00.dat	007974590	11054683	11054682	16263143987								1767	Error: Aleph-запись должна содержать ровно одно поле LDR; найдено 2.
rsl01_z00.dat	008026849	11054694	11054693	16263166808								1768	Error: Aleph-запись должна содержать ровно одно поле LDR; найдено 2.
rsl01_z00.dat	007965152	11054704	11054703	16263186836								1769	Error: Aleph-запись должна содержать ровно одно поле LDR; найдено 2.
rsl01_z00.dat	007875471	11054827	11054826	16263418505								1770	Error: Aleph-запись должна содержать ровно одно поле LDR; найдено 2.
rsl01_z00.dat	007530080	11055234	11055233	16264273678								1771	Error: Aleph-запись должна содержать ровно одно поле LDR; найдено 2.
rsl01_z00.dat	007542853	11055339	11055338	16264560513								1772	Error: Aleph-запись должна содержать ровно одно поле LDR; найдено 2.
rsl01_z00.dat	006692203	11055350	11055349	16264595293								1773	Error: Aleph-запись должна содержать ровно одно поле LDR; найдено 2.
rsl01_z00.dat	006761100	11055462	11055461	16264925953								1774	Error: Aleph-запись должна содержать ровно одно поле LDR; найдено 2.
rsl01_z00.dat	007493125	11055525	11055524	16265095072								1775	Error: Aleph-запись должна содержать ровно одно поле LDR; найдено 2.
rsl01_z00.dat	008064853	11055689	11055688	16265530466								1776	Error: Aleph-запись должна содержать ровно одно поле LDR; найдено 2.
rsl01_z00.dat	007965143	11055691	11055690	16265534278								1777	Error: Aleph-запись должна содержать ровно одно поле LDR; найдено 2.
rsl01_z00.dat	007965803	11055692	11055691	16265537803								1778	Error: Aleph-запись должна содержать ровно одно поле LDR; найдено 2.
rsl01_z00.dat	007496299	11061849	11061848	16276730331								1779	Error: Aleph-запись должна содержать ровно одно поле LDR; найдено 3.
rsl01_z00.dat	004112323	11061966	11061965	16276958486								1780	Error: Aleph-запись должна содержать ровно одно поле LDR; найдено 2.
rsl01_z00.dat	008486623	11075470	11075469	16299516475								1781	Error: Aleph-запись должна содержать ровно одно поле LDR; найдено 2.
rsl01_z00.dat	006676519	11075523	11075522	16299654994								1782	Error: Aleph-запись должна содержать ровно одно поле LDR; найдено 2.
rsl01_z00.dat	006548791	11076125	11076124	16300736147								1783	Error: Aleph-запись должна содержать ровно одно поле LDR; найдено 2.
rsl01_z00.dat	007657258	11076289	11076288	16301201243								1784	Error: Aleph-запись должна содержать ровно одно поле LDR; найдено 2.
rsl01_z00.dat	006762560	11076418	11076417	16301558198								1785	Error: Aleph-запись должна содержать ровно одно поле LDR; найдено 2.
rsl01_z00.dat	007542863	11076535	11076534	16301895764								1786	Error: Aleph-запись должна содержать ровно одно поле LDR; найдено 2.
rsl01_z00.dat	007993077	11076576	11076575	16301996925								1787	Error: Aleph-запись должна содержать ровно одно поле LDR; найдено 2.
rsl01_z00.dat	007993087	11076577	11076576	16302000473								1788	Error: Aleph-запись должна содержать ровно одно поле LDR; найдено 2.
rsl01_z00.dat	007993099	11076578	11076577	16302004069								1789	Error: Aleph-запись должна содержать ровно одно поле LDR; найдено 2.
rsl01_z00.dat	011744504	11090529	11090528	16332102837								1791	Error: Aleph-запись должна содержать ровно одно поле LDR; найдено 2.
rsl01_z00.dat	004090071	11126092	11126091	16396764344								1792	Error: Aleph-запись должна содержать ровно одно поле LDR; найдено 2.
rsl01_z00.dat	004109648	11126263	11126262	16397083888								1793	Error: Aleph-запись должна содержать ровно одно поле LDR; найдено 3.
rsl01_z00.dat	004110405	11126266	11126265	16397091787								1794	Error: Aleph-запись должна содержать ровно одно поле LDR; найдено 2.
rsl01_z00.dat	004776891	11129997	11129996	16402292399								1795	Error: Aleph-запись должна содержать ровно одно поле LDR; найдено 2.
rsl01_z00.dat	004995378	11132012	11132011	16404944970								1796	Error: Aleph-запись должна содержать ровно одно поле LDR; найдено 2.
rsl01_z00.dat	005038927	11132071	11132070	16405078490								1797	Error: Aleph-запись должна содержать ровно одно поле LDR; найдено 3.
rsl01_z00.dat	005420506	11132278	11132277	16405645817								1798	Error: Aleph-запись должна содержать ровно одно поле LDR; найдено 2.
rsl01_z00.dat	005443431	11132343	11132342	16405819199								1799	Error: Aleph-запись должна содержать ровно одно поле LDR; найдено 2.
rsl01_z00.dat	005445935	11132357	11132356	16405847888								1800	Error: Aleph-запись должна содержать ровно одно поле LDR; найдено 2.
rsl01_z00.dat	005475060	11132422	11132421	16406011659								1801	Error: Aleph-запись должна содержать ровно одно поле LDR; найдено 2.
rsl01_z00.dat	006508441	11132634	11132633	16406519024								1802	Error: Aleph-запись должна содержать ровно одно поле LDR; найдено 2.
rsl01_z00.dat	006580607	11132912	11132911	16407290693								1803	Error: Aleph-запись должна содержать ровно одно поле LDR; найдено 2.
rsl01_z00.dat	006724902	11133220	11133219	16408119202								1804	Error: Aleph-запись должна содержать ровно одно поле LDR; найдено 2.
rsl01_z00.dat	007531260	11133563	11133562	16409032149								1805	Error: Aleph-запись должна содержать ровно одно поле LDR; найдено 2.
rsl01_z00.dat	007531270	11133564	11133563	16409033863								1806	Error: Aleph-запись должна содержать ровно одно поле LDR; найдено 3.
rsl01_z00.dat	007542858	11133605	11133604	16409136149								1807	Error: Aleph-запись должна содержать ровно одно поле LDR; найдено 2.
rsl01_z00.dat	007550913	11133628	11133627	16409184371								1808	Error: Aleph-запись должна содержать ровно одно поле LDR; найдено 2.
rsl01_z00.dat	007552076	11133629	11133628	16409185832								1809	Error: Aleph-запись должна содержать ровно одно поле LDR; найдено 2.
rsl01_z00.dat	007552085	11133630	11133629	16409187387								1810	Error: Aleph-запись должна содержать ровно одно поле LDR; найдено 2.
rsl01_z00.dat	007657862	11133693	11133692	16409342144								1811	Error: Aleph-запись должна содержать ровно одно поле LDR; найдено 2.
rsl01_z00.dat	007848808	11133739	11133738	16409457597								1812	Error: Aleph-запись должна содержать ровно одно поле LDR; найдено 2.
rsl01_z00.dat	007879776	11133808	11133807	16409635217								1813	Error: Aleph-запись должна содержать ровно одно поле LDR; найдено 2.
rsl01_z00.dat	007938543	11133858	11133857	16409806988								1814	Error: Aleph-запись должна содержать ровно одно поле LDR; найдено 2.
rsl01_z00.dat	007941663	11133859	11133858	16409809844								1815	Error: Aleph-запись должна содержать ровно одно поле LDR; найдено 2.
rsl01_z00.dat	010387594	11235947	11235946	16594201535								1818	Error: Aleph-запись должна содержать ровно одно поле LDR; найдено 2.
rsl01_z00.dat	011696985	11237513	11237512	16597220993								1819	Error: Aleph-запись должна содержать ровно одно поле LDR; найдено 2.
rsl01_z00.dat	011151569	11375299	11375298	16841306391								1823	Error: Aleph-запись должна содержать ровно одно поле LDR; найдено 2.
rsl01_z00.dat	004090837	11431382	11431381	16952361283								1825	Error: Aleph-запись должна содержать ровно одно поле LDR; найдено 2.
rsl01_z00.dat	004090822	11439384	11439383	16966831574								1826	Error: Aleph-запись должна содержать ровно одно поле LDR; найдено 2.
rsl01_z00.dat	003866933	11452165	11452164	16991241609								1827	Error: Aleph-запись должна содержать ровно одно поле LDR; найдено 2.
rsl01_z00.dat	003866967	11452167	11452166	16991245303								1828	Error: Aleph-запись должна содержать ровно одно поле LDR; найдено 2.
rsl01_z00.dat	003866969	11452170	11452169	16991250807								1829	Error: Aleph-запись должна содержать ровно одно поле LDR; найдено 2.
rsl01_z00.dat	003897422	11452221	11452220	16991341820								1830	Error: Aleph-запись должна содержать ровно одно поле LDR; найдено 2.
rsl01_z00.dat	003903946	11452228	11452227	16991354676								1831	Error: Aleph-запись должна содержать ровно одно поле LDR; найдено 2.
rsl01_z00.dat	003904940	11452229	11452228	16991356728								1832	Error: Aleph-запись должна содержать ровно одно поле LDR; найдено 2.
rsl01_z00.dat	003952897	11452317	11452316	16991514463								1833	Error: Aleph-запись должна содержать ровно одно поле LDR; найдено 2.
rsl01_z00.dat	003952901	11452318	11452317	16991516218								1834	Error: Aleph-запись должна содержать ровно одно поле LDR; найдено 2.
rsl01_z00.dat	003952907	11452319	11452318	16991517980								1835	Error: Aleph-запись должна содержать ровно одно поле LDR; найдено 2.
rsl01_z00.dat	003965174	11452350	11452349	16991577759								1836	Error: Aleph-запись должна содержать ровно одно поле LDR; найдено 2.
rsl01_z00.dat	003968049	11452354	11452353	16991585636								1837	Error: Aleph-запись должна содержать ровно одно поле LDR; найдено 2.
rsl01_z00.dat	003995169	11452424	11452423	16991714130								1838	Error: Aleph-запись должна содержать ровно одно поле LDR; найдено 2.
rsl01_z00.dat	004183273	11452509	11452508	16991885788								1839	Error: Aleph-запись должна содержать ровно одно поле LDR; найдено 2.
rsl01_z00.dat	007521532	11453271	11453270	16993376608								1840	Error: Aleph-запись должна содержать ровно одно поле LDR; найдено 2.
rsl01_z00.dat	007522020	11453272	11453271	16993378940								1841	Error: Aleph-запись должна содержать ровно одно поле LDR; найдено 2.
rsl01_z00.dat	007916620	11453508	11453507	16993906374								1842	Error: Aleph-запись должна содержать ровно одно поле LDR; найдено 2.
rsl01_z00.dat	007996893	11453609	11453608	16994098514								1843	Error: Aleph-запись должна содержать ровно одно поле LDR; найдено 2.
rsl01_z00.dat	007997253	11453612	11453611	16994104114								1844	Error: Aleph-запись должна содержать ровно одно поле LDR; найдено 2.
rsl01_z00.dat	007997725	11453613	11453612	16994106010								1845	Error: Aleph-запись должна содержать ровно одно поле LDR; найдено 2.
rsl01_z00.dat	007998880	11453618	11453617	16994116572								1846	Error: Aleph-запись должна содержать ровно одно поле LDR; найдено 2.
rsl01_z00.dat	007999414	11453622	11453621	16994124240								1847	Error: Aleph-запись должна содержать ровно одно поле LDR; найдено 2.
rsl01_z00.dat	008000233	11453624	11453623	16994128100								1848	Error: Aleph-запись должна содержать ровно одно поле LDR; найдено 2.
rsl01_z00.dat	008000255	11453626	11453625	16994131502								1849	Error: Aleph-запись должна содержать ровно одно поле LDR; найдено 2.
rsl01_z00.dat	008000864	11453627	11453626	16994133369								1850	Error: Aleph-запись должна содержать ровно одно поле LDR; найдено 2.
rsl01_z00.dat	008001262	11453629	11453628	16994137267								1851	Error: Aleph-запись должна содержать ровно одно поле LDR; найдено 2.
rsl01_z00.dat	008002403	11453636	11453635	16994150955								1852	Error: Aleph-запись должна содержать ровно одно поле LDR; найдено 2.
rsl01_z00.dat	008003004	11453642	11453641	16994162015								1853	Error: Aleph-запись должна содержать ровно одно поле LDR; найдено 2.
rsl01_z00.dat	007886945	11456350	11456349	16999506747								1854	Error: Aleph-запись должна содержать ровно одно поле LDR; найдено 2.
rsl01_z00.dat	003866940	11457086	11457085	17001108875								1855	Error: Aleph-запись должна содержать ровно одно поле LDR; найдено 2.
rsl01_z00.dat	003866963	11457087	11457086	17001111123								1856	Error: Aleph-запись должна содержать ровно одно поле LDR; найдено 2.
rsl01_z00.dat	007900392	11457190	11457189	17001304175								1857	Error: Aleph-запись должна содержать ровно одно поле LDR; найдено 2.
rsl01_z00.dat	007900460	11457192	11457191	17001308427								1858	Error: Aleph-запись должна содержать ровно одно поле LDR; найдено 2.
rsl01_z00.dat	007987288	11457200	11457199	17001325319								1859	Error: Aleph-запись должна содержать ровно одно поле LDR; найдено 3.
rsl01_z00.dat	005115179	11459830	11459829	17006601111								1860	Error: Aleph-запись должна содержать ровно одно поле LDR; найдено 2.
rsl01_z00.dat	005128085	11459834	11459833	17006608083								1861	Error: Aleph-запись должна содержать ровно одно поле LDR; найдено 2.
rsl01_z00.dat	005417856	11459839	11459838	17006620372								1862	Error: Aleph-запись должна содержать ровно одно поле LDR; найдено 2.
rsl01_z00.dat	005423818	11459841	11459840	17006625899								1863	Error: Aleph-запись должна содержать ровно одно поле LDR; найдено 2.
rsl01_z00.dat	005430392	11459845	11459844	17006637608								1864	Error: Aleph-запись должна содержать ровно одно поле LDR; найдено 2.
rsl01_z00.dat	009380179	11459975	11459974	17006938399								1865	Error: Aleph-запись должна содержать ровно одно поле LDR; найдено 2.
rsl01_z00.dat	011888858	11460197	11460196	17007478481								1866	Error: Aleph-запись должна содержать ровно одно поле LDR; найдено 2.
rsl01_z00.dat	003823948	11464324	11464323	17015879169								1867	Error: Aleph-запись должна содержать ровно одно поле LDR; найдено 2.
rsl01_z00.dat	003990019	11464993	11464992	17017041855								1868	Error: Aleph-запись должна содержать ровно одно поле LDR; найдено 2.
rsl01_z00.dat	004018062	11465050	11465049	17017145410								1869	Error: Aleph-запись должна содержать ровно одно поле LDR; найдено 2.
rsl01_z00.dat	007521001	11466648	11466647	17019379120								1870	Error: Aleph-запись должна содержать ровно одно поле LDR; найдено 2.
rsl01_z00.dat	007522167	11466652	11466651	17019389359								1871	Error: Aleph-запись должна содержать ровно одно поле LDR; найдено 2.
rsl01_z00.dat	007529826	11466662	11466661	17019409380								1872	Error: Aleph-запись должна содержать ровно одно поле LDR; найдено 2.
rsl01_z00.dat	007530091	11466664	11466663	17019413057								1873	Error: Aleph-запись должна содержать ровно одно поле LDR; найдено 2.
rsl01_z00.dat	007998441	11466737	11466736	17019552728								1874	Error: Aleph-запись должна содержать ровно одно поле LDR; найдено 2.
rsl01_z00.dat	006575098	11468590	11468589	17023122432								1875	Error: Aleph-запись должна содержать ровно одно поле LDR; найдено 2.
rsl01_z00.dat	007993065	11468622	11468621	17023198858								1876	Error: Aleph-запись должна содержать ровно одно поле LDR; найдено 2.
rsl01_z00.dat	007993067	11468623	11468622	17023202402								1877	Error: Aleph-запись должна содержать ровно одно поле LDR; найдено 2.
rsl01_z00.dat	007993071	11468624	11468623	17023205950								1878	Error: Aleph-запись должна содержать ровно одно поле LDR; найдено 2.
rsl01_z00.dat	006639337	11468730	11468729	17023468838								1879	Error: Aleph-запись должна содержать ровно одно поле LDR; найдено 2.
rsl01_z00.dat	006690075	11468799	11468798	17023652017								1880	Error: Aleph-запись должна содержать ровно одно поле LDR; найдено 2.
rsl01_z00.dat	004918554	11469076	11469075	17024372655								1881	Error: Aleph-запись должна содержать ровно одно поле LDR; найдено 2.
rsl01_z00.dat	010780615	11473357	11473356	17034273909								1882	Error: Aleph-запись должна содержать ровно одно поле LDR; найдено 2.
rsl01_z00.dat	007543004	11509730	11509729	17109383462								1883	Error: Aleph-запись должна содержать ровно одно поле LDR; найдено 2.
rsl01_z00.dat	011813027	11519860	11519859	17128870181								1884	Error: Aleph-запись должна содержать ровно одно поле LDR; найдено 2.
rsl01_z00.dat	011831053	11558951	11558950	17196658044								1887	Error: Aleph-запись должна содержать ровно одно поле LDR; найдено 2.
rsl01_z00.dat	011831552	11559389	11559388	17197400640								1888	Error: Aleph-запись должна содержать ровно одно поле LDR; найдено 2.
rsl01_z00.dat	011839418	11566311	11566310	17209269751								1889	Error: Aleph-запись должна содержать ровно одно поле LDR; найдено 2.
rsl01_z00.dat	011839483	11566366	11566365	17209367705								1890	Error: Aleph-запись должна содержать ровно одно поле LDR; найдено 2.
rsl01_z00.dat	011221048	11572213	11572212	17220690301								1891	Error: Aleph-запись должна содержать ровно одно поле LDR; найдено 2.
rsl01_z00.dat	011847205	11587739	11587738	17247396741								1892	Error: Aleph-запись должна содержать ровно одно поле LDR; найдено 2.
rsl01_z00.dat	011847344	11587891	11587890	17247674430								1893	Error: Aleph-запись должна содержать ровно одно поле LDR; найдено 2.
rsl01_z00.dat	011847386	11587921	11587920	17247719390								1894	Error: Aleph-запись должна содержать ровно одно поле LDR; найдено 2.
rsl01_z00.dat	011847399	11587931	11587930	17247734972								1895	Error: Aleph-запись должна содержать ровно одно поле LDR; найдено 2.
rsl01_z00.dat	011847454	11587969	11587968	17247791885								1896	Error: Aleph-запись должна содержать ровно одно поле LDR; найдено 2.
rsl01_z00.dat	011847458	11587971	11587970	17247794554								1897	Error: Aleph-запись должна содержать ровно одно поле LDR; найдено 2.
rsl01_z00.dat	004094010	11588377	11588376	17248443318								1898	Error: Aleph-запись должна содержать ровно одно поле LDR; найдено 2.
rsl01_z00.dat	007567716	11588481	11588480	17248586751								1899	Error: Aleph-запись должна содержать ровно одно поле LDR; найдено 2.
rsl01_z00.dat	007825593	11589292	11589291	17250124526								1900	Error: Aleph-запись должна содержать ровно одно поле LDR; найдено 2.
rsl01_z00.dat	007920523	11589337	11589336	17250224365								1901	Error: Aleph-запись должна содержать ровно одно поле LDR; найдено 2.
rsl01_z00.dat	003830676	11591276	11591275	17254427870								1902	Error: Aleph-запись должна содержать ровно одно поле LDR; найдено 2.
rsl01_z00.dat	003917395	11591285	11591284	17254443837								1903	Error: Aleph-запись должна содержать ровно одно поле LDR; найдено 2.
rsl01_z00.dat	003823957	11594233	11594232	17260203560								1904	Error: Aleph-запись должна содержать ровно одно поле LDR; найдено 2.
rsl01_z00.dat	003831072	11594261	11594260	17260250920								1905	Error: Aleph-запись должна содержать ровно одно поле LDR; найдено 2.
rsl01_z00.dat	003876129	11594451	11594450	17260582833								1906	Error: Aleph-запись должна содержать ровно одно поле LDR; найдено 2.
rsl01_z00.dat	003923554	11594492	11594491	17260659144								1907	Error: Aleph-запись должна содержать ровно одно поле LDR; найдено 2.
rsl01_z00.dat	003932151	11594502	11594501	17260678611								1908	Error: Aleph-запись должна содержать ровно одно поле LDR; найдено 2.
rsl01_z00.dat	003952910	11594520	11594519	17260713204								1909	Error: Aleph-запись должна содержать ровно одно поле LDR; найдено 2.
rsl01_z00.dat	004183274	11594710	11594709	17261094478								1910	Error: Aleph-запись должна содержать ровно одно поле LDR; найдено 2.
rsl01_z00.dat	004183278	11594712	11594711	17261098870								1911	Error: Aleph-запись должна содержать ровно одно поле LDR; найдено 2.
rsl01_z00.dat	005481257	11595561	11595560	17262365344								1912	Error: Aleph-запись должна содержать ровно одно поле LDR; найдено 2.
rsl01_z00.dat	006613323	11595734	11595733	17262714579								1913	Error: Aleph-запись должна содержать ровно одно поле LDR; найдено 2.
rsl01_z00.dat	006705041	11595792	11595791	17262859589								1914	Error: Aleph-запись должна содержать ровно одно поле LDR; найдено 2.
rsl01_z00.dat	007520809	11595909	11595908	17263134507								1915	Error: Aleph-запись должна содержать ровно одно поле LDR; найдено 2.
rsl01_z00.dat	007521554	11595910	11595909	17263137338								1916	Error: Aleph-запись должна содержать ровно одно поле LDR; найдено 2.
rsl01_z00.dat	007524445	11595914	11595913	17263148668								1917	Error: Aleph-запись должна содержать ровно одно поле LDR; найдено 2.
rsl01_z00.dat	004109605	11598071	11598070	17267393748								1918	Error: Aleph-запись должна содержать ровно одно поле LDR; найдено 3.
rsl01_z00.dat	004090011	11598083	11598082	17267419244								1919	Error: Aleph-запись должна содержать ровно одно поле LDR; найдено 2.
rsl01_z00.dat	007567859	11606424	11606423	17283969896								1920	Error: Aleph-запись должна содержать ровно одно поле LDR; найдено 2.
rsl01_z00.dat	010184708	11616135	11616134	17301180274								1921	Error: Aleph-запись должна содержать ровно одно поле LDR; найдено 2.
rsl01_z00.dat	008499696	11618499	11618498	17305004666								1922	Error: Aleph-запись должна содержать ровно одно поле LDR; найдено 2.
rsl01_z00.dat	007957627	11618709	11618708	17305338913								1923	Error: Aleph-запись должна содержать ровно одно поле LDR; найдено 2.
rsl01_z00.dat	011868994	11619353	11619352	17306363601								1924	Error: Aleph-запись должна содержать ровно одно поле LDR; найдено 2.
rsl01_z00.dat	011869007	11619362	11619361	17306377151								1925	Error: Aleph-запись должна содержать ровно одно поле LDR; найдено 2.
rsl01_z00.dat	004110379	11621517	11621516	17310059388								1926	Error: Aleph-запись должна содержать ровно одно поле LDR; найдено 2.
rsl01_z00.dat	011878924	11625459	11625458	17316673437								1927	Error: Aleph-запись должна содержать ровно одно поле LDR; найдено 2.
rsl01_z00.dat	011881244	11627493	11627492	17320267486								1928	Error: Aleph-запись должна содержать ровно одно поле LDR; найдено 2.
rsl01_z00.dat	011881247	11627496	11627495	17320271977								1929	Error: Aleph-запись должна содержать ровно одно поле LDR; найдено 2.
rsl01_z00.dat	011881249	11627502	11627501	17320283299								1930	Error: Aleph-запись должна содержать ровно одно поле LDR; найдено 2.
rsl01_z00.dat	011888864	11632931	11632930	17329643013								1931	Error: Aleph-запись должна содержать ровно одно поле LDR; найдено 2.
rsl01_z00.dat	007834519	11633000	11632999	17329756931								1932	Error: Aleph-запись должна содержать ровно одно поле LDR; найдено 2.
rsl01_z00.dat	011888921	11633021	11633020	17329792956								1933	Error: Aleph-запись должна содержать ровно одно поле LDR; найдено 2.
rsl01_z00.dat	007552081	11633501	11633500	17330591747								1934	Error: Aleph-запись должна содержать ровно одно поле LDR; найдено 2.
rsl01_z00.dat	007559193	11635110	11635109	17333160041								1935	Error: Aleph-запись должна содержать ровно одно поле LDR; найдено 2.
rsl01_z00.dat	011895209	11635477	11635476	17333793836								1936	Error: Aleph-запись должна содержать ровно одно поле LDR; найдено 2.
rsl01_z00.dat	011895229	11635493	11635492	17333819572								1937	Error: Aleph-запись должна содержать ровно одно поле LDR; найдено 2.
rsl01_z00.dat	007842974	11640807	11640806	17342328741								1938	Error: Aleph-запись должна содержать ровно одно поле LDR; найдено 2.
rsl01_z00.dat	011908002	11643115	11643114	17346071805								1939	Error: Aleph-запись должна содержать ровно одно поле LDR; найдено 2.
rsl01_z00.dat	011908050	11643158	11643157	17346132360								1940	Error: Aleph-запись должна содержать ровно одно поле LDR; найдено 2.
rsl01_z00.dat	005103633	11661215	11661214	17375894163								1941	Error: Aleph-запись должна содержать ровно одно поле LDR; найдено 2.
rsl01_z00.dat	005103640	11661235	11661234	17375927559								1942	Error: Aleph-запись должна содержать ровно одно поле LDR; найдено 2.
rsl01_z00.dat	011941379	11661912	11661911	17377014847								1943	Error: Aleph-запись должна содержать ровно одно поле LDR; найдено 2.
rsl01_z00.dat	007932174	11713692	11713691	17459432700								1944	Error: Aleph-запись должна содержать ровно одно поле LDR; найдено 2.
rsl01_z00.dat	006095417	11716473	11716472	17464244663								1945	Error: Aleph-запись должна содержать ровно одно поле LDR; найдено 2.
rsl01_z00.dat	012053627	11736532	11736531	17499807758								1946	Error: Aleph-запись должна содержать ровно одно поле LDR; найдено 2.
rsl01_z00.dat	012053664	11736558	11736557	17499851162								1947	Error: Aleph-запись должна содержать ровно одно поле LDR; найдено 2.
rsl01_z00.dat	012056427	11738347	11738346	17502940751								1948	Error: Aleph-запись должна содержать ровно одно поле LDR; найдено 2.
rsl01_z00.dat	012056467	11738390	11738389	17503010998								1949	Error: Aleph-запись должна содержать ровно одно поле LDR; найдено 2.
rsl01_z00.dat	012121669	11772626	11772625	17556875408								1950	Error: Aleph-запись должна содержать ровно одно поле LDR; найдено 2.
rsl01_z00.dat	012121189	11780092	11780091	17568829279								1951	Error: Aleph-запись должна содержать ровно одно поле LDR; найдено 2.
rsl01_z00.dat	005488815	11784402	11784401	17575786843								1952	Error: Aleph-запись должна содержать ровно одно поле LDR; найдено 3.
rsl01_z00.dat	006569846	11788353	11788352	17582141000								1953	Error: Aleph-запись должна содержать ровно одно поле LDR; найдено 3.
rsl01_z00.dat	005488820	11791173	11791172	17586644804								1954	Error: Aleph-запись должна содержать ровно одно поле LDR; найдено 3.
rsl01_z00.dat	012149385	11802420	11802419	17604574997								1955	Error: Aleph-запись должна содержать ровно одно поле LDR; найдено 2.
rsl01_z00.dat	012197393	11812952	11812951	17621209890								1956	Error: Aleph-запись должна содержать ровно одно поле LDR; найдено 2.
rsl01_z00.dat	012186790	11821854	11821853	17635097529								1957	Error: Aleph-запись должна содержать ровно одно поле LDR; найдено 2.
rsl01_z00.dat	012197394	11826456	11826455	17642440034								1958	Error: Aleph-запись должна содержать ровно одно поле LDR; найдено 2.
rsl01_z00.dat	012183160	11829279	11829278	17647144618								1959	Error: Aleph-запись должна содержать ровно одно поле LDR; найдено 2.
rsl01_z00.dat	012183256	11829380	11829379	17647302718								1960	Error: Aleph-запись должна содержать ровно одно поле LDR; найдено 2.
rsl01_z00.dat	012183285	11829406	11829405	17647341475								1961	Error: Aleph-запись должна содержать ровно одно поле LDR; найдено 2.
rsl01_z00.dat	005479380	11852128	11852127	17683467422								1962	Error: Aleph-запись должна содержать ровно одно поле LDR; найдено 2.
rsl01_z00.dat	005479384	11852743	11852742	17684417979								1963	Error: Aleph-запись должна содержать ровно одно поле LDR; найдено 2.
rsl01_z00.dat	005498894	11861427	11861426	17698307401								1965	Error: Aleph-запись должна содержать ровно одно поле LDR; найдено 2.
rsl01_z00.dat	005498902	11861587	11861586	17698570243								1966	Error: Aleph-запись должна содержать ровно одно поле LDR; найдено 2.
rsl01_z00.dat	004672248	11870016	11870015	17711635367								1967	Error: Aleph-запись должна содержать ровно одно поле LDR; найдено 2.
rsl01_z00.dat	012230842	11872098	11872097	17714982087								1968	Error: Aleph-запись должна содержать ровно одно поле LDR; найдено 2.
rsl01_z00.dat	012231257	11872498	11872497	17715524655								1969	Error: Aleph-запись должна содержать ровно одно поле LDR; найдено 2.
rsl01_z00.dat	012231354	11872589	11872588	17715646474								1970	Error: Aleph-запись должна содержать ровно одно поле LDR; найдено 2.
rsl01_z00.dat	012266106	11903780	11903779	17763308839								1972	Error: Aleph-запись должна содержать ровно одно поле LDR; найдено 2.
rsl01_z00.dat	012266199	11903869	11903868	17763483614								1973	Error: Aleph-запись должна содержать ровно одно поле LDR; найдено 2.
rsl01_z00.dat	012266217	11903892	11903891	17763525670								1974	Error: Aleph-запись должна содержать ровно одно поле LDR; найдено 2.
rsl01_z00.dat	006562748	11907307	11907306	17768807733								1975	Error: Aleph-запись должна содержать ровно одно поле LDR; найдено 2.
rsl01_z00.dat	012373600	11978857	11978856	17878400836								1976	Error: Aleph-запись должна содержать ровно одно поле LDR; найдено 2.
rsl01_z00.dat	012373701	11978952	11978951	17878545601								1977	Error: Aleph-запись должна содержать ровно одно поле LDR; найдено 2.
rsl01_z00.dat	004995376	11999311	11999310	17910864881								1978	Error: Aleph-запись должна содержать ровно одно поле LDR; найдено 2.
rsl01_z00.dat	004995379	11999313	11999312	17910872157								1979	Error: Aleph-запись должна содержать ровно одно поле LDR; найдено 2.
rsl01_z00.dat	007848923	11999351	11999350	17910976428								1980	Error: Aleph-запись должна содержать ровно одно поле LDR; найдено 2.
rsl01_z00.dat	007848977	11999354	11999353	17910984164								1981	Error: Aleph-запись должна содержать ровно одно поле LDR; найдено 2.
rsl01_z00.dat	007890102	11999360	11999359	17910997623								1982	Error: Aleph-запись должна содержать ровно одно поле LDR; найдено 2.
rsl01_z00.dat	007890104	11999361	11999360	17911003809								1983	Error: Aleph-запись должна содержать ровно одно поле LDR; найдено 2.
rsl01_z00.dat	007917897	11999362	11999361	17911010110								1984	Error: Aleph-запись должна содержать ровно одно поле LDR; найдено 2.
rsl01_z00.dat	007919636	11999363	11999362	17911017821								1985	Error: Aleph-запись должна содержать ровно одно поле LDR; найдено 2.
rsl01_z00.dat	011151946	12037700	12037699	17971533592								1986	Error: Aleph-запись должна содержать ровно одно поле LDR; найдено 2.
rsl01_z00.dat	003941018	12043853	12043852	17981614061								1987	Error: Aleph-запись должна содержать ровно одно поле LDR; найдено 2.
rsl01_z00.dat	010321901	12049991	12049990	17992318123								1988	Error: Aleph-запись должна содержать ровно одно поле LDR; найдено 2.
rsl01_z00.dat	012452592	12059332	12059331	18008381264								1989	Error: Aleph-запись должна содержать ровно одно поле LDR; найдено 2.
rsl01_z00.dat	012452692	12059432	12059431	18008557727								1990	Error: Aleph-запись должна содержать ровно одно поле LDR; найдено 2.
rsl01_z00.dat	012453065	12059696	12059695	18009000705								1991	Error: Aleph-запись должна содержать ровно одно поле LDR; найдено 2.
rsl01_z00.dat	012456722	12062867	12062866	18013536644								1992	Error: Aleph-запись должна содержать ровно одно поле LDR; найдено 2.
rsl01_z00.dat	012456780	12062917	12062916	18013617419								1993	Error: Aleph-запись должна содержать ровно одно поле LDR; найдено 2.
rsl01_z00.dat	010148931	12071703	12071702	18027184332								1994	Error: Aleph-запись должна содержать ровно одно поле LDR; найдено 2.
rsl01_z00.dat	010201311	12072444	12072443	18028336827								1995	Error: Aleph-запись должна содержать ровно одно поле LDR; найдено 2.
rsl01_z00.dat	010209395	12072589	12072588	18028562832								1996	Error: Aleph-запись должна содержать ровно одно поле LDR; найдено 2.
rsl01_z00.dat	010298059	12073861	12073860	18030555971								1997	Error: Aleph-запись должна содержать ровно одно поле LDR; найдено 2.
rsl01_z00.dat	010539490	12079006	12079005	18038568860								1998	Error: Aleph-запись должна содержать ровно одно поле LDR; найдено 2.
rsl01_z00.dat	010560610	12079368	12079367	18039121668								1999	Error: Aleph-запись должна содержать ровно одно поле LDR; найдено 2.
rsl01_z00.dat	010309042	12104835	12104834	18077749449								2000	Error: Aleph-запись должна содержать ровно одно поле LDR; найдено 2.
rsl01_z00.dat	010262647	12104836	12104835	18077751458								2001	Error: Aleph-запись должна содержать ровно одно поле LDR; найдено 2.
rsl01_z00.dat	010232607	12104844	12104843	18077765097								2002	Error: Aleph-запись должна содержать ровно одно поле LDR; найдено 2.
rsl01_z00.dat	010324681	12104845	12104844	18077767673								2003	Error: Aleph-запись должна содержать ровно одно поле LDR; найдено 2.
rsl01_z00.dat	010331164	12104846	12104845	18077769592								2004	Error: Aleph-запись должна содержать ровно одно поле LDR; найдено 2.
rsl01_z00.dat	010419335	12104848	12104847	18077772548								2005	Error: Aleph-запись должна содержать ровно одно поле LDR; найдено 2.
rsl01_z00.dat	010411298	12104850	12104849	18077776223								2006	Error: Aleph-запись должна содержать ровно одно поле LDR; найдено 2.
rsl01_z00.dat	010618952	12104851	12104850	18077778101								2007	Error: Aleph-запись должна содержать ровно одно поле LDR; найдено 2.
rsl01_z00.dat	010568869	12104862	12104861	18077797570								2008	Error: Aleph-запись должна содержать ровно одно поле LDR; найдено 2.
rsl01_z00.dat	010935200	12104865	12104864	18077802005								2009	Error: Aleph-запись должна содержать ровно одно поле LDR; найдено 2.
rsl01_z00.dat	010955999	12104872	12104871	18077814828								2010	Error: Aleph-запись должна содержать ровно одно поле LDR; найдено 2.
rsl01_z00.dat	010055658	12105302	12105301	18078580819								2011	Error: Aleph-запись должна содержать ровно одно поле LDR; найдено 2.
rsl01_z00.dat	005464763	12207045	12207044	18239462315								2012	Error: Aleph-запись должна содержать ровно одно поле LDR; найдено 2.
rsl01_z00.dat	012641843	12239756	12239755	18292219890								2013	Error: Aleph-запись должна содержать ровно одно поле LDR; найдено 2.
rsl01_z00.dat	012643318	12240921	12240920	18294121063								2014	Error: Aleph-запись должна содержать ровно одно поле LDR; найдено 2.
rsl01_z00.dat	007529818	12295856	12295855	18385095209								2015	Error: Aleph-запись должна содержать ровно одно поле LDR; найдено 2.
rsl01_z00.dat	007876774	12295892	12295891	18385191752								2016	Error: Aleph-запись должна содержать ровно одно поле LDR; найдено 2.
rsl01_z00.dat	007993092	12295920	12295919	18385259840								2017	Error: Aleph-запись должна содержать ровно одно поле LDR; найдено 2.
rsl01_z00.dat	007993096	12295921	12295920	18385263436								2018	Error: Aleph-запись должна содержать ровно одно поле LDR; найдено 2.
rsl01_z00.dat	007995206	12295926	12295925	18385274914								2019	Error: Aleph-запись должна содержать ровно одно поле LDR; найдено 2.
rsl01_z00.dat	008010659	12295931	12295930	18385285696								2020	Error: Aleph-запись должна содержать ровно одно поле LDR; найдено 2.
rsl01_z00.dat	008059376	12295946	12295945	18385316433								2021	Error: Aleph-запись должна содержать ровно одно поле LDR; найдено 2.
rsl01_z00.dat	007889184	12296224	12296223	18385922920								2022	Error: Aleph-запись должна содержать ровно одно поле LDR; найдено 2.
rsl01_z00.dat	007993081	12296226	12296225	18385927716								2023	Error: Aleph-запись должна содержать ровно одно поле LDR; найдено 2.
rsl01_z00.dat	012670585	12306781	12306780	18402745011								2024	Error: Aleph-запись должна содержать ровно одно поле LDR; найдено 2.
rsl01_z00.dat	012745870	12325254	12325253	18433829955								2025	Error: Aleph-запись должна содержать ровно одно поле LDR; найдено 2.
rsl01_z00.dat	006508142	12342541	12342540	18461442462								2026	Error: Aleph-запись должна содержать ровно одно поле LDR; найдено 2.
rsl01_z00.dat	007531266	12342839	12342838	18461940129								2027	Error: Aleph-запись должна содержать ровно одно поле LDR; найдено 2.
rsl01_z00.dat	007531267	12358640	12358639	18487119109								2028	Error: Aleph-запись должна содержать ровно одно поле LDR; найдено 2.
rsl01_z00.dat	012817412	12372089	12372088	18508476107								2029	Error: Aleph-запись должна содержать ровно одно поле LDR; найдено 2.
rsl01_z00.dat	012799013	12382571	12382570	18525425898								2030	Error: Aleph-запись должна содержать ровно одно поле LDR; найдено 2.
rsl01_z00.dat	012818148	12498399	12498398	18748872975								2031	Error: Aleph-запись должна содержать ровно одно поле LDR; найдено 2.
rsl01_z00.dat	007869578	12498921	12498920	18749657727								2032	Error: Aleph-запись должна содержать ровно одно поле LDR; найдено 2.
rsl01_z00.dat	012835480	12499333	12499332	18750423221								2033	Error: Aleph-запись должна содержать ровно одно поле LDR; найдено 2.
rsl01_z00.dat	012845101	12515553	12515552	18776990916								2034	Error: Aleph-запись должна содержать ровно одно поле LDR; найдено 2.
rsl01_z00.dat	005420173	12560816	12560815	18848564820								2035	Error: Aleph-запись должна содержать ровно одно поле LDR; найдено 2.
rsl01_z00.dat	012911774	12587269	12587268	18891707154								2036	Error: Aleph-запись должна содержать ровно одно поле LDR; найдено 2.
rsl01_z00.dat	007877567	12610747	12610746	18929259315								2037	Error: Aleph-запись должна содержать ровно одно поле LDR; найдено 2.
rsl01_z00.dat	005444186	12704733	12704732	19082787483								2060	Error: Aleph-запись должна содержать ровно одно поле LDR; найдено 2.
rsl01_z00.dat	013060756	12727315	12727314	19118939953								2061	Error: Aleph-запись должна содержать ровно одно поле LDR; найдено 2.
rsl01_z00.dat	013087363	12747549	12747548	19149468686								2062	Error: Aleph-запись должна содержать ровно одно поле LDR; найдено 2.
rsl01_z00.dat	013134694	12795663	12795662	19225803582								2063	Error: Aleph-запись должна содержать ровно одно поле LDR; найдено 2.
rsl01_z00.dat	006587630	12838437	12838436	19292680774								2064	Error: Aleph-запись должна содержать ровно одно поле LDR; найдено 2.
rsl01_z00.dat	013236666	12895129	12895128	19388155043								2065	Error: Aleph-запись должна содержать ровно одно поле LDR; найдено 2.
rsl01_z00.dat	005466414	12994330	12994329	19556465834								2066	Error: Aleph-запись должна содержать ровно одно поле LDR; найдено 2.
rsl01_z00.dat	004094552	12996204	12996203	19559407794								2067	Error: Aleph-запись должна содержать ровно одно поле LDR; найдено 2.
rsl01_z00.dat	013413473	13065415	13065414	19667561339								2068	Error: Aleph-запись должна содержать ровно одно поле LDR; найдено 2.
rsl01_z00.dat	010055088	13071347	13071346	19676932661								2069	Error: Aleph-запись должна содержать ровно одно поле LDR; найдено 2.
rsl01_z00.dat	010044224	13071846	13071845	19677761665								2070	Error: Aleph-запись должна содержать ровно одно поле LDR; найдено 2.
rsl01_z00.dat	010371059	13071920	13071919	19677875390								2071	Error: Aleph-запись должна содержать ровно одно поле LDR; найдено 2.
rsl01_z00.dat	010920678	13073061	13073060	19679683431								2072	Error: Aleph-запись должна содержать ровно одно поле LDR; найдено 2.
rsl01_z00.dat	010922049	13073095	13073094	19679740205								2073	Error: Aleph-запись должна содержать ровно одно поле LDR; найдено 2.
rsl01_z00.dat	007917186	13120215	13120214	19756961068								2074	Error: Aleph-запись должна содержать ровно одно поле LDR; найдено 2.
rsl01_z00.dat	011885092	13134264	13134263	19779183500								2075	Error: Aleph-запись должна содержать ровно одно поле LDR; найдено 2.
rsl01_z00.dat	013575227	13292233	13292232	20035756415								2090	Error: Aleph-запись должна содержать ровно одно поле LDR; найдено 2.
rsl01_z00.dat	013592755	13311190	13311189	20065794985								2091	Error: Aleph-запись должна содержать ровно одно поле LDR; найдено 2.
rsl01_z00.dat	013594177	13312743	13312742	20068502928								2092	Error: Aleph-запись должна содержать ровно одно поле LDR; найдено 2.
rsl01_z00.dat	006582896	13335533	13335532	20103530684								2093	Error: Aleph-запись должна содержать ровно одно поле LDR; найдено 3.
rsl01_z00.dat	006580900	13335540	13335539	20103549010								2094	Error: Aleph-запись должна содержать ровно одно поле LDR; найдено 2.
rsl01_z00.dat	001051152	13337090	13337089	20105986781								2095	Error: Aleph-запись должна содержать ровно одно поле LDR; найдено 2.
rsl01_z00.dat	003824016	13341182	13341181	20112386521								2096	Error: Aleph-запись должна содержать ровно одно поле LDR; найдено 2.
rsl01_z00.dat	003866957	13341800	13341799	20113224070								2097	Error: Aleph-запись должна содержать ровно одно поле LDR; найдено 2.
rsl01_z00.dat	003932394	13342470	13342469	20114027207								2098	Error: Aleph-запись должна содержать ровно одно поле LDR; найдено 3.
rsl01_z00.dat	004017174	13343522	13343521	20115373866								2099	Error: Aleph-запись должна содержать ровно одно поле LDR; найдено 2.
rsl01_z00.dat	004094557	13343662	13343661	20115596766								2100	Error: Aleph-запись должна содержать ровно одно поле LDR; найдено 2.
rsl01_z00.dat	004191730	13344130	13344129	20116241588								2101	Error: Aleph-запись должна содержать ровно одно поле LDR; найдено 2.
rsl01_z00.dat	004232913	13344188	13344187	20116326123								2102	Error: Aleph-запись должна содержать ровно одно поле LDR; найдено 2.
rsl01_z00.dat	007912159	13344934	13344933	20117361698								2103	Error: Aleph-запись должна содержать ровно одно поле LDR; найдено 2.
rsl01_z00.dat	004877210	13346285	13346284	20119227350								2104	Error: Aleph-запись должна содержать ровно одно поле LDR; найдено 2.
rsl01_z00.dat	004927596	13346392	13346391	20119418758								2105	Error: Aleph-запись должна содержать ровно одно поле LDR; найдено 2.
rsl01_z00.dat	005442909	13347435	13347434	20120998494								2106	Error: Aleph-запись должна содержать ровно одно поле LDR; найдено 3.
rsl01_z00.dat	005458642	13347663	13347662	20121425833								2107	Error: Aleph-запись должна содержать ровно одно поле LDR; найдено 2.
rsl01_z00.dat	005478947	13347712	13347711	20121507209								2108	Error: Aleph-запись должна содержать ровно одно поле LDR; найдено 2.
rsl01_z00.dat	007868319	13348723	13348722	20122970600								2109	Error: Aleph-запись должна содержать ровно одно поле LDR; найдено 2.
rsl01_z00.dat	006628690	13348736	13348735	20122994794								2110	Error: Aleph-запись должна содержать ровно одно поле LDR; найдено 2.
rsl01_z00.dat	006594624	13348768	13348767	20123055807								2111	Error: Aleph-запись должна содержать ровно одно поле LDR; найдено 2.
rsl01_z00.dat	003962841	13348831	13348830	20123171812								2112	Error: Aleph-запись должна содержать ровно одно поле LDR; найдено 2.
rsl01_z00.dat	006708721	13349056	13349055	20123657287								2113	Error: Aleph-запись должна содержать ровно одно поле LDR; найдено 2.
rsl01_z00.dat	005128104	13349101	13349100	20123764294								2114	Error: Aleph-запись должна содержать ровно одно поле LDR; найдено 2.
rsl01_z00.dat	007580772	13349460	13349459	20124348195								2115	Error: Aleph-запись должна содержать ровно одно поле LDR; найдено 2.
rsl01_z00.dat	007580783	13349461	13349460	20124349996								2116	Error: Aleph-запись должна содержать ровно одно поле LDR; найдено 2.
rsl01_z00.dat	005466424	13349775	13349774	20124780644								2117	Error: Aleph-запись должна содержать ровно одно поле LDR; найдено 2.
rsl01_z00.dat	007563982	13349777	13349776	20124783927								2118	Error: Aleph-запись должна содержать ровно одно поле LDR; найдено 2.
rsl01_z00.dat	007560385	13349778	13349777	20124785461								2119	Error: Aleph-запись должна содержать ровно одно поле LDR; найдено 2.
rsl01_z00.dat	007501732	13349850	13349849	20124924283								2120	Error: Aleph-запись должна содержать ровно одно поле LDR; найдено 2.
rsl01_z00.dat	003877876	13349878	13349877	20124982069								2121	Error: Aleph-запись должна содержать ровно одно поле LDR; найдено 2.
rsl01_z00.dat	007522170	13349900	13349899	20125021594								2122	Error: Aleph-запись должна содержать ровно одно поле LDR; найдено 2.
rsl01_z00.dat	007529330	13349915	13349914	20125057731								2123	Error: Aleph-запись должна содержать ровно одно поле LDR; найдено 2.
rsl01_z00.dat	005377746	13349955	13349954	20125144555								2124	Error: Aleph-запись должна содержать ровно одно поле LDR; найдено 2.
rsl01_z00.dat	007551798	13349981	13349980	20125200340								2125	Error: Aleph-запись должна содержать ровно одно поле LDR; найдено 2.
rsl01_z00.dat	007559209	13350006	13350005	20125249830								2126	Error: Aleph-запись должна содержать ровно одно поле LDR; найдено 2.
rsl01_z00.dat	007567509	13350029	13350028	20125299098								2127	Error: Aleph-запись должна содержать ровно одно поле LDR; найдено 2.
rsl01_z00.dat	003889741	13350210	13350209	20125575119								2128	Error: Aleph-запись должна содержать ровно одно поле LDR; найдено 2.
rsl01_z00.dat	004003071	13350333	13350332	20125781721								2129	Error: Aleph-запись должна содержать ровно одно поле LDR; найдено 2.
rsl01_z00.dat	007851528	13350371	13350370	20125872965								2130	Error: Aleph-запись должна содержать ровно одно поле LDR; найдено 2.
rsl01_z00.dat	007869574	13350402	13350401	20125932683								2131	Error: Aleph-запись должна содержать ровно одно поле LDR; найдено 2.
rsl01_z00.dat	007529628	13350413	13350412	20125958527								2132	Error: Aleph-запись должна содержать ровно одно поле LDR; найдено 2.
rsl01_z00.dat	007578167	13350414	13350413	20125962111								2133	Error: Aleph-запись должна содержать ровно одно поле LDR; найдено 2.
rsl01_z00.dat	007886502	13350440	13350439	20126024689								2134	Error: Aleph-запись должна содержать ровно одно поле LDR; найдено 2.
rsl01_z00.dat	007887505	13350443	13350442	20126037268								2135	Error: Aleph-запись должна содержать ровно одно поле LDR; найдено 2.
rsl01_z00.dat	001295685	13350447	13350446	20126047545								2136	Error: Aleph-запись должна содержать ровно одно поле LDR; найдено 2.
rsl01_z00.dat	004109654	13350464	13350463	20126078460								2137	Error: Aleph-запись должна содержать ровно одно поле LDR; найдено 2.
rsl01_z00.dat	007929451	13350533	13350532	20126227690								2138	Error: Aleph-запись должна содержать ровно одно поле LDR; найдено 3.
rsl01_z00.dat	007925817	13350562	13350561	20126282214								2139	Error: Aleph-запись должна содержать ровно одно поле LDR; найдено 2.
rsl01_z00.dat	007993083	13350658	13350657	20126484462								2140	Error: Aleph-запись должна содержать ровно одно поле LDR; найдено 2.
rsl01_z00.dat	004180230	13350666	13350665	20126500419								2141	Error: Aleph-запись должна содержать ровно одно поле LDR; найдено 2.
rsl01_z00.dat	007997450	13350671	13350670	20126510330								2142	Error: Aleph-запись должна содержать ровно одно поле LDR; найдено 2.
rsl01_z00.dat	007998254	13350676	13350675	20126520440								2143	Error: Aleph-запись должна содержать ровно одно поле LDR; найдено 2.
rsl01_z00.dat	007999059	13350678	13350677	20126524545								2144	Error: Aleph-запись должна содержать ровно одно поле LDR; найдено 2.
rsl01_z00.dat	008000609	13350679	13350678	20126526349								2145	Error: Aleph-запись должна содержать ровно одно поле LDR; найдено 2.
rsl01_z00.dat	008001087	13350680	13350679	20126528213								2146	Error: Aleph-запись должна содержать ровно одно поле LDR; найдено 2.
rsl01_z00.dat	008001143	13350681	13350680	20126529965								2147	Error: Aleph-запись должна содержать ровно одно поле LDR; найдено 2.
rsl01_z00.dat	008002329	13350684	13350683	20126537010								2148	Error: Aleph-запись должна содержать ровно одно поле LDR; найдено 2.
rsl01_z00.dat	008003931	13350689	13350688	20126546074								2149	Error: Aleph-запись должна содержать ровно одно поле LDR; найдено 2.
rsl01_z00.dat	008000829	13350697	13350696	20126558099								2150	Error: Aleph-запись должна содержать ровно одно поле LDR; найдено 2.
rsl01_z00.dat	008010846	13350703	13350702	20126566749								2151	Error: Aleph-запись должна содержать ровно одно поле LDR; найдено 2.
rsl01_z00.dat	008007945	13350719	13350718	20126603145								2152	Error: Aleph-запись должна содержать ровно одно поле LDR; найдено 2.
rsl01_z00.dat	003980994	13350739	13350738	20126645756								2153	Error: Aleph-запись должна содержать ровно одно поле LDR; найдено 2.
rsl01_z00.dat	008044637	13350760	13350759	20126686006								2154	Error: Aleph-запись должна содержать ровно одно поле LDR; найдено 2.
rsl01_z00.dat	008044641	13350761	13350760	20126688679								2155	Error: Aleph-запись должна содержать ровно одно поле LDR; найдено 2.
rsl01_z00.dat	008053922	13350781	13350780	20126727879								2156	Error: Aleph-запись должна содержать ровно одно поле LDR; найдено 2.
rsl01_z00.dat	008062577	13350789	13350788	20126740946								2157	Error: Aleph-запись должна содержать ровно одно поле LDR; найдено 2.
rsl01_z00.dat	008068277	13350797	13350796	20126759677								2158	Error: Aleph-запись должна содержать ровно одно поле LDR; найдено 2.
rsl01_z00.dat	008160712	13350960	13350959	20127045176								2159	Error: Aleph-запись должна содержать ровно одно поле LDR; найдено 2.
rsl01_z00.dat	008068238	13352845	13352844	20129677742								2160	Error: Aleph-запись должна содержать ровно одно поле LDR; найдено 2.
rsl01_z00.dat	003571326	13352846	13352845	20129679638								2161	Error: Aleph-запись должна содержать ровно одно поле LDR; найдено 2.
rsl01_z00.dat	003952902	13352991	13352990	20129967204								2162	Error: Aleph-запись должна содержать ровно одно поле LDR; найдено 2.
rsl01_z00.dat	008850618	13353460	13353459	20130789700								2163	Error: Aleph-запись должна содержать ровно одно поле LDR; найдено 2.
rsl01_z00.dat	009655437	13354745	13354744	20132908752								2164	Error: Aleph-запись должна содержать ровно одно поле LDR; найдено 2.
rsl01_z00.dat	005481262	13354767	13354766	20132952221								2165	Error: Aleph-запись должна содержать ровно одно поле LDR; найдено 2.
rsl01_z00.dat	006821371	13355571	13355570	20134435982								2166	Error: Aleph-запись должна содержать ровно одно поле LDR; найдено 2.
rsl01_z00.dat	005430387	13356208	13356207	20135567604								2167	Error: Aleph-запись должна содержать ровно одно поле LDR; найдено 2.
rsl01_z00.dat	004109278	13357249	13357248	20137577208								2168	Error: Aleph-запись должна содержать ровно одно поле LDR; найдено 2.
rsl01_z00.dat	006580673	13357851	13357850	20138800781								2169	Error: Aleph-запись должна содержать ровно одно поле LDR; найдено 2.
rsl01_z00.dat	004672247	13357872	13357871	20138848151								2170	Error: Aleph-запись должна содержать ровно одно поле LDR; найдено 2.
rsl01_z00.dat	007555508	13358421	13358420	20139925705								2171	Error: Aleph-запись должна содержать ровно одно поле LDR; найдено 2.
rsl01_z00.dat	011878987	13359256	13359255	20141808709								2172	Error: Aleph-запись должна содержать ровно одно поле LDR; найдено 2.
rsl01_z00.dat	011904588	13359270	13359269	20141831964								2173	Error: Aleph-запись должна содержать ровно одно поле LDR; найдено 2.
rsl01_z00.dat	012452960	13359668	13359667	20142516123								2174	Error: Aleph-запись должна содержать ровно одно поле LDR; найдено 2.
rsl01_z00.dat	006500555	13359979	13359978	20143048920								2175	Error: Aleph-запись должна содержать ровно одно поле LDR; найдено 2.
rsl01_z00.dat	010530083	13376780	13376779	20169849143								2176	Error: Aleph-запись должна содержать ровно одно поле LDR; найдено 2.
rsl01_z00.dat	013619965	13408186	13408185	20219481649								2177	Error: Aleph-запись должна содержать ровно одно поле LDR; найдено 2.
rsl01_z00.dat	013698543	13446452	13446451	20277352003								2178	Error: Aleph-запись должна содержать ровно одно поле LDR; найдено 3.
rsl01_z00.dat	010071370	13477528	13477527	20323208203								2180	Error: Aleph-запись должна содержать ровно одно поле LDR; найдено 2.
rsl01_z00.dat	011042675	13480630	13480629	20327874952								2181	Error: Aleph-запись должна содержать ровно одно поле LDR; найдено 2.
rsl01_z00.dat	013692543	13560917	13560916	20448451103								2182	Error: Aleph-запись должна содержать ровно одно поле LDR; найдено 2.
rsl01_z00.dat	013700835	13562868	13562867	20450966722								2183	Error: Aleph-запись должна содержать ровно одно поле LDR; найдено 3.
rsl01_z00.dat	013699748	13568955	13568954	20460388242								2184	Error: Aleph-запись должна содержать ровно одно поле LDR; найдено 4.
rsl01_z00.dat	013700728	13570115	13570114	20462184099								2185	Error: Aleph-запись должна содержать ровно одно поле LDR; найдено 2.
rsl01_z00.dat	013700738	13570128	13570127	20462203485								2186	Error: Aleph-запись должна содержать ровно одно поле LDR; найдено 2.
rsl01_z00.dat	013700742	13570131	13570130	20462207535								2187	Error: Aleph-запись должна содержать ровно одно поле LDR; найдено 3.
rsl01_z00.dat	013894011	13665734	13665733	20589365935								2188	Error: Aleph-запись должна содержать ровно одно поле LDR; найдено 2.
rsl01_z00.dat	007531269	13670336	13670335	20598133823								2189	Error: Aleph-запись должна содержать ровно одно поле LDR; найдено 3.
rsl01_z00.dat	007567861	13670347	13670346	20598171764								2190	Error: Aleph-запись должна содержать ровно одно поле LDR; найдено 2.
rsl01_z00.dat	013804611	13672814	13672813	20602974708								2191	Error: Aleph-запись должна содержать ровно одно поле LDR; найдено 2.
rsl01_z00.dat	013868146	13742271	13742270	20718129510								2193	Error: Aleph-запись должна содержать ровно одно поле LDR; найдено 2.
rsl01_z00.dat	013558965	13804295	13804294	20825606589								2195	Error: Aleph-запись должна содержать ровно одно поле LDR; найдено 2.
rsl01_z00.dat	013942770	13822366	13822365	20845610599								2196	Error: Aleph-запись должна содержать ровно одно поле LDR; найдено 2.
rsl01_z00.dat	013940406	13837650	13837649	20867816441								2197	Error: Aleph-запись должна содержать ровно одно поле LDR; найдено 2.
rsl01_z00.dat	014244691	14127934	14127933	21154365671								2198	Error: Aleph-запись должна содержать ровно одно поле LDR; найдено 2.
rsl01_z00.dat	001657803	14254981	14254980	21277200145								2199	Error: Aleph-запись должна содержать ровно одно поле LDR; найдено 2.
rsl01_z00.dat	002757418	14524739	14524738	21518792391								2200	Error: Aleph-запись должна содержать ровно одно поле LDR; найдено 2.
rsl01_z00.dat	002998117	14525598	14525597	21520244988								2201	Error: Aleph-запись должна содержать ровно одно поле LDR; найдено 2.
rsl01_z00.dat	007918329	14527621	14527620	21523080473								2202	Error: Aleph-запись должна содержать ровно одно поле LDR; найдено 2.
rsl01_z00.dat	004094013	14527969	14527968	21523776462								2203	Error: Aleph-запись должна содержать ровно одно поле LDR; найдено 2.
rsl01_z00.dat	004110401	14528854	14528853	21525350599								2204	Error: Aleph-запись должна содержать ровно одно поле LDR; найдено 2.
rsl01_z00.dat	007550551	14528901	14528900	21525472235								2205	Error: Aleph-запись должна содержать ровно одно поле LDR; найдено 2.
rsl01_z00.dat	003828508	14529019	14529018	21525734090								2206	Error: Aleph-запись должна содержать ровно одно поле LDR; найдено 2.
rsl01_z00.dat	014825942	14764932	14764931	21773129089								2253	Error: Aleph-запись должна содержать ровно одно поле LDR; найдено 2.
rsl01_z00.dat	015629834	15552342	15552341	22749864253								2319	Error: Aleph-запись должна содержать ровно одно поле LDR; найдено 2.
rsl03_z00.dat	000262176	263417	263416	260275526								2	Error: Aleph-запись должна содержать ровно одно поле LDR; найдено 0.
rsl03_z00.dat	001196571	1196601	1196600	1014799576								88	Error: Aleph-запись должна содержать ровно одно поле LDR; найдено 2.
rsl03_z00.dat	001196572	1196602	1196601	1014800365								89	Error: Aleph-запись должна содержать ровно одно поле LDR; найдено 3.
rsl03_z00.dat	001196660	1196690	1196689	1014857617								90	Error: Aleph-запись должна содержать ровно одно поле LDR; найдено 2.
rsl03_z00.dat	001196687	1196717	1196716	1014876370								91	Error: Aleph-запись должна содержать ровно одно поле LDR; найдено 3.
rsl03_z00.dat	001196688	1196718	1196717	1014877078								92	Error: Aleph-запись должна содержать ровно одно поле LDR; найдено 2.
rsl03_z00.dat	001196689	1196719	1196718	1014877754								93	Error: Aleph-запись должна содержать ровно одно поле LDR; найдено 3.
rsl03_z00.dat	001196690	1196720	1196719	1014878464								94	Error: Aleph-запись должна содержать ровно одно поле LDR; найдено 2.
rsl03_z00.dat	001197022	1197052	1197051	1015083999								95	Error: Aleph-запись должна содержать ровно одно поле LDR; найдено 2.
rsl03_z00.dat	001197184	1197214	1197213	1015191747								97	Error: Aleph-запись должна содержать ровно одно поле LDR; найдено 2.
rsl03_z00.dat	001197289	1197319	1197318	1015261115								99	Error: Aleph-запись должна содержать ровно одно поле LDR; найдено 2.
rsl03_z00.dat	001197290	1197320	1197319	1015261809								100	Error: Aleph-запись должна содержать ровно одно поле LDR; найдено 2.
rsl03_z00.dat	001197291	1197321	1197320	1015262494								101	Error: Aleph-запись должна содержать ровно одно поле LDR; найдено 2.
rsl03_z00.dat	001197292	1197322	1197321	1015263193								102	Error: Aleph-запись должна содержать ровно одно поле LDR; найдено 2.
rsl03_z00.dat	001197293	1197323	1197322	1015263894								103	Error: Aleph-запись должна содержать ровно одно поле LDR; найдено 2.
rsl03_z00.dat	001197295	1197325	1197324	1015266725								104	Error: Aleph-запись должна содержать ровно одно поле LDR; найдено 2.
rsl03_z00.dat	001197296	1197326	1197325	1015267404								105	Error: Aleph-запись должна содержать ровно одно поле LDR; найдено 2.
rsl03_z00.dat	001197303	1197333	1197332	1015272302								106	Error: Aleph-запись должна содержать ровно одно поле LDR; найдено 2.
rsl03_z00.dat	001197304	1197334	1197333	1015272952								107	Error: Aleph-запись должна содержать ровно одно поле LDR; найдено 2.
rsl03_z00.dat	001197305	1197335	1197334	1015273610								108	Error: Aleph-запись должна содержать ровно одно поле LDR; найдено 2.
rsl03_z00.dat	001197306	1197336	1197335	1015274264								109	Error: Aleph-запись должна содержать ровно одно поле LDR; найдено 2.
rsl03_z00.dat	001197308	1197338	1197337	1015275634								110	Error: Aleph-запись должна содержать ровно одно поле LDR; найдено 2.
rsl03_z00.dat	001197312	1197342	1197341	1015278283								111	Error: Aleph-запись должна содержать ровно одно поле LDR; найдено 2.
rsl03_z00.dat	001197313	1197343	1197342	1015278940								112	Error: Aleph-запись должна содержать ровно одно поле LDR; найдено 2.
rsl03_z00.dat	001197327	1197357	1197356	1015287600								113	Error: Aleph-запись должна содержать ровно одно поле LDR; найдено 2.
rsl03_z00.dat	001197341	1197371	1197370	1015296412								114	Error: Aleph-запись должна содержать ровно одно поле LDR; найдено 2.
rsl03_z00.dat	001197351	1197381	1197380	1015302204								115	Error: Aleph-запись должна содержать ровно одно поле LDR; найдено 2.
rsl03_z00.dat	001197362	1197392	1197391	1015308677								116	Error: Aleph-запись должна содержать ровно одно поле LDR; найдено 2.
rsl03_z00.dat	001197378	1197408	1197407	1015318599								117	Error: Aleph-запись должна содержать ровно одно поле LDR; найдено 2.
rsl03_z00.dat	001197396	1197426	1197425	1015329666								118	Error: Aleph-запись должна содержать ровно одно поле LDR; найдено 2.
rsl03_z00.dat	001197397	1197427	1197426	1015330219								119	Error: Aleph-запись должна содержать ровно одно поле LDR; найдено 2.
rsl03_z00.dat	001197419	1197449	1197448	1015344069								120	Error: Aleph-запись должна содержать ровно одно поле LDR; найдено 2.
rsl03_z00.dat	001197430	1197460	1197459	1015351824								121	Error: Aleph-запись должна содержать ровно одно поле LDR; найдено 2.
rsl03_z00.dat	001197432	1197462	1197461	1015353253								122	Error: Aleph-запись должна содержать ровно одно поле LDR; найдено 2.
rsl03_z00.dat	001197434	1197464	1197463	1015354678								123	Error: Aleph-запись должна содержать ровно одно поле LDR; найдено 2.
rsl03_z00.dat	001197436	1197466	1197465	1015356145								124	Error: Aleph-запись должна содержать ровно одно поле LDR; найдено 2.
rsl03_z00.dat	001197438	1197468	1197467	1015357527								125	Error: Aleph-запись должна содержать ровно одно поле LDR; найдено 2.
rsl03_z00.dat	001197439	1197469	1197468	1015358279								126	Error: Aleph-запись должна содержать ровно одно поле LDR; найдено 3.
rsl03_z00.dat	001197441	1197471	1197470	1015359650								127	Error: Aleph-запись должна содержать ровно одно поле LDR; найдено 2.
rsl03_z00.dat	001197442	1197472	1197471	1015360367								128	Error: Aleph-запись должна содержать ровно одно поле LDR; найдено 2.
rsl03_z00.dat	001197448	1197478	1197477	1015364323								129	Error: Aleph-запись должна содержать ровно одно поле LDR; найдено 2.
rsl03_z00.dat	001197449	1197479	1197478	1015365010								130	Error: Aleph-запись должна содержать ровно одно поле LDR; найдено 2.
rsl03_z00.dat	001197450	1197480	1197479	1015365691								131	Error: Aleph-запись должна содержать ровно одно поле LDR; найдено 2.
rsl03_z00.dat	001197451	1197481	1197480	1015366376								132	Error: Aleph-запись должна содержать ровно одно поле LDR; найдено 2.
rsl03_z00.dat	001197452	1197482	1197481	1015367061								133	Error: Aleph-запись должна содержать ровно одно поле LDR; найдено 2.
rsl03_z00.dat	001197453	1197483	1197482	1015367750								134	Error: Aleph-запись должна содержать ровно одно поле LDR; найдено 2.
rsl03_z00.dat	001197458	1197488	1197487	1015370866								135	Error: Aleph-запись должна содержать ровно одно поле LDR; найдено 2.
rsl03_z00.dat	001197459	1197489	1197488	1015371553								136	Error: Aleph-запись должна содержать ровно одно поле LDR; найдено 2.
rsl03_z00.dat	001197462	1197492	1197491	1015373390								137	Error: Aleph-запись должна содержать ровно одно поле LDR; найдено 2.
rsl03_z00.dat	001197464	1197494	1197493	1015374654								138	Error: Aleph-запись должна содержать ровно одно поле LDR; найдено 2.
rsl03_z00.dat	001197467	1197497	1197496	1015376485								139	Error: Aleph-запись должна содержать ровно одно поле LDR; найдено 2.
rsl03_z00.dat	001197469	1197499	1197498	1015377746								140	Error: Aleph-запись должна содержать ровно одно поле LDR; найдено 2.
rsl03_z00.dat	001197470	1197500	1197499	1015378433								141	Error: Aleph-запись должна содержать ровно одно поле LDR; найдено 2.
rsl03_z00.dat	001197471	1197501	1197500	1015379124								142	Error: Aleph-запись должна содержать ровно одно поле LDR; найдено 2.
rsl03_z00.dat	001197472	1197502	1197501	1015379813								143	Error: Aleph-запись должна содержать ровно одно поле LDR; найдено 2.
rsl03_z00.dat	001197473	1197503	1197502	1015380500								144	Error: Aleph-запись должна содержать ровно одно поле LDR; найдено 2.
rsl03_z00.dat	001197500	1197530	1197529	1015398460								145	Error: Aleph-запись должна содержать ровно одно поле LDR; найдено 2.
rsl03_z00.dat	001197501	1197531	1197530	1015399341								146	Error: Aleph-запись должна содержать ровно одно поле LDR; найдено 2.
rsl03_z00.dat	001197556	1197586	1197585	1015432656								147	Error: Aleph-запись должна содержать ровно одно поле LDR; найдено 2.
rsl03_z00.dat	001197585	1197615	1197614	1015451924								148	Error: Aleph-запись должна содержать ровно одно поле LDR; найдено 2.
rsl03_z00.dat	001197593	1197623	1197622	1015457449								149	Error: Aleph-запись должна содержать ровно одно поле LDR; найдено 2.
rsl03_z00.dat	001197594	1197624	1197623	1015458133								150	Error: Aleph-запись должна содержать ровно одно поле LDR; найдено 2.
rsl03_z00.dat	001197598	1197628	1197627	1015461028								151	Error: Aleph-запись должна содержать ровно одно поле LDR; найдено 2.
rsl03_z00.dat	001197623	1197653	1197652	1015476788								152	Error: Aleph-запись должна содержать ровно одно поле LDR; найдено 2.
rsl03_z00.dat	001197625	1197655	1197654	1015478122								153	Error: Aleph-запись должна содержать ровно одно поле LDR; найдено 2.
rsl03_z00.dat	001197627	1197657	1197656	1015479400								154	Error: Aleph-запись должна содержать ровно одно поле LDR; найдено 2.
rsl03_z00.dat	001197628	1197658	1197657	1015480044								155	Error: Aleph-запись должна содержать ровно одно поле LDR; найдено 2.
rsl03_z00.dat	001197629	1197659	1197658	1015480682								156	Error: Aleph-запись должна содержать ровно одно поле LDR; найдено 2.
rsl03_z00.dat	001197631	1197661	1197660	1015481941								157	Error: Aleph-запись должна содержать ровно одно поле LDR; найдено 2.
rsl03_z00.dat	001197632	1197662	1197661	1015482587								158	Error: Aleph-запись должна содержать ровно одно поле LDR; найдено 2.
rsl03_z00.dat	001197634	1197664	1197663	1015483886								159	Error: Aleph-запись должна содержать ровно одно поле LDR; найдено 2.
rsl03_z00.dat	001197636	1197666	1197665	1015485132								160	Error: Aleph-запись должна содержать ровно одно поле LDR; найдено 2.
rsl03_z00.dat	001197637	1197667	1197666	1015485777								161	Error: Aleph-запись должна содержать ровно одно поле LDR; найдено 2.
rsl03_z00.dat	001197638	1197668	1197667	1015486417								162	Error: Aleph-запись должна содержать ровно одно поле LDR; найдено 2.
rsl03_z00.dat	001197640	1197670	1197669	1015487713								163	Error: Aleph-запись должна содержать ровно одно поле LDR; найдено 2.
rsl03_z00.dat	001197641	1197671	1197670	1015488387								164	Error: Aleph-запись должна содержать ровно одно поле LDR; найдено 2.
rsl03_z00.dat	001197642	1197672	1197671	1015489032								165	Error: Aleph-запись должна содержать ровно одно поле LDR; найдено 2.
rsl03_z00.dat	001197643	1197673	1197672	1015489672								166	Error: Aleph-запись должна содержать ровно одно поле LDR; найдено 2.
rsl03_z00.dat	001197645	1197675	1197674	1015490972								167	Error: Aleph-запись должна содержать ровно одно поле LDR; найдено 2.
rsl03_z00.dat	001197647	1197677	1197676	1015492221								168	Error: Aleph-запись должна содержать ровно одно поле LDR; найдено 2.
rsl03_z00.dat	001197648	1197678	1197677	1015492858								169	Error: Aleph-запись должна содержать ровно одно поле LDR; найдено 2.
rsl03_z00.dat	001197649	1197679	1197678	1015493493								170	Error: Aleph-запись должна содержать ровно одно поле LDR; найдено 2.
rsl03_z00.dat	001197650	1197680	1197679	1015494133								171	Error: Aleph-запись должна содержать ровно одно поле LDR; найдено 2.
rsl03_z00.dat	001197651	1197681	1197680	1015494768								172	Error: Aleph-запись должна содержать ровно одно поле LDR; найдено 2.
rsl03_z00.dat	001197653	1197683	1197682	1015496020								173	Error: Aleph-запись должна содержать ровно одно поле LDR; найдено 2.
rsl03_z00.dat	001197654	1197684	1197683	1015496664								174	Error: Aleph-запись должна содержать ровно одно поле LDR; найдено 2.
rsl03_z00.dat	001197655	1197685	1197684	1015497292								175	Error: Aleph-запись должна содержать ровно одно поле LDR; найдено 2.
rsl03_z00.dat	001197656	1197686	1197685	1015497910								176	Error: Aleph-запись должна содержать ровно одно поле LDR; найдено 2.
rsl03_z00.dat	001197657	1197687	1197686	1015498523								177	Error: Aleph-запись должна содержать ровно одно поле LDR; найдено 2.
rsl03_z00.dat	001197658	1197688	1197687	1015499160								178	Error: Aleph-запись должна содержать ровно одно поле LDR; найдено 2.
rsl03_z00.dat	001197659	1197689	1197688	1015499813								179	Error: Aleph-запись должна содержать ровно одно поле LDR; найдено 2.
rsl03_z00.dat	001197660	1197690	1197689	1015500428								180	Error: Aleph-запись должна содержать ровно одно поле LDR; найдено 2.
rsl03_z00.dat	001197663	1197693	1197692	1015502350								181	Error: Aleph-запись должна содержать ровно одно поле LDR; найдено 2.
rsl03_z00.dat	001197664	1197694	1197693	1015502997								182	Error: Aleph-запись должна содержать ровно одно поле LDR; найдено 2.
rsl03_z00.dat	001197665	1197695	1197694	1015503640								183	Error: Aleph-запись должна содержать ровно одно поле LDR; найдено 2.
rsl03_z00.dat	001197666	1197696	1197695	1015504289								184	Error: Aleph-запись должна содержать ровно одно поле LDR; найдено 2.
rsl03_z00.dat	001197672	1197702	1197701	1015507785								185	Error: Aleph-запись должна содержать ровно одно поле LDR; найдено 2.
rsl03_z00.dat	001197673	1197703	1197702	1015508347								186	Error: Aleph-запись должна содержать ровно одно поле LDR; найдено 2.
rsl03_z00.dat	001197674	1197704	1197703	1015508909								187	Error: Aleph-запись должна содержать ровно одно поле LDR; найдено 2.
rsl03_z00.dat	001197679	1197709	1197708	1015511702								188	Error: Aleph-запись должна содержать ровно одно поле LDR; найдено 2.
rsl03_z00.dat	001197680	1197710	1197709	1015512264								189	Error: Aleph-запись должна содержать ровно одно поле LDR; найдено 2.
rsl03_z00.dat	001197681	1197711	1197710	1015512819								190	Error: Aleph-запись должна содержать ровно одно поле LDR; найдено 2.
rsl03_z00.dat	001197683	1197713	1197712	1015514005								191	Error: Aleph-запись должна содержать ровно одно поле LDR; найдено 2.
rsl03_z00.dat	001197684	1197714	1197713	1015514576								192	Error: Aleph-запись должна содержать ровно одно поле LDR; найдено 2.
rsl03_z00.dat	001197685	1197715	1197714	1015515161								193	Error: Aleph-запись должна содержать ровно одно поле LDR; найдено 2.
rsl03_z00.dat	001197687	1197717	1197716	1015516350								194	Error: Aleph-запись должна содержать ровно одно поле LDR; найдено 2.
rsl03_z00.dat	001197689	1197719	1197718	1015517518								195	Error: Aleph-запись должна содержать ровно одно поле LDR; найдено 2.
rsl03_z00.dat	001197691	1197721	1197720	1015518649								196	Error: Aleph-запись должна содержать ровно одно поле LDR; найдено 2.
rsl03_z00.dat	001197740	1197770	1197769	1015547933								197	Error: Aleph-запись должна содержать ровно одно поле LDR; найдено 2.
rsl03_z00.dat	001197741	1197771	1197770	1015548488								198	Error: Aleph-запись должна содержать ровно одно поле LDR; найдено 2.
rsl03_z00.dat	001197743	1197773	1197772	1015549658								199	Error: Aleph-запись должна содержать ровно одно поле LDR; найдено 2.
rsl03_z00.dat	001197744	1197774	1197773	1015550215								200	Error: Aleph-запись должна содержать ровно одно поле LDR; найдено 2.
rsl03_z00.dat	001197745	1197775	1197774	1015550774								201	Error: Aleph-запись должна содержать ровно одно поле LDR; найдено 2.
rsl03_z00.dat	001197746	1197776	1197775	1015551333								202	Error: Aleph-запись должна содержать ровно одно поле LDR; найдено 2.
rsl03_z00.dat	001197747	1197777	1197776	1015551892								203	Error: Aleph-запись должна содержать ровно одно поле LDR; найдено 2.
rsl03_z00.dat	001197748	1197778	1197777	1015552450								204	Error: Aleph-запись должна содержать ровно одно поле LDR; найдено 2.
rsl03_z00.dat	001197750	1197780	1197779	1015553580								205	Error: Aleph-запись должна содержать ровно одно поле LDR; найдено 2.
rsl03_z00.dat	001197751	1197781	1197780	1015554138								206	Error: Aleph-запись должна содержать ровно одно поле LDR; найдено 3.
rsl03_z00.dat	001197752	1197782	1197781	1015554730								207	Error: Aleph-запись должна содержать ровно одно поле LDR; найдено 3.
rsl03_z00.dat	001197753	1197783	1197782	1015555321								208	Error: Aleph-запись должна содержать ровно одно поле LDR; найдено 3.
rsl03_z00.dat	001197754	1197784	1197783	1015555912								209	Error: Aleph-запись должна содержать ровно одно поле LDR; найдено 3.
rsl03_z00.dat	001197755	1197785	1197784	1015556503								210	Error: Aleph-запись должна содержать ровно одно поле LDR; найдено 3.
rsl03_z00.dat	001197756	1197786	1197785	1015557096								211	Error: Aleph-запись должна содержать ровно одно поле LDR; найдено 3.
rsl03_z00.dat	001197757	1197787	1197786	1015557689								212	Error: Aleph-запись должна содержать ровно одно поле LDR; найдено 3.
rsl03_z00.dat	001197758	1197788	1197787	1015558280								213	Error: Aleph-запись должна содержать ровно одно поле LDR; найдено 3.
rsl03_z00.dat	001197759	1197789	1197788	1015558871								214	Error: Aleph-запись должна содержать ровно одно поле LDR; найдено 3.
rsl03_z00.dat	001197760	1197790	1197789	1015559462								215	Error: Aleph-запись должна содержать ровно одно поле LDR; найдено 3.
rsl03_z00.dat	001197761	1197791	1197790	1015560054								216	Error: Aleph-запись должна содержать ровно одно поле LDR; найдено 3.
rsl03_z00.dat	001197762	1197792	1197791	1015560646								217	Error: Aleph-запись должна содержать ровно одно поле LDR; найдено 3.
rsl03_z00.dat	001197763	1197793	1197792	1015561238								218	Error: Aleph-запись должна содержать ровно одно поле LDR; найдено 3.
rsl03_z00.dat	001197764	1197794	1197793	1015561830								219	Error: Aleph-запись должна содержать ровно одно поле LDR; найдено 3.
rsl03_z00.dat	001197765	1197795	1197794	1015562422								220	Error: Aleph-запись должна содержать ровно одно поле LDR; найдено 3.
rsl03_z00.dat	001197766	1197796	1197795	1015563015								221	Error: Aleph-запись должна содержать ровно одно поле LDR; найдено 3.
rsl03_z00.dat	001197790	1197821	1197820	1015578006								222	Error: Aleph-запись должна содержать ровно одно поле LDR; найдено 2.
rsl03_z00.dat	001197792	1197822	1197821	1015578620								223	Error: Aleph-запись должна содержать ровно одно поле LDR; найдено 2.
rsl03_z00.dat	001197806	1197836	1197835	1015586352								224	Error: Aleph-запись должна содержать ровно одно поле LDR; найдено 2.
rsl03_z00.dat	001197808	1197838	1197837	1015587493								225	Error: Aleph-запись должна содержать ровно одно поле LDR; найдено 2.
rsl03_z00.dat	001197815	1197845	1197844	1015591363								226	Error: Aleph-запись должна содержать ровно одно поле LDR; найдено 2.
rsl03_z00.dat	001197816	1197846	1197845	1015591917								227	Error: Aleph-запись должна содержать ровно одно поле LDR; найдено 2.
rsl03_z00.dat	001197817	1197847	1197846	1015592471								228	Error: Aleph-запись должна содержать ровно одно поле LDR; найдено 2.
rsl03_z00.dat	001197818	1197848	1197847	1015593025								229	Error: Aleph-запись должна содержать ровно одно поле LDR; найдено 2.
rsl03_z00.dat	001197830	1197860	1197859	1015599576								230	Error: Aleph-запись должна содержать ровно одно поле LDR; найдено 2.
rsl03_z00.dat	001197831	1197861	1197860	1015600150								231	Error: Aleph-запись должна содержать ровно одно поле LDR; найдено 2.
rsl03_z00.dat	001197836	1197866	1197865	1015602878								232	Error: Aleph-запись должна содержать ровно одно поле LDR; найдено 2.
rsl03_z00.dat	001197837	1197867	1197866	1015603391								233	Error: Aleph-запись должна содержать ровно одно поле LDR; найдено 2.
rsl03_z00.dat	001197838	1197868	1197867	1015603904								234	Error: Aleph-запись должна содержать ровно одно поле LDR; найдено 2.
rsl03_z00.dat	001197862	1197892	1197891	1015619894								235	Error: Aleph-запись должна содержать ровно одно поле LDR; найдено 2.
rsl03_z00.dat	001197868	1197898	1197897	1015623544								236	Error: Aleph-запись должна содержать ровно одно поле LDR; найдено 2.
rsl03_z00.dat	001197875	1197905	1197904	1015627388								237	Error: Aleph-запись должна содержать ровно одно поле LDR; найдено 2.
rsl03_z00.dat	001197878	1197908	1197907	1015628868								238	Error: Aleph-запись должна содержать ровно одно поле LDR; найдено 2.
rsl03_z00.dat	001197880	1197910	1197909	1015629918								239	Error: Aleph-запись должна содержать ровно одно поле LDR; найдено 2.
rsl03_z00.dat	001197881	1197911	1197910	1015630436								240	Error: Aleph-запись должна содержать ровно одно поле LDR; найдено 2.
rsl03_z00.dat	001197882	1197912	1197911	1015630948								241	Error: Aleph-запись должна содержать ровно одно поле LDR; найдено 3.
rsl03_z00.dat	001197883	1197913	1197912	1015631492								242	Error: Aleph-запись должна содержать ровно одно поле LDR; найдено 3.
rsl03_z00.dat	001197885	1197915	1197914	1015632715								243	Error: Aleph-запись должна содержать ровно одно поле LDR; найдено 3.
rsl03_z00.dat	001197886	1197916	1197915	1015633262								244	Error: Aleph-запись должна содержать ровно одно поле LDR; найдено 3.
rsl03_z00.dat	001197887	1197917	1197916	1015633813								245	Error: Aleph-запись должна содержать ровно одно поле LDR; найдено 3.
rsl03_z00.dat	001197890	1197920	1197919	1015635539								246	Error: Aleph-запись должна содержать ровно одно поле LDR; найдено 2.
rsl03_z00.dat	001197891	1197921	1197920	1015636061								247	Error: Aleph-запись должна содержать ровно одно поле LDR; найдено 2.
rsl03_z00.dat	001197892	1197922	1197921	1015636576								248	Error: Aleph-запись должна содержать ровно одно поле LDR; найдено 2.
rsl03_z00.dat	001197913	1197943	1197942	1015648980								249	Error: Aleph-запись должна содержать ровно одно поле LDR; найдено 2.
rsl03_z00.dat	001197914	1197944	1197943	1015649526								250	Error: Aleph-запись должна содержать ровно одно поле LDR; найдено 2.
rsl03_z00.dat	001197918	1197948	1197947	1015651965								251	Error: Aleph-запись должна содержать ровно одно поле LDR; найдено 2.
rsl03_z00.dat	001197919	1197949	1197948	1015652603								252	Error: Aleph-запись должна содержать ровно одно поле LDR; найдено 2.
rsl03_z00.dat	001197920	1197950	1197949	1015653229								253	Error: Aleph-запись должна содержать ровно одно поле LDR; найдено 2.
rsl03_z00.dat	001197953	1197983	1197982	1015672458								254	Error: Aleph-запись должна содержать ровно одно поле LDR; найдено 2.
rsl03_z00.dat	001197954	1197985	1197984	1015673574								255	Error: Aleph-запись должна содержать ровно одно поле LDR; найдено 2.
rsl03_z00.dat	001197956	1197987	1197986	1015674971								256	Error: Aleph-запись должна содержать ровно одно поле LDR; найдено 2.
rsl03_z00.dat	001197958	1197989	1197988	1015676109								257	Error: Aleph-запись должна содержать ровно одно поле LDR; найдено 2.
rsl03_z00.dat	001197960	1197991	1197990	1015677252								258	Error: Aleph-запись должна содержать ровно одно поле LDR; найдено 2.
rsl03_z00.dat	001197969	1198000	1197999	1015682320								259	Error: Aleph-запись должна содержать ровно одно поле LDR; найдено 2.
rsl03_z00.dat	001197970	1198001	1198000	1015682833								260	Error: Aleph-запись должна содержать ровно одно поле LDR; найдено 2.
rsl03_z00.dat	001197990	1198021	1198020	1015694785								261	Error: Aleph-запись должна содержать ровно одно поле LDR; найдено 2.
rsl03_z00.dat	001197991	1198022	1198021	1015695388								262	Error: Aleph-запись должна содержать ровно одно поле LDR; найдено 2.
rsl03_z00.dat	001197992	1198023	1198022	1015695997								263	Error: Aleph-запись должна содержать ровно одно поле LDR; найдено 3.
rsl03_z00.dat	001197993	1198024	1198023	1015696640								264	Error: Aleph-запись должна содержать ровно одно поле LDR; найдено 3.
rsl03_z00.dat	001197994	1198025	1198024	1015697281								265	Error: Aleph-запись должна содержать ровно одно поле LDR; найдено 2.
rsl03_z00.dat	001197995	1198026	1198025	1015697888								266	Error: Aleph-запись должна содержать ровно одно поле LDR; найдено 2.
rsl03_z00.dat	001197996	1198027	1198026	1015698497								267	Error: Aleph-запись должна содержать ровно одно поле LDR; найдено 2.
rsl03_z00.dat	001197997	1198028	1198027	1015699104								268	Error: Aleph-запись должна содержать ровно одно поле LDR; найдено 2.
rsl03_z00.dat	001197998	1198029	1198028	1015699711								269	Error: Aleph-запись должна содержать ровно одно поле LDR; найдено 2.
rsl03_z00.dat	001198000	1198031	1198030	1015700923								270	Error: Aleph-запись должна содержать ровно одно поле LDR; найдено 2.
rsl03_z00.dat	001198006	1198037	1198036	1015704504								271	Error: Aleph-запись должна содержать ровно одно поле LDR; найдено 2.
rsl03_z00.dat	001198008	1198039	1198038	1015705582								272	Error: Aleph-запись должна содержать ровно одно поле LDR; найдено 2.
rsl03_z00.dat	001198009	1198040	1198039	1015706118								273	Error: Aleph-запись должна содержать ровно одно поле LDR; найдено 2.
rsl03_z00.dat	001198010	1198041	1198040	1015706648								274	Error: Aleph-запись должна содержать ровно одно поле LDR; найдено 2.
rsl03_z00.dat	001198012	1198043	1198042	1015707726								275	Error: Aleph-запись должна содержать ровно одно поле LDR; найдено 2.
rsl03_z00.dat	001198013	1198044	1198043	1015708302								276	Error: Aleph-запись должна содержать ровно одно поле LDR; найдено 2.
rsl03_z00.dat	001198018	1198049	1198048	1015711453								277	Error: Aleph-запись должна содержать ровно одно поле LDR; найдено 2.
rsl03_z00.dat	001198019	1198050	1198049	1015712038								278	Error: Aleph-запись должна содержать ровно одно поле LDR; найдено 2.
rsl03_z00.dat	001198021	1198052	1198051	1015713194								279	Error: Aleph-запись должна содержать ровно одно поле LDR; найдено 2.
rsl03_z00.dat	001198022	1198053	1198052	1015713771								280	Error: Aleph-запись должна содержать ровно одно поле LDR; найдено 2.
rsl03_z00.dat	001198023	1198054	1198053	1015714354								281	Error: Aleph-запись должна содержать ровно одно поле LDR; найдено 2.
rsl03_z00.dat	001198024	1198055	1198054	1015714936								282	Error: Aleph-запись должна содержать ровно одно поле LDR; найдено 2.
rsl03_z00.dat	001198030	1198061	1198060	1015718233								283	Error: Aleph-запись должна содержать ровно одно поле LDR; найдено 2.
rsl03_z00.dat	001198031	1198062	1198061	1015718773								284	Error: Aleph-запись должна содержать ровно одно поле LDR; найдено 2.
rsl03_z00.dat	001198032	1198063	1198062	1015719315								285	Error: Aleph-запись должна содержать ровно одно поле LDR; найдено 2.
rsl03_z00.dat	001198033	1198064	1198063	1015719858								286	Error: Aleph-запись должна содержать ровно одно поле LDR; найдено 2.
rsl03_z00.dat	001198035	1198066	1198065	1015720913								287	Error: Aleph-запись должна содержать ровно одно поле LDR; найдено 2.
rsl03_z00.dat	001198036	1198067	1198066	1015721448								288	Error: Aleph-запись должна содержать ровно одно поле LDR; найдено 2.
rsl03_z00.dat	001198038	1198069	1198068	1015722499								289	Error: Aleph-запись должна содержать ровно одно поле LDR; найдено 2.
rsl03_z00.dat	001198040	1198071	1198070	1015723548								290	Error: Aleph-запись должна содержать ровно одно поле LDR; найдено 2.
rsl03_z00.dat	001198041	1198072	1198071	1015724087								291	Error: Aleph-запись должна содержать ровно одно поле LDR; найдено 2.
rsl03_z00.dat	001198042	1198073	1198072	1015724622								292	Error: Aleph-запись должна содержать ровно одно поле LDR; найдено 2.
rsl03_z00.dat	001198043	1198074	1198073	1015725163								293	Error: Aleph-запись должна содержать ровно одно поле LDR; найдено 2.
rsl03_z00.dat	001198075	1198106	1198105	1015743327								294	Error: Aleph-запись должна содержать ровно одно поле LDR; найдено 2.
rsl03_z00.dat	001198076	1198107	1198106	1015743898								295	Error: Aleph-запись должна содержать ровно одно поле LDR; найдено 2.
rsl03_z00.dat	001198077	1198108	1198107	1015744478								296	Error: Aleph-запись должна содержать ровно одно поле LDR; найдено 2.
rsl03_z00.dat	001198079	1198110	1198109	1015745611								297	Error: Aleph-запись должна содержать ровно одно поле LDR; найдено 2.
rsl03_z00.dat	001198080	1198111	1198110	1015746164								298	Error: Aleph-запись должна содержать ровно одно поле LDR; найдено 2.
rsl03_z00.dat	001198081	1198112	1198111	1015746717								299	Error: Aleph-запись должна содержать ровно одно поле LDR; найдено 2.
rsl03_z00.dat	001198082	1198113	1198112	1015747272								300	Error: Aleph-запись должна содержать ровно одно поле LDR; найдено 2.
rsl03_z00.dat	001198083	1198114	1198113	1015747819								301	Error: Aleph-запись должна содержать ровно одно поле LDR; найдено 2.
rsl03_z00.dat	001198084	1198115	1198114	1015748366								302	Error: Aleph-запись должна содержать ровно одно поле LDR; найдено 2.
rsl03_z00.dat	001198085	1198116	1198115	1015748917								303	Error: Aleph-запись должна содержать ровно одно поле LDR; найдено 2.
rsl03_z00.dat	001198126	1198157	1198156	1015771991								304	Error: Aleph-запись должна содержать ровно одно поле LDR; найдено 2.
rsl03_z00.dat	001198127	1198158	1198157	1015772531								305	Error: Aleph-запись должна содержать ровно одно поле LDR; найдено 2.
rsl03_z00.dat	001198128	1198159	1198158	1015773076								306	Error: Aleph-запись должна содержать ровно одно поле LDR; найдено 2.
rsl03_z00.dat	001198129	1198160	1198159	1015773615								307	Error: Aleph-запись должна содержать ровно одно поле LDR; найдено 2.
rsl03_z00.dat	001198130	1198161	1198160	1015774158								308	Error: Aleph-запись должна содержать ровно одно поле LDR; найдено 2.
rsl03_z00.dat	001198132	1198163	1198162	1015775202								309	Error: Aleph-запись должна содержать ровно одно поле LDR; найдено 2.
rsl03_z00.dat	001198133	1198164	1198163	1015775748								310	Error: Aleph-запись должна содержать ровно одно поле LDR; найдено 2.
rsl03_z00.dat	001198134	1198165	1198164	1015776294								311	Error: Aleph-запись должна содержать ровно одно поле LDR; найдено 2.
rsl03_z00.dat	001198135	1198166	1198165	1015776840								312	Error: Aleph-запись должна содержать ровно одно поле LDR; найдено 2.
rsl03_z00.dat	001198136	1198167	1198166	1015777386								313	Error: Aleph-запись должна содержать ровно одно поле LDR; найдено 2.
rsl03_z00.dat	001198137	1198168	1198167	1015777932								314	Error: Aleph-запись должна содержать ровно одно поле LDR; найдено 2.
rsl03_z00.dat	001198138	1198169	1198168	1015778478								315	Error: Aleph-запись должна содержать ровно одно поле LDR; найдено 2.
rsl03_z00.dat	001198139	1198170	1198169	1015779024								316	Error: Aleph-запись должна содержать ровно одно поле LDR; найдено 2.
rsl03_z00.dat	001198140	1198171	1198170	1015779570								317	Error: Aleph-запись должна содержать ровно одно поле LDR; найдено 2.
rsl03_z00.dat	001198141	1198172	1198171	1015780116								318	Error: Aleph-запись должна содержать ровно одно поле LDR; найдено 2.
rsl03_z00.dat	001198142	1198173	1198172	1015780663								319	Error: Aleph-запись должна содержать ровно одно поле LDR; найдено 2.
rsl03_z00.dat	001198143	1198174	1198173	1015781210								320	Error: Aleph-запись должна содержать ровно одно поле LDR; найдено 2.
rsl03_z00.dat	001198144	1198175	1198174	1015781756								321	Error: Aleph-запись должна содержать ровно одно поле LDR; найдено 2.
rsl03_z00.dat	001198173	1198204	1198203	1015798454								322	Error: Aleph-запись должна содержать ровно одно поле LDR; найдено 2.
rsl03_z00.dat	001198175	1198206	1198205	1015799597								323	Error: Aleph-запись должна содержать ровно одно поле LDR; найдено 2.
rsl03_z00.dat	001198183	1198214	1198213	1015805468								324	Error: Aleph-запись должна содержать ровно одно поле LDR; найдено 2.
rsl03_z00.dat	001198184	1198215	1198214	1015806006								325	Error: Aleph-запись должна содержать ровно одно поле LDR; найдено 2.
rsl03_z00.dat	001198185	1198216	1198215	1015806544								326	Error: Aleph-запись должна содержать ровно одно поле LDR; найдено 2.
rsl03_z00.dat	001198186	1198217	1198216	1015807081								327	Error: Aleph-запись должна содержать ровно одно поле LDR; найдено 2.
rsl03_z00.dat	001198187	1198218	1198217	1015807618								328	Error: Aleph-запись должна содержать ровно одно поле LDR; найдено 2.
rsl03_z00.dat	001198188	1198219	1198218	1015808155								329	Error: Aleph-запись должна содержать ровно одно поле LDR; найдено 2.
rsl03_z00.dat	001198189	1198220	1198219	1015808692								330	Error: Aleph-запись должна содержать ровно одно поле LDR; найдено 2.
rsl03_z00.dat	001198204	1198235	1198234	1015817647								331	Error: Aleph-запись должна содержать ровно одно поле LDR; найдено 2.
rsl03_z00.dat	001198220	1198251	1198250	1015827590								332	Error: Aleph-запись должна содержать ровно одно поле LDR; найдено 2.
rsl03_z00.dat	001198221	1198252	1198251	1015828157								333	Error: Aleph-запись должна содержать ровно одно поле LDR; найдено 2.
rsl03_z00.dat	001198222	1198253	1198252	1015828724								334	Error: Aleph-запись должна содержать ровно одно поле LDR; найдено 2.
rsl03_z00.dat	001198223	1198254	1198253	1015829291								335	Error: Aleph-запись должна содержать ровно одно поле LDR; найдено 2.
rsl03_z00.dat	001198225	1198256	1198255	1015830463								336	Error: Aleph-запись должна содержать ровно одно поле LDR; найдено 2.
rsl03_z00.dat	001198226	1198257	1198256	1015831030								337	Error: Aleph-запись должна содержать ровно одно поле LDR; найдено 2.
rsl03_z00.dat	001198227	1198258	1198257	1015831597								338	Error: Aleph-запись должна содержать ровно одно поле LDR; найдено 2.
rsl03_z00.dat	001198228	1198259	1198258	1015832164								339	Error: Aleph-запись должна содержать ровно одно поле LDR; найдено 2.
rsl03_z00.dat	001198229	1198260	1198259	1015832731								340	Error: Aleph-запись должна содержать ровно одно поле LDR; найдено 2.
rsl03_z00.dat	001198230	1198261	1198260	1015833298								341	Error: Aleph-запись должна содержать ровно одно поле LDR; найдено 2.
rsl03_z00.dat	001198231	1198262	1198261	1015833865								342	Error: Aleph-запись должна содержать ровно одно поле LDR; найдено 2.
rsl03_z00.dat	001198232	1198263	1198262	1015834432								343	Error: Aleph-запись должна содержать ровно одно поле LDR; найдено 2.
rsl03_z00.dat	001198233	1198264	1198263	1015834999								344	Error: Aleph-запись должна содержать ровно одно поле LDR; найдено 2.
rsl03_z00.dat	001198234	1198265	1198264	1015835566								345	Error: Aleph-запись должна содержать ровно одно поле LDR; найдено 2.
rsl03_z00.dat	001198235	1198266	1198265	1015836133								346	Error: Aleph-запись должна содержать ровно одно поле LDR; найдено 2.
rsl03_z00.dat	001198236	1198267	1198266	1015836700								347	Error: Aleph-запись должна содержать ровно одно поле LDR; найдено 2.
rsl03_z00.dat	001198237	1198268	1198267	1015837267								348	Error: Aleph-запись должна содержать ровно одно поле LDR; найдено 2.
rsl03_z00.dat	001198238	1198269	1198268	1015837834								349	Error: Aleph-запись должна содержать ровно одно поле LDR; найдено 2.
rsl03_z00.dat	001198239	1198270	1198269	1015838401								350	Error: Aleph-запись должна содержать ровно одно поле LDR; найдено 2.
rsl03_z00.dat	001198460	1198490	1198489	1015977554								352	Error: Aleph-запись должна содержать ровно одно поле LDR; найдено 2.
rsl03_z00.dat	001202178	1202208	1202207	1018289526								358	Error: Aleph-запись должна содержать ровно одно поле LDR; найдено 2.
rsl03_z00.dat	001202611	1202641	1202640	1018555010								359	Error: Aleph-запись должна содержать ровно одно поле LDR; найдено 2.
rsl03_z00.dat	001203722	1203752	1203751	1019267758								360	Error: Aleph-запись должна содержать ровно одно поле LDR; найдено 2.
rsl03_z00.dat	001275846	1275876	1275875	1169292642								826	Error: Aleph-запись должна содержать ровно одно поле LDR; найдено 0.
rsl03_z00.dat	001377308	1377980	1377979	1393782794								837	Error: Aleph-запись должна содержать ровно одно поле LDR; найдено 0.
rsl03_z00.dat	001377701	1378375	1378374	1394781354								838	Error: Aleph-запись должна содержать ровно одно поле LDR; найдено 0.
rsl03_z00.dat	001649616	1649645	1649644	2028091698								851	Error: Aleph-запись должна содержать ровно одно поле LDR; найдено 0.
rsl03_z00.dat	001649899	1649931	1649930	2028703337								852	Error: Aleph-запись должна содержать ровно одно поле LDR; найдено 0.
rsl07_z00.dat	000525445	518569	518568	172845362								3	Error: Aleph-запись должна содержать ровно одно поле LDR; найдено 0.
rsl10_z00.dat	000167015	129641	129640	64119704								9	Error: Aleph-запись должна содержать ровно одно поле LDR; найдено 2.
rsl11_z00.dat	000131560	124066	124065	100430016								7	Error: Aleph-запись должна содержать ровно одно поле LDR; найдено 2.
