rsl03_z00.dat {
  recordsProcessed: 636959,
  validRecords: 636265,
  recordsWithValidationErrors: 0,
  recordsWithParsingErrors: 0,
  validationErrors: 0,
  skippedDeletedRecords: 694,
  inputBytes: 556727467
}
rsl03_z00.dat {
  recordsProcessed: 1264450,
  validRecords: 1263048,
  recordsWithValidationErrors: 462,
  recordsWithParsingErrors: 0,
  validationErrors: 13775,
  skippedDeletedRecords: 940,
  inputBytes: 1145109165
}
rsl03_z00.dat {
  recordsProcessed: 1624078,
  validRecords: 1622486,
  recordsWithValidationErrors: 463,
  recordsWithParsingErrors: 0,
  validationErrors: 13777,
  skippedDeletedRecords: 1129,
  inputBytes: 1967783907
}
{
  "file": "rsl03_z00.dat",
  "mode": "errors-only",
  "category": "bibliographic",
  "source": "https://mrsadman.ru/ac34d2e7ff814daf/",
  "revision": "f6c0629759de09f9d9af5aa10a6b5efc9a85f35a",
  "node": "v24.12.0",
  "startedAt": "2026-09-28T10:37:10.375Z",
  "completedAt": "2026-09-28T10:38:51.657Z",
  "complete": true,
  "fileBytes": 2316218684,
  "sha256": "6c910c517892c10820bfb12d3fefc1ee3449aa9feaafa75e468606cfcd38a81d",
  "recordsProcessed": 1771528,
  "validRecords": 1769932,
  "recordsWithValidationErrors": 463,
  "recordsWithParsingErrors": 0,
  "validationErrors": 13777,
  "skippedDeletedRecords": 1133,
  "inputBytes": 2316218684,
  "serializationPerformed": false,
  "serializedBytes": 0,
  "rules": {
    "SF-G4": 82,
    "IN-G3": 9791,
    "DF-G3": 3277,
    "DF-G2": 627
  },
  "messages": {
    "SF-G4: Подполе 3 поля 700 имеет недопустимый код \"Ð\".": {
      "count": 1,
      "first": {
        "recordIndex": 940059,
        "byteOffset": 807827788,
        "rule": "SF-G4",
        "fieldIndex": 13,
        "tag": "700",
        "subfieldIndex": 2,
        "message": "Подполе 3 поля 700 имеет недопустимый код \"Ð\"."
      }
    },
    "SF-G4: Подполе 3 поля 245 имеет недопустимый код \"[\".": {
      "count": 1,
      "first": {
        "recordIndex": 1183557,
        "byteOffset": 1006079876,
        "rule": "SF-G4",
        "fieldIndex": 7,
        "tag": "245",
        "subfieldIndex": 2,
        "message": "Подполе 3 поля 245 имеет недопустимый код \"[\"."
      }
    },
    "SF-G4: Подполе 2 поля 245 имеет недопустимый код \"\\u001c\".": {
      "count": 1,
      "first": {
        "recordIndex": 1186122,
        "byteOffset": 1007803530,
        "rule": "SF-G4",
        "fieldIndex": 7,
        "tag": "245",
        "subfieldIndex": 1,
        "message": "Подполе 2 поля 245 имеет недопустимый код \"\\u001c\"."
      }
    },
    "SF-G4: Подполе 2 поля 100 имеет недопустимый код \"Ð\".": {
      "count": 1,
      "first": {
        "recordIndex": 1189590,
        "byteOffset": 1010129435,
        "rule": "SF-G4",
        "fieldIndex": 7,
        "tag": "100",
        "subfieldIndex": 1,
        "message": "Подполе 2 поля 100 имеет недопустимый код \"Ð\"."
      }
    },
    "IN-G3: Индикатор 1 поля 020 имеет недопустимое значение \"K\".": {
      "count": 437,
      "first": {
        "recordIndex": 1204650,
        "byteOffset": 1019851001,
        "rule": "IN-G3",
        "fieldIndex": 5,
        "tag": "020",
        "indicatorIndex": 0,
        "message": "Индикатор 1 поля 020 имеет недопустимое значение \"K\"."
      }
    },
    "IN-G3: Индикатор 2 поля 020 имеет недопустимое значение \"P\".": {
      "count": 437,
      "first": {
        "recordIndex": 1204650,
        "byteOffset": 1019851001,
        "rule": "IN-G3",
        "fieldIndex": 5,
        "tag": "020",
        "indicatorIndex": 1,
        "message": "Индикатор 2 поля 020 имеет недопустимое значение \"P\"."
      }
    },
    "IN-G3: Индикатор 2 поля 041 имеет недопустимое значение \"P\".": {
      "count": 397,
      "first": {
        "recordIndex": 1204650,
        "byteOffset": 1019851001,
        "rule": "IN-G3",
        "fieldIndex": 7,
        "tag": "041",
        "indicatorIndex": 1,
        "message": "Индикатор 2 поля 041 имеет недопустимое значение \"P\"."
      }
    },
    "DF-G3: Поле 041 не содержит кода подполя.": {
      "count": 382,
      "first": {
        "recordIndex": 1204650,
        "byteOffset": 1019851001,
        "rule": "DF-G3",
        "fieldIndex": 7,
        "tag": "041",
        "message": "Поле 041 не содержит кода подполя."
      }
    },
    "DF-G2: Поле 080 содержит 0 индикатор(а), ожидалось 2.": {
      "count": 382,
      "first": {
        "recordIndex": 1204650,
        "byteOffset": 1019851001,
        "rule": "DF-G2",
        "fieldIndex": 8,
        "tag": "080",
        "message": "Поле 080 содержит 0 индикатор(а), ожидалось 2."
      }
    },
    "IN-G3: Индикатор 1 поля 260 имеет недопустимое значение \"¸\".": {
      "count": 15,
      "first": {
        "recordIndex": 1204650,
        "byteOffset": 1019851001,
        "rule": "IN-G3",
        "fieldIndex": 10,
        "tag": "260",
        "indicatorIndex": 0,
        "message": "Индикатор 1 поля 260 имеет недопустимое значение \"¸\"."
      }
    },
    "IN-G3: Индикатор 2 поля 260 имеет недопустимое значение \"Ñ\".": {
      "count": 39,
      "first": {
        "recordIndex": 1204650,
        "byteOffset": 1019851001,
        "rule": "IN-G3",
        "fieldIndex": 10,
        "tag": "260",
        "indicatorIndex": 1,
        "message": "Индикатор 2 поля 260 имеет недопустимое значение \"Ñ\"."
      }
    },
    "DF-G3: Поле 260 не содержит кода подполя.": {
      "count": 289,
      "first": {
        "recordIndex": 1204650,
        "byteOffset": 1019851001,
        "rule": "DF-G3",
        "fieldIndex": 10,
        "tag": "260",
        "message": "Поле 260 не содержит кода подполя."
      }
    },
    "IN-G3: Индикатор 1 поля 300 имеет недопустимое значение \"Ñ\".": {
      "count": 55,
      "first": {
        "recordIndex": 1204650,
        "byteOffset": 1019851001,
        "rule": "IN-G3",
        "fieldIndex": 11,
        "tag": "300",
        "indicatorIndex": 0,
        "message": "Индикатор 1 поля 300 имеет недопустимое значение \"Ñ\"."
      }
    },
    "IN-G3: Индикатор 2 поля 300 имеет недопустимое значение \"\".": {
      "count": 9,
      "first": {
        "recordIndex": 1204650,
        "byteOffset": 1019851001,
        "rule": "IN-G3",
        "fieldIndex": 11,
        "tag": "300",
        "indicatorIndex": 1,
        "message": "Индикатор 2 поля 300 имеет недопустимое значение \"\"."
      }
    },
    "IN-G3: Индикатор 2 поля 520 имеет недопустимое значение \"[\".": {
      "count": 3,
      "first": {
        "recordIndex": 1204650,
        "byteOffset": 1019851001,
        "rule": "IN-G3",
        "fieldIndex": 12,
        "tag": "520",
        "indicatorIndex": 1,
        "message": "Индикатор 2 поля 520 имеет недопустимое значение \"[\"."
      }
    },
    "IN-G3: Индикатор 1 поля 650 имеет недопустимое значение \"\".": {
      "count": 8,
      "first": {
        "recordIndex": 1204650,
        "byteOffset": 1019851001,
        "rule": "IN-G3",
        "fieldIndex": 13,
        "tag": "650",
        "indicatorIndex": 0,
        "message": "Индикатор 1 поля 650 имеет недопустимое значение \"\"."
      }
    },
    "IN-G3: Индикатор 2 поля 650 имеет недопустимое значение \"Ð\".": {
      "count": 209,
      "first": {
        "recordIndex": 1204650,
        "byteOffset": 1019851001,
        "rule": "IN-G3",
        "fieldIndex": 13,
        "tag": "650",
        "indicatorIndex": 1,
        "message": "Индикатор 2 поля 650 имеет недопустимое значение \"Ð\"."
      }
    },
    "IN-G3: Индикатор 1 поля 650 имеет недопустимое значение \"°\".": {
      "count": 23,
      "first": {
        "recordIndex": 1204650,
        "byteOffset": 1019851001,
        "rule": "IN-G3",
        "fieldIndex": 14,
        "tag": "650",
        "indicatorIndex": 0,
        "message": "Индикатор 1 поля 650 имеет недопустимое значение \"°\"."
      }
    },
    "IN-G3: Индикатор 2 поля 650 имеет недопустимое значение \"Ñ\".": {
      "count": 94,
      "first": {
        "recordIndex": 1204650,
        "byteOffset": 1019851001,
        "rule": "IN-G3",
        "fieldIndex": 14,
        "tag": "650",
        "indicatorIndex": 1,
        "message": "Индикатор 2 поля 650 имеет недопустимое значение \"Ñ\"."
      }
    },
    "IN-G3: Индикатор 1 поля 650 имеет недопустимое значение \"Ñ\".": {
      "count": 89,
      "first": {
        "recordIndex": 1204650,
        "byteOffset": 1019851001,
        "rule": "IN-G3",
        "fieldIndex": 15,
        "tag": "650",
        "indicatorIndex": 0,
        "message": "Индикатор 1 поля 650 имеет недопустимое значение \"Ñ\"."
      }
    },
    "IN-G3: Индикатор 2 поля 650 имеет недопустимое значение \"\".": {
      "count": 21,
      "first": {
        "recordIndex": 1204650,
        "byteOffset": 1019851001,
        "rule": "IN-G3",
        "fieldIndex": 15,
        "tag": "650",
        "indicatorIndex": 1,
        "message": "Индикатор 2 поля 650 имеет недопустимое значение \"\"."
      }
    },
    "DF-G3: Поле 650 не содержит кода подполя.": {
      "count": 650,
      "first": {
        "recordIndex": 1204650,
        "byteOffset": 1019851001,
        "rule": "DF-G3",
        "fieldIndex": 15,
        "tag": "650",
        "message": "Поле 650 не содержит кода подполя."
      }
    },
    "IN-G3: Индикатор 1 поля 912 имеет недопустимое значение \"²\".": {
      "count": 11,
      "first": {
        "recordIndex": 1204650,
        "byteOffset": 1019851001,
        "rule": "IN-G3",
        "fieldIndex": 16,
        "tag": "912",
        "indicatorIndex": 0,
        "message": "Индикатор 1 поля 912 имеет недопустимое значение \"²\"."
      }
    },
    "IN-G3: Индикатор 2 поля 912 имеет недопустимое значение \"Ð\".": {
      "count": 156,
      "first": {
        "recordIndex": 1204650,
        "byteOffset": 1019851001,
        "rule": "IN-G3",
        "fieldIndex": 16,
        "tag": "912",
        "indicatorIndex": 1,
        "message": "Индикатор 2 поля 912 имеет недопустимое значение \"Ð\"."
      }
    },
    "DF-G3: Поле 912 не содержит кода подполя.": {
      "count": 429,
      "first": {
        "recordIndex": 1204650,
        "byteOffset": 1019851001,
        "rule": "DF-G3",
        "fieldIndex": 16,
        "tag": "912",
        "message": "Поле 912 не содержит кода подполя."
      }
    },
    "IN-G3: Индикатор 1 поля 336 имеет недопустимое значение \"Ð\".": {
      "count": 142,
      "first": {
        "recordIndex": 1204650,
        "byteOffset": 1019851001,
        "rule": "IN-G3",
        "fieldIndex": 17,
        "tag": "336",
        "indicatorIndex": 0,
        "message": "Индикатор 1 поля 336 имеет недопустимое значение \"Ð\"."
      }
    },
    "IN-G3: Индикатор 2 поля 336 имеет недопустимое значение \"°\".": {
      "count": 15,
      "first": {
        "recordIndex": 1204650,
        "byteOffset": 1019851001,
        "rule": "IN-G3",
        "fieldIndex": 17,
        "tag": "336",
        "indicatorIndex": 1,
        "message": "Индикатор 2 поля 336 имеет недопустимое значение \"°\"."
      }
    },
    "DF-G2: Поле 337 содержит 1 индикатор(а), ожидалось 2.": {
      "count": 17,
      "first": {
        "recordIndex": 1204650,
        "byteOffset": 1019851001,
        "rule": "DF-G2",
        "fieldIndex": 18,
        "tag": "337",
        "message": "Поле 337 содержит 1 индикатор(а), ожидалось 2."
      }
    },
    "IN-G3: Индикатор 1 поля 337 имеет недопустимое значение \"\".": {
      "count": 3,
      "first": {
        "recordIndex": 1204650,
        "byteOffset": 1019851001,
        "rule": "IN-G3",
        "fieldIndex": 18,
        "tag": "337",
        "indicatorIndex": 0,
        "message": "Индикатор 1 поля 337 имеет недопустимое значение \"\"."
      }
    },
    "IN-G3: Индикатор 1 поля 260 имеет недопустимое значение \"Ð\".": {
      "count": 133,
      "first": {
        "recordIndex": 1204651,
        "byteOffset": 1019851914,
        "rule": "IN-G3",
        "fieldIndex": 10,
        "tag": "260",
        "indicatorIndex": 0,
        "message": "Индикатор 1 поля 260 имеет недопустимое значение \"Ð\"."
      }
    },
    "IN-G3: Индикатор 2 поля 260 имеет недопустимое значение \"µ\".": {
      "count": 17,
      "first": {
        "recordIndex": 1204651,
        "byteOffset": 1019851914,
        "rule": "IN-G3",
        "fieldIndex": 10,
        "tag": "260",
        "indicatorIndex": 1,
        "message": "Индикатор 2 поля 260 имеет недопустимое значение \"µ\"."
      }
    },
    "IN-G3: Индикатор 1 поля 300 имеет недопустимое значение \"´\".": {
      "count": 10,
      "first": {
        "recordIndex": 1204651,
        "byteOffset": 1019851914,
        "rule": "IN-G3",
        "fieldIndex": 11,
        "tag": "300",
        "indicatorIndex": 0,
        "message": "Индикатор 1 поля 300 имеет недопустимое значение \"´\"."
      }
    },
    "IN-G3: Индикатор 2 поля 300 имеет недопустимое значение \"Ñ\".": {
      "count": 35,
      "first": {
        "recordIndex": 1204651,
        "byteOffset": 1019851914,
        "rule": "IN-G3",
        "fieldIndex": 11,
        "tag": "300",
        "indicatorIndex": 1,
        "message": "Индикатор 2 поля 300 имеет недопустимое значение \"Ñ\"."
      }
    },
    "DF-G3: Поле 300 не содержит кода подполя.": {
      "count": 292,
      "first": {
        "recordIndex": 1204651,
        "byteOffset": 1019851914,
        "rule": "DF-G3",
        "fieldIndex": 11,
        "tag": "300",
        "message": "Поле 300 не содержит кода подполя."
      }
    },
    "IN-G3: Индикатор 1 поля 500 имеет недопустимое значение \"½\".": {
      "count": 2,
      "first": {
        "recordIndex": 1204651,
        "byteOffset": 1019851914,
        "rule": "IN-G3",
        "fieldIndex": 12,
        "tag": "500",
        "indicatorIndex": 0,
        "message": "Индикатор 1 поля 500 имеет недопустимое значение \"½\"."
      }
    },
    "IN-G3: Индикатор 2 поля 500 имеет недопустимое значение \"Ð\".": {
      "count": 15,
      "first": {
        "recordIndex": 1204651,
        "byteOffset": 1019851914,
        "rule": "IN-G3",
        "fieldIndex": 12,
        "tag": "500",
        "indicatorIndex": 1,
        "message": "Индикатор 2 поля 500 имеет недопустимое значение \"Ð\"."
      }
    },
    "IN-G3: Индикатор 1 поля 520 имеет недопустимое значение \"Ð\".": {
      "count": 120,
      "first": {
        "recordIndex": 1204651,
        "byteOffset": 1019851914,
        "rule": "IN-G3",
        "fieldIndex": 13,
        "tag": "520",
        "indicatorIndex": 0,
        "message": "Индикатор 1 поля 520 имеет недопустимое значение \"Ð\"."
      }
    },
    "IN-G3: Индикатор 2 поля 520 имеет недопустимое значение \"½\".": {
      "count": 18,
      "first": {
        "recordIndex": 1204651,
        "byteOffset": 1019851914,
        "rule": "IN-G3",
        "fieldIndex": 13,
        "tag": "520",
        "indicatorIndex": 1,
        "message": "Индикатор 2 поля 520 имеет недопустимое значение \"½\"."
      }
    },
    "DF-G3: Поле 520 не содержит кода подполя.": {
      "count": 6,
      "first": {
        "recordIndex": 1204651,
        "byteOffset": 1019851914,
        "rule": "DF-G3",
        "fieldIndex": 13,
        "tag": "520",
        "message": "Поле 520 не содержит кода подполя."
      }
    },
    "IN-G3: Индикатор 1 поля 650 имеет недопустимое значение \"¾\".": {
      "count": 34,
      "first": {
        "recordIndex": 1204651,
        "byteOffset": 1019851914,
        "rule": "IN-G3",
        "fieldIndex": 14,
        "tag": "650",
        "indicatorIndex": 0,
        "message": "Индикатор 1 поля 650 имеет недопустимое значение \"¾\"."
      }
    },
    "IN-G3: Индикатор 1 поля 650 имеет недопустимое значение \"\".": {
      "count": 3,
      "first": {
        "recordIndex": 1204651,
        "byteOffset": 1019851914,
        "rule": "IN-G3",
        "fieldIndex": 15,
        "tag": "650",
        "indicatorIndex": 0,
        "message": "Индикатор 1 поля 650 имеет недопустимое значение \"\"."
      }
    },
    "IN-G3: Индикатор 1 поля 700 имеет недопустимое значение \"±\".": {
      "count": 3,
      "first": {
        "recordIndex": 1204651,
        "byteOffset": 1019851914,
        "rule": "IN-G3",
        "fieldIndex": 16,
        "tag": "700",
        "indicatorIndex": 0,
        "message": "Индикатор 1 поля 700 имеет недопустимое значение \"±\"."
      }
    },
    "IN-G3: Индикатор 2 поля 700 имеет недопустимое значение \"Ð\".": {
      "count": 142,
      "first": {
        "recordIndex": 1204651,
        "byteOffset": 1019851914,
        "rule": "IN-G3",
        "fieldIndex": 16,
        "tag": "700",
        "indicatorIndex": 1,
        "message": "Индикатор 2 поля 700 имеет недопустимое значение \"Ð\"."
      }
    },
    "DF-G3: Поле 700 не содержит кода подполя.": {
      "count": 388,
      "first": {
        "recordIndex": 1204651,
        "byteOffset": 1019851914,
        "rule": "DF-G3",
        "fieldIndex": 16,
        "tag": "700",
        "message": "Поле 700 не содержит кода подполя."
      }
    },
    "IN-G3: Индикатор 1 поля 710 имеет недопустимое значение \"Ñ\".": {
      "count": 8,
      "first": {
        "recordIndex": 1204651,
        "byteOffset": 1019851914,
        "rule": "IN-G3",
        "fieldIndex": 17,
        "tag": "710",
        "indicatorIndex": 0,
        "message": "Индикатор 1 поля 710 имеет недопустимое значение \"Ñ\"."
      }
    },
    "IN-G3: Индикатор 2 поля 710 имеет недопустимое значение \"\".": {
      "count": 1,
      "first": {
        "recordIndex": 1204651,
        "byteOffset": 1019851914,
        "rule": "IN-G3",
        "fieldIndex": 17,
        "tag": "710",
        "indicatorIndex": 1,
        "message": "Индикатор 2 поля 710 имеет недопустимое значение \"\"."
      }
    },
    "DF-G3: Поле 710 не содержит кода подполя.": {
      "count": 47,
      "first": {
        "recordIndex": 1204651,
        "byteOffset": 1019851914,
        "rule": "DF-G3",
        "fieldIndex": 17,
        "tag": "710",
        "message": "Поле 710 не содержит кода подполя."
      }
    },
    "IN-G3: Индикатор 1 поля 912 имеет недопустимое значение \"Ð\".": {
      "count": 138,
      "first": {
        "recordIndex": 1204651,
        "byteOffset": 1019851914,
        "rule": "IN-G3",
        "fieldIndex": 18,
        "tag": "912",
        "indicatorIndex": 0,
        "message": "Индикатор 1 поля 912 имеет недопустимое значение \"Ð\"."
      }
    },
    "IN-G3: Индикатор 2 поля 912 имеет недопустимое значение \"´\".": {
      "count": 4,
      "first": {
        "recordIndex": 1204651,
        "byteOffset": 1019851914,
        "rule": "IN-G3",
        "fieldIndex": 18,
        "tag": "912",
        "indicatorIndex": 1,
        "message": "Индикатор 2 поля 912 имеет недопустимое значение \"´\"."
      }
    },
    "IN-G3: Индикатор 1 поля 336 имеет недопустимое значение \"½\".": {
      "count": 8,
      "first": {
        "recordIndex": 1204651,
        "byteOffset": 1019851914,
        "rule": "IN-G3",
        "fieldIndex": 19,
        "tag": "336",
        "indicatorIndex": 0,
        "message": "Индикатор 1 поля 336 имеет недопустимое значение \"½\"."
      }
    },
    "IN-G3: Индикатор 2 поля 336 имеет недопустимое значение \"Ñ\".": {
      "count": 44,
      "first": {
        "recordIndex": 1204651,
        "byteOffset": 1019851914,
        "rule": "IN-G3",
        "fieldIndex": 19,
        "tag": "336",
        "indicatorIndex": 1,
        "message": "Индикатор 2 поля 336 имеет недопустимое значение \"Ñ\"."
      }
    },
    "DF-G3: Поле 336 не содержит кода подполя.": {
      "count": 273,
      "first": {
        "recordIndex": 1204651,
        "byteOffset": 1019851914,
        "rule": "DF-G3",
        "fieldIndex": 19,
        "tag": "336",
        "message": "Поле 336 не содержит кода подполя."
      }
    },
    "IN-G3: Индикатор 1 поля 337 имеет недопустимое значение \"Ð\".": {
      "count": 118,
      "first": {
        "recordIndex": 1204651,
        "byteOffset": 1019851914,
        "rule": "IN-G3",
        "fieldIndex": 20,
        "tag": "337",
        "indicatorIndex": 0,
        "message": "Индикатор 1 поля 337 имеет недопустимое значение \"Ð\"."
      }
    },
    "IN-G3: Индикатор 2 поля 337 имеет недопустимое значение \"¢\".": {
      "count": 1,
      "first": {
        "recordIndex": 1204651,
        "byteOffset": 1019851914,
        "rule": "IN-G3",
        "fieldIndex": 20,
        "tag": "337",
        "indicatorIndex": 1,
        "message": "Индикатор 2 поля 337 имеет недопустимое значение \"¢\"."
      }
    },
    "DF-G3: Поле 337 не содержит кода подполя.": {
      "count": 240,
      "first": {
        "recordIndex": 1204651,
        "byteOffset": 1019851914,
        "rule": "DF-G3",
        "fieldIndex": 20,
        "tag": "337",
        "message": "Поле 337 не содержит кода подполя."
      }
    },
    "IN-G3: Индикатор 1 поля 080 имеет недопустимое значение \".\".": {
      "count": 18,
      "first": {
        "recordIndex": 1204652,
        "byteOffset": 1019853492,
        "rule": "IN-G3",
        "fieldIndex": 9,
        "tag": "080",
        "indicatorIndex": 0,
        "message": "Индикатор 1 поля 080 имеет недопустимое значение \".\"."
      }
    },
    "IN-G3: Индикатор 2 поля 260 имеет недопустимое значение \"¾\".": {
      "count": 22,
      "first": {
        "recordIndex": 1204652,
        "byteOffset": 1019853492,
        "rule": "IN-G3",
        "fieldIndex": 11,
        "tag": "260",
        "indicatorIndex": 1,
        "message": "Индикатор 2 поля 260 имеет недопустимое значение \"¾\"."
      }
    },
    "IN-G3: Индикатор 1 поля 300 имеет недопустимое значение \"\".": {
      "count": 1,
      "first": {
        "recordIndex": 1204652,
        "byteOffset": 1019853492,
        "rule": "IN-G3",
        "fieldIndex": 12,
        "tag": "300",
        "indicatorIndex": 0,
        "message": "Индикатор 1 поля 300 имеет недопустимое значение \"\"."
      }
    },
    "IN-G3: Индикатор 2 поля 300 имеет недопустимое значение \"Ð\".": {
      "count": 125,
      "first": {
        "recordIndex": 1204652,
        "byteOffset": 1019853492,
        "rule": "IN-G3",
        "fieldIndex": 12,
        "tag": "300",
        "indicatorIndex": 1,
        "message": "Индикатор 2 поля 300 имеет недопустимое значение \"Ð\"."
      }
    },
    "IN-G3: Индикатор 1 поля 520 имеет недопустимое значение \"¸\".": {
      "count": 10,
      "first": {
        "recordIndex": 1204652,
        "byteOffset": 1019853492,
        "rule": "IN-G3",
        "fieldIndex": 13,
        "tag": "520",
        "indicatorIndex": 0,
        "message": "Индикатор 1 поля 520 имеет недопустимое значение \"¸\"."
      }
    },
    "IN-G3: Индикатор 2 поля 520 имеет недопустимое значение \"Ñ\".": {
      "count": 34,
      "first": {
        "recordIndex": 1204652,
        "byteOffset": 1019853492,
        "rule": "IN-G3",
        "fieldIndex": 13,
        "tag": "520",
        "indicatorIndex": 1,
        "message": "Индикатор 2 поля 520 имеет недопустимое значение \"Ñ\"."
      }
    },
    "IN-G3: Индикатор 1 поля 650 имеет недопустимое значение \"¼\".": {
      "count": 7,
      "first": {
        "recordIndex": 1204652,
        "byteOffset": 1019853492,
        "rule": "IN-G3",
        "fieldIndex": 14,
        "tag": "650",
        "indicatorIndex": 0,
        "message": "Индикатор 1 поля 650 имеет недопустимое значение \"¼\"."
      }
    },
    "IN-G3: Индикатор 1 поля 710 имеет недопустимое значение \"\".": {
      "count": 4,
      "first": {
        "recordIndex": 1204652,
        "byteOffset": 1019853492,
        "rule": "IN-G3",
        "fieldIndex": 15,
        "tag": "710",
        "indicatorIndex": 0,
        "message": "Индикатор 1 поля 710 имеет недопустимое значение \"\"."
      }
    },
    "IN-G3: Индикатор 2 поля 710 имеет недопустимое значение \"Ñ\".": {
      "count": 8,
      "first": {
        "recordIndex": 1204652,
        "byteOffset": 1019853492,
        "rule": "IN-G3",
        "fieldIndex": 15,
        "tag": "710",
        "indicatorIndex": 1,
        "message": "Индикатор 2 поля 710 имеет недопустимое значение \"Ñ\"."
      }
    },
    "IN-G3: Индикатор 1 поля 912 имеет недопустимое значение \".\".": {
      "count": 5,
      "first": {
        "recordIndex": 1204652,
        "byteOffset": 1019853492,
        "rule": "IN-G3",
        "fieldIndex": 16,
        "tag": "912",
        "indicatorIndex": 0,
        "message": "Индикатор 1 поля 912 имеет недопустимое значение \".\"."
      }
    },
    "IN-G3: Индикатор 1 поля 336 имеет недопустимое значение \"»\".": {
      "count": 7,
      "first": {
        "recordIndex": 1204652,
        "byteOffset": 1019853492,
        "rule": "IN-G3",
        "fieldIndex": 17,
        "tag": "336",
        "indicatorIndex": 0,
        "message": "Индикатор 1 поля 336 имеет недопустимое значение \"»\"."
      }
    },
    "IN-G3: Индикатор 2 поля 336 имеет недопустимое значение \"Ð\".": {
      "count": 134,
      "first": {
        "recordIndex": 1204652,
        "byteOffset": 1019853492,
        "rule": "IN-G3",
        "fieldIndex": 17,
        "tag": "336",
        "indicatorIndex": 1,
        "message": "Индикатор 2 поля 336 имеет недопустимое значение \"Ð\"."
      }
    },
    "IN-G3: Индикатор 1 поля 337 имеет недопустимое значение \"¸\".": {
      "count": 15,
      "first": {
        "recordIndex": 1204652,
        "byteOffset": 1019853492,
        "rule": "IN-G3",
        "fieldIndex": 18,
        "tag": "337",
        "indicatorIndex": 0,
        "message": "Индикатор 1 поля 337 имеет недопустимое значение \"¸\"."
      }
    },
    "IN-G3: Индикатор 2 поля 337 имеет недопустимое значение \"Ñ\".": {
      "count": 45,
      "first": {
        "recordIndex": 1204652,
        "byteOffset": 1019853492,
        "rule": "IN-G3",
        "fieldIndex": 18,
        "tag": "337",
        "indicatorIndex": 1,
        "message": "Индикатор 2 поля 337 имеет недопустимое значение \"Ñ\"."
      }
    },
    "IN-G3: Индикатор 1 поля 245 имеет недопустимое значение \"Ñ\".": {
      "count": 38,
      "first": {
        "recordIndex": 1204653,
        "byteOffset": 1019854592,
        "rule": "IN-G3",
        "fieldIndex": 9,
        "tag": "245",
        "indicatorIndex": 0,
        "message": "Индикатор 1 поля 245 имеет недопустимое значение \"Ñ\"."
      }
    },
    "IN-G3: Индикатор 2 поля 245 имеет недопустимое значение \"\".": {
      "count": 1,
      "first": {
        "recordIndex": 1204653,
        "byteOffset": 1019854592,
        "rule": "IN-G3",
        "fieldIndex": 9,
        "tag": "245",
        "indicatorIndex": 1,
        "message": "Индикатор 2 поля 245 имеет недопустимое значение \"\"."
      }
    },
    "IN-G3: Индикатор 1 поля 300 имеет недопустимое значение \"Ð\".": {
      "count": 147,
      "first": {
        "recordIndex": 1204653,
        "byteOffset": 1019854592,
        "rule": "IN-G3",
        "fieldIndex": 11,
        "tag": "300",
        "indicatorIndex": 0,
        "message": "Индикатор 1 поля 300 имеет недопустимое значение \"Ð\"."
      }
    },
    "IN-G3: Индикатор 2 поля 300 имеет недопустимое значение \"¸\".": {
      "count": 17,
      "first": {
        "recordIndex": 1204653,
        "byteOffset": 1019854592,
        "rule": "IN-G3",
        "fieldIndex": 11,
        "tag": "300",
        "indicatorIndex": 1,
        "message": "Индикатор 2 поля 300 имеет недопустимое значение \"¸\"."
      }
    },
    "IN-G3: Индикатор 1 поля 650 имеет недопустимое значение \"Ð\".": {
      "count": 249,
      "first": {
        "recordIndex": 1204653,
        "byteOffset": 1019854592,
        "rule": "IN-G3",
        "fieldIndex": 13,
        "tag": "650",
        "indicatorIndex": 0,
        "message": "Индикатор 1 поля 650 имеет недопустимое значение \"Ð\"."
      }
    },
    "IN-G3: Индикатор 2 поля 650 имеет недопустимое значение \"¸\".": {
      "count": 27,
      "first": {
        "recordIndex": 1204653,
        "byteOffset": 1019854592,
        "rule": "IN-G3",
        "fieldIndex": 13,
        "tag": "650",
        "indicatorIndex": 1,
        "message": "Индикатор 2 поля 650 имеет недопустимое значение \"¸\"."
      }
    },
    "IN-G3: Индикатор 2 поля 912 имеет недопустимое значение \"½\".": {
      "count": 16,
      "first": {
        "recordIndex": 1204653,
        "byteOffset": 1019854592,
        "rule": "IN-G3",
        "fieldIndex": 14,
        "tag": "912",
        "indicatorIndex": 1,
        "message": "Индикатор 2 поля 912 имеет недопустимое значение \"½\"."
      }
    },
    "DF-G2: Поле 336 содержит 0 индикатор(а), ожидалось 2.": {
      "count": 8,
      "first": {
        "recordIndex": 1204653,
        "byteOffset": 1019854592,
        "rule": "DF-G2",
        "fieldIndex": 15,
        "tag": "336",
        "message": "Поле 336 содержит 0 индикатор(а), ожидалось 2."
      }
    },
    "IN-G3: Индикатор 1 поля 337 имеет недопустимое значение \"º\".": {
      "count": 16,
      "first": {
        "recordIndex": 1204653,
        "byteOffset": 1019854592,
        "rule": "IN-G3",
        "fieldIndex": 16,
        "tag": "337",
        "indicatorIndex": 0,
        "message": "Индикатор 1 поля 337 имеет недопустимое значение \"º\"."
      }
    },
    "SF-G4: Подполе 3 поля 337 имеет недопустимый код \"\".": {
      "count": 4,
      "first": {
        "recordIndex": 1204653,
        "byteOffset": 1019854592,
        "rule": "SF-G4",
        "fieldIndex": 16,
        "tag": "337",
        "subfieldIndex": 2,
        "message": "Подполе 3 поля 337 имеет недопустимый код \"\"."
      }
    },
    "IN-G3: Индикатор 1 поля 250 имеет недопустимое значение \"Ð\".": {
      "count": 18,
      "first": {
        "recordIndex": 1204654,
        "byteOffset": 1019855306,
        "rule": "IN-G3",
        "fieldIndex": 10,
        "tag": "250",
        "indicatorIndex": 0,
        "message": "Индикатор 1 поля 250 имеет недопустимое значение \"Ð\"."
      }
    },
    "IN-G3: Индикатор 2 поля 250 имеет недопустимое значение \"²\".": {
      "count": 4,
      "first": {
        "recordIndex": 1204654,
        "byteOffset": 1019855306,
        "rule": "IN-G3",
        "fieldIndex": 10,
        "tag": "250",
        "indicatorIndex": 1,
        "message": "Индикатор 2 поля 250 имеет недопустимое значение \"²\"."
      }
    },
    "DF-G3: Поле 250 не содержит кода подполя.": {
      "count": 43,
      "first": {
        "recordIndex": 1204654,
        "byteOffset": 1019855306,
        "rule": "DF-G3",
        "fieldIndex": 10,
        "tag": "250",
        "message": "Поле 250 не содержит кода подполя."
      }
    },
    "IN-G3: Индикатор 1 поля 260 имеет недопустимое значение \"Ñ\".": {
      "count": 67,
      "first": {
        "recordIndex": 1204654,
        "byteOffset": 1019855306,
        "rule": "IN-G3",
        "fieldIndex": 11,
        "tag": "260",
        "indicatorIndex": 0,
        "message": "Индикатор 1 поля 260 имеет недопустимое значение \"Ñ\"."
      }
    },
    "IN-G3: Индикатор 2 поля 260 имеет недопустимое значение \"\".": {
      "count": 3,
      "first": {
        "recordIndex": 1204654,
        "byteOffset": 1019855306,
        "rule": "IN-G3",
        "fieldIndex": 11,
        "tag": "260",
        "indicatorIndex": 1,
        "message": "Индикатор 2 поля 260 имеет недопустимое значение \"\"."
      }
    },
    "IN-G3: Индикатор 1 поля 300 имеет недопустимое значение \"µ\".": {
      "count": 10,
      "first": {
        "recordIndex": 1204654,
        "byteOffset": 1019855306,
        "rule": "IN-G3",
        "fieldIndex": 12,
        "tag": "300",
        "indicatorIndex": 0,
        "message": "Индикатор 1 поля 300 имеет недопустимое значение \"µ\"."
      }
    },
    "IN-G3: Индикатор 2 поля 300 имеет недопустимое значение \"\\u001e\".": {
      "count": 2,
      "first": {
        "recordIndex": 1204654,
        "byteOffset": 1019855306,
        "rule": "IN-G3",
        "fieldIndex": 12,
        "tag": "300",
        "indicatorIndex": 1,
        "message": "Индикатор 2 поля 300 имеет недопустимое значение \"\\u001e\"."
      }
    },
    "IN-G3: Индикатор 1 поля 490 имеет недопустимое значение \"»\".": {
      "count": 5,
      "first": {
        "recordIndex": 1204654,
        "byteOffset": 1019855306,
        "rule": "IN-G3",
        "fieldIndex": 13,
        "tag": "490",
        "indicatorIndex": 0,
        "message": "Индикатор 1 поля 490 имеет недопустимое значение \"»\"."
      }
    },
    "IN-G3: Индикатор 2 поля 490 имеет недопустимое значение \".\".": {
      "count": 13,
      "first": {
        "recordIndex": 1204654,
        "byteOffset": 1019855306,
        "rule": "IN-G3",
        "fieldIndex": 13,
        "tag": "490",
        "indicatorIndex": 1,
        "message": "Индикатор 2 поля 490 имеет недопустимое значение \".\"."
      }
    },
    "IN-G3: Индикатор 1 поля 490 имеет недопустимое значение \"(\".": {
      "count": 2,
      "first": {
        "recordIndex": 1204654,
        "byteOffset": 1019855306,
        "rule": "IN-G3",
        "fieldIndex": 14,
        "tag": "490",
        "indicatorIndex": 0,
        "message": "Индикатор 1 поля 490 имеет недопустимое значение \"(\"."
      }
    },
    "IN-G3: Индикатор 2 поля 490 имеет недопустимое значение \"Ð\".": {
      "count": 86,
      "first": {
        "recordIndex": 1204654,
        "byteOffset": 1019855306,
        "rule": "IN-G3",
        "fieldIndex": 14,
        "tag": "490",
        "indicatorIndex": 1,
        "message": "Индикатор 2 поля 490 имеет недопустимое значение \"Ð\"."
      }
    },
    "IN-G3: Индикатор 1 поля 520 имеет недопустимое значение \"¿\".": {
      "count": 1,
      "first": {
        "recordIndex": 1204654,
        "byteOffset": 1019855306,
        "rule": "IN-G3",
        "fieldIndex": 15,
        "tag": "520",
        "indicatorIndex": 0,
        "message": "Индикатор 1 поля 520 имеет недопустимое значение \"¿\"."
      }
    },
    "IN-G3: Индикатор 2 поля 520 имеет недопустимое значение \"Ð\".": {
      "count": 87,
      "first": {
        "recordIndex": 1204654,
        "byteOffset": 1019855306,
        "rule": "IN-G3",
        "fieldIndex": 15,
        "tag": "520",
        "indicatorIndex": 1,
        "message": "Индикатор 2 поля 520 имеет недопустимое значение \"Ð\"."
      }
    },
    "IN-G3: Индикатор 1 поля 650 имеет недопустимое значение \"\".": {
      "count": 7,
      "first": {
        "recordIndex": 1204654,
        "byteOffset": 1019855306,
        "rule": "IN-G3",
        "fieldIndex": 16,
        "tag": "650",
        "indicatorIndex": 0,
        "message": "Индикатор 1 поля 650 имеет недопустимое значение \"\"."
      }
    },
    "IN-G3: Индикатор 2 поля 650 имеет недопустимое значение \"¾\".": {
      "count": 30,
      "first": {
        "recordIndex": 1204654,
        "byteOffset": 1019855306,
        "rule": "IN-G3",
        "fieldIndex": 17,
        "tag": "650",
        "indicatorIndex": 1,
        "message": "Индикатор 2 поля 650 имеет недопустимое значение \"¾\"."
      }
    },
    "IN-G3: Индикатор 1 поля 912 имеет недопустимое значение \"\".": {
      "count": 3,
      "first": {
        "recordIndex": 1204654,
        "byteOffset": 1019855306,
        "rule": "IN-G3",
        "fieldIndex": 18,
        "tag": "912",
        "indicatorIndex": 0,
        "message": "Индикатор 1 поля 912 имеет недопустимое значение \"\"."
      }
    },
    "IN-G3: Индикатор 1 поля 336 имеет недопустимое значение \"\".": {
      "count": 1,
      "first": {
        "recordIndex": 1204654,
        "byteOffset": 1019855306,
        "rule": "IN-G3",
        "fieldIndex": 19,
        "tag": "336",
        "indicatorIndex": 0,
        "message": "Индикатор 1 поля 336 имеет недопустимое значение \"\"."
      }
    },
    "SF-G4: Подполе 2 поля 336 имеет недопустимый код \"\".": {
      "count": 3,
      "first": {
        "recordIndex": 1204654,
        "byteOffset": 1019855306,
        "rule": "SF-G4",
        "fieldIndex": 19,
        "tag": "336",
        "subfieldIndex": 1,
        "message": "Подполе 2 поля 336 имеет недопустимый код \"\"."
      }
    },
    "IN-G3: Индикатор 1 поля 041 имеет недопустимое значение \"B\".": {
      "count": 53,
      "first": {
        "recordIndex": 1204655,
        "byteOffset": 1019856386,
        "rule": "IN-G3",
        "fieldIndex": 7,
        "tag": "041",
        "indicatorIndex": 0,
        "message": "Индикатор 1 поля 041 имеет недопустимое значение \"B\"."
      }
    },
    "IN-G3: Индикатор 2 поля 041 имеет недопустимое значение \"O\".": {
      "count": 53,
      "first": {
        "recordIndex": 1204655,
        "byteOffset": 1019856386,
        "rule": "IN-G3",
        "fieldIndex": 7,
        "tag": "041",
        "indicatorIndex": 1,
        "message": "Индикатор 2 поля 041 имеет недопустимое значение \"O\"."
      }
    },
    "IN-G3: Индикатор 1 поля 245 имеет недопустимое значение \"¸\".": {
      "count": 12,
      "first": {
        "recordIndex": 1204655,
        "byteOffset": 1019856386,
        "rule": "IN-G3",
        "fieldIndex": 10,
        "tag": "245",
        "indicatorIndex": 0,
        "message": "Индикатор 1 поля 245 имеет недопустимое значение \"¸\"."
      }
    },
    "IN-G3: Индикатор 2 поля 245 имеет недопустимое значение \"Ð\".": {
      "count": 95,
      "first": {
        "recordIndex": 1204655,
        "byteOffset": 1019856386,
        "rule": "IN-G3",
        "fieldIndex": 10,
        "tag": "245",
        "indicatorIndex": 1,
        "message": "Индикатор 2 поля 245 имеет недопустимое значение \"Ð\"."
      }
    },
    "IN-G3: Индикатор 2 поля 260 имеет недопустимое значение \"\".": {
      "count": 16,
      "first": {
        "recordIndex": 1204655,
        "byteOffset": 1019856386,
        "rule": "IN-G3",
        "fieldIndex": 11,
        "tag": "260",
        "indicatorIndex": 1,
        "message": "Индикатор 2 поля 260 имеет недопустимое значение \"\"."
      }
    },
    "IN-G3: Индикатор 1 поля 300 имеет недопустимое значение \"°\".": {
      "count": 21,
      "first": {
        "recordIndex": 1204655,
        "byteOffset": 1019856386,
        "rule": "IN-G3",
        "fieldIndex": 12,
        "tag": "300",
        "indicatorIndex": 0,
        "message": "Индикатор 1 поля 300 имеет недопустимое значение \"°\"."
      }
    },
    "IN-G3: Индикатор 2 поля 650 имеет недопустимое значение \"²\".": {
      "count": 15,
      "first": {
        "recordIndex": 1204655,
        "byteOffset": 1019856386,
        "rule": "IN-G3",
        "fieldIndex": 13,
        "tag": "650",
        "indicatorIndex": 1,
        "message": "Индикатор 2 поля 650 имеет недопустимое значение \"²\"."
      }
    },
    "IN-G3: Индикатор 1 поля 650 имеет недопустимое значение \"µ\".": {
      "count": 30,
      "first": {
        "recordIndex": 1204655,
        "byteOffset": 1019856386,
        "rule": "IN-G3",
        "fieldIndex": 14,
        "tag": "650",
        "indicatorIndex": 0,
        "message": "Индикатор 1 поля 650 имеет недопустимое значение \"µ\"."
      }
    },
    "IN-G3: Индикатор 1 поля 650 имеет недопустимое значение \".\".": {
      "count": 5,
      "first": {
        "recordIndex": 1204655,
        "byteOffset": 1019856386,
        "rule": "IN-G3",
        "fieldIndex": 15,
        "tag": "650",
        "indicatorIndex": 0,
        "message": "Индикатор 1 поля 650 имеет недопустимое значение \".\"."
      }
    },
    "IN-G3: Индикатор 2 поля 650 имеет недопустимое значение \"\\u001e\".": {
      "count": 4,
      "first": {
        "recordIndex": 1204655,
        "byteOffset": 1019856386,
        "rule": "IN-G3",
        "fieldIndex": 15,
        "tag": "650",
        "indicatorIndex": 1,
        "message": "Индикатор 2 поля 650 имеет недопустимое значение \"\\u001e\"."
      }
    },
    "DF-G2: Поле 700 содержит 1 индикатор(а), ожидалось 2.": {
      "count": 1,
      "first": {
        "recordIndex": 1204655,
        "byteOffset": 1019856386,
        "rule": "DF-G2",
        "fieldIndex": 16,
        "tag": "700",
        "message": "Поле 700 содержит 1 индикатор(а), ожидалось 2."
      }
    },
    "DF-G2: Поле 912 содержит 0 индикатор(а), ожидалось 2.": {
      "count": 4,
      "first": {
        "recordIndex": 1204655,
        "byteOffset": 1019856386,
        "rule": "DF-G2",
        "fieldIndex": 17,
        "tag": "912",
        "message": "Поле 912 содержит 0 индикатор(а), ожидалось 2."
      }
    },
    "IN-G3: Индикатор 2 поля 336 имеет недопустимое значение \"½\".": {
      "count": 15,
      "first": {
        "recordIndex": 1204655,
        "byteOffset": 1019856386,
        "rule": "IN-G3",
        "fieldIndex": 18,
        "tag": "336",
        "indicatorIndex": 1,
        "message": "Индикатор 2 поля 336 имеет недопустимое значение \"½\"."
      }
    },
    "IN-G3: Индикатор 2 поля 337 имеет недопустимое значение \"¸\".": {
      "count": 9,
      "first": {
        "recordIndex": 1204655,
        "byteOffset": 1019856386,
        "rule": "IN-G3",
        "fieldIndex": 19,
        "tag": "337",
        "indicatorIndex": 1,
        "message": "Индикатор 2 поля 337 имеет недопустимое значение \"¸\"."
      }
    },
    "IN-G3: Индикатор 2 поля 300 имеет недопустимое значение \"°\".": {
      "count": 18,
      "first": {
        "recordIndex": 1204656,
        "byteOffset": 1019857337,
        "rule": "IN-G3",
        "fieldIndex": 11,
        "tag": "300",
        "indicatorIndex": 1,
        "message": "Индикатор 2 поля 300 имеет недопустимое значение \"°\"."
      }
    },
    "IN-G3: Индикатор 1 поля 520 имеет недопустимое значение \"²\".": {
      "count": 7,
      "first": {
        "recordIndex": 1204656,
        "byteOffset": 1019857337,
        "rule": "IN-G3",
        "fieldIndex": 12,
        "tag": "520",
        "indicatorIndex": 0,
        "message": "Индикатор 1 поля 520 имеет недопустимое значение \"²\"."
      }
    },
    "IN-G3: Индикатор 1 поля 650 имеет недопустимое значение \"»\".": {
      "count": 12,
      "first": {
        "recordIndex": 1204656,
        "byteOffset": 1019857337,
        "rule": "IN-G3",
        "fieldIndex": 14,
        "tag": "650",
        "indicatorIndex": 0,
        "message": "Индикатор 1 поля 650 имеет недопустимое значение \"»\"."
      }
    },
    "IN-G3: Индикатор 2 поля 650 имеет недопустимое значение \"µ\".": {
      "count": 29,
      "first": {
        "recordIndex": 1204656,
        "byteOffset": 1019857337,
        "rule": "IN-G3",
        "fieldIndex": 15,
        "tag": "650",
        "indicatorIndex": 1,
        "message": "Индикатор 2 поля 650 имеет недопустимое значение \"µ\"."
      }
    },
    "IN-G3: Индикатор 1 поля 700 имеет недопустимое значение \"Ð\".": {
      "count": 133,
      "first": {
        "recordIndex": 1204656,
        "byteOffset": 1019857337,
        "rule": "IN-G3",
        "fieldIndex": 16,
        "tag": "700",
        "indicatorIndex": 0,
        "message": "Индикатор 1 поля 700 имеет недопустимое значение \"Ð\"."
      }
    },
    "IN-G3: Индикатор 2 поля 700 имеет недопустимое значение \"µ\".": {
      "count": 14,
      "first": {
        "recordIndex": 1204656,
        "byteOffset": 1019857337,
        "rule": "IN-G3",
        "fieldIndex": 16,
        "tag": "700",
        "indicatorIndex": 1,
        "message": "Индикатор 2 поля 700 имеет недопустимое значение \"µ\"."
      }
    },
    "IN-G3: Индикатор 1 поля 773 имеет недопустимое значение \"µ\".": {
      "count": 1,
      "first": {
        "recordIndex": 1204656,
        "byteOffset": 1019857337,
        "rule": "IN-G3",
        "fieldIndex": 17,
        "tag": "773",
        "indicatorIndex": 0,
        "message": "Индикатор 1 поля 773 имеет недопустимое значение \"µ\"."
      }
    },
    "IN-G3: Индикатор 2 поля 773 имеет недопустимое значение \"Ñ\".": {
      "count": 2,
      "first": {
        "recordIndex": 1204656,
        "byteOffset": 1019857337,
        "rule": "IN-G3",
        "fieldIndex": 17,
        "tag": "773",
        "indicatorIndex": 1,
        "message": "Индикатор 2 поля 773 имеет недопустимое значение \"Ñ\"."
      }
    },
    "DF-G3: Поле 773 не содержит кода подполя.": {
      "count": 32,
      "first": {
        "recordIndex": 1204656,
        "byteOffset": 1019857337,
        "rule": "DF-G3",
        "fieldIndex": 17,
        "tag": "773",
        "message": "Поле 773 не содержит кода подполя."
      }
    },
    "IN-G3: Индикатор 1 поля 912 имеет недопустимое значение \"\".": {
      "count": 8,
      "first": {
        "recordIndex": 1204656,
        "byteOffset": 1019857337,
        "rule": "IN-G3",
        "fieldIndex": 18,
        "tag": "912",
        "indicatorIndex": 0,
        "message": "Индикатор 1 поля 912 имеет недопустимое значение \"\"."
      }
    },
    "IN-G3: Индикатор 2 поля 912 имеет недопустимое значение \"Ñ\".": {
      "count": 57,
      "first": {
        "recordIndex": 1204656,
        "byteOffset": 1019857337,
        "rule": "IN-G3",
        "fieldIndex": 18,
        "tag": "912",
        "indicatorIndex": 1,
        "message": "Индикатор 2 поля 912 имеет недопустимое значение \"Ñ\"."
      }
    },
    "IN-G3: Индикатор 1 поля 337 имеет недопустимое значение \"Ñ\".": {
      "count": 39,
      "first": {
        "recordIndex": 1204656,
        "byteOffset": 1019857337,
        "rule": "IN-G3",
        "fieldIndex": 20,
        "tag": "337",
        "indicatorIndex": 0,
        "message": "Индикатор 1 поля 337 имеет недопустимое значение \"Ñ\"."
      }
    },
    "IN-G3: Индикатор 2 поля 337 имеет недопустимое значение \"\".": {
      "count": 9,
      "first": {
        "recordIndex": 1204656,
        "byteOffset": 1019857337,
        "rule": "IN-G3",
        "fieldIndex": 20,
        "tag": "337",
        "indicatorIndex": 1,
        "message": "Индикатор 2 поля 337 имеет недопустимое значение \"\"."
      }
    },
    "IN-G3: Индикатор 2 поля 260 имеет недопустимое значение \"Ð\".": {
      "count": 133,
      "first": {
        "recordIndex": 1204657,
        "byteOffset": 1019858923,
        "rule": "IN-G3",
        "fieldIndex": 10,
        "tag": "260",
        "indicatorIndex": 1,
        "message": "Индикатор 2 поля 260 имеет недопустимое значение \"Ð\"."
      }
    },
    "IN-G3: Индикатор 1 поля 500 имеет недопустимое значение \"Ð\".": {
      "count": 20,
      "first": {
        "recordIndex": 1204657,
        "byteOffset": 1019858923,
        "rule": "IN-G3",
        "fieldIndex": 12,
        "tag": "500",
        "indicatorIndex": 0,
        "message": "Индикатор 1 поля 500 имеет недопустимое значение \"Ð\"."
      }
    },
    "IN-G3: Индикатор 2 поля 500 имеет недопустимое значение \"¹\".": {
      "count": 1,
      "first": {
        "recordIndex": 1204657,
        "byteOffset": 1019858923,
        "rule": "IN-G3",
        "fieldIndex": 12,
        "tag": "500",
        "indicatorIndex": 1,
        "message": "Индикатор 2 поля 500 имеет недопустимое значение \"¹\"."
      }
    },
    "IN-G3: Индикатор 1 поля 504 имеет недопустимое значение \"Ñ\".": {
      "count": 10,
      "first": {
        "recordIndex": 1204657,
        "byteOffset": 1019858923,
        "rule": "IN-G3",
        "fieldIndex": 13,
        "tag": "504",
        "indicatorIndex": 0,
        "message": "Индикатор 1 поля 504 имеет недопустимое значение \"Ñ\"."
      }
    },
    "IN-G3: Индикатор 2 поля 504 имеет недопустимое значение \"\".": {
      "count": 1,
      "first": {
        "recordIndex": 1204657,
        "byteOffset": 1019858923,
        "rule": "IN-G3",
        "fieldIndex": 13,
        "tag": "504",
        "indicatorIndex": 1,
        "message": "Индикатор 2 поля 504 имеет недопустимое значение \"\"."
      }
    },
    "IN-G3: Индикатор 1 поля 520 имеет недопустимое значение \"Ñ\".": {
      "count": 53,
      "first": {
        "recordIndex": 1204657,
        "byteOffset": 1019858923,
        "rule": "IN-G3",
        "fieldIndex": 14,
        "tag": "520",
        "indicatorIndex": 0,
        "message": "Индикатор 1 поля 520 имеет недопустимое значение \"Ñ\"."
      }
    },
    "IN-G3: Индикатор 2 поля 520 имеет недопустимое значение \"\".": {
      "count": 21,
      "first": {
        "recordIndex": 1204657,
        "byteOffset": 1019858923,
        "rule": "IN-G3",
        "fieldIndex": 14,
        "tag": "520",
        "indicatorIndex": 1,
        "message": "Индикатор 2 поля 520 имеет недопустимое значение \"\"."
      }
    },
    "IN-G3: Индикатор 1 поля 650 имеет недопустимое значение \"\".": {
      "count": 16,
      "first": {
        "recordIndex": 1204657,
        "byteOffset": 1019858923,
        "rule": "IN-G3",
        "fieldIndex": 16,
        "tag": "650",
        "indicatorIndex": 0,
        "message": "Индикатор 1 поля 650 имеет недопустимое значение \"\"."
      }
    },
    "IN-G3: Индикатор 2 поля 700 имеет недопустимое значение \"²\".": {
      "count": 10,
      "first": {
        "recordIndex": 1204657,
        "byteOffset": 1019858923,
        "rule": "IN-G3",
        "fieldIndex": 18,
        "tag": "700",
        "indicatorIndex": 1,
        "message": "Индикатор 2 поля 700 имеет недопустимое значение \"²\"."
      }
    },
    "IN-G3: Индикатор 1 поля 700 имеет недопустимое значение \"Ñ\".": {
      "count": 67,
      "first": {
        "recordIndex": 1204657,
        "byteOffset": 1019858923,
        "rule": "IN-G3",
        "fieldIndex": 19,
        "tag": "700",
        "indicatorIndex": 0,
        "message": "Индикатор 1 поля 700 имеет недопустимое значение \"Ñ\"."
      }
    },
    "IN-G3: Индикатор 2 поля 700 имеет недопустимое значение \"\".": {
      "count": 13,
      "first": {
        "recordIndex": 1204657,
        "byteOffset": 1019858923,
        "rule": "IN-G3",
        "fieldIndex": 19,
        "tag": "700",
        "indicatorIndex": 1,
        "message": "Индикатор 2 поля 700 имеет недопустимое значение \"\"."
      }
    },
    "IN-G3: Индикатор 1 поля 700 имеет недопустимое значение \"\".": {
      "count": 3,
      "first": {
        "recordIndex": 1204657,
        "byteOffset": 1019858923,
        "rule": "IN-G3",
        "fieldIndex": 20,
        "tag": "700",
        "indicatorIndex": 0,
        "message": "Индикатор 1 поля 700 имеет недопустимое значение \"\"."
      }
    },
    "IN-G3: Индикатор 1 поля 912 имеет недопустимое значение \"¸\".": {
      "count": 11,
      "first": {
        "recordIndex": 1204657,
        "byteOffset": 1019858923,
        "rule": "IN-G3",
        "fieldIndex": 21,
        "tag": "912",
        "indicatorIndex": 0,
        "message": "Индикатор 1 поля 912 имеет недопустимое значение \"¸\"."
      }
    },
    "IN-G3: Индикатор 1 поля 337 имеет недопустимое значение \"\".": {
      "count": 3,
      "first": {
        "recordIndex": 1204657,
        "byteOffset": 1019858923,
        "rule": "IN-G3",
        "fieldIndex": 23,
        "tag": "337",
        "indicatorIndex": 0,
        "message": "Индикатор 1 поля 337 имеет недопустимое значение \"\"."
      }
    },
    "IN-G3: Индикатор 2 поля 337 имеет недопустимое значение \".\".": {
      "count": 7,
      "first": {
        "recordIndex": 1204657,
        "byteOffset": 1019858923,
        "rule": "IN-G3",
        "fieldIndex": 23,
        "tag": "337",
        "indicatorIndex": 1,
        "message": "Индикатор 2 поля 337 имеет недопустимое значение \".\"."
      }
    },
    "IN-G3: Индикатор 1 поля 245 имеет недопустимое значение \"Ð\".": {
      "count": 102,
      "first": {
        "recordIndex": 1204658,
        "byteOffset": 1019860744,
        "rule": "IN-G3",
        "fieldIndex": 10,
        "tag": "245",
        "indicatorIndex": 0,
        "message": "Индикатор 1 поля 245 имеет недопустимое значение \"Ð\"."
      }
    },
    "IN-G3: Индикатор 2 поля 245 имеет недопустимое значение \"µ\".": {
      "count": 13,
      "first": {
        "recordIndex": 1204658,
        "byteOffset": 1019860744,
        "rule": "IN-G3",
        "fieldIndex": 10,
        "tag": "245",
        "indicatorIndex": 1,
        "message": "Индикатор 2 поля 245 имеет недопустимое значение \"µ\"."
      }
    },
    "IN-G3: Индикатор 2 поля 504 имеет недопустимое значение \"\".": {
      "count": 1,
      "first": {
        "recordIndex": 1204658,
        "byteOffset": 1019860744,
        "rule": "IN-G3",
        "fieldIndex": 13,
        "tag": "504",
        "indicatorIndex": 1,
        "message": "Индикатор 2 поля 504 имеет недопустимое значение \"\"."
      }
    },
    "DF-G3: Поле 504 не содержит кода подполя.": {
      "count": 48,
      "first": {
        "recordIndex": 1204658,
        "byteOffset": 1019860744,
        "rule": "DF-G3",
        "fieldIndex": 13,
        "tag": "504",
        "message": "Поле 504 не содержит кода подполя."
      }
    },
    "IN-G3: Индикатор 1 поля 520 имеет недопустимое значение \"\".": {
      "count": 11,
      "first": {
        "recordIndex": 1204658,
        "byteOffset": 1019860744,
        "rule": "IN-G3",
        "fieldIndex": 14,
        "tag": "520",
        "indicatorIndex": 0,
        "message": "Индикатор 1 поля 520 имеет недопустимое значение \"\"."
      }
    },
    "IN-G3: Индикатор 2 поля 650 имеет недопустимое значение \"³\".": {
      "count": 4,
      "first": {
        "recordIndex": 1204658,
        "byteOffset": 1019860744,
        "rule": "IN-G3",
        "fieldIndex": 15,
        "tag": "650",
        "indicatorIndex": 1,
        "message": "Индикатор 2 поля 650 имеет недопустимое значение \"³\"."
      }
    },
    "IN-G3: Индикатор 1 поля 912 имеет недопустимое значение \"½\".": {
      "count": 13,
      "first": {
        "recordIndex": 1204658,
        "byteOffset": 1019860744,
        "rule": "IN-G3",
        "fieldIndex": 17,
        "tag": "912",
        "indicatorIndex": 0,
        "message": "Индикатор 1 поля 912 имеет недопустимое значение \"½\"."
      }
    },
    "IN-G3: Индикатор 1 поля 336 имеет недопустимое значение \"\".": {
      "count": 4,
      "first": {
        "recordIndex": 1204658,
        "byteOffset": 1019860744,
        "rule": "IN-G3",
        "fieldIndex": 18,
        "tag": "336",
        "indicatorIndex": 0,
        "message": "Индикатор 1 поля 336 имеет недопустимое значение \"\"."
      }
    },
    "IN-G3: Индикатор 2 поля 337 имеет недопустимое значение \"Ð\".": {
      "count": 147,
      "first": {
        "recordIndex": 1204658,
        "byteOffset": 1019860744,
        "rule": "IN-G3",
        "fieldIndex": 19,
        "tag": "337",
        "indicatorIndex": 1,
        "message": "Индикатор 2 поля 337 имеет недопустимое значение \"Ð\"."
      }
    },
    "IN-G3: Индикатор 1 поля 245 имеет недопустимое значение \"\".": {
      "count": 2,
      "first": {
        "recordIndex": 1204659,
        "byteOffset": 1019862546,
        "rule": "IN-G3",
        "fieldIndex": 10,
        "tag": "245",
        "indicatorIndex": 0,
        "message": "Индикатор 1 поля 245 имеет недопустимое значение \"\"."
      }
    },
    "IN-G3: Индикатор 1 поля 250 имеет недопустимое значение \"¸\".": {
      "count": 2,
      "first": {
        "recordIndex": 1204659,
        "byteOffset": 1019862546,
        "rule": "IN-G3",
        "fieldIndex": 11,
        "tag": "250",
        "indicatorIndex": 0,
        "message": "Индикатор 1 поля 250 имеет недопустимое значение \"¸\"."
      }
    },
    "IN-G3: Индикатор 2 поля 250 имеет недопустимое значение \"Ð\".": {
      "count": 11,
      "first": {
        "recordIndex": 1204659,
        "byteOffset": 1019862546,
        "rule": "IN-G3",
        "fieldIndex": 11,
        "tag": "250",
        "indicatorIndex": 1,
        "message": "Индикатор 2 поля 250 имеет недопустимое значение \"Ð\"."
      }
    },
    "IN-G3: Индикатор 1 поля 300 имеет недопустимое значение \"\".": {
      "count": 7,
      "first": {
        "recordIndex": 1204659,
        "byteOffset": 1019862546,
        "rule": "IN-G3",
        "fieldIndex": 13,
        "tag": "300",
        "indicatorIndex": 0,
        "message": "Индикатор 1 поля 300 имеет недопустимое значение \"\"."
      }
    },
    "IN-G3: Индикатор 1 поля 504 имеет недопустимое значение \"¸\".": {
      "count": 3,
      "first": {
        "recordIndex": 1204659,
        "byteOffset": 1019862546,
        "rule": "IN-G3",
        "fieldIndex": 14,
        "tag": "504",
        "indicatorIndex": 0,
        "message": "Индикатор 1 поля 504 имеет недопустимое значение \"¸\"."
      }
    },
    "IN-G3: Индикатор 2 поля 504 имеет недопустимое значение \"Ñ\".": {
      "count": 10,
      "first": {
        "recordIndex": 1204659,
        "byteOffset": 1019862546,
        "rule": "IN-G3",
        "fieldIndex": 14,
        "tag": "504",
        "indicatorIndex": 1,
        "message": "Индикатор 2 поля 504 имеет недопустимое значение \"Ñ\"."
      }
    },
    "IN-G3: Индикатор 1 поля 520 имеет недопустимое значение \"\".": {
      "count": 1,
      "first": {
        "recordIndex": 1204659,
        "byteOffset": 1019862546,
        "rule": "IN-G3",
        "fieldIndex": 15,
        "tag": "520",
        "indicatorIndex": 0,
        "message": "Индикатор 1 поля 520 имеет недопустимое значение \"\"."
      }
    },
    "IN-G3: Индикатор 2 поля 650 имеет недопустимое значение \"\".": {
      "count": 16,
      "first": {
        "recordIndex": 1204659,
        "byteOffset": 1019862546,
        "rule": "IN-G3",
        "fieldIndex": 16,
        "tag": "650",
        "indicatorIndex": 1,
        "message": "Индикатор 2 поля 650 имеет недопустимое значение \"\"."
      }
    },
    "IN-G3: Индикатор 1 поля 336 имеет недопустимое значение \"Ñ\".": {
      "count": 40,
      "first": {
        "recordIndex": 1204659,
        "byteOffset": 1019862546,
        "rule": "IN-G3",
        "fieldIndex": 20,
        "tag": "336",
        "indicatorIndex": 0,
        "message": "Индикатор 1 поля 336 имеет недопустимое значение \"Ñ\"."
      }
    },
    "IN-G3: Индикатор 2 поля 336 имеет недопустимое значение \"\".": {
      "count": 1,
      "first": {
        "recordIndex": 1204659,
        "byteOffset": 1019862546,
        "rule": "IN-G3",
        "fieldIndex": 20,
        "tag": "336",
        "indicatorIndex": 1,
        "message": "Индикатор 2 поля 336 имеет недопустимое значение \"\"."
      }
    },
    "IN-G3: Индикатор 2 поля 337 имеет недопустимое значение \"µ\".": {
      "count": 7,
      "first": {
        "recordIndex": 1204659,
        "byteOffset": 1019862546,
        "rule": "IN-G3",
        "fieldIndex": 21,
        "tag": "337",
        "indicatorIndex": 1,
        "message": "Индикатор 2 поля 337 имеет недопустимое значение \"µ\"."
      }
    },
    "IN-G3: Индикатор 1 поля 500 имеет недопустимое значение \"´\".": {
      "count": 1,
      "first": {
        "recordIndex": 1204660,
        "byteOffset": 1019864437,
        "rule": "IN-G3",
        "fieldIndex": 12,
        "tag": "500",
        "indicatorIndex": 0,
        "message": "Индикатор 1 поля 500 имеет недопустимое значение \"´\"."
      }
    },
    "DF-G3: Поле 500 не содержит кода подполя.": {
      "count": 18,
      "first": {
        "recordIndex": 1204660,
        "byteOffset": 1019864437,
        "rule": "DF-G3",
        "fieldIndex": 12,
        "tag": "500",
        "message": "Поле 500 не содержит кода подполя."
      }
    },
    "IN-G3: Индикатор 1 поля 504 имеет недопустимое значение \"Ð\".": {
      "count": 25,
      "first": {
        "recordIndex": 1204660,
        "byteOffset": 1019864437,
        "rule": "IN-G3",
        "fieldIndex": 13,
        "tag": "504",
        "indicatorIndex": 0,
        "message": "Индикатор 1 поля 504 имеет недопустимое значение \"Ð\"."
      }
    },
    "IN-G3: Индикатор 2 поля 504 имеет недопустимое значение \"µ\".": {
      "count": 4,
      "first": {
        "recordIndex": 1204660,
        "byteOffset": 1019864437,
        "rule": "IN-G3",
        "fieldIndex": 13,
        "tag": "504",
        "indicatorIndex": 1,
        "message": "Индикатор 2 поля 504 имеет недопустимое значение \"µ\"."
      }
    },
    "IN-G3: Индикатор 1 поля 650 имеет недопустимое значение \"º\".": {
      "count": 11,
      "first": {
        "recordIndex": 1204660,
        "byteOffset": 1019864437,
        "rule": "IN-G3",
        "fieldIndex": 16,
        "tag": "650",
        "indicatorIndex": 0,
        "message": "Индикатор 1 поля 650 имеет недопустимое значение \"º\"."
      }
    },
    "IN-G3: Индикатор 1 поля 650 имеет недопустимое значение \"¹\".": {
      "count": 7,
      "first": {
        "recordIndex": 1204660,
        "byteOffset": 1019864437,
        "rule": "IN-G3",
        "fieldIndex": 17,
        "tag": "650",
        "indicatorIndex": 0,
        "message": "Индикатор 1 поля 650 имеет недопустимое значение \"¹\"."
      }
    },
    "IN-G3: Индикатор 1 поля 700 имеет недопустимое значение \"\".": {
      "count": 11,
      "first": {
        "recordIndex": 1204660,
        "byteOffset": 1019864437,
        "rule": "IN-G3",
        "fieldIndex": 20,
        "tag": "700",
        "indicatorIndex": 0,
        "message": "Индикатор 1 поля 700 имеет недопустимое значение \"\"."
      }
    },
    "IN-G3: Индикатор 1 поля 700 имеет недопустимое значение \"½\".": {
      "count": 13,
      "first": {
        "recordIndex": 1204660,
        "byteOffset": 1019864437,
        "rule": "IN-G3",
        "fieldIndex": 21,
        "tag": "700",
        "indicatorIndex": 0,
        "message": "Индикатор 1 поля 700 имеет недопустимое значение \"½\"."
      }
    },
    "IN-G3: Индикатор 2 поля 700 имеет недопустимое значение \"Ñ\".": {
      "count": 58,
      "first": {
        "recordIndex": 1204660,
        "byteOffset": 1019864437,
        "rule": "IN-G3",
        "fieldIndex": 21,
        "tag": "700",
        "indicatorIndex": 1,
        "message": "Индикатор 2 поля 700 имеет недопустимое значение \"Ñ\"."
      }
    },
    "IN-G3: Индикатор 1 поля 710 имеет недопустимое значение \"Ð\".": {
      "count": 19,
      "first": {
        "recordIndex": 1204660,
        "byteOffset": 1019864437,
        "rule": "IN-G3",
        "fieldIndex": 22,
        "tag": "710",
        "indicatorIndex": 0,
        "message": "Индикатор 1 поля 710 имеет недопустимое значение \"Ð\"."
      }
    },
    "IN-G3: Индикатор 2 поля 710 имеет недопустимое значение \"°\".": {
      "count": 2,
      "first": {
        "recordIndex": 1204660,
        "byteOffset": 1019864437,
        "rule": "IN-G3",
        "fieldIndex": 22,
        "tag": "710",
        "indicatorIndex": 1,
        "message": "Индикатор 2 поля 710 имеет недопустимое значение \"°\"."
      }
    },
    "IN-G3: Индикатор 1 поля 912 имеет недопустимое значение \"Ñ\".": {
      "count": 57,
      "first": {
        "recordIndex": 1204660,
        "byteOffset": 1019864437,
        "rule": "IN-G3",
        "fieldIndex": 23,
        "tag": "912",
        "indicatorIndex": 0,
        "message": "Индикатор 1 поля 912 имеет недопустимое значение \"Ñ\"."
      }
    },
    "IN-G3: Индикатор 2 поля 912 имеет недопустимое значение \"\".": {
      "count": 12,
      "first": {
        "recordIndex": 1204660,
        "byteOffset": 1019864437,
        "rule": "IN-G3",
        "fieldIndex": 23,
        "tag": "912",
        "indicatorIndex": 1,
        "message": "Индикатор 2 поля 912 имеет недопустимое значение \"\"."
      }
    },
    "IN-G3: Индикатор 2 поля 336 имеет недопустимое значение \"[\".": {
      "count": 4,
      "first": {
        "recordIndex": 1204660,
        "byteOffset": 1019864437,
        "rule": "IN-G3",
        "fieldIndex": 24,
        "tag": "336",
        "indicatorIndex": 1,
        "message": "Индикатор 2 поля 336 имеет недопустимое значение \"[\"."
      }
    },
    "IN-G3: Индикатор 1 поля 245 имеет недопустимое значение \"¾\".": {
      "count": 7,
      "first": {
        "recordIndex": 1204661,
        "byteOffset": 1019865992,
        "rule": "IN-G3",
        "fieldIndex": 10,
        "tag": "245",
        "indicatorIndex": 0,
        "message": "Индикатор 1 поля 245 имеет недопустимое значение \"¾\"."
      }
    },
    "IN-G3: Индикатор 2 поля 245 имеет недопустимое значение \"Ñ\".": {
      "count": 36,
      "first": {
        "recordIndex": 1204661,
        "byteOffset": 1019865992,
        "rule": "IN-G3",
        "fieldIndex": 10,
        "tag": "245",
        "indicatorIndex": 1,
        "message": "Индикатор 2 поля 245 имеет недопустимое значение \"Ñ\"."
      }
    },
    "SF-G4: Подполе 2 поля 245 имеет недопустимый код \"\".": {
      "count": 2,
      "first": {
        "recordIndex": 1204661,
        "byteOffset": 1019865992,
        "rule": "SF-G4",
        "fieldIndex": 10,
        "tag": "245",
        "subfieldIndex": 1,
        "message": "Подполе 2 поля 245 имеет недопустимый код \"\"."
      }
    },
    "IN-G3: Индикатор 1 поля 260 имеет недопустимое значение \"[\".": {
      "count": 3,
      "first": {
        "recordIndex": 1204661,
        "byteOffset": 1019865992,
        "rule": "IN-G3",
        "fieldIndex": 11,
        "tag": "260",
        "indicatorIndex": 0,
        "message": "Индикатор 1 поля 260 имеет недопустимое значение \"[\"."
      }
    },
    "IN-G3: Индикатор 1 поля 650 имеет недопустимое значение \"\\u001e\".": {
      "count": 1,
      "first": {
        "recordIndex": 1204661,
        "byteOffset": 1019865992,
        "rule": "IN-G3",
        "fieldIndex": 15,
        "tag": "650",
        "indicatorIndex": 0,
        "message": "Индикатор 1 поля 650 имеет недопустимое значение \"\\u001e\"."
      }
    },
    "IN-G3: Индикатор 2 поля 912 имеет недопустимое значение \"¹\".": {
      "count": 10,
      "first": {
        "recordIndex": 1204661,
        "byteOffset": 1019865992,
        "rule": "IN-G3",
        "fieldIndex": 16,
        "tag": "912",
        "indicatorIndex": 1,
        "message": "Индикатор 2 поля 912 имеет недопустимое значение \"¹\"."
      }
    },
    "IN-G3: Индикатор 1 поля 337 имеет недопустимое значение \"\".": {
      "count": 10,
      "first": {
        "recordIndex": 1204661,
        "byteOffset": 1019865992,
        "rule": "IN-G3",
        "fieldIndex": 18,
        "tag": "337",
        "indicatorIndex": 0,
        "message": "Индикатор 1 поля 337 имеет недопустимое значение \"\"."
      }
    },
    "SF-G4: Подполе 2 поля 337 имеет недопустимый код \"\".": {
      "count": 9,
      "first": {
        "recordIndex": 1204661,
        "byteOffset": 1019865992,
        "rule": "SF-G4",
        "fieldIndex": 18,
        "tag": "337",
        "subfieldIndex": 1,
        "message": "Подполе 2 поля 337 имеет недопустимый код \"\"."
      }
    },
    "IN-G3: Индикатор 2 поля 245 имеет недопустимое значение \"º\".": {
      "count": 4,
      "first": {
        "recordIndex": 1204662,
        "byteOffset": 1019866747,
        "rule": "IN-G3",
        "fieldIndex": 10,
        "tag": "245",
        "indicatorIndex": 1,
        "message": "Индикатор 2 поля 245 имеет недопустимое значение \"º\"."
      }
    },
    "IN-G3: Индикатор 1 поля 260 имеет недопустимое значение \"\".": {
      "count": 1,
      "first": {
        "recordIndex": 1204662,
        "byteOffset": 1019866747,
        "rule": "IN-G3",
        "fieldIndex": 11,
        "tag": "260",
        "indicatorIndex": 0,
        "message": "Индикатор 1 поля 260 имеет недопустимое значение \"\"."
      }
    },
    "IN-G3: Индикатор 2 поля 300 имеет недопустимое значение \"\".": {
      "count": 8,
      "first": {
        "recordIndex": 1204662,
        "byteOffset": 1019866747,
        "rule": "IN-G3",
        "fieldIndex": 12,
        "tag": "300",
        "indicatorIndex": 1,
        "message": "Индикатор 2 поля 300 имеет недопустимое значение \"\"."
      }
    },
    "IN-G3: Индикатор 2 поля 650 имеет недопустимое значение \"¼\".": {
      "count": 10,
      "first": {
        "recordIndex": 1204662,
        "byteOffset": 1019866747,
        "rule": "IN-G3",
        "fieldIndex": 14,
        "tag": "650",
        "indicatorIndex": 1,
        "message": "Индикатор 2 поля 650 имеет недопустимое значение \"¼\"."
      }
    },
    "IN-G3: Индикатор 1 поля 912 имеет недопустимое значение \"\".": {
      "count": 12,
      "first": {
        "recordIndex": 1204662,
        "byteOffset": 1019866747,
        "rule": "IN-G3",
        "fieldIndex": 16,
        "tag": "912",
        "indicatorIndex": 0,
        "message": "Индикатор 1 поля 912 имеет недопустимое значение \"\"."
      }
    },
    "IN-G3: Индикатор 1 поля 336 имеет недопустимое значение \"¹\".": {
      "count": 8,
      "first": {
        "recordIndex": 1204662,
        "byteOffset": 1019866747,
        "rule": "IN-G3",
        "fieldIndex": 17,
        "tag": "336",
        "indicatorIndex": 0,
        "message": "Индикатор 1 поля 336 имеет недопустимое значение \"¹\"."
      }
    },
    "IN-G3: Индикатор 2 поля 260 имеет недопустимое значение \"\".": {
      "count": 9,
      "first": {
        "recordIndex": 1204663,
        "byteOffset": 1019868265,
        "rule": "IN-G3",
        "fieldIndex": 10,
        "tag": "260",
        "indicatorIndex": 1,
        "message": "Индикатор 2 поля 260 имеет недопустимое значение \"\"."
      }
    },
    "IN-G3: Индикатор 1 поля 300 имеет недопустимое значение \"»\".": {
      "count": 5,
      "first": {
        "recordIndex": 1204663,
        "byteOffset": 1019868265,
        "rule": "IN-G3",
        "fieldIndex": 11,
        "tag": "300",
        "indicatorIndex": 0,
        "message": "Индикатор 1 поля 300 имеет недопустимое значение \"»\"."
      }
    },
    "IN-G3: Индикатор 2 поля 520 имеет недопустимое значение \"\".": {
      "count": 1,
      "first": {
        "recordIndex": 1204663,
        "byteOffset": 1019868265,
        "rule": "IN-G3",
        "fieldIndex": 12,
        "tag": "520",
        "indicatorIndex": 1,
        "message": "Индикатор 2 поля 520 имеет недопустимое значение \"\"."
      }
    },
    "IN-G3: Индикатор 2 поля 650 имеет недопустимое значение \"º\".": {
      "count": 14,
      "first": {
        "recordIndex": 1204663,
        "byteOffset": 1019868265,
        "rule": "IN-G3",
        "fieldIndex": 13,
        "tag": "650",
        "indicatorIndex": 1,
        "message": "Индикатор 2 поля 650 имеет недопустимое значение \"º\"."
      }
    },
    "IN-G3: Индикатор 1 поля 700 имеет недопустимое значение \"¹\".": {
      "count": 4,
      "first": {
        "recordIndex": 1204663,
        "byteOffset": 1019868265,
        "rule": "IN-G3",
        "fieldIndex": 14,
        "tag": "700",
        "indicatorIndex": 0,
        "message": "Индикатор 1 поля 700 имеет недопустимое значение \"¹\"."
      }
    },
    "IN-G3: Индикатор 2 поля 700 имеет недопустимое значение \"¿\".": {
      "count": 5,
      "first": {
        "recordIndex": 1204663,
        "byteOffset": 1019868265,
        "rule": "IN-G3",
        "fieldIndex": 15,
        "tag": "700",
        "indicatorIndex": 1,
        "message": "Индикатор 2 поля 700 имеет недопустимое значение \"¿\"."
      }
    },
    "IN-G3: Индикатор 1 поля 912 имеет недопустимое значение \"º\".": {
      "count": 6,
      "first": {
        "recordIndex": 1204663,
        "byteOffset": 1019868265,
        "rule": "IN-G3",
        "fieldIndex": 16,
        "tag": "912",
        "indicatorIndex": 0,
        "message": "Индикатор 1 поля 912 имеет недопустимое значение \"º\"."
      }
    },
    "IN-G3: Индикатор 2 поля 336 имеет недопустимое значение \"¸\".": {
      "count": 11,
      "first": {
        "recordIndex": 1204663,
        "byteOffset": 1019868265,
        "rule": "IN-G3",
        "fieldIndex": 17,
        "tag": "336",
        "indicatorIndex": 1,
        "message": "Индикатор 2 поля 336 имеет недопустимое значение \"¸\"."
      }
    },
    "IN-G3: Индикатор 1 поля 337 имеет недопустимое значение \"µ\".": {
      "count": 21,
      "first": {
        "recordIndex": 1204663,
        "byteOffset": 1019868265,
        "rule": "IN-G3",
        "fieldIndex": 18,
        "tag": "337",
        "indicatorIndex": 0,
        "message": "Индикатор 1 поля 337 имеет недопустимое значение \"µ\"."
      }
    },
    "IN-G3: Индикатор 1 поля 245 имеет недопустимое значение \"º\".": {
      "count": 8,
      "first": {
        "recordIndex": 1204664,
        "byteOffset": 1019869548,
        "rule": "IN-G3",
        "fieldIndex": 10,
        "tag": "245",
        "indicatorIndex": 0,
        "message": "Индикатор 1 поля 245 имеет недопустимое значение \"º\"."
      }
    },
    "DF-G3: Поле 245 не содержит кода подполя.": {
      "count": 23,
      "first": {
        "recordIndex": 1204664,
        "byteOffset": 1019869548,
        "rule": "DF-G3",
        "fieldIndex": 10,
        "tag": "245",
        "message": "Поле 245 не содержит кода подполя."
      }
    },
    "IN-G3: Индикатор 1 поля 260 имеет недопустимое значение \"\\u001e\".": {
      "count": 1,
      "first": {
        "recordIndex": 1204664,
        "byteOffset": 1019869548,
        "rule": "IN-G3",
        "fieldIndex": 11,
        "tag": "260",
        "indicatorIndex": 0,
        "message": "Индикатор 1 поля 260 имеет недопустимое значение \"\\u001e\"."
      }
    },
    "IN-G3: Индикатор 1 поля 300 имеет недопустимое значение \"\".": {
      "count": 1,
      "first": {
        "recordIndex": 1204664,
        "byteOffset": 1019869548,
        "rule": "IN-G3",
        "fieldIndex": 12,
        "tag": "300",
        "indicatorIndex": 0,
        "message": "Индикатор 1 поля 300 имеет недопустимое значение \"\"."
      }
    },
    "DF-G2: Поле 520 содержит 0 индикатор(а), ожидалось 2.": {
      "count": 22,
      "first": {
        "recordIndex": 1204664,
        "byteOffset": 1019869548,
        "rule": "DF-G2",
        "fieldIndex": 13,
        "tag": "520",
        "message": "Поле 520 содержит 0 индикатор(а), ожидалось 2."
      }
    },
    "IN-G3: Индикатор 2 поля 650 имеет недопустимое значение \"°\".": {
      "count": 31,
      "first": {
        "recordIndex": 1204664,
        "byteOffset": 1019869548,
        "rule": "IN-G3",
        "fieldIndex": 14,
        "tag": "650",
        "indicatorIndex": 1,
        "message": "Индикатор 2 поля 650 имеет недопустимое значение \"°\"."
      }
    },
    "IN-G3: Индикатор 1 поля 650 имеет недопустимое значение \"´\".": {
      "count": 7,
      "first": {
        "recordIndex": 1204664,
        "byteOffset": 1019869548,
        "rule": "IN-G3",
        "fieldIndex": 15,
        "tag": "650",
        "indicatorIndex": 0,
        "message": "Индикатор 1 поля 650 имеет недопустимое значение \"´\"."
      }
    },
    "IN-G3: Индикатор 2 поля 336 имеет недопустимое значение \"º\".": {
      "count": 12,
      "first": {
        "recordIndex": 1204664,
        "byteOffset": 1019869548,
        "rule": "IN-G3",
        "fieldIndex": 17,
        "tag": "336",
        "indicatorIndex": 1,
        "message": "Индикатор 2 поля 336 имеет недопустимое значение \"º\"."
      }
    },
    "DF-G2: Поле 260 содержит 0 индикатор(а), ожидалось 2.": {
      "count": 15,
      "first": {
        "recordIndex": 1204665,
        "byteOffset": 1019870289,
        "rule": "DF-G2",
        "fieldIndex": 11,
        "tag": "260",
        "message": "Поле 260 содержит 0 индикатор(а), ожидалось 2."
      }
    },
    "IN-G3: Индикатор 1 поля 300 имеет недопустимое значение \"¢\".": {
      "count": 1,
      "first": {
        "recordIndex": 1204665,
        "byteOffset": 1019870289,
        "rule": "IN-G3",
        "fieldIndex": 12,
        "tag": "300",
        "indicatorIndex": 0,
        "message": "Индикатор 1 поля 300 имеет недопустимое значение \"¢\"."
      }
    },
    "DF-G2: Поле 520 содержит 1 индикатор(а), ожидалось 2.": {
      "count": 23,
      "first": {
        "recordIndex": 1204665,
        "byteOffset": 1019870289,
        "rule": "DF-G2",
        "fieldIndex": 13,
        "tag": "520",
        "message": "Поле 520 содержит 1 индикатор(а), ожидалось 2."
      }
    },
    "IN-G3: Индикатор 1 поля 520 имеет недопустимое значение \"¼\".": {
      "count": 3,
      "first": {
        "recordIndex": 1204665,
        "byteOffset": 1019870289,
        "rule": "IN-G3",
        "fieldIndex": 13,
        "tag": "520",
        "indicatorIndex": 0,
        "message": "Индикатор 1 поля 520 имеет недопустимое значение \"¼\"."
      }
    },
    "IN-G3: Индикатор 2 поля 650 имеет недопустимое значение \"\".": {
      "count": 9,
      "first": {
        "recordIndex": 1204665,
        "byteOffset": 1019870289,
        "rule": "IN-G3",
        "fieldIndex": 14,
        "tag": "650",
        "indicatorIndex": 1,
        "message": "Индикатор 2 поля 650 имеет недопустимое значение \"\"."
      }
    },
    "IN-G3: Индикатор 2 поля 650 имеет недопустимое значение \"·\".": {
      "count": 3,
      "first": {
        "recordIndex": 1204665,
        "byteOffset": 1019870289,
        "rule": "IN-G3",
        "fieldIndex": 15,
        "tag": "650",
        "indicatorIndex": 1,
        "message": "Индикатор 2 поля 650 имеет недопустимое значение \"·\"."
      }
    },
    "IN-G3: Индикатор 1 поля 336 имеет недопустимое значение \"¼\".": {
      "count": 3,
      "first": {
        "recordIndex": 1204665,
        "byteOffset": 1019870289,
        "rule": "IN-G3",
        "fieldIndex": 17,
        "tag": "336",
        "indicatorIndex": 0,
        "message": "Индикатор 1 поля 336 имеет недопустимое значение \"¼\"."
      }
    },
    "IN-G3: Индикатор 1 поля 337 имеет недопустимое значение \"\".": {
      "count": 13,
      "first": {
        "recordIndex": 1204665,
        "byteOffset": 1019870289,
        "rule": "IN-G3",
        "fieldIndex": 18,
        "tag": "337",
        "indicatorIndex": 0,
        "message": "Индикатор 1 поля 337 имеет недопустимое значение \"\"."
      }
    },
    "IN-G3: Индикатор 1 поля 300 имеет недопустимое значение \"²\".": {
      "count": 6,
      "first": {
        "recordIndex": 1204666,
        "byteOffset": 1019871045,
        "rule": "IN-G3",
        "fieldIndex": 11,
        "tag": "300",
        "indicatorIndex": 0,
        "message": "Индикатор 1 поля 300 имеет недопустимое значение \"²\"."
      }
    },
    "IN-G3: Индикатор 1 поля 500 имеет недопустимое значение \"Ñ\".": {
      "count": 5,
      "first": {
        "recordIndex": 1204666,
        "byteOffset": 1019871045,
        "rule": "IN-G3",
        "fieldIndex": 12,
        "tag": "500",
        "indicatorIndex": 0,
        "message": "Индикатор 1 поля 500 имеет недопустимое значение \"Ñ\"."
      }
    },
    "IN-G3: Индикатор 2 поля 500 имеет недопустимое значение \"\".": {
      "count": 2,
      "first": {
        "recordIndex": 1204666,
        "byteOffset": 1019871045,
        "rule": "IN-G3",
        "fieldIndex": 12,
        "tag": "500",
        "indicatorIndex": 1,
        "message": "Индикатор 2 поля 500 имеет недопустимое значение \"\"."
      }
    },
    "IN-G3: Индикатор 2 поля 710 имеет недопустимое значение \"¿\".": {
      "count": 1,
      "first": {
        "recordIndex": 1204666,
        "byteOffset": 1019871045,
        "rule": "IN-G3",
        "fieldIndex": 14,
        "tag": "710",
        "indicatorIndex": 1,
        "message": "Индикатор 2 поля 710 имеет недопустимое значение \"¿\"."
      }
    },
    "IN-G3: Индикатор 1 поля 912 имеет недопустимое значение \"°\".": {
      "count": 23,
      "first": {
        "recordIndex": 1204666,
        "byteOffset": 1019871045,
        "rule": "IN-G3",
        "fieldIndex": 15,
        "tag": "912",
        "indicatorIndex": 0,
        "message": "Индикатор 1 поля 912 имеет недопустимое значение \"°\"."
      }
    },
    "IN-G3: Индикатор 2 поля 336 имеет недопустимое значение \"\".": {
      "count": 13,
      "first": {
        "recordIndex": 1204666,
        "byteOffset": 1019871045,
        "rule": "IN-G3",
        "fieldIndex": 16,
        "tag": "336",
        "indicatorIndex": 1,
        "message": "Индикатор 2 поля 336 имеет недопустимое значение \"\"."
      }
    },
    "IN-G3: Индикатор 2 поля 337 имеет недопустимое значение \"½\".": {
      "count": 10,
      "first": {
        "recordIndex": 1204666,
        "byteOffset": 1019871045,
        "rule": "IN-G3",
        "fieldIndex": 17,
        "tag": "337",
        "indicatorIndex": 1,
        "message": "Индикатор 2 поля 337 имеет недопустимое значение \"½\"."
      }
    },
    "IN-G3: Индикатор 2 поля 520 имеет недопустимое значение \"¹\".": {
      "count": 9,
      "first": {
        "recordIndex": 1204667,
        "byteOffset": 1019872097,
        "rule": "IN-G3",
        "fieldIndex": 12,
        "tag": "520",
        "indicatorIndex": 1,
        "message": "Индикатор 2 поля 520 имеет недопустимое значение \"¹\"."
      }
    },
    "IN-G3: Индикатор 1 поля 650 имеет недопустимое значение \"¸\".": {
      "count": 20,
      "first": {
        "recordIndex": 1204667,
        "byteOffset": 1019872097,
        "rule": "IN-G3",
        "fieldIndex": 13,
        "tag": "650",
        "indicatorIndex": 0,
        "message": "Индикатор 1 поля 650 имеет недопустимое значение \"¸\"."
      }
    },
    "IN-G3: Индикатор 1 поля 710 имеет недопустимое значение \"\".": {
      "count": 1,
      "first": {
        "recordIndex": 1204667,
        "byteOffset": 1019872097,
        "rule": "IN-G3",
        "fieldIndex": 14,
        "tag": "710",
        "indicatorIndex": 0,
        "message": "Индикатор 1 поля 710 имеет недопустимое значение \"\"."
      }
    },
    "IN-G3: Индикатор 1 поля 773 имеет недопустимое значение \"Ð\".": {
      "count": 12,
      "first": {
        "recordIndex": 1204667,
        "byteOffset": 1019872097,
        "rule": "IN-G3",
        "fieldIndex": 15,
        "tag": "773",
        "indicatorIndex": 0,
        "message": "Индикатор 1 поля 773 имеет недопустимое значение \"Ð\"."
      }
    },
    "IN-G3: Индикатор 2 поля 773 имеет недопустимое значение \"´\".": {
      "count": 1,
      "first": {
        "recordIndex": 1204667,
        "byteOffset": 1019872097,
        "rule": "IN-G3",
        "fieldIndex": 15,
        "tag": "773",
        "indicatorIndex": 1,
        "message": "Индикатор 2 поля 773 имеет недопустимое значение \"´\"."
      }
    },
    "IN-G3: Индикатор 1 поля 912 имеет недопустимое значение \"¾\".": {
      "count": 25,
      "first": {
        "recordIndex": 1204667,
        "byteOffset": 1019872097,
        "rule": "IN-G3",
        "fieldIndex": 16,
        "tag": "912",
        "indicatorIndex": 0,
        "message": "Индикатор 1 поля 912 имеет недопустимое значение \"¾\"."
      }
    },
    "IN-G3: Индикатор 1 поля 336 имеет недопустимое значение \"\".": {
      "count": 21,
      "first": {
        "recordIndex": 1204667,
        "byteOffset": 1019872097,
        "rule": "IN-G3",
        "fieldIndex": 17,
        "tag": "336",
        "indicatorIndex": 0,
        "message": "Индикатор 1 поля 336 имеет недопустимое значение \"\"."
      }
    },
    "IN-G3: Индикатор 2 поля 336 имеет недопустимое значение \".\".": {
      "count": 20,
      "first": {
        "recordIndex": 1204667,
        "byteOffset": 1019872097,
        "rule": "IN-G3",
        "fieldIndex": 17,
        "tag": "336",
        "indicatorIndex": 1,
        "message": "Индикатор 2 поля 336 имеет недопустимое значение \".\"."
      }
    },
    "IN-G3: Индикатор 2 поля 260 имеет недопустимое значение \"°\".": {
      "count": 19,
      "first": {
        "recordIndex": 1204668,
        "byteOffset": 1019873276,
        "rule": "IN-G3",
        "fieldIndex": 10,
        "tag": "260",
        "indicatorIndex": 1,
        "message": "Индикатор 2 поля 260 имеет недопустимое значение \"°\"."
      }
    },
    "IN-G3: Индикатор 2 поля 300 имеет недопустимое значение \"\".": {
      "count": 7,
      "first": {
        "recordIndex": 1204668,
        "byteOffset": 1019873276,
        "rule": "IN-G3",
        "fieldIndex": 11,
        "tag": "300",
        "indicatorIndex": 1,
        "message": "Индикатор 2 поля 300 имеет недопустимое значение \"\"."
      }
    },
    "IN-G3: Индикатор 1 поля 504 имеет недопустимое значение \"¾\".": {
      "count": 4,
      "first": {
        "recordIndex": 1204668,
        "byteOffset": 1019873276,
        "rule": "IN-G3",
        "fieldIndex": 12,
        "tag": "504",
        "indicatorIndex": 0,
        "message": "Индикатор 1 поля 504 имеет недопустимое значение \"¾\"."
      }
    },
    "IN-G3: Индикатор 2 поля 520 имеет недопустимое значение \"\".": {
      "count": 4,
      "first": {
        "recordIndex": 1204668,
        "byteOffset": 1019873276,
        "rule": "IN-G3",
        "fieldIndex": 13,
        "tag": "520",
        "indicatorIndex": 1,
        "message": "Индикатор 2 поля 520 имеет недопустимое значение \"\"."
      }
    },
    "IN-G3: Индикатор 2 поля 650 имеет недопустимое значение \"\".": {
      "count": 9,
      "first": {
        "recordIndex": 1204668,
        "byteOffset": 1019873276,
        "rule": "IN-G3",
        "fieldIndex": 14,
        "tag": "650",
        "indicatorIndex": 1,
        "message": "Индикатор 2 поля 650 имеет недопустимое значение \"\"."
      }
    },
    "IN-G3: Индикатор 1 поля 700 имеет недопустимое значение \"¸\".": {
      "count": 20,
      "first": {
        "recordIndex": 1204668,
        "byteOffset": 1019873276,
        "rule": "IN-G3",
        "fieldIndex": 15,
        "tag": "700",
        "indicatorIndex": 0,
        "message": "Индикатор 1 поля 700 имеет недопустимое значение \"¸\"."
      }
    },
    "IN-G3: Индикатор 2 поля 710 имеет недопустимое значение \"\".": {
      "count": 1,
      "first": {
        "recordIndex": 1204668,
        "byteOffset": 1019873276,
        "rule": "IN-G3",
        "fieldIndex": 16,
        "tag": "710",
        "indicatorIndex": 1,
        "message": "Индикатор 2 поля 710 имеет недопустимое значение \"\"."
      }
    },
    "IN-G3: Индикатор 1 поля 912 имеет недопустимое значение \"¼\".": {
      "count": 4,
      "first": {
        "recordIndex": 1204668,
        "byteOffset": 1019873276,
        "rule": "IN-G3",
        "fieldIndex": 17,
        "tag": "912",
        "indicatorIndex": 0,
        "message": "Индикатор 1 поля 912 имеет недопустимое значение \"¼\"."
      }
    },
    "IN-G3: Индикатор 1 поля 336 имеет недопустимое значение \"³\".": {
      "count": 6,
      "first": {
        "recordIndex": 1204668,
        "byteOffset": 1019873276,
        "rule": "IN-G3",
        "fieldIndex": 18,
        "tag": "336",
        "indicatorIndex": 0,
        "message": "Индикатор 1 поля 336 имеет недопустимое значение \"³\"."
      }
    },
    "IN-G3: Индикатор 1 поля 337 имеет недопустимое значение \"²\".": {
      "count": 9,
      "first": {
        "recordIndex": 1204668,
        "byteOffset": 1019873276,
        "rule": "IN-G3",
        "fieldIndex": 19,
        "tag": "337",
        "indicatorIndex": 0,
        "message": "Индикатор 1 поля 337 имеет недопустимое значение \"²\"."
      }
    },
    "IN-G3: Индикатор 1 поля 260 имеет недопустимое значение \"¹\".": {
      "count": 5,
      "first": {
        "recordIndex": 1204669,
        "byteOffset": 1019874776,
        "rule": "IN-G3",
        "fieldIndex": 10,
        "tag": "260",
        "indicatorIndex": 0,
        "message": "Индикатор 1 поля 260 имеет недопустимое значение \"¹\"."
      }
    },
    "IN-G3: Индикатор 2 поля 260 имеет недопустимое значение \",\".": {
      "count": 3,
      "first": {
        "recordIndex": 1204669,
        "byteOffset": 1019874776,
        "rule": "IN-G3",
        "fieldIndex": 10,
        "tag": "260",
        "indicatorIndex": 1,
        "message": "Индикатор 2 поля 260 имеет недопустимое значение \",\"."
      }
    },
    "IN-G3: Индикатор 1 поля 300 имеет недопустимое значение \"¡\".": {
      "count": 2,
      "first": {
        "recordIndex": 1204669,
        "byteOffset": 1019874776,
        "rule": "IN-G3",
        "fieldIndex": 11,
        "tag": "300",
        "indicatorIndex": 0,
        "message": "Индикатор 1 поля 300 имеет недопустимое значение \"¡\"."
      }
    },
    "IN-G3: Индикатор 2 поля 300 имеет недопустимое значение \".\".": {
      "count": 5,
      "first": {
        "recordIndex": 1204669,
        "byteOffset": 1019874776,
        "rule": "IN-G3",
        "fieldIndex": 11,
        "tag": "300",
        "indicatorIndex": 1,
        "message": "Индикатор 2 поля 300 имеет недопустимое значение \".\"."
      }
    },
    "IN-G3: Индикатор 2 поля 504 имеет недопустимое значение \"\".": {
      "count": 1,
      "first": {
        "recordIndex": 1204669,
        "byteOffset": 1019874776,
        "rule": "IN-G3",
        "fieldIndex": 12,
        "tag": "504",
        "indicatorIndex": 1,
        "message": "Индикатор 2 поля 504 имеет недопустимое значение \"\"."
      }
    },
    "IN-G3: Индикатор 2 поля 700 имеет недопустимое значение \"¸\".": {
      "count": 18,
      "first": {
        "recordIndex": 1204669,
        "byteOffset": 1019874776,
        "rule": "IN-G3",
        "fieldIndex": 15,
        "tag": "700",
        "indicatorIndex": 1,
        "message": "Индикатор 2 поля 700 имеет недопустимое значение \"¸\"."
      }
    },
    "IN-G3: Индикатор 2 поля 700 имеет недопустимое значение \"\".": {
      "count": 1,
      "first": {
        "recordIndex": 1204669,
        "byteOffset": 1019874776,
        "rule": "IN-G3",
        "fieldIndex": 16,
        "tag": "700",
        "indicatorIndex": 1,
        "message": "Индикатор 2 поля 700 имеет недопустимое значение \"\"."
      }
    },
    "IN-G3: Индикатор 2 поля 700 имеет недопустимое значение \"³\".": {
      "count": 3,
      "first": {
        "recordIndex": 1204669,
        "byteOffset": 1019874776,
        "rule": "IN-G3",
        "fieldIndex": 17,
        "tag": "700",
        "indicatorIndex": 1,
        "message": "Индикатор 2 поля 700 имеет недопустимое значение \"³\"."
      }
    },
    "IN-G3: Индикатор 1 поля 336 имеет недопустимое значение \".\".": {
      "count": 9,
      "first": {
        "recordIndex": 1204669,
        "byteOffset": 1019874776,
        "rule": "IN-G3",
        "fieldIndex": 19,
        "tag": "336",
        "indicatorIndex": 0,
        "message": "Индикатор 1 поля 336 имеет недопустимое значение \".\"."
      }
    },
    "IN-G3: Индикатор 2 поля 336 имеет недопустимое значение \"]\".": {
      "count": 2,
      "first": {
        "recordIndex": 1204669,
        "byteOffset": 1019874776,
        "rule": "IN-G3",
        "fieldIndex": 19,
        "tag": "336",
        "indicatorIndex": 1,
        "message": "Индикатор 2 поля 336 имеет недопустимое значение \"]\"."
      }
    },
    "IN-G3: Индикатор 1 поля 260 имеет недопустимое значение \"\".": {
      "count": 7,
      "first": {
        "recordIndex": 1204670,
        "byteOffset": 1019876605,
        "rule": "IN-G3",
        "fieldIndex": 10,
        "tag": "260",
        "indicatorIndex": 0,
        "message": "Индикатор 1 поля 260 имеет недопустимое значение \"\"."
      }
    },
    "DF-G2: Поле 300 содержит 1 индикатор(а), ожидалось 2.": {
      "count": 11,
      "first": {
        "recordIndex": 1204670,
        "byteOffset": 1019876605,
        "rule": "DF-G2",
        "fieldIndex": 11,
        "tag": "300",
        "message": "Поле 300 содержит 1 индикатор(а), ожидалось 2."
      }
    },
    "IN-G3: Индикатор 1 поля 490 имеет недопустимое значение \"¾\".": {
      "count": 12,
      "first": {
        "recordIndex": 1204670,
        "byteOffset": 1019876605,
        "rule": "IN-G3",
        "fieldIndex": 12,
        "tag": "490",
        "indicatorIndex": 0,
        "message": "Индикатор 1 поля 490 имеет недопустимое значение \"¾\"."
      }
    },
    "IN-G3: Индикатор 2 поля 504 имеет недопустимое значение \"½\".": {
      "count": 3,
      "first": {
        "recordIndex": 1204670,
        "byteOffset": 1019876605,
        "rule": "IN-G3",
        "fieldIndex": 13,
        "tag": "504",
        "indicatorIndex": 1,
        "message": "Индикатор 2 поля 504 имеет недопустимое значение \"½\"."
      }
    },
    "IN-G3: Индикатор 2 поля 650 имеет недопустимое значение \">\".": {
      "count": 1,
      "first": {
        "recordIndex": 1204670,
        "byteOffset": 1019876605,
        "rule": "IN-G3",
        "fieldIndex": 15,
        "tag": "650",
        "indicatorIndex": 1,
        "message": "Индикатор 2 поля 650 имеет недопустимое значение \">\"."
      }
    },
    "IN-G3: Индикатор 1 поля 700 имеет недопустимое значение \"µ\".": {
      "count": 17,
      "first": {
        "recordIndex": 1204670,
        "byteOffset": 1019876605,
        "rule": "IN-G3",
        "fieldIndex": 16,
        "tag": "700",
        "indicatorIndex": 0,
        "message": "Индикатор 1 поля 700 имеет недопустимое значение \"µ\"."
      }
    },
    "IN-G3: Индикатор 2 поля 337 имеет недопустимое значение \"¾\".": {
      "count": 19,
      "first": {
        "recordIndex": 1204670,
        "byteOffset": 1019876605,
        "rule": "IN-G3",
        "fieldIndex": 20,
        "tag": "337",
        "indicatorIndex": 1,
        "message": "Индикатор 2 поля 337 имеет недопустимое значение \"¾\"."
      }
    },
    "IN-G3: Индикатор 1 поля 245 имеет недопустимое значение \"½\".": {
      "count": 8,
      "first": {
        "recordIndex": 1204671,
        "byteOffset": 1019878157,
        "rule": "IN-G3",
        "fieldIndex": 10,
        "tag": "245",
        "indicatorIndex": 0,
        "message": "Индикатор 1 поля 245 имеет недопустимое значение \"½\"."
      }
    },
    "IN-G3: Индикатор 2 поля 245 имеет недопустимое значение \",\".": {
      "count": 6,
      "first": {
        "recordIndex": 1204671,
        "byteOffset": 1019878157,
        "rule": "IN-G3",
        "fieldIndex": 10,
        "tag": "245",
        "indicatorIndex": 1,
        "message": "Индикатор 2 поля 245 имеет недопустимое значение \",\"."
      }
    },
    "IN-G3: Индикатор 2 поля 300 имеет недопустимое значение \"½\".": {
      "count": 18,
      "first": {
        "recordIndex": 1204671,
        "byteOffset": 1019878157,
        "rule": "IN-G3",
        "fieldIndex": 12,
        "tag": "300",
        "indicatorIndex": 1,
        "message": "Индикатор 2 поля 300 имеет недопустимое значение \"½\"."
      }
    },
    "IN-G3: Индикатор 1 поля 490 имеет недопустимое значение \"¹\".": {
      "count": 2,
      "first": {
        "recordIndex": 1204671,
        "byteOffset": 1019878157,
        "rule": "IN-G3",
        "fieldIndex": 13,
        "tag": "490",
        "indicatorIndex": 0,
        "message": "Индикатор 1 поля 490 имеет недопустимое значение \"¹\"."
      }
    },
    "DF-G3: Поле 490 не содержит кода подполя.": {
      "count": 65,
      "first": {
        "recordIndex": 1204671,
        "byteOffset": 1019878157,
        "rule": "DF-G3",
        "fieldIndex": 13,
        "tag": "490",
        "message": "Поле 490 не содержит кода подполя."
      }
    },
    "IN-G3: Индикатор 1 поля 504 имеет недопустимое значение \"°\".": {
      "count": 2,
      "first": {
        "recordIndex": 1204671,
        "byteOffset": 1019878157,
        "rule": "IN-G3",
        "fieldIndex": 14,
        "tag": "504",
        "indicatorIndex": 0,
        "message": "Индикатор 1 поля 504 имеет недопустимое значение \"°\"."
      }
    },
    "IN-G3: Индикатор 2 поля 504 имеет недопустимое значение \"Ð\".": {
      "count": 23,
      "first": {
        "recordIndex": 1204671,
        "byteOffset": 1019878157,
        "rule": "IN-G3",
        "fieldIndex": 14,
        "tag": "504",
        "indicatorIndex": 1,
        "message": "Индикатор 2 поля 504 имеет недопустимое значение \"Ð\"."
      }
    },
    "IN-G3: Индикатор 2 поля 650 имеет недопустимое значение \"´\".": {
      "count": 13,
      "first": {
        "recordIndex": 1204671,
        "byteOffset": 1019878157,
        "rule": "IN-G3",
        "fieldIndex": 16,
        "tag": "650",
        "indicatorIndex": 1,
        "message": "Индикатор 2 поля 650 имеет недопустимое значение \"´\"."
      }
    },
    "IN-G3: Индикатор 2 поля 336 имеет недопустимое значение \"\".": {
      "count": 3,
      "first": {
        "recordIndex": 1204671,
        "byteOffset": 1019878157,
        "rule": "IN-G3",
        "fieldIndex": 18,
        "tag": "336",
        "indicatorIndex": 1,
        "message": "Индикатор 2 поля 336 имеет недопустимое значение \"\"."
      }
    },
    "IN-G3: Индикатор 1 поля 260 имеет недопустимое значение \"°\".": {
      "count": 19,
      "first": {
        "recordIndex": 1204672,
        "byteOffset": 1019879806,
        "rule": "IN-G3",
        "fieldIndex": 10,
        "tag": "260",
        "indicatorIndex": 0,
        "message": "Индикатор 1 поля 260 имеет недопустимое значение \"°\"."
      }
    },
    "IN-G3: Индикатор 1 поля 300 имеет недопустимое значение \"\".": {
      "count": 9,
      "first": {
        "recordIndex": 1204672,
        "byteOffset": 1019879806,
        "rule": "IN-G3",
        "fieldIndex": 11,
        "tag": "300",
        "indicatorIndex": 0,
        "message": "Индикатор 1 поля 300 имеет недопустимое значение \"\"."
      }
    },
    "IN-G3: Индикатор 2 поля 500 имеет недопустимое значение \"¾\".": {
      "count": 3,
      "first": {
        "recordIndex": 1204672,
        "byteOffset": 1019879806,
        "rule": "IN-G3",
        "fieldIndex": 12,
        "tag": "500",
        "indicatorIndex": 1,
        "message": "Индикатор 2 поля 500 имеет недопустимое значение \"¾\"."
      }
    },
    "IN-G3: Индикатор 1 поля 600 имеет недопустимое значение \"´\".": {
      "count": 1,
      "first": {
        "recordIndex": 1204672,
        "byteOffset": 1019879806,
        "rule": "IN-G3",
        "fieldIndex": 13,
        "tag": "600",
        "indicatorIndex": 0,
        "message": "Индикатор 1 поля 600 имеет недопустимое значение \"´\"."
      }
    },
    "IN-G3: Индикатор 2 поля 600 имеет недопустимое значение \"Ð\".": {
      "count": 2,
      "first": {
        "recordIndex": 1204672,
        "byteOffset": 1019879806,
        "rule": "IN-G3",
        "fieldIndex": 13,
        "tag": "600",
        "indicatorIndex": 1,
        "message": "Индикатор 2 поля 600 имеет недопустимое значение \"Ð\"."
      }
    },
    "DF-G3: Поле 600 не содержит кода подполя.": {
      "count": 18,
      "first": {
        "recordIndex": 1204672,
        "byteOffset": 1019879806,
        "rule": "DF-G3",
        "fieldIndex": 13,
        "tag": "600",
        "message": "Поле 600 не содержит кода подполя."
      }
    },
    "IN-G3: Индикатор 1 поля 700 имеет недопустимое значение \"\".": {
      "count": 4,
      "first": {
        "recordIndex": 1204672,
        "byteOffset": 1019879806,
        "rule": "IN-G3",
        "fieldIndex": 15,
        "tag": "700",
        "indicatorIndex": 0,
        "message": "Индикатор 1 поля 700 имеет недопустимое значение \"\"."
      }
    },
    "IN-G3: Индикатор 1 поля 710 имеет недопустимое значение \"¾\".": {
      "count": 3,
      "first": {
        "recordIndex": 1204672,
        "byteOffset": 1019879806,
        "rule": "IN-G3",
        "fieldIndex": 16,
        "tag": "710",
        "indicatorIndex": 0,
        "message": "Индикатор 1 поля 710 имеет недопустимое значение \"¾\"."
      }
    },
    "IN-G3: Индикатор 2 поля 710 имеет недопустимое значение \"Ð\".": {
      "count": 17,
      "first": {
        "recordIndex": 1204672,
        "byteOffset": 1019879806,
        "rule": "IN-G3",
        "fieldIndex": 16,
        "tag": "710",
        "indicatorIndex": 1,
        "message": "Индикатор 2 поля 710 имеет недопустимое значение \"Ð\"."
      }
    },
    "DF-G2: Поле 711 содержит 1 индикатор(а), ожидалось 2.": {
      "count": 1,
      "first": {
        "recordIndex": 1204672,
        "byteOffset": 1019879806,
        "rule": "DF-G2",
        "fieldIndex": 17,
        "tag": "711",
        "message": "Поле 711 содержит 1 индикатор(а), ожидалось 2."
      }
    },
    "IN-G3: Индикатор 1 поля 711 имеет недопустимое значение \"£\".": {
      "count": 1,
      "first": {
        "recordIndex": 1204672,
        "byteOffset": 1019879806,
        "rule": "IN-G3",
        "fieldIndex": 17,
        "tag": "711",
        "indicatorIndex": 0,
        "message": "Индикатор 1 поля 711 имеет недопустимое значение \"£\"."
      }
    },
    "IN-G3: Индикатор 1 поля 912 имеет недопустимое значение \"¶\".": {
      "count": 2,
      "first": {
        "recordIndex": 1204672,
        "byteOffset": 1019879806,
        "rule": "IN-G3",
        "fieldIndex": 18,
        "tag": "912",
        "indicatorIndex": 0,
        "message": "Индикатор 1 поля 912 имеет недопустимое значение \"¶\"."
      }
    },
    "IN-G3: Индикатор 2 поля 337 имеет недопустимое значение \"°\".": {
      "count": 18,
      "first": {
        "recordIndex": 1204672,
        "byteOffset": 1019879806,
        "rule": "IN-G3",
        "fieldIndex": 20,
        "tag": "337",
        "indicatorIndex": 1,
        "message": "Индикатор 2 поля 337 имеет недопустимое значение \"°\"."
      }
    },
    "IN-G3: Индикатор 2 поля 260 имеет недопустимое значение \"¢\".": {
      "count": 1,
      "first": {
        "recordIndex": 1204673,
        "byteOffset": 1019881127,
        "rule": "IN-G3",
        "fieldIndex": 10,
        "tag": "260",
        "indicatorIndex": 1,
        "message": "Индикатор 2 поля 260 имеет недопустимое значение \"¢\"."
      }
    },
    "IN-G3: Индикатор 1 поля 600 имеет недопустимое значение \"Ð\".": {
      "count": 11,
      "first": {
        "recordIndex": 1204673,
        "byteOffset": 1019881127,
        "rule": "IN-G3",
        "fieldIndex": 13,
        "tag": "600",
        "indicatorIndex": 0,
        "message": "Индикатор 1 поля 600 имеет недопустимое значение \"Ð\"."
      }
    },
    "IN-G3: Индикатор 2 поля 600 имеет недопустимое значение \"µ\".": {
      "count": 3,
      "first": {
        "recordIndex": 1204673,
        "byteOffset": 1019881127,
        "rule": "IN-G3",
        "fieldIndex": 13,
        "tag": "600",
        "indicatorIndex": 1,
        "message": "Индикатор 2 поля 600 имеет недопустимое значение \"µ\"."
      }
    },
    "IN-G3: Индикатор 2 поля 710 имеет недопустимое значение \"\".": {
      "count": 1,
      "first": {
        "recordIndex": 1204673,
        "byteOffset": 1019881127,
        "rule": "IN-G3",
        "fieldIndex": 16,
        "tag": "710",
        "indicatorIndex": 1,
        "message": "Индикатор 2 поля 710 имеет недопустимое значение \"\"."
      }
    },
    "IN-G3: Индикатор 1 поля 711 имеет недопустимое значение \"Ð\".": {
      "count": 3,
      "first": {
        "recordIndex": 1204673,
        "byteOffset": 1019881127,
        "rule": "IN-G3",
        "fieldIndex": 17,
        "tag": "711",
        "indicatorIndex": 0,
        "message": "Индикатор 1 поля 711 имеет недопустимое значение \"Ð\"."
      }
    },
    "IN-G3: Индикатор 2 поля 711 имеет недопустимое значение \"¸\".": {
      "count": 2,
      "first": {
        "recordIndex": 1204673,
        "byteOffset": 1019881127,
        "rule": "IN-G3",
        "fieldIndex": 17,
        "tag": "711",
        "indicatorIndex": 1,
        "message": "Индикатор 2 поля 711 имеет недопустимое значение \"¸\"."
      }
    },
    "IN-G3: Индикатор 1 поля 773 имеет недопустимое значение \"°\".": {
      "count": 1,
      "first": {
        "recordIndex": 1204673,
        "byteOffset": 1019881127,
        "rule": "IN-G3",
        "fieldIndex": 18,
        "tag": "773",
        "indicatorIndex": 0,
        "message": "Индикатор 1 поля 773 имеет недопустимое значение \"°\"."
      }
    },
    "IN-G3: Индикатор 2 поля 773 имеет недопустимое значение \"Ð\".": {
      "count": 13,
      "first": {
        "recordIndex": 1204673,
        "byteOffset": 1019881127,
        "rule": "IN-G3",
        "fieldIndex": 18,
        "tag": "773",
        "indicatorIndex": 1,
        "message": "Индикатор 2 поля 773 имеет недопустимое значение \"Ð\"."
      }
    },
    "IN-G3: Индикатор 1 поля 912 имеет недопустимое значение \"\".": {
      "count": 1,
      "first": {
        "recordIndex": 1204673,
        "byteOffset": 1019881127,
        "rule": "IN-G3",
        "fieldIndex": 19,
        "tag": "912",
        "indicatorIndex": 0,
        "message": "Индикатор 1 поля 912 имеет недопустимое значение \"\"."
      }
    },
    "IN-G3: Индикатор 2 поля 245 имеет недопустимое значение \"°\".": {
      "count": 12,
      "first": {
        "recordIndex": 1204674,
        "byteOffset": 1019882313,
        "rule": "IN-G3",
        "fieldIndex": 9,
        "tag": "245",
        "indicatorIndex": 1,
        "message": "Индикатор 2 поля 245 имеет недопустимое значение \"°\"."
      }
    },
    "IN-G3: Индикатор 2 поля 260 имеет недопустимое значение \"\".": {
      "count": 6,
      "first": {
        "recordIndex": 1204674,
        "byteOffset": 1019882313,
        "rule": "IN-G3",
        "fieldIndex": 10,
        "tag": "260",
        "indicatorIndex": 1,
        "message": "Индикатор 2 поля 260 имеет недопустимое значение \"\"."
      }
    },
    "IN-G3: Индикатор 1 поля 700 имеет недопустимое значение \"\\u001e\".": {
      "count": 1,
      "first": {
        "recordIndex": 1204674,
        "byteOffset": 1019882313,
        "rule": "IN-G3",
        "fieldIndex": 14,
        "tag": "700",
        "indicatorIndex": 0,
        "message": "Индикатор 1 поля 700 имеет недопустимое значение \"\\u001e\"."
      }
    },
    "IN-G3: Индикатор 2 поля 700 имеет недопустимое значение \"¹\".": {
      "count": 4,
      "first": {
        "recordIndex": 1204674,
        "byteOffset": 1019882313,
        "rule": "IN-G3",
        "fieldIndex": 15,
        "tag": "700",
        "indicatorIndex": 1,
        "message": "Индикатор 2 поля 700 имеет недопустимое значение \"¹\"."
      }
    },
    "IN-G3: Индикатор 1 поля 336 имеет недопустимое значение \":\".": {
      "count": 1,
      "first": {
        "recordIndex": 1204674,
        "byteOffset": 1019882313,
        "rule": "IN-G3",
        "fieldIndex": 17,
        "tag": "336",
        "indicatorIndex": 0,
        "message": "Индикатор 1 поля 336 имеет недопустимое значение \":\"."
      }
    },
    "DF-G2: Поле 260 содержит 1 индикатор(а), ожидалось 2.": {
      "count": 11,
      "first": {
        "recordIndex": 1204675,
        "byteOffset": 1019883227,
        "rule": "DF-G2",
        "fieldIndex": 10,
        "tag": "260",
        "message": "Поле 260 содержит 1 индикатор(а), ожидалось 2."
      }
    },
    "IN-G3: Индикатор 1 поля 650 имеет недопустимое значение \"¿\".": {
      "count": 15,
      "first": {
        "recordIndex": 1204675,
        "byteOffset": 1019883227,
        "rule": "IN-G3",
        "fieldIndex": 13,
        "tag": "650",
        "indicatorIndex": 0,
        "message": "Индикатор 1 поля 650 имеет недопустимое значение \"¿\"."
      }
    },
    "IN-G3: Индикатор 1 поля 773 имеет недопустимое значение \"Ñ\".": {
      "count": 5,
      "first": {
        "recordIndex": 1204675,
        "byteOffset": 1019883227,
        "rule": "IN-G3",
        "fieldIndex": 17,
        "tag": "773",
        "indicatorIndex": 0,
        "message": "Индикатор 1 поля 773 имеет недопустимое значение \"Ñ\"."
      }
    },
    "IN-G3: Индикатор 2 поля 773 имеет недопустимое значение \"\".": {
      "count": 1,
      "first": {
        "recordIndex": 1204675,
        "byteOffset": 1019883227,
        "rule": "IN-G3",
        "fieldIndex": 17,
        "tag": "773",
        "indicatorIndex": 1,
        "message": "Индикатор 2 поля 773 имеет недопустимое значение \"\"."
      }
    },
    "IN-G3: Индикатор 2 поля 912 имеет недопустимое значение \"²\".": {
      "count": 9,
      "first": {
        "recordIndex": 1204675,
        "byteOffset": 1019883227,
        "rule": "IN-G3",
        "fieldIndex": 18,
        "tag": "912",
        "indicatorIndex": 1,
        "message": "Индикатор 2 поля 912 имеет недопустимое значение \"²\"."
      }
    },
    "IN-G3: Индикатор 2 поля 260 имеет недопустимое значение \"\".": {
      "count": 5,
      "first": {
        "recordIndex": 1204676,
        "byteOffset": 1019884579,
        "rule": "IN-G3",
        "fieldIndex": 10,
        "tag": "260",
        "indicatorIndex": 1,
        "message": "Индикатор 2 поля 260 имеет недопустимое значение \"\"."
      }
    },
    "IN-G3: Индикатор 1 поля 300 имеет недопустимое значение \"½\".": {
      "count": 17,
      "first": {
        "recordIndex": 1204676,
        "byteOffset": 1019884579,
        "rule": "IN-G3",
        "fieldIndex": 11,
        "tag": "300",
        "indicatorIndex": 0,
        "message": "Индикатор 1 поля 300 имеет недопустимое значение \"½\"."
      }
    },
    "IN-G3: Индикатор 2 поля 500 имеет недопустимое значение \"\".": {
      "count": 3,
      "first": {
        "recordIndex": 1204676,
        "byteOffset": 1019884579,
        "rule": "IN-G3",
        "fieldIndex": 12,
        "tag": "500",
        "indicatorIndex": 1,
        "message": "Индикатор 2 поля 500 имеет недопустимое значение \"\"."
      }
    },
    "IN-G3: Индикатор 1 поля 504 имеет недопустимое значение \"\\u001e\".": {
      "count": 2,
      "first": {
        "recordIndex": 1204676,
        "byteOffset": 1019884579,
        "rule": "IN-G3",
        "fieldIndex": 13,
        "tag": "504",
        "indicatorIndex": 0,
        "message": "Индикатор 1 поля 504 имеет недопустимое значение \"\\u001e\"."
      }
    },
    "IN-G3: Индикатор 1 поля 520 имеет недопустимое значение \"°\".": {
      "count": 8,
      "first": {
        "recordIndex": 1204676,
        "byteOffset": 1019884579,
        "rule": "IN-G3",
        "fieldIndex": 14,
        "tag": "520",
        "indicatorIndex": 0,
        "message": "Индикатор 1 поля 520 имеет недопустимое значение \"°\"."
      }
    },
    "IN-G3: Индикатор 1 поля 555 имеет недопустимое значение \"Ñ\".": {
      "count": 3,
      "first": {
        "recordIndex": 1204676,
        "byteOffset": 1019884579,
        "rule": "IN-G3",
        "fieldIndex": 15,
        "tag": "555",
        "indicatorIndex": 0,
        "message": "Индикатор 1 поля 555 имеет недопустимое значение \"Ñ\"."
      }
    },
    "IN-G3: Индикатор 2 поля 555 имеет недопустимое значение \"\".": {
      "count": 1,
      "first": {
        "recordIndex": 1204676,
        "byteOffset": 1019884579,
        "rule": "IN-G3",
        "fieldIndex": 15,
        "tag": "555",
        "indicatorIndex": 1,
        "message": "Индикатор 2 поля 555 имеет недопустимое значение \"\"."
      }
    },
    "DF-G3: Поле 555 не содержит кода подполя.": {
      "count": 9,
      "first": {
        "recordIndex": 1204676,
        "byteOffset": 1019884579,
        "rule": "DF-G3",
        "fieldIndex": 15,
        "tag": "555",
        "message": "Поле 555 не содержит кода подполя."
      }
    },
    "IN-G3: Индикатор 2 поля 650 имеет недопустимое значение \"\".": {
      "count": 1,
      "first": {
        "recordIndex": 1204676,
        "byteOffset": 1019884579,
        "rule": "IN-G3",
        "fieldIndex": 16,
        "tag": "650",
        "indicatorIndex": 1,
        "message": "Индикатор 2 поля 650 имеет недопустимое значение \"\"."
      }
    },
    "IN-G3: Индикатор 1 поля 700 имеет недопустимое значение \".\".": {
      "count": 3,
      "first": {
        "recordIndex": 1204676,
        "byteOffset": 1019884579,
        "rule": "IN-G3",
        "fieldIndex": 17,
        "tag": "700",
        "indicatorIndex": 0,
        "message": "Индикатор 1 поля 700 имеет недопустимое значение \".\"."
      }
    },
    "IN-G3: Индикатор 2 поля 700 имеет недопустимое значение \"\\u001e\".": {
      "count": 2,
      "first": {
        "recordIndex": 1204676,
        "byteOffset": 1019884579,
        "rule": "IN-G3",
        "fieldIndex": 17,
        "tag": "700",
        "indicatorIndex": 1,
        "message": "Индикатор 2 поля 700 имеет недопустимое значение \"\\u001e\"."
      }
    },
    "IN-G3: Индикатор 2 поля 710 имеет недопустимое значение \"½\".": {
      "count": 2,
      "first": {
        "recordIndex": 1204676,
        "byteOffset": 1019884579,
        "rule": "IN-G3",
        "fieldIndex": 18,
        "tag": "710",
        "indicatorIndex": 1,
        "message": "Индикатор 2 поля 710 имеет недопустимое значение \"½\"."
      }
    },
    "IN-G3: Индикатор 2 поля 711 имеет недопустимое значение \"¾\".": {
      "count": 1,
      "first": {
        "recordIndex": 1204676,
        "byteOffset": 1019884579,
        "rule": "IN-G3",
        "fieldIndex": 19,
        "tag": "711",
        "indicatorIndex": 1,
        "message": "Индикатор 2 поля 711 имеет недопустимое значение \"¾\"."
      }
    },
    "DF-G3: Поле 711 не содержит кода подполя.": {
      "count": 2,
      "first": {
        "recordIndex": 1204676,
        "byteOffset": 1019884579,
        "rule": "DF-G3",
        "fieldIndex": 19,
        "tag": "711",
        "message": "Поле 711 не содержит кода подполя."
      }
    },
    "IN-G3: Индикатор 1 поля 912 имеет недопустимое значение \"\".": {
      "count": 4,
      "first": {
        "recordIndex": 1204676,
        "byteOffset": 1019884579,
        "rule": "IN-G3",
        "fieldIndex": 20,
        "tag": "912",
        "indicatorIndex": 0,
        "message": "Индикатор 1 поля 912 имеет недопустимое значение \"\"."
      }
    },
    "IN-G3: Индикатор 2 поля 245 имеет недопустимое значение \"´\".": {
      "count": 2,
      "first": {
        "recordIndex": 1204677,
        "byteOffset": 1019886107,
        "rule": "IN-G3",
        "fieldIndex": 10,
        "tag": "245",
        "indicatorIndex": 1,
        "message": "Индикатор 2 поля 245 имеет недопустимое значение \"´\"."
      }
    },
    "IN-G3: Индикатор 2 поля 260 имеет недопустимое значение \"´\".": {
      "count": 7,
      "first": {
        "recordIndex": 1204677,
        "byteOffset": 1019886107,
        "rule": "IN-G3",
        "fieldIndex": 11,
        "tag": "260",
        "indicatorIndex": 1,
        "message": "Индикатор 2 поля 260 имеет недопустимое значение \"´\"."
      }
    },
    "IN-G3: Индикатор 1 поля 504 имеет недопустимое значение \"µ\".": {
      "count": 3,
      "first": {
        "recordIndex": 1204677,
        "byteOffset": 1019886107,
        "rule": "IN-G3",
        "fieldIndex": 14,
        "tag": "504",
        "indicatorIndex": 0,
        "message": "Индикатор 1 поля 504 имеет недопустимое значение \"µ\"."
      }
    },
    "IN-G3: Индикатор 2 поля 520 имеет недопустимое значение \"\".": {
      "count": 7,
      "first": {
        "recordIndex": 1204677,
        "byteOffset": 1019886107,
        "rule": "IN-G3",
        "fieldIndex": 15,
        "tag": "520",
        "indicatorIndex": 1,
        "message": "Индикатор 2 поля 520 имеет недопустимое значение \"\"."
      }
    },
    "IN-G3: Индикатор 1 поля 700 имеет недопустимое значение \"»\".": {
      "count": 8,
      "first": {
        "recordIndex": 1204677,
        "byteOffset": 1019886107,
        "rule": "IN-G3",
        "fieldIndex": 18,
        "tag": "700",
        "indicatorIndex": 0,
        "message": "Индикатор 1 поля 700 имеет недопустимое значение \"»\"."
      }
    },
    "IN-G3: Индикатор 2 поля 700 имеет недопустимое значение \"¶\".": {
      "count": 1,
      "first": {
        "recordIndex": 1204677,
        "byteOffset": 1019886107,
        "rule": "IN-G3",
        "fieldIndex": 19,
        "tag": "700",
        "indicatorIndex": 1,
        "message": "Индикатор 2 поля 700 имеет недопустимое значение \"¶\"."
      }
    },
    "IN-G3: Индикатор 2 поля 912 имеет недопустимое значение \"µ\".": {
      "count": 14,
      "first": {
        "recordIndex": 1204677,
        "byteOffset": 1019886107,
        "rule": "IN-G3",
        "fieldIndex": 20,
        "tag": "912",
        "indicatorIndex": 1,
        "message": "Индикатор 2 поля 912 имеет недопустимое значение \"µ\"."
      }
    },
    "IN-G3: Индикатор 2 поля 337 имеет недопустимое значение \"´\".": {
      "count": 3,
      "first": {
        "recordIndex": 1204677,
        "byteOffset": 1019886107,
        "rule": "IN-G3",
        "fieldIndex": 22,
        "tag": "337",
        "indicatorIndex": 1,
        "message": "Индикатор 2 поля 337 имеет недопустимое значение \"´\"."
      }
    },
    "IN-G3: Индикатор 2 поля 245 имеет недопустимое значение \"\".": {
      "count": 2,
      "first": {
        "recordIndex": 1204678,
        "byteOffset": 1019888037,
        "rule": "IN-G3",
        "fieldIndex": 10,
        "tag": "245",
        "indicatorIndex": 1,
        "message": "Индикатор 2 поля 245 имеет недопустимое значение \"\"."
      }
    },
    "IN-G3: Индикатор 1 поля 260 имеет недопустимое значение \"\".": {
      "count": 1,
      "first": {
        "recordIndex": 1204678,
        "byteOffset": 1019888037,
        "rule": "IN-G3",
        "fieldIndex": 11,
        "tag": "260",
        "indicatorIndex": 0,
        "message": "Индикатор 1 поля 260 имеет недопустимое значение \"\"."
      }
    },
    "IN-G3: Индикатор 2 поля 260 имеет недопустимое значение \".\".": {
      "count": 5,
      "first": {
        "recordIndex": 1204678,
        "byteOffset": 1019888037,
        "rule": "IN-G3",
        "fieldIndex": 11,
        "tag": "260",
        "indicatorIndex": 1,
        "message": "Индикатор 2 поля 260 имеет недопустимое значение \".\"."
      }
    },
    "IN-G3: Индикатор 2 поля 300 имеет недопустимое значение \" \".": {
      "count": 3,
      "first": {
        "recordIndex": 1204678,
        "byteOffset": 1019888037,
        "rule": "IN-G3",
        "fieldIndex": 12,
        "tag": "300",
        "indicatorIndex": 1,
        "message": "Индикатор 2 поля 300 имеет недопустимое значение \" \"."
      }
    },
    "IN-G3: Индикатор 1 поля 490 имеет недопустимое значение \"Ñ\".": {
      "count": 21,
      "first": {
        "recordIndex": 1204678,
        "byteOffset": 1019888037,
        "rule": "IN-G3",
        "fieldIndex": 13,
        "tag": "490",
        "indicatorIndex": 0,
        "message": "Индикатор 1 поля 490 имеет недопустимое значение \"Ñ\"."
      }
    },
    "IN-G3: Индикатор 2 поля 490 имеет недопустимое значение \"\".": {
      "count": 5,
      "first": {
        "recordIndex": 1204678,
        "byteOffset": 1019888037,
        "rule": "IN-G3",
        "fieldIndex": 13,
        "tag": "490",
        "indicatorIndex": 1,
        "message": "Индикатор 2 поля 490 имеет недопустимое значение \"\"."
      }
    },
    "IN-G3: Индикатор 2 поля 504 имеет недопустимое значение \"\".": {
      "count": 1,
      "first": {
        "recordIndex": 1204678,
        "byteOffset": 1019888037,
        "rule": "IN-G3",
        "fieldIndex": 14,
        "tag": "504",
        "indicatorIndex": 1,
        "message": "Индикатор 2 поля 504 имеет недопустимое значение \"\"."
      }
    },
    "IN-G3: Индикатор 2 поля 700 имеет недопустимое значение \"¼\".": {
      "count": 7,
      "first": {
        "recordIndex": 1204678,
        "byteOffset": 1019888037,
        "rule": "IN-G3",
        "fieldIndex": 17,
        "tag": "700",
        "indicatorIndex": 1,
        "message": "Индикатор 2 поля 700 имеет недопустимое значение \"¼\"."
      }
    },
    "IN-G3: Индикатор 2 поля 912 имеет недопустимое значение \"¾\".": {
      "count": 21,
      "first": {
        "recordIndex": 1204678,
        "byteOffset": 1019888037,
        "rule": "IN-G3",
        "fieldIndex": 19,
        "tag": "912",
        "indicatorIndex": 1,
        "message": "Индикатор 2 поля 912 имеет недопустимое значение \"¾\"."
      }
    },
    "IN-G3: Индикатор 2 поля 245 имеет недопустимое значение \"\".": {
      "count": 12,
      "first": {
        "recordIndex": 1204679,
        "byteOffset": 1019889728,
        "rule": "IN-G3",
        "fieldIndex": 10,
        "tag": "245",
        "indicatorIndex": 1,
        "message": "Индикатор 2 поля 245 имеет недопустимое значение \"\"."
      }
    },
    "IN-G3: Индикатор 2 поля 260 имеет недопустимое значение \"¼\".": {
      "count": 4,
      "first": {
        "recordIndex": 1204679,
        "byteOffset": 1019889728,
        "rule": "IN-G3",
        "fieldIndex": 11,
        "tag": "260",
        "indicatorIndex": 1,
        "message": "Индикатор 2 поля 260 имеет недопустимое значение \"¼\"."
      }
    },
    "IN-G3: Индикатор 2 поля 300 имеет недопустимое значение \"\".": {
      "count": 1,
      "first": {
        "recordIndex": 1204679,
        "byteOffset": 1019889728,
        "rule": "IN-G3",
        "fieldIndex": 12,
        "tag": "300",
        "indicatorIndex": 1,
        "message": "Индикатор 2 поля 300 имеет недопустимое значение \"\"."
      }
    },
    "IN-G3: Индикатор 2 поля 520 имеет недопустимое значение \"¾\".": {
      "count": 13,
      "first": {
        "recordIndex": 1204679,
        "byteOffset": 1019889728,
        "rule": "IN-G3",
        "fieldIndex": 14,
        "tag": "520",
        "indicatorIndex": 1,
        "message": "Индикатор 2 поля 520 имеет недопустимое значение \"¾\"."
      }
    },
    "IN-G3: Индикатор 2 поля 700 имеет недопустимое значение \"\".": {
      "count": 5,
      "first": {
        "recordIndex": 1204679,
        "byteOffset": 1019889728,
        "rule": "IN-G3",
        "fieldIndex": 18,
        "tag": "700",
        "indicatorIndex": 1,
        "message": "Индикатор 2 поля 700 имеет недопустимое значение \"\"."
      }
    },
    "IN-G3: Индикатор 2 поля 336 имеет недопустимое значение \"¾\".": {
      "count": 19,
      "first": {
        "recordIndex": 1204679,
        "byteOffset": 1019889728,
        "rule": "IN-G3",
        "fieldIndex": 20,
        "tag": "336",
        "indicatorIndex": 1,
        "message": "Индикатор 2 поля 336 имеет недопустимое значение \"¾\"."
      }
    },
    "IN-G3: Индикатор 1 поля 337 имеет недопустимое значение \"\".": {
      "count": 3,
      "first": {
        "recordIndex": 1204679,
        "byteOffset": 1019889728,
        "rule": "IN-G3",
        "fieldIndex": 21,
        "tag": "337",
        "indicatorIndex": 0,
        "message": "Индикатор 1 поля 337 имеет недопустимое значение \"\"."
      }
    },
    "IN-G3: Индикатор 1 поля 245 имеет недопустимое значение \"\".": {
      "count": 3,
      "first": {
        "recordIndex": 1204680,
        "byteOffset": 1019891652,
        "rule": "IN-G3",
        "fieldIndex": 10,
        "tag": "245",
        "indicatorIndex": 0,
        "message": "Индикатор 1 поля 245 имеет недопустимое значение \"\"."
      }
    },
    "IN-G3: Индикатор 1 поля 520 имеет недопустимое значение \"\".": {
      "count": 6,
      "first": {
        "recordIndex": 1204680,
        "byteOffset": 1019891652,
        "rule": "IN-G3",
        "fieldIndex": 13,
        "tag": "520",
        "indicatorIndex": 0,
        "message": "Индикатор 1 поля 520 имеет недопустимое значение \"\"."
      }
    },
    "IN-G3: Индикатор 2 поля 650 имеет недопустимое значение \",\".": {
      "count": 6,
      "first": {
        "recordIndex": 1204680,
        "byteOffset": 1019891652,
        "rule": "IN-G3",
        "fieldIndex": 14,
        "tag": "650",
        "indicatorIndex": 1,
        "message": "Индикатор 2 поля 650 имеет недопустимое значение \",\"."
      }
    },
    "IN-G3: Индикатор 1 поля 650 имеет недопустимое значение \"²\".": {
      "count": 14,
      "first": {
        "recordIndex": 1204680,
        "byteOffset": 1019891652,
        "rule": "IN-G3",
        "fieldIndex": 15,
        "tag": "650",
        "indicatorIndex": 0,
        "message": "Индикатор 1 поля 650 имеет недопустимое значение \"²\"."
      }
    },
    "IN-G3: Индикатор 2 поля 650 имеет недопустимое значение \"»\".": {
      "count": 12,
      "first": {
        "recordIndex": 1204680,
        "byteOffset": 1019891652,
        "rule": "IN-G3",
        "fieldIndex": 16,
        "tag": "650",
        "indicatorIndex": 1,
        "message": "Индикатор 2 поля 650 имеет недопустимое значение \"»\"."
      }
    },
    "IN-G3: Индикатор 1 поля 912 имеет недопустимое значение \"\".": {
      "count": 7,
      "first": {
        "recordIndex": 1204680,
        "byteOffset": 1019891652,
        "rule": "IN-G3",
        "fieldIndex": 17,
        "tag": "912",
        "indicatorIndex": 0,
        "message": "Индикатор 1 поля 912 имеет недопустимое значение \"\"."
      }
    },
    "IN-G3: Индикатор 1 поля 336 имеет недопустимое значение \"¸\".": {
      "count": 15,
      "first": {
        "recordIndex": 1204680,
        "byteOffset": 1019891652,
        "rule": "IN-G3",
        "fieldIndex": 18,
        "tag": "336",
        "indicatorIndex": 0,
        "message": "Индикатор 1 поля 336 имеет недопустимое значение \"¸\"."
      }
    },
    "IN-G3: Индикатор 2 поля 337 имеет недопустимое значение \"\".": {
      "count": 2,
      "first": {
        "recordIndex": 1204680,
        "byteOffset": 1019891652,
        "rule": "IN-G3",
        "fieldIndex": 19,
        "tag": "337",
        "indicatorIndex": 1,
        "message": "Индикатор 2 поля 337 имеет недопустимое значение \"\"."
      }
    },
    "IN-G3: Индикатор 2 поля 245 имеет недопустимое значение \"¸\".": {
      "count": 8,
      "first": {
        "recordIndex": 1204681,
        "byteOffset": 1019892864,
        "rule": "IN-G3",
        "fieldIndex": 11,
        "tag": "245",
        "indicatorIndex": 1,
        "message": "Индикатор 2 поля 245 имеет недопустимое значение \"¸\"."
      }
    },
    "IN-G3: Индикатор 1 поля 504 имеет недопустимое значение \"¹\".": {
      "count": 1,
      "first": {
        "recordIndex": 1204681,
        "byteOffset": 1019892864,
        "rule": "IN-G3",
        "fieldIndex": 15,
        "tag": "504",
        "indicatorIndex": 0,
        "message": "Индикатор 1 поля 504 имеет недопустимое значение \"¹\"."
      }
    },
    "IN-G3: Индикатор 2 поля 520 имеет недопустимое значение \"µ\".": {
      "count": 6,
      "first": {
        "recordIndex": 1204681,
        "byteOffset": 1019892864,
        "rule": "IN-G3",
        "fieldIndex": 16,
        "tag": "520",
        "indicatorIndex": 1,
        "message": "Индикатор 2 поля 520 имеет недопустимое значение \"µ\"."
      }
    },
    "IN-G3: Индикатор 1 поля 912 имеет недопустимое значение \"\".": {
      "count": 11,
      "first": {
        "recordIndex": 1204681,
        "byteOffset": 1019892864,
        "rule": "IN-G3",
        "fieldIndex": 19,
        "tag": "912",
        "indicatorIndex": 0,
        "message": "Индикатор 1 поля 912 имеет недопустимое значение \"\"."
      }
    },
    "IN-G3: Индикатор 1 поля 336 имеет недопустимое значение \",\".": {
      "count": 4,
      "first": {
        "recordIndex": 1204681,
        "byteOffset": 1019892864,
        "rule": "IN-G3",
        "fieldIndex": 20,
        "tag": "336",
        "indicatorIndex": 0,
        "message": "Индикатор 1 поля 336 имеет недопустимое значение \",\"."
      }
    },
    "IN-G3: Индикатор 2 поля 260 имеет недопустимое значение \"¸\".": {
      "count": 14,
      "first": {
        "recordIndex": 1204682,
        "byteOffset": 1019894617,
        "rule": "IN-G3",
        "fieldIndex": 11,
        "tag": "260",
        "indicatorIndex": 1,
        "message": "Индикатор 2 поля 260 имеет недопустимое значение \"¸\"."
      }
    },
    "IN-G3: Индикатор 1 поля 300 имеет недопустимое значение \"¹\".": {
      "count": 4,
      "first": {
        "recordIndex": 1204682,
        "byteOffset": 1019894617,
        "rule": "IN-G3",
        "fieldIndex": 12,
        "tag": "300",
        "indicatorIndex": 0,
        "message": "Индикатор 1 поля 300 имеет недопустимое значение \"¹\"."
      }
    },
    "IN-G3: Индикатор 2 поля 504 имеет недопустимое значение \"¹\".": {
      "count": 1,
      "first": {
        "recordIndex": 1204682,
        "byteOffset": 1019894617,
        "rule": "IN-G3",
        "fieldIndex": 14,
        "tag": "504",
        "indicatorIndex": 1,
        "message": "Индикатор 2 поля 504 имеет недопустимое значение \"¹\"."
      }
    },
    "IN-G3: Индикатор 1 поля 520 имеет недопустимое значение \"½\".": {
      "count": 8,
      "first": {
        "recordIndex": 1204682,
        "byteOffset": 1019894617,
        "rule": "IN-G3",
        "fieldIndex": 15,
        "tag": "520",
        "indicatorIndex": 0,
        "message": "Индикатор 1 поля 520 имеет недопустимое значение \"½\"."
      }
    },
    "IN-G3: Индикатор 2 поля 700 имеет недопустимое значение \"°\".": {
      "count": 13,
      "first": {
        "recordIndex": 1204682,
        "byteOffset": 1019894617,
        "rule": "IN-G3",
        "fieldIndex": 18,
        "tag": "700",
        "indicatorIndex": 1,
        "message": "Индикатор 2 поля 700 имеет недопустимое значение \"°\"."
      }
    },
    "IN-G3: Индикатор 1 поля 336 имеет недопустимое значение \"¤\".": {
      "count": 2,
      "first": {
        "recordIndex": 1204682,
        "byteOffset": 1019894617,
        "rule": "IN-G3",
        "fieldIndex": 20,
        "tag": "336",
        "indicatorIndex": 0,
        "message": "Индикатор 1 поля 336 имеет недопустимое значение \"¤\"."
      }
    },
    "IN-G3: Индикатор 1 поля 260 имеет недопустимое значение \"²\".": {
      "count": 5,
      "first": {
        "recordIndex": 1204683,
        "byteOffset": 1019896659,
        "rule": "IN-G3",
        "fieldIndex": 10,
        "tag": "260",
        "indicatorIndex": 0,
        "message": "Индикатор 1 поля 260 имеет недопустимое значение \"²\"."
      }
    },
    "IN-G3: Индикатор 2 поля 300 имеет недопустимое значение \"»\".": {
      "count": 11,
      "first": {
        "recordIndex": 1204683,
        "byteOffset": 1019896659,
        "rule": "IN-G3",
        "fieldIndex": 11,
        "tag": "300",
        "indicatorIndex": 1,
        "message": "Индикатор 2 поля 300 имеет недопустимое значение \"»\"."
      }
    },
    "IN-G3: Индикатор 1 поля 504 имеет недопустимое значение \"\".": {
      "count": 2,
      "first": {
        "recordIndex": 1204683,
        "byteOffset": 1019896659,
        "rule": "IN-G3",
        "fieldIndex": 12,
        "tag": "504",
        "indicatorIndex": 0,
        "message": "Индикатор 1 поля 504 имеет недопустимое значение \"\"."
      }
    },
    "IN-G3: Индикатор 1 поля 520 имеет недопустимое значение \".\".": {
      "count": 8,
      "first": {
        "recordIndex": 1204683,
        "byteOffset": 1019896659,
        "rule": "IN-G3",
        "fieldIndex": 13,
        "tag": "520",
        "indicatorIndex": 0,
        "message": "Индикатор 1 поля 520 имеет недопустимое значение \".\"."
      }
    },
    "IN-G3: Индикатор 2 поля 650 имеет недопустимое значение \"½\".": {
      "count": 29,
      "first": {
        "recordIndex": 1204683,
        "byteOffset": 1019896659,
        "rule": "IN-G3",
        "fieldIndex": 15,
        "tag": "650",
        "indicatorIndex": 1,
        "message": "Индикатор 2 поля 650 имеет недопустимое значение \"½\"."
      }
    },
    "IN-G3: Индикатор 2 поля 710 имеет недопустимое значение \"µ\".": {
      "count": 4,
      "first": {
        "recordIndex": 1204683,
        "byteOffset": 1019896659,
        "rule": "IN-G3",
        "fieldIndex": 18,
        "tag": "710",
        "indicatorIndex": 1,
        "message": "Индикатор 2 поля 710 имеет недопустимое значение \"µ\"."
      }
    },
    "IN-G3: Индикатор 2 поля 912 имеет недопустимое значение \"\".": {
      "count": 9,
      "first": {
        "recordIndex": 1204683,
        "byteOffset": 1019896659,
        "rule": "IN-G3",
        "fieldIndex": 19,
        "tag": "912",
        "indicatorIndex": 1,
        "message": "Индикатор 2 поля 912 имеет недопустимое значение \"\"."
      }
    },
    "IN-G3: Индикатор 2 поля 336 имеет недопустимое значение \"´\".": {
      "count": 3,
      "first": {
        "recordIndex": 1204683,
        "byteOffset": 1019896659,
        "rule": "IN-G3",
        "fieldIndex": 20,
        "tag": "336",
        "indicatorIndex": 1,
        "message": "Индикатор 2 поля 336 имеет недопустимое значение \"´\"."
      }
    },
    "IN-G3: Индикатор 1 поля 337 имеет недопустимое значение \"°\".": {
      "count": 19,
      "first": {
        "recordIndex": 1204683,
        "byteOffset": 1019896659,
        "rule": "IN-G3",
        "fieldIndex": 21,
        "tag": "337",
        "indicatorIndex": 0,
        "message": "Индикатор 1 поля 337 имеет недопустимое значение \"°\"."
      }
    },
    "IN-G3: Индикатор 1 поля 300 имеет недопустимое значение \"¾\".": {
      "count": 15,
      "first": {
        "recordIndex": 1204684,
        "byteOffset": 1019898665,
        "rule": "IN-G3",
        "fieldIndex": 11,
        "tag": "300",
        "indicatorIndex": 0,
        "message": "Индикатор 1 поля 300 имеет недопустимое значение \"¾\"."
      }
    },
    "IN-G3: Индикатор 2 поля 500 имеет недопустимое значение \"²\".": {
      "count": 2,
      "first": {
        "recordIndex": 1204684,
        "byteOffset": 1019898665,
        "rule": "IN-G3",
        "fieldIndex": 12,
        "tag": "500",
        "indicatorIndex": 1,
        "message": "Индикатор 2 поля 500 имеет недопустимое значение \"²\"."
      }
    },
    "IN-G3: Индикатор 2 поля 500 имеет недопустимое значение \"Ñ\".": {
      "count": 8,
      "first": {
        "recordIndex": 1204684,
        "byteOffset": 1019898665,
        "rule": "IN-G3",
        "fieldIndex": 13,
        "tag": "500",
        "indicatorIndex": 1,
        "message": "Индикатор 2 поля 500 имеет недопустимое значение \"Ñ\"."
      }
    },
    "IN-G3: Индикатор 1 поля 504 имеет недопустимое значение \"½\".": {
      "count": 4,
      "first": {
        "recordIndex": 1204684,
        "byteOffset": 1019898665,
        "rule": "IN-G3",
        "fieldIndex": 14,
        "tag": "504",
        "indicatorIndex": 0,
        "message": "Индикатор 1 поля 504 имеет недопустимое значение \"½\"."
      }
    },
    "IN-G3: Индикатор 2 поля 650 имеет недопустимое значение \"\".": {
      "count": 13,
      "first": {
        "recordIndex": 1204684,
        "byteOffset": 1019898665,
        "rule": "IN-G3",
        "fieldIndex": 16,
        "tag": "650",
        "indicatorIndex": 1,
        "message": "Индикатор 2 поля 650 имеет недопустимое значение \"\"."
      }
    },
    "IN-G3: Индикатор 2 поля 700 имеет недопустимое значение \"\".": {
      "count": 3,
      "first": {
        "recordIndex": 1204684,
        "byteOffset": 1019898665,
        "rule": "IN-G3",
        "fieldIndex": 20,
        "tag": "700",
        "indicatorIndex": 1,
        "message": "Индикатор 2 поля 700 имеет недопустимое значение \"\"."
      }
    },
    "IN-G3: Индикатор 2 поля 710 имеет недопустимое значение \"\".": {
      "count": 3,
      "first": {
        "recordIndex": 1204684,
        "byteOffset": 1019898665,
        "rule": "IN-G3",
        "fieldIndex": 21,
        "tag": "710",
        "indicatorIndex": 1,
        "message": "Индикатор 2 поля 710 имеет недопустимое значение \"\"."
      }
    },
    "IN-G3: Индикатор 1 поля 500 имеет недопустимое значение \".\".": {
      "count": 2,
      "first": {
        "recordIndex": 1204685,
        "byteOffset": 1019900893,
        "rule": "IN-G3",
        "fieldIndex": 11,
        "tag": "500",
        "indicatorIndex": 0,
        "message": "Индикатор 1 поля 500 имеет недопустимое значение \".\"."
      }
    },
    "IN-G3: Индикатор 1 поля 710 имеет недопустимое значение \"µ\".": {
      "count": 4,
      "first": {
        "recordIndex": 1204685,
        "byteOffset": 1019900893,
        "rule": "IN-G3",
        "fieldIndex": 15,
        "tag": "710",
        "indicatorIndex": 0,
        "message": "Индикатор 1 поля 710 имеет недопустимое значение \"µ\"."
      }
    },
    "IN-G3: Индикатор 1 поля 336 имеет недопустимое значение \"\".": {
      "count": 10,
      "first": {
        "recordIndex": 1204685,
        "byteOffset": 1019900893,
        "rule": "IN-G3",
        "fieldIndex": 17,
        "tag": "336",
        "indicatorIndex": 0,
        "message": "Индикатор 1 поля 336 имеет недопустимое значение \"\"."
      }
    },
    "IN-G3: Индикатор 2 поля 260 имеет недопустимое значение \"§\".": {
      "count": 2,
      "first": {
        "recordIndex": 1204686,
        "byteOffset": 1019901851,
        "rule": "IN-G3",
        "fieldIndex": 10,
        "tag": "260",
        "indicatorIndex": 1,
        "message": "Индикатор 2 поля 260 имеет недопустимое значение \"§\"."
      }
    },
    "IN-G3: Индикатор 2 поля 710 имеет недопустимое значение \"»\".": {
      "count": 1,
      "first": {
        "recordIndex": 1204686,
        "byteOffset": 1019901851,
        "rule": "IN-G3",
        "fieldIndex": 16,
        "tag": "710",
        "indicatorIndex": 1,
        "message": "Индикатор 2 поля 710 имеет недопустимое значение \"»\"."
      }
    },
    "IN-G3: Индикатор 1 поля 773 имеет недопустимое значение \"·\".": {
      "count": 1,
      "first": {
        "recordIndex": 1204686,
        "byteOffset": 1019901851,
        "rule": "IN-G3",
        "fieldIndex": 17,
        "tag": "773",
        "indicatorIndex": 0,
        "message": "Индикатор 1 поля 773 имеет недопустимое значение \"·\"."
      }
    },
    "IN-G3: Индикатор 1 поля 912 имеет недопустимое значение \"·\".": {
      "count": 6,
      "first": {
        "recordIndex": 1204686,
        "byteOffset": 1019901851,
        "rule": "IN-G3",
        "fieldIndex": 18,
        "tag": "912",
        "indicatorIndex": 0,
        "message": "Индикатор 1 поля 912 имеет недопустимое значение \"·\"."
      }
    },
    "IN-G3: Индикатор 2 поля 245 имеет недопустимое значение \"½\".": {
      "count": 11,
      "first": {
        "recordIndex": 1204687,
        "byteOffset": 1019902907,
        "rule": "IN-G3",
        "fieldIndex": 9,
        "tag": "245",
        "indicatorIndex": 1,
        "message": "Индикатор 2 поля 245 имеет недопустимое значение \"½\"."
      }
    },
    "IN-G3: Индикатор 1 поля 260 имеет недопустимое значение \"¢\".": {
      "count": 2,
      "first": {
        "recordIndex": 1204687,
        "byteOffset": 1019902907,
        "rule": "IN-G3",
        "fieldIndex": 10,
        "tag": "260",
        "indicatorIndex": 0,
        "message": "Индикатор 1 поля 260 имеет недопустимое значение \"¢\"."
      }
    },
    "IN-G3: Индикатор 1 поля 336 имеет недопустимое значение \"µ\".": {
      "count": 13,
      "first": {
        "recordIndex": 1204687,
        "byteOffset": 1019902907,
        "rule": "IN-G3",
        "fieldIndex": 13,
        "tag": "336",
        "indicatorIndex": 0,
        "message": "Индикатор 1 поля 336 имеет недопустимое значение \"µ\"."
      }
    },
    "IN-G3: Индикатор 1 поля 337 имеет недопустимое значение \")\".": {
      "count": 3,
      "first": {
        "recordIndex": 1204687,
        "byteOffset": 1019902907,
        "rule": "IN-G3",
        "fieldIndex": 14,
        "tag": "337",
        "indicatorIndex": 0,
        "message": "Индикатор 1 поля 337 имеет недопустимое значение \")\"."
      }
    },
    "IN-G3: Индикатор 2 поля 337 имеет недопустимое значение \"\\u001e\".": {
      "count": 8,
      "first": {
        "recordIndex": 1204687,
        "byteOffset": 1019902907,
        "rule": "IN-G3",
        "fieldIndex": 14,
        "tag": "337",
        "indicatorIndex": 1,
        "message": "Индикатор 2 поля 337 имеет недопустимое значение \"\\u001e\"."
      }
    },
    "DF-G2: Поле 300 содержит 0 индикатор(а), ожидалось 2.": {
      "count": 10,
      "first": {
        "recordIndex": 1204688,
        "byteOffset": 1019903496,
        "rule": "DF-G2",
        "fieldIndex": 11,
        "tag": "300",
        "message": "Поле 300 содержит 0 индикатор(а), ожидалось 2."
      }
    },
    "IN-G3: Индикатор 2 поля 773 имеет недопустимое значение \"»\".": {
      "count": 1,
      "first": {
        "recordIndex": 1204688,
        "byteOffset": 1019903496,
        "rule": "IN-G3",
        "fieldIndex": 13,
        "tag": "773",
        "indicatorIndex": 1,
        "message": "Индикатор 2 поля 773 имеет недопустимое значение \"»\"."
      }
    },
    "IN-G3: Индикатор 2 поля 912 имеет недопустимое значение \"\".": {
      "count": 6,
      "first": {
        "recordIndex": 1204688,
        "byteOffset": 1019903496,
        "rule": "IN-G3",
        "fieldIndex": 14,
        "tag": "912",
        "indicatorIndex": 1,
        "message": "Индикатор 2 поля 912 имеет недопустимое значение \"\"."
      }
    },
    "IN-G3: Индикатор 2 поля 300 имеет недопустимое значение \"+\".": {
      "count": 1,
      "first": {
        "recordIndex": 1204689,
        "byteOffset": 1019905070,
        "rule": "IN-G3",
        "fieldIndex": 12,
        "tag": "300",
        "indicatorIndex": 1,
        "message": "Индикатор 2 поля 300 имеет недопустимое значение \"+\"."
      }
    },
    "IN-G3: Индикатор 2 поля 520 имеет недопустимое значение \"\".": {
      "count": 1,
      "first": {
        "recordIndex": 1204689,
        "byteOffset": 1019905070,
        "rule": "IN-G3",
        "fieldIndex": 13,
        "tag": "520",
        "indicatorIndex": 1,
        "message": "Индикатор 2 поля 520 имеет недопустимое значение \"\"."
      }
    },
    "IN-G3: Индикатор 1 поля 337 имеет недопустимое значение \"¾\".": {
      "count": 16,
      "first": {
        "recordIndex": 1204689,
        "byteOffset": 1019905070,
        "rule": "IN-G3",
        "fieldIndex": 17,
        "tag": "337",
        "indicatorIndex": 0,
        "message": "Индикатор 1 поля 337 имеет недопустимое значение \"¾\"."
      }
    },
    "IN-G3: Индикатор 2 поля 245 имеет недопустимое значение \"¾\".": {
      "count": 9,
      "first": {
        "recordIndex": 1204690,
        "byteOffset": 1019906088,
        "rule": "IN-G3",
        "fieldIndex": 10,
        "tag": "245",
        "indicatorIndex": 1,
        "message": "Индикатор 2 поля 245 имеет недопустимое значение \"¾\"."
      }
    },
    "IN-G3: Индикатор 2 поля 250 имеет недопустимое значение \"¶\".": {
      "count": 1,
      "first": {
        "recordIndex": 1204690,
        "byteOffset": 1019906088,
        "rule": "IN-G3",
        "fieldIndex": 11,
        "tag": "250",
        "indicatorIndex": 1,
        "message": "Индикатор 2 поля 250 имеет недопустимое значение \"¶\"."
      }
    },
    "IN-G3: Индикатор 2 поля 300 имеет недопустимое значение \"\".": {
      "count": 6,
      "first": {
        "recordIndex": 1204690,
        "byteOffset": 1019906088,
        "rule": "IN-G3",
        "fieldIndex": 13,
        "tag": "300",
        "indicatorIndex": 1,
        "message": "Индикатор 2 поля 300 имеет недопустимое значение \"\"."
      }
    },
    "IN-G3: Индикатор 2 поля 500 имеет недопустимое значение \"¸\".": {
      "count": 3,
      "first": {
        "recordIndex": 1204690,
        "byteOffset": 1019906088,
        "rule": "IN-G3",
        "fieldIndex": 14,
        "tag": "500",
        "indicatorIndex": 1,
        "message": "Индикатор 2 поля 500 имеет недопустимое значение \"¸\"."
      }
    },
    "IN-G3: Индикатор 1 поля 245 имеет недопустимое значение \"\".": {
      "count": 11,
      "first": {
        "recordIndex": 1204691,
        "byteOffset": 1019907285,
        "rule": "IN-G3",
        "fieldIndex": 10,
        "tag": "245",
        "indicatorIndex": 0,
        "message": "Индикатор 1 поля 245 имеет недопустимое значение \"\"."
      }
    },
    "IN-G3: Индикатор 1 поля 260 имеет недопустимое значение \"+\".": {
      "count": 5,
      "first": {
        "recordIndex": 1204691,
        "byteOffset": 1019907285,
        "rule": "IN-G3",
        "fieldIndex": 11,
        "tag": "260",
        "indicatorIndex": 0,
        "message": "Индикатор 1 поля 260 имеет недопустимое значение \"+\"."
      }
    },
    "SF-G4: Подполе 2 поля 300 имеет недопустимый код \"\".": {
      "count": 2,
      "first": {
        "recordIndex": 1204691,
        "byteOffset": 1019907285,
        "rule": "SF-G4",
        "fieldIndex": 12,
        "tag": "300",
        "subfieldIndex": 1,
        "message": "Подполе 2 поля 300 имеет недопустимый код \"\"."
      }
    },
    "IN-G3: Индикатор 2 поля 520 имеет недопустимое значение \"´\".": {
      "count": 1,
      "first": {
        "recordIndex": 1204691,
        "byteOffset": 1019907285,
        "rule": "IN-G3",
        "fieldIndex": 13,
        "tag": "520",
        "indicatorIndex": 1,
        "message": "Индикатор 2 поля 520 имеет недопустимое значение \"´\"."
      }
    },
    "IN-G3: Индикатор 1 поля 700 имеет недопустимое значение \"²\".": {
      "count": 7,
      "first": {
        "recordIndex": 1204691,
        "byteOffset": 1019907285,
        "rule": "IN-G3",
        "fieldIndex": 18,
        "tag": "700",
        "indicatorIndex": 0,
        "message": "Индикатор 1 поля 700 имеет недопустимое значение \"²\"."
      }
    },
    "IN-G3: Индикатор 1 поля 912 имеет недопустимое значение \"\".": {
      "count": 5,
      "first": {
        "recordIndex": 1204691,
        "byteOffset": 1019907285,
        "rule": "IN-G3",
        "fieldIndex": 19,
        "tag": "912",
        "indicatorIndex": 0,
        "message": "Индикатор 1 поля 912 имеет недопустимое значение \"\"."
      }
    },
    "IN-G3: Индикатор 2 поля 336 имеет недопустимое значение \"¢\".": {
      "count": 1,
      "first": {
        "recordIndex": 1204691,
        "byteOffset": 1019907285,
        "rule": "IN-G3",
        "fieldIndex": 20,
        "tag": "336",
        "indicatorIndex": 1,
        "message": "Индикатор 2 поля 336 имеет недопустимое значение \"¢\"."
      }
    },
    "IN-G3: Индикатор 2 поля 245 имеет недопустимое значение \"¼\".": {
      "count": 5,
      "first": {
        "recordIndex": 1204692,
        "byteOffset": 1019908938,
        "rule": "IN-G3",
        "fieldIndex": 10,
        "tag": "245",
        "indicatorIndex": 1,
        "message": "Индикатор 2 поля 245 имеет недопустимое значение \"¼\"."
      }
    },
    "IN-G3: Индикатор 1 поля 260 имеет недопустимое значение \"\".": {
      "count": 4,
      "first": {
        "recordIndex": 1204692,
        "byteOffset": 1019908938,
        "rule": "IN-G3",
        "fieldIndex": 11,
        "tag": "260",
        "indicatorIndex": 0,
        "message": "Индикатор 1 поля 260 имеет недопустимое значение \"\"."
      }
    },
    "IN-G3: Индикатор 1 поля 300 имеет недопустимое значение \"\".": {
      "count": 9,
      "first": {
        "recordIndex": 1204692,
        "byteOffset": 1019908938,
        "rule": "IN-G3",
        "fieldIndex": 12,
        "tag": "300",
        "indicatorIndex": 0,
        "message": "Индикатор 1 поля 300 имеет недопустимое значение \"\"."
      }
    },
    "IN-G3: Индикатор 1 поля 650 имеет недопустимое значение \"\".": {
      "count": 1,
      "first": {
        "recordIndex": 1204692,
        "byteOffset": 1019908938,
        "rule": "IN-G3",
        "fieldIndex": 15,
        "tag": "650",
        "indicatorIndex": 0,
        "message": "Индикатор 1 поля 650 имеет недопустимое значение \"\"."
      }
    },
    "IN-G3: Индикатор 1 поля 336 имеет недопустимое значение \"\".": {
      "count": 6,
      "first": {
        "recordIndex": 1204692,
        "byteOffset": 1019908938,
        "rule": "IN-G3",
        "fieldIndex": 17,
        "tag": "336",
        "indicatorIndex": 0,
        "message": "Индикатор 1 поля 336 имеет недопустимое значение \"\"."
      }
    },
    "IN-G3: Индикатор 2 поля 337 имеет недопустимое значение \"¡\".": {
      "count": 3,
      "first": {
        "recordIndex": 1204692,
        "byteOffset": 1019908938,
        "rule": "IN-G3",
        "fieldIndex": 18,
        "tag": "337",
        "indicatorIndex": 1,
        "message": "Индикатор 2 поля 337 имеет недопустимое значение \"¡\"."
      }
    },
    "IN-G3: Индикатор 2 поля 773 имеет недопустимое значение \"¾\".": {
      "count": 5,
      "first": {
        "recordIndex": 1204694,
        "byteOffset": 1019910598,
        "rule": "IN-G3",
        "fieldIndex": 13,
        "tag": "773",
        "indicatorIndex": 1,
        "message": "Индикатор 2 поля 773 имеет недопустимое значение \"¾\"."
      }
    },
    "IN-G3: Индикатор 1 поля 300 имеет недопустимое значение \"\".": {
      "count": 1,
      "first": {
        "recordIndex": 1204695,
        "byteOffset": 1019912216,
        "rule": "IN-G3",
        "fieldIndex": 11,
        "tag": "300",
        "indicatorIndex": 0,
        "message": "Индикатор 1 поля 300 имеет недопустимое значение \"\"."
      }
    },
    "IN-G3: Индикатор 2 поля 500 имеет недопустимое значение \"´\".": {
      "count": 1,
      "first": {
        "recordIndex": 1204695,
        "byteOffset": 1019912216,
        "rule": "IN-G3",
        "fieldIndex": 12,
        "tag": "500",
        "indicatorIndex": 1,
        "message": "Индикатор 2 поля 500 имеет недопустимое значение \"´\"."
      }
    },
    "IN-G3: Индикатор 1 поля 504 имеет недопустимое значение \".\".": {
      "count": 1,
      "first": {
        "recordIndex": 1204695,
        "byteOffset": 1019912216,
        "rule": "IN-G3",
        "fieldIndex": 13,
        "tag": "504",
        "indicatorIndex": 0,
        "message": "Индикатор 1 поля 504 имеет недопустимое значение \".\"."
      }
    },
    "IN-G3: Индикатор 1 поля 520 имеет недопустимое значение \"º\".": {
      "count": 3,
      "first": {
        "recordIndex": 1204695,
        "byteOffset": 1019912216,
        "rule": "IN-G3",
        "fieldIndex": 14,
        "tag": "520",
        "indicatorIndex": 0,
        "message": "Индикатор 1 поля 520 имеет недопустимое значение \"º\"."
      }
    },
    "IN-G3: Индикатор 1 поля 700 имеет недопустимое значение \"¼\".": {
      "count": 4,
      "first": {
        "recordIndex": 1204695,
        "byteOffset": 1019912216,
        "rule": "IN-G3",
        "fieldIndex": 16,
        "tag": "700",
        "indicatorIndex": 0,
        "message": "Индикатор 1 поля 700 имеет недопустимое значение \"¼\"."
      }
    },
    "IN-G3: Индикатор 2 поля 700 имеет недопустимое значение \"\".": {
      "count": 10,
      "first": {
        "recordIndex": 1204695,
        "byteOffset": 1019912216,
        "rule": "IN-G3",
        "fieldIndex": 17,
        "tag": "700",
        "indicatorIndex": 1,
        "message": "Индикатор 2 поля 700 имеет недопустимое значение \"\"."
      }
    },
    "IN-G3: Индикатор 1 поля 700 имеет недопустимое значение \"º\".": {
      "count": 8,
      "first": {
        "recordIndex": 1204695,
        "byteOffset": 1019912216,
        "rule": "IN-G3",
        "fieldIndex": 18,
        "tag": "700",
        "indicatorIndex": 0,
        "message": "Индикатор 1 поля 700 имеет недопустимое значение \"º\"."
      }
    },
    "IN-G3: Индикатор 1 поля 337 имеет недопустимое значение \"¿\".": {
      "count": 4,
      "first": {
        "recordIndex": 1204695,
        "byteOffset": 1019912216,
        "rule": "IN-G3",
        "fieldIndex": 22,
        "tag": "337",
        "indicatorIndex": 0,
        "message": "Индикатор 1 поля 337 имеет недопустимое значение \"¿\"."
      }
    },
    "IN-G3: Индикатор 2 поля 245 имеет недопустимое значение \"\".": {
      "count": 9,
      "first": {
        "recordIndex": 1204696,
        "byteOffset": 1019913532,
        "rule": "IN-G3",
        "fieldIndex": 10,
        "tag": "245",
        "indicatorIndex": 1,
        "message": "Индикатор 2 поля 245 имеет недопустимое значение \"\"."
      }
    },
    "IN-G3: Индикатор 1 поля 700 имеет недопустимое значение \"¾\".": {
      "count": 20,
      "first": {
        "recordIndex": 1204696,
        "byteOffset": 1019913532,
        "rule": "IN-G3",
        "fieldIndex": 18,
        "tag": "700",
        "indicatorIndex": 0,
        "message": "Индикатор 1 поля 700 имеет недопустимое значение \"¾\"."
      }
    },
    "IN-G3: Индикатор 2 поля 336 имеет недопустимое значение \"\".": {
      "count": 1,
      "first": {
        "recordIndex": 1204696,
        "byteOffset": 1019913532,
        "rule": "IN-G3",
        "fieldIndex": 20,
        "tag": "336",
        "indicatorIndex": 1,
        "message": "Индикатор 2 поля 336 имеет недопустимое значение \"\"."
      }
    },
    "IN-G3: Индикатор 1 поля 337 имеет недопустимое значение \"\".": {
      "count": 6,
      "first": {
        "recordIndex": 1204696,
        "byteOffset": 1019913532,
        "rule": "IN-G3",
        "fieldIndex": 21,
        "tag": "337",
        "indicatorIndex": 0,
        "message": "Индикатор 1 поля 337 имеет недопустимое значение \"\"."
      }
    },
    "IN-G3: Индикатор 2 поля 245 имеет недопустимое значение \"»\".": {
      "count": 15,
      "first": {
        "recordIndex": 1204697,
        "byteOffset": 1019915350,
        "rule": "IN-G3",
        "fieldIndex": 10,
        "tag": "245",
        "indicatorIndex": 1,
        "message": "Индикатор 2 поля 245 имеет недопустимое значение \"»\"."
      }
    },
    "IN-G3: Индикатор 1 поля 260 имеет недопустимое значение \"¾\".": {
      "count": 28,
      "first": {
        "recordIndex": 1204697,
        "byteOffset": 1019915350,
        "rule": "IN-G3",
        "fieldIndex": 11,
        "tag": "260",
        "indicatorIndex": 0,
        "message": "Индикатор 1 поля 260 имеет недопустимое значение \"¾\"."
      }
    },
    "IN-G3: Индикатор 2 поля 300 имеет недопустимое значение \"¾\".": {
      "count": 12,
      "first": {
        "recordIndex": 1204697,
        "byteOffset": 1019915350,
        "rule": "IN-G3",
        "fieldIndex": 12,
        "tag": "300",
        "indicatorIndex": 1,
        "message": "Индикатор 2 поля 300 имеет недопустимое значение \"¾\"."
      }
    },
    "SF-G4: Подполе 1 поля 300 имеет недопустимый код \"\".": {
      "count": 6,
      "first": {
        "recordIndex": 1204697,
        "byteOffset": 1019915350,
        "rule": "SF-G4",
        "fieldIndex": 12,
        "tag": "300",
        "subfieldIndex": 0,
        "message": "Подполе 1 поля 300 имеет недопустимый код \"\"."
      }
    },
    "IN-G3: Индикатор 2 поля 700 имеет недопустимое значение \"¾\".": {
      "count": 16,
      "first": {
        "recordIndex": 1204697,
        "byteOffset": 1019915350,
        "rule": "IN-G3",
        "fieldIndex": 15,
        "tag": "700",
        "indicatorIndex": 1,
        "message": "Индикатор 2 поля 700 имеет недопустимое значение \"¾\"."
      }
    },
    "IN-G3: Индикатор 2 поля 336 имеет недопустимое значение \"\".": {
      "count": 1,
      "first": {
        "recordIndex": 1204697,
        "byteOffset": 1019915350,
        "rule": "IN-G3",
        "fieldIndex": 17,
        "tag": "336",
        "indicatorIndex": 1,
        "message": "Индикатор 2 поля 336 имеет недопустимое значение \"\"."
      }
    },
    "SF-G4: Подполе 2 поля 490 имеет недопустимый код \"\".": {
      "count": 1,
      "first": {
        "recordIndex": 1204698,
        "byteOffset": 1019916792,
        "rule": "SF-G4",
        "fieldIndex": 13,
        "tag": "490",
        "subfieldIndex": 1,
        "message": "Подполе 2 поля 490 имеет недопустимый код \"\"."
      }
    },
    "IN-G3: Индикатор 1 поля 700 имеет недопустимое значение \"\".": {
      "count": 1,
      "first": {
        "recordIndex": 1204698,
        "byteOffset": 1019916792,
        "rule": "IN-G3",
        "fieldIndex": 16,
        "tag": "700",
        "indicatorIndex": 0,
        "message": "Индикатор 1 поля 700 имеет недопустимое значение \"\"."
      }
    },
    "DF-G2: Поле 336 содержит 1 индикатор(а), ожидалось 2.": {
      "count": 8,
      "first": {
        "recordIndex": 1204698,
        "byteOffset": 1019916792,
        "rule": "DF-G2",
        "fieldIndex": 18,
        "tag": "336",
        "message": "Поле 336 содержит 1 индикатор(а), ожидалось 2."
      }
    },
    "IN-G3: Индикатор 1 поля 260 имеет недопустимое значение \"µ\".": {
      "count": 11,
      "first": {
        "recordIndex": 1204699,
        "byteOffset": 1019918160,
        "rule": "IN-G3",
        "fieldIndex": 10,
        "tag": "260",
        "indicatorIndex": 0,
        "message": "Индикатор 1 поля 260 имеет недопустимое значение \"µ\"."
      }
    },
    "IN-G3: Индикатор 2 поля 520 имеет недопустимое значение \"\".": {
      "count": 2,
      "first": {
        "recordIndex": 1204699,
        "byteOffset": 1019918160,
        "rule": "IN-G3",
        "fieldIndex": 12,
        "tag": "520",
        "indicatorIndex": 1,
        "message": "Индикатор 2 поля 520 имеет недопустимое значение \"\"."
      }
    },
    "IN-G3: Индикатор 2 поля 650 имеет недопустимое значение \"±\".": {
      "count": 9,
      "first": {
        "recordIndex": 1204699,
        "byteOffset": 1019918160,
        "rule": "IN-G3",
        "fieldIndex": 14,
        "tag": "650",
        "indicatorIndex": 1,
        "message": "Индикатор 2 поля 650 имеет недопустимое значение \"±\"."
      }
    },
    "IN-G3: Индикатор 1 поля 700 имеет недопустимое значение \"\".": {
      "count": 3,
      "first": {
        "recordIndex": 1204699,
        "byteOffset": 1019918160,
        "rule": "IN-G3",
        "fieldIndex": 18,
        "tag": "700",
        "indicatorIndex": 0,
        "message": "Индикатор 1 поля 700 имеет недопустимое значение \"\"."
      }
    },
    "IN-G3: Индикатор 1 поля 912 имеет недопустимое значение \"»\".": {
      "count": 8,
      "first": {
        "recordIndex": 1204699,
        "byteOffset": 1019918160,
        "rule": "IN-G3",
        "fieldIndex": 19,
        "tag": "912",
        "indicatorIndex": 0,
        "message": "Индикатор 1 поля 912 имеет недопустимое значение \"»\"."
      }
    },
    "IN-G3: Индикатор 1 поля 337 имеет недопустимое значение \"\\u001e\".": {
      "count": 12,
      "first": {
        "recordIndex": 1204699,
        "byteOffset": 1019918160,
        "rule": "IN-G3",
        "fieldIndex": 21,
        "tag": "337",
        "indicatorIndex": 0,
        "message": "Индикатор 1 поля 337 имеет недопустимое значение \"\\u001e\"."
      }
    },
    "IN-G3: Индикатор 1 поля 260 имеет недопустимое значение \"-\".": {
      "count": 1,
      "first": {
        "recordIndex": 1204700,
        "byteOffset": 1019920203,
        "rule": "IN-G3",
        "fieldIndex": 9,
        "tag": "260",
        "indicatorIndex": 0,
        "message": "Индикатор 1 поля 260 имеет недопустимое значение \"-\"."
      }
    },
    "DF-G2: Поле 500 содержит 1 индикатор(а), ожидалось 2.": {
      "count": 3,
      "first": {
        "recordIndex": 1204700,
        "byteOffset": 1019920203,
        "rule": "DF-G2",
        "fieldIndex": 11,
        "tag": "500",
        "message": "Поле 500 содержит 1 индикатор(а), ожидалось 2."
      }
    },
    "IN-G3: Индикатор 1 поля 500 имеет недопустимое значение \"°\".": {
      "count": 7,
      "first": {
        "recordIndex": 1204700,
        "byteOffset": 1019920203,
        "rule": "IN-G3",
        "fieldIndex": 11,
        "tag": "500",
        "indicatorIndex": 0,
        "message": "Индикатор 1 поля 500 имеет недопустимое значение \"°\"."
      }
    },
    "IN-G3: Индикатор 2 поля 650 имеет недопустимое значение \"\".": {
      "count": 2,
      "first": {
        "recordIndex": 1204700,
        "byteOffset": 1019920203,
        "rule": "IN-G3",
        "fieldIndex": 12,
        "tag": "650",
        "indicatorIndex": 1,
        "message": "Индикатор 2 поля 650 имеет недопустимое значение \"\"."
      }
    },
    "IN-G3: Индикатор 1 поля 710 имеет недопустимое значение \"²\".": {
      "count": 3,
      "first": {
        "recordIndex": 1204700,
        "byteOffset": 1019920203,
        "rule": "IN-G3",
        "fieldIndex": 16,
        "tag": "710",
        "indicatorIndex": 0,
        "message": "Индикатор 1 поля 710 имеет недопустимое значение \"²\"."
      }
    },
    "IN-G3: Индикатор 2 поля 336 имеет недопустимое значение \"µ\".": {
      "count": 7,
      "first": {
        "recordIndex": 1204700,
        "byteOffset": 1019920203,
        "rule": "IN-G3",
        "fieldIndex": 18,
        "tag": "336",
        "indicatorIndex": 1,
        "message": "Индикатор 2 поля 336 имеет недопустимое значение \"µ\"."
      }
    },
    "SF-G4: Подполе 3 поля 300 имеет недопустимый код \"\".": {
      "count": 1,
      "first": {
        "recordIndex": 1204701,
        "byteOffset": 1019921257,
        "rule": "SF-G4",
        "fieldIndex": 11,
        "tag": "300",
        "subfieldIndex": 2,
        "message": "Подполе 3 поля 300 имеет недопустимый код \"\"."
      }
    },
    "IN-G3: Индикатор 2 поля 520 имеет недопустимое значение \"\".": {
      "count": 5,
      "first": {
        "recordIndex": 1204701,
        "byteOffset": 1019921257,
        "rule": "IN-G3",
        "fieldIndex": 12,
        "tag": "520",
        "indicatorIndex": 1,
        "message": "Индикатор 2 поля 520 имеет недопустимое значение \"\"."
      }
    },
    "IN-G3: Индикатор 1 поля 650 имеет недопустимое значение \"½\".": {
      "count": 25,
      "first": {
        "recordIndex": 1204701,
        "byteOffset": 1019921257,
        "rule": "IN-G3",
        "fieldIndex": 14,
        "tag": "650",
        "indicatorIndex": 0,
        "message": "Индикатор 1 поля 650 имеет недопустимое значение \"½\"."
      }
    },
    "IN-G3: Индикатор 1 поля 710 имеет недопустимое значение \"º\".": {
      "count": 1,
      "first": {
        "recordIndex": 1204701,
        "byteOffset": 1019921257,
        "rule": "IN-G3",
        "fieldIndex": 17,
        "tag": "710",
        "indicatorIndex": 0,
        "message": "Индикатор 1 поля 710 имеет недопустимое значение \"º\"."
      }
    },
    "IN-G3: Индикатор 2 поля 773 имеет недопустимое значение \"¼\".": {
      "count": 1,
      "first": {
        "recordIndex": 1204701,
        "byteOffset": 1019921257,
        "rule": "IN-G3",
        "fieldIndex": 18,
        "tag": "773",
        "indicatorIndex": 1,
        "message": "Индикатор 2 поля 773 имеет недопустимое значение \"¼\"."
      }
    },
    "IN-G3: Индикатор 2 поля 336 имеет недопустимое значение \"\".": {
      "count": 3,
      "first": {
        "recordIndex": 1204701,
        "byteOffset": 1019921257,
        "rule": "IN-G3",
        "fieldIndex": 20,
        "tag": "336",
        "indicatorIndex": 1,
        "message": "Индикатор 2 поля 336 имеет недопустимое значение \"\"."
      }
    },
    "IN-G3: Индикатор 1 поля 300 имеет недопустимое значение \"\".": {
      "count": 1,
      "first": {
        "recordIndex": 1204702,
        "byteOffset": 1019922501,
        "rule": "IN-G3",
        "fieldIndex": 11,
        "tag": "300",
        "indicatorIndex": 0,
        "message": "Индикатор 1 поля 300 имеет недопустимое значение \"\"."
      }
    },
    "SF-G4: Подполе 8 поля 500 имеет недопустимый код \"\".": {
      "count": 1,
      "first": {
        "recordIndex": 1204702,
        "byteOffset": 1019922501,
        "rule": "SF-G4",
        "fieldIndex": 12,
        "tag": "500",
        "subfieldIndex": 7,
        "message": "Подполе 8 поля 500 имеет недопустимый код \"\"."
      }
    },
    "IN-G3: Индикатор 2 поля 504 имеет недопустимое значение \"¢\".": {
      "count": 1,
      "first": {
        "recordIndex": 1204702,
        "byteOffset": 1019922501,
        "rule": "IN-G3",
        "fieldIndex": 13,
        "tag": "504",
        "indicatorIndex": 1,
        "message": "Индикатор 2 поля 504 имеет недопустимое значение \"¢\"."
      }
    },
    "DF-G2: Поле 546 содержит 1 индикатор(а), ожидалось 2.": {
      "count": 1,
      "first": {
        "recordIndex": 1204702,
        "byteOffset": 1019922501,
        "rule": "DF-G2",
        "fieldIndex": 15,
        "tag": "546",
        "message": "Поле 546 содержит 1 индикатор(а), ожидалось 2."
      }
    },
    "IN-G3: Индикатор 1 поля 710 имеет недопустимое значение \"°\".": {
      "count": 1,
      "first": {
        "recordIndex": 1204702,
        "byteOffset": 1019922501,
        "rule": "IN-G3",
        "fieldIndex": 18,
        "tag": "710",
        "indicatorIndex": 0,
        "message": "Индикатор 1 поля 710 имеет недопустимое значение \"°\"."
      }
    },
    "IN-G3: Индикатор 1 поля 337 имеет недопустимое значение \"¼\".": {
      "count": 1,
      "first": {
        "recordIndex": 1204702,
        "byteOffset": 1019922501,
        "rule": "IN-G3",
        "fieldIndex": 21,
        "tag": "337",
        "indicatorIndex": 0,
        "message": "Индикатор 1 поля 337 имеет недопустимое значение \"¼\"."
      }
    },
    "IN-G3: Индикатор 2 поля 260 имеет недопустимое значение \"\".": {
      "count": 3,
      "first": {
        "recordIndex": 1204703,
        "byteOffset": 1019923893,
        "rule": "IN-G3",
        "fieldIndex": 11,
        "tag": "260",
        "indicatorIndex": 1,
        "message": "Индикатор 2 поля 260 имеет недопустимое значение \"\"."
      }
    },
    "IN-G3: Индикатор 2 поля 912 имеет недопустимое значение \"°\".": {
      "count": 12,
      "first": {
        "recordIndex": 1204703,
        "byteOffset": 1019923893,
        "rule": "IN-G3",
        "fieldIndex": 15,
        "tag": "912",
        "indicatorIndex": 1,
        "message": "Индикатор 2 поля 912 имеет недопустимое значение \"°\"."
      }
    },
    "IN-G3: Индикатор 2 поля 336 имеет недопустимое значение \"\".": {
      "count": 7,
      "first": {
        "recordIndex": 1204703,
        "byteOffset": 1019923893,
        "rule": "IN-G3",
        "fieldIndex": 16,
        "tag": "336",
        "indicatorIndex": 1,
        "message": "Индикатор 2 поля 336 имеет недопустимое значение \"\"."
      }
    },
    "IN-G3: Индикатор 1 поля 245 имеет недопустимое значение \"\".": {
      "count": 3,
      "first": {
        "recordIndex": 1204704,
        "byteOffset": 1019925153,
        "rule": "IN-G3",
        "fieldIndex": 10,
        "tag": "245",
        "indicatorIndex": 0,
        "message": "Индикатор 1 поля 245 имеет недопустимое значение \"\"."
      }
    },
    "IN-G3: Индикатор 1 поля 520 имеет недопустимое значение \"\".": {
      "count": 9,
      "first": {
        "recordIndex": 1204704,
        "byteOffset": 1019925153,
        "rule": "IN-G3",
        "fieldIndex": 13,
        "tag": "520",
        "indicatorIndex": 0,
        "message": "Индикатор 1 поля 520 имеет недопустимое значение \"\"."
      }
    },
    "IN-G3: Индикатор 2 поля 912 имеет недопустимое значение \"¸\".": {
      "count": 14,
      "first": {
        "recordIndex": 1204704,
        "byteOffset": 1019925153,
        "rule": "IN-G3",
        "fieldIndex": 15,
        "tag": "912",
        "indicatorIndex": 1,
        "message": "Индикатор 2 поля 912 имеет недопустимое значение \"¸\"."
      }
    },
    "IN-G3: Индикатор 1 поля 546 имеет недопустимое значение \"¢\".": {
      "count": 1,
      "first": {
        "recordIndex": 1204705,
        "byteOffset": 1019926057,
        "rule": "IN-G3",
        "fieldIndex": 14,
        "tag": "546",
        "indicatorIndex": 0,
        "message": "Индикатор 1 поля 546 имеет недопустимое значение \"¢\"."
      }
    },
    "IN-G3: Индикатор 2 поля 546 имеет недопустимое значение \"Ð\".": {
      "count": 5,
      "first": {
        "recordIndex": 1204705,
        "byteOffset": 1019926057,
        "rule": "IN-G3",
        "fieldIndex": 14,
        "tag": "546",
        "indicatorIndex": 1,
        "message": "Индикатор 2 поля 546 имеет недопустимое значение \"Ð\"."
      }
    },
    "DF-G3: Поле 546 не содержит кода подполя.": {
      "count": 20,
      "first": {
        "recordIndex": 1204705,
        "byteOffset": 1019926057,
        "rule": "DF-G3",
        "fieldIndex": 14,
        "tag": "546",
        "message": "Поле 546 не содержит кода подполя."
      }
    },
    "IN-G3: Индикатор 1 поля 650 имеет недопустимое значение \"·\".": {
      "count": 7,
      "first": {
        "recordIndex": 1204705,
        "byteOffset": 1019926057,
        "rule": "IN-G3",
        "fieldIndex": 15,
        "tag": "650",
        "indicatorIndex": 0,
        "message": "Индикатор 1 поля 650 имеет недопустимое значение \"·\"."
      }
    },
    "IN-G3: Индикатор 1 поля 245 имеет недопустимое значение \"\".": {
      "count": 4,
      "first": {
        "recordIndex": 1204706,
        "byteOffset": 1019927191,
        "rule": "IN-G3",
        "fieldIndex": 10,
        "tag": "245",
        "indicatorIndex": 0,
        "message": "Индикатор 1 поля 245 имеет недопустимое значение \"\"."
      }
    },
    "IN-G3: Индикатор 2 поля 260 имеет недопустимое значение \"½\".": {
      "count": 11,
      "first": {
        "recordIndex": 1204706,
        "byteOffset": 1019927191,
        "rule": "IN-G3",
        "fieldIndex": 11,
        "tag": "260",
        "indicatorIndex": 1,
        "message": "Индикатор 2 поля 260 имеет недопустимое значение \"½\"."
      }
    },
    "IN-G3: Индикатор 1 поля 300 имеет недопустимое значение \"¼\".": {
      "count": 2,
      "first": {
        "recordIndex": 1204706,
        "byteOffset": 1019927191,
        "rule": "IN-G3",
        "fieldIndex": 12,
        "tag": "300",
        "indicatorIndex": 0,
        "message": "Индикатор 1 поля 300 имеет недопустимое значение \"¼\"."
      }
    },
    "IN-G3: Индикатор 2 поля 504 имеет недопустимое значение \"\".": {
      "count": 1,
      "first": {
        "recordIndex": 1204706,
        "byteOffset": 1019927191,
        "rule": "IN-G3",
        "fieldIndex": 13,
        "tag": "504",
        "indicatorIndex": 1,
        "message": "Индикатор 2 поля 504 имеет недопустимое значение \"\"."
      }
    },
    "SF-G4: Подполе 1 поля 504 имеет недопустимый код \"\".": {
      "count": 2,
      "first": {
        "recordIndex": 1204706,
        "byteOffset": 1019927191,
        "rule": "SF-G4",
        "fieldIndex": 13,
        "tag": "504",
        "subfieldIndex": 0,
        "message": "Подполе 1 поля 504 имеет недопустимый код \"\"."
      }
    },
    "IN-G3: Индикатор 2 поля 520 имеет недопустимое значение \"\".": {
      "count": 1,
      "first": {
        "recordIndex": 1204706,
        "byteOffset": 1019927191,
        "rule": "IN-G3",
        "fieldIndex": 14,
        "tag": "520",
        "indicatorIndex": 1,
        "message": "Индикатор 2 поля 520 имеет недопустимое значение \"\"."
      }
    },
    "IN-G3: Индикатор 2 поля 912 имеет недопустимое значение \"º\".": {
      "count": 9,
      "first": {
        "recordIndex": 1204706,
        "byteOffset": 1019927191,
        "rule": "IN-G3",
        "fieldIndex": 18,
        "tag": "912",
        "indicatorIndex": 1,
        "message": "Индикатор 2 поля 912 имеет недопустимое значение \"º\"."
      }
    },
    "IN-G3: Индикатор 1 поля 245 имеет недопустимое значение \"»\".": {
      "count": 10,
      "first": {
        "recordIndex": 1204707,
        "byteOffset": 1019928668,
        "rule": "IN-G3",
        "fieldIndex": 10,
        "tag": "245",
        "indicatorIndex": 0,
        "message": "Индикатор 1 поля 245 имеет недопустимое значение \"»\"."
      }
    },
    "IN-G3: Индикатор 2 поля 260 имеет недопустимое значение \"²\".": {
      "count": 10,
      "first": {
        "recordIndex": 1204707,
        "byteOffset": 1019928668,
        "rule": "IN-G3",
        "fieldIndex": 11,
        "tag": "260",
        "indicatorIndex": 1,
        "message": "Индикатор 2 поля 260 имеет недопустимое значение \"²\"."
      }
    },
    "IN-G3: Индикатор 1 поля 300 имеет недопустимое значение \"\".": {
      "count": 1,
      "first": {
        "recordIndex": 1204707,
        "byteOffset": 1019928668,
        "rule": "IN-G3",
        "fieldIndex": 12,
        "tag": "300",
        "indicatorIndex": 0,
        "message": "Индикатор 1 поля 300 имеет недопустимое значение \"\"."
      }
    },
    "IN-G3: Индикатор 1 поля 546 имеет недопустимое значение \"\".": {
      "count": 1,
      "first": {
        "recordIndex": 1204707,
        "byteOffset": 1019928668,
        "rule": "IN-G3",
        "fieldIndex": 13,
        "tag": "546",
        "indicatorIndex": 0,
        "message": "Индикатор 1 поля 546 имеет недопустимое значение \"\"."
      }
    },
    "IN-G3: Индикатор 2 поля 336 имеет недопустимое значение \"¼\".": {
      "count": 2,
      "first": {
        "recordIndex": 1204707,
        "byteOffset": 1019928668,
        "rule": "IN-G3",
        "fieldIndex": 16,
        "tag": "336",
        "indicatorIndex": 1,
        "message": "Индикатор 2 поля 336 имеет недопустимое значение \"¼\"."
      }
    },
    "IN-G3: Индикатор 2 поля 337 имеет недопустимое значение \"\".": {
      "count": 5,
      "first": {
        "recordIndex": 1204707,
        "byteOffset": 1019928668,
        "rule": "IN-G3",
        "fieldIndex": 17,
        "tag": "337",
        "indicatorIndex": 1,
        "message": "Индикатор 2 поля 337 имеет недопустимое значение \"\"."
      }
    },
    "IN-G3: Индикатор 1 поля 520 имеет недопустимое значение \"¹\".": {
      "count": 5,
      "first": {
        "recordIndex": 1204708,
        "byteOffset": 1019929494,
        "rule": "IN-G3",
        "fieldIndex": 12,
        "tag": "520",
        "indicatorIndex": 0,
        "message": "Индикатор 1 поля 520 имеет недопустимое значение \"¹\"."
      }
    },
    "IN-G3: Индикатор 2 поля 520 имеет недопустимое значение \")\".": {
      "count": 4,
      "first": {
        "recordIndex": 1204708,
        "byteOffset": 1019929494,
        "rule": "IN-G3",
        "fieldIndex": 12,
        "tag": "520",
        "indicatorIndex": 1,
        "message": "Индикатор 2 поля 520 имеет недопустимое значение \")\"."
      }
    },
    "IN-G3: Индикатор 2 поля 912 имеет недопустимое значение \"·\".": {
      "count": 6,
      "first": {
        "recordIndex": 1204708,
        "byteOffset": 1019929494,
        "rule": "IN-G3",
        "fieldIndex": 15,
        "tag": "912",
        "indicatorIndex": 1,
        "message": "Индикатор 2 поля 912 имеет недопустимое значение \"·\"."
      }
    },
    "IN-G3: Индикатор 2 поля 337 имеет недопустимое значение \"(\".": {
      "count": 3,
      "first": {
        "recordIndex": 1204708,
        "byteOffset": 1019929494,
        "rule": "IN-G3",
        "fieldIndex": 17,
        "tag": "337",
        "indicatorIndex": 1,
        "message": "Индикатор 2 поля 337 имеет недопустимое значение \"(\"."
      }
    },
    "IN-G3: Индикатор 2 поля 245 имеет недопустимое значение \"²\".": {
      "count": 4,
      "first": {
        "recordIndex": 1204709,
        "byteOffset": 1019930503,
        "rule": "IN-G3",
        "fieldIndex": 10,
        "tag": "245",
        "indicatorIndex": 1,
        "message": "Индикатор 2 поля 245 имеет недопустимое значение \"²\"."
      }
    },
    "IN-G3: Индикатор 2 поля 300 имеет недопустимое значение \"µ\".": {
      "count": 13,
      "first": {
        "recordIndex": 1204709,
        "byteOffset": 1019930503,
        "rule": "IN-G3",
        "fieldIndex": 12,
        "tag": "300",
        "indicatorIndex": 1,
        "message": "Индикатор 2 поля 300 имеет недопустимое значение \"µ\"."
      }
    },
    "IN-G3: Индикатор 1 поля 300 имеет недопустимое значение \"\".": {
      "count": 3,
      "first": {
        "recordIndex": 1204710,
        "byteOffset": 1019931224,
        "rule": "IN-G3",
        "fieldIndex": 12,
        "tag": "300",
        "indicatorIndex": 0,
        "message": "Индикатор 1 поля 300 имеет недопустимое значение \"\"."
      }
    },
    "IN-G3: Индикатор 1 поля 336 имеет недопустимое значение \"º\".": {
      "count": 7,
      "first": {
        "recordIndex": 1204710,
        "byteOffset": 1019931224,
        "rule": "IN-G3",
        "fieldIndex": 16,
        "tag": "336",
        "indicatorIndex": 0,
        "message": "Индикатор 1 поля 336 имеет недопустимое значение \"º\"."
      }
    },
    "IN-G3: Индикатор 2 поля 245 имеет недопустимое значение \"\".": {
      "count": 1,
      "first": {
        "recordIndex": 1204711,
        "byteOffset": 1019932571,
        "rule": "IN-G3",
        "fieldIndex": 10,
        "tag": "245",
        "indicatorIndex": 1,
        "message": "Индикатор 2 поля 245 имеет недопустимое значение \"\"."
      }
    },
    "IN-G3: Индикатор 1 поля 912 имеет недопустимое значение \"±\".": {
      "count": 3,
      "first": {
        "recordIndex": 1204711,
        "byteOffset": 1019932571,
        "rule": "IN-G3",
        "fieldIndex": 17,
        "tag": "912",
        "indicatorIndex": 0,
        "message": "Индикатор 1 поля 912 имеет недопустимое значение \"±\"."
      }
    },
    "IN-G3: Индикатор 1 поля 336 имеет недопустимое значение \"[\".": {
      "count": 2,
      "first": {
        "recordIndex": 1204711,
        "byteOffset": 1019932571,
        "rule": "IN-G3",
        "fieldIndex": 18,
        "tag": "336",
        "indicatorIndex": 0,
        "message": "Индикатор 1 поля 336 имеет недопустимое значение \"[\"."
      }
    },
    "IN-G3: Индикатор 2 поля 337 имеет недопустимое значение \"³\".": {
      "count": 9,
      "first": {
        "recordIndex": 1204711,
        "byteOffset": 1019932571,
        "rule": "IN-G3",
        "fieldIndex": 19,
        "tag": "337",
        "indicatorIndex": 1,
        "message": "Индикатор 2 поля 337 имеет недопустимое значение \"³\"."
      }
    },
    "IN-G3: Индикатор 1 поля 245 имеет недопустимое значение \"¹\".": {
      "count": 1,
      "first": {
        "recordIndex": 1204712,
        "byteOffset": 1019933952,
        "rule": "IN-G3",
        "fieldIndex": 10,
        "tag": "245",
        "indicatorIndex": 0,
        "message": "Индикатор 1 поля 245 имеет недопустимое значение \"¹\"."
      }
    },
    "IN-G3: Индикатор 2 поля 300 имеет недопустимое значение \"º\".": {
      "count": 9,
      "first": {
        "recordIndex": 1204712,
        "byteOffset": 1019933952,
        "rule": "IN-G3",
        "fieldIndex": 12,
        "tag": "300",
        "indicatorIndex": 1,
        "message": "Индикатор 2 поля 300 имеет недопустимое значение \"º\"."
      }
    },
    "IN-G3: Индикатор 2 поля 504 имеет недопустимое значение \"²\".": {
      "count": 1,
      "first": {
        "recordIndex": 1204712,
        "byteOffset": 1019933952,
        "rule": "IN-G3",
        "fieldIndex": 13,
        "tag": "504",
        "indicatorIndex": 1,
        "message": "Индикатор 2 поля 504 имеет недопустимое значение \"²\"."
      }
    },
    "IN-G3: Индикатор 2 поля 520 имеет недопустимое значение \"±\".": {
      "count": 3,
      "first": {
        "recordIndex": 1204712,
        "byteOffset": 1019933952,
        "rule": "IN-G3",
        "fieldIndex": 14,
        "tag": "520",
        "indicatorIndex": 1,
        "message": "Индикатор 2 поля 520 имеет недопустимое значение \"±\"."
      }
    },
    "IN-G3: Индикатор 1 поля 912 имеет недопустимое значение \"µ\".": {
      "count": 11,
      "first": {
        "recordIndex": 1204712,
        "byteOffset": 1019933952,
        "rule": "IN-G3",
        "fieldIndex": 16,
        "tag": "912",
        "indicatorIndex": 0,
        "message": "Индикатор 1 поля 912 имеет недопустимое значение \"µ\"."
      }
    },
    "IN-G3: Индикатор 2 поля 336 имеет недопустимое значение \"+\".": {
      "count": 1,
      "first": {
        "recordIndex": 1204712,
        "byteOffset": 1019933952,
        "rule": "IN-G3",
        "fieldIndex": 17,
        "tag": "336",
        "indicatorIndex": 1,
        "message": "Индикатор 2 поля 336 имеет недопустимое значение \"+\"."
      }
    },
    "IN-G3: Индикатор 1 поля 245 имеет недопустимое значение \"°\".": {
      "count": 14,
      "first": {
        "recordIndex": 1204713,
        "byteOffset": 1019935200,
        "rule": "IN-G3",
        "fieldIndex": 10,
        "tag": "245",
        "indicatorIndex": 0,
        "message": "Индикатор 1 поля 245 имеет недопустимое значение \"°\"."
      }
    },
    "IN-G3: Индикатор 2 поля 300 имеет недопустимое значение \"\".": {
      "count": 8,
      "first": {
        "recordIndex": 1204713,
        "byteOffset": 1019935200,
        "rule": "IN-G3",
        "fieldIndex": 12,
        "tag": "300",
        "indicatorIndex": 1,
        "message": "Индикатор 2 поля 300 имеет недопустимое значение \"\"."
      }
    },
    "IN-G3: Индикатор 2 поля 336 имеет недопустимое значение \"\".": {
      "count": 2,
      "first": {
        "recordIndex": 1204713,
        "byteOffset": 1019935200,
        "rule": "IN-G3",
        "fieldIndex": 16,
        "tag": "336",
        "indicatorIndex": 1,
        "message": "Индикатор 2 поля 336 имеет недопустимое значение \"\"."
      }
    },
    "IN-G3: Индикатор 1 поля 650 имеет недопустимое значение \"\".": {
      "count": 3,
      "first": {
        "recordIndex": 1204714,
        "byteOffset": 1019936108,
        "rule": "IN-G3",
        "fieldIndex": 14,
        "tag": "650",
        "indicatorIndex": 0,
        "message": "Индикатор 1 поля 650 имеет недопустимое значение \"\"."
      }
    },
    "IN-G3: Индикатор 1 поля 710 имеет недопустимое значение \"¶\".": {
      "count": 2,
      "first": {
        "recordIndex": 1204714,
        "byteOffset": 1019936108,
        "rule": "IN-G3",
        "fieldIndex": 16,
        "tag": "710",
        "indicatorIndex": 0,
        "message": "Индикатор 1 поля 710 имеет недопустимое значение \"¶\"."
      }
    },
    "IN-G3: Индикатор 2 поля 336 имеет недопустимое значение \"\".": {
      "count": 2,
      "first": {
        "recordIndex": 1204714,
        "byteOffset": 1019936108,
        "rule": "IN-G3",
        "fieldIndex": 18,
        "tag": "336",
        "indicatorIndex": 1,
        "message": "Индикатор 2 поля 336 имеет недопустимое значение \"\"."
      }
    },
    "IN-G3: Индикатор 2 поля 245 имеет недопустимое значение \"\".": {
      "count": 1,
      "first": {
        "recordIndex": 1204715,
        "byteOffset": 1019937947,
        "rule": "IN-G3",
        "fieldIndex": 10,
        "tag": "245",
        "indicatorIndex": 1,
        "message": "Индикатор 2 поля 245 имеет недопустимое значение \"\"."
      }
    },
    "IN-G3: Индикатор 2 поля 336 имеет недопустимое значение \"²\".": {
      "count": 8,
      "first": {
        "recordIndex": 1204715,
        "byteOffset": 1019937947,
        "rule": "IN-G3",
        "fieldIndex": 17,
        "tag": "336",
        "indicatorIndex": 1,
        "message": "Индикатор 2 поля 336 имеет недопустимое значение \"²\"."
      }
    },
    "IN-G3: Индикатор 1 поля 650 имеет недопустимое значение \"\".": {
      "count": 23,
      "first": {
        "recordIndex": 1204716,
        "byteOffset": 1019939426,
        "rule": "IN-G3",
        "fieldIndex": 14,
        "tag": "650",
        "indicatorIndex": 0,
        "message": "Индикатор 1 поля 650 имеет недопустимое значение \"\"."
      }
    },
    "IN-G3: Индикатор 1 поля 700 имеет недопустимое значение \",\".": {
      "count": 2,
      "first": {
        "recordIndex": 1204716,
        "byteOffset": 1019939426,
        "rule": "IN-G3",
        "fieldIndex": 15,
        "tag": "700",
        "indicatorIndex": 0,
        "message": "Индикатор 1 поля 700 имеет недопустимое значение \",\"."
      }
    },
    "IN-G3: Индикатор 2 поля 710 имеет недопустимое значение \"·\".": {
      "count": 1,
      "first": {
        "recordIndex": 1204716,
        "byteOffset": 1019939426,
        "rule": "IN-G3",
        "fieldIndex": 16,
        "tag": "710",
        "indicatorIndex": 1,
        "message": "Индикатор 2 поля 710 имеет недопустимое значение \"·\"."
      }
    },
    "IN-G3: Индикатор 2 поля 650 имеет недопустимое значение \"¹\".": {
      "count": 6,
      "first": {
        "recordIndex": 1204717,
        "byteOffset": 1019940859,
        "rule": "IN-G3",
        "fieldIndex": 15,
        "tag": "650",
        "indicatorIndex": 1,
        "message": "Индикатор 2 поля 650 имеет недопустимое значение \"¹\"."
      }
    },
    "IN-G3: Индикатор 1 поля 700 имеет недопустимое значение \"´\".": {
      "count": 5,
      "first": {
        "recordIndex": 1204717,
        "byteOffset": 1019940859,
        "rule": "IN-G3",
        "fieldIndex": 16,
        "tag": "700",
        "indicatorIndex": 0,
        "message": "Индикатор 1 поля 700 имеет недопустимое значение \"´\"."
      }
    },
    "IN-G3: Индикатор 1 поля 336 имеет недопустимое значение \"°\".": {
      "count": 7,
      "first": {
        "recordIndex": 1204717,
        "byteOffset": 1019940859,
        "rule": "IN-G3",
        "fieldIndex": 19,
        "tag": "336",
        "indicatorIndex": 0,
        "message": "Индикатор 1 поля 336 имеет недопустимое значение \"°\"."
      }
    },
    "IN-G3: Индикатор 1 поля 080 имеет недопустимое значение \"\\u001e\".": {
      "count": 6,
      "first": {
        "recordIndex": 1204718,
        "byteOffset": 1019942606,
        "rule": "IN-G3",
        "fieldIndex": 8,
        "tag": "080",
        "indicatorIndex": 0,
        "message": "Индикатор 1 поля 080 имеет недопустимое значение \"\\u001e\"."
      }
    },
    "DF-G2: Поле 100 содержит 1 индикатор(а), ожидалось 2.": {
      "count": 1,
      "first": {
        "recordIndex": 1204718,
        "byteOffset": 1019942606,
        "rule": "DF-G2",
        "fieldIndex": 9,
        "tag": "100",
        "message": "Поле 100 содержит 1 индикатор(а), ожидалось 2."
      }
    },
    "IN-G3: Индикатор 2 поля 245 имеет недопустимое значение \"­\".": {
      "count": 1,
      "first": {
        "recordIndex": 1204718,
        "byteOffset": 1019942606,
        "rule": "IN-G3",
        "fieldIndex": 10,
        "tag": "245",
        "indicatorIndex": 1,
        "message": "Индикатор 2 поля 245 имеет недопустимое значение \"­\"."
      }
    },
    "IN-G3: Индикатор 1 поля 250 имеет недопустимое значение \"\".": {
      "count": 2,
      "first": {
        "recordIndex": 1204718,
        "byteOffset": 1019942606,
        "rule": "IN-G3",
        "fieldIndex": 11,
        "tag": "250",
        "indicatorIndex": 0,
        "message": "Индикатор 1 поля 250 имеет недопустимое значение \"\"."
      }
    },
    "IN-G3: Индикатор 2 поля 250 имеет недопустимое значение \"Ñ\".": {
      "count": 8,
      "first": {
        "recordIndex": 1204718,
        "byteOffset": 1019942606,
        "rule": "IN-G3",
        "fieldIndex": 11,
        "tag": "250",
        "indicatorIndex": 1,
        "message": "Индикатор 2 поля 250 имеет недопустимое значение \"Ñ\"."
      }
    },
    "IN-G3: Индикатор 1 поля 260 имеет недопустимое значение \"\".": {
      "count": 4,
      "first": {
        "recordIndex": 1204718,
        "byteOffset": 1019942606,
        "rule": "IN-G3",
        "fieldIndex": 12,
        "tag": "260",
        "indicatorIndex": 0,
        "message": "Индикатор 1 поля 260 имеет недопустимое значение \"\"."
      }
    },
    "IN-G3: Индикатор 2 поля 520 имеет недопустимое значение \"\".": {
      "count": 7,
      "first": {
        "recordIndex": 1204718,
        "byteOffset": 1019942606,
        "rule": "IN-G3",
        "fieldIndex": 14,
        "tag": "520",
        "indicatorIndex": 1,
        "message": "Индикатор 2 поля 520 имеет недопустимое значение \"\"."
      }
    },
    "IN-G3: Индикатор 2 поля 336 имеет недопустимое значение \"¹\".": {
      "count": 3,
      "first": {
        "recordIndex": 1204718,
        "byteOffset": 1019942606,
        "rule": "IN-G3",
        "fieldIndex": 18,
        "tag": "336",
        "indicatorIndex": 1,
        "message": "Индикатор 2 поля 336 имеет недопустимое значение \"¹\"."
      }
    },
    "IN-G3: Индикатор 2 поля 300 имеет недопустимое значение \"\".": {
      "count": 3,
      "first": {
        "recordIndex": 1204719,
        "byteOffset": 1019943945,
        "rule": "IN-G3",
        "fieldIndex": 12,
        "tag": "300",
        "indicatorIndex": 1,
        "message": "Индикатор 2 поля 300 имеет недопустимое значение \"\"."
      }
    },
    "IN-G3: Индикатор 2 поля 520 имеет недопустимое значение \"²\".": {
      "count": 11,
      "first": {
        "recordIndex": 1204719,
        "byteOffset": 1019943945,
        "rule": "IN-G3",
        "fieldIndex": 14,
        "tag": "520",
        "indicatorIndex": 1,
        "message": "Индикатор 2 поля 520 имеет недопустимое значение \"²\"."
      }
    },
    "IN-G3: Индикатор 2 поля 336 имеет недопустимое значение \"\".": {
      "count": 1,
      "first": {
        "recordIndex": 1204719,
        "byteOffset": 1019943945,
        "rule": "IN-G3",
        "fieldIndex": 17,
        "tag": "336",
        "indicatorIndex": 1,
        "message": "Индикатор 2 поля 336 имеет недопустимое значение \"\"."
      }
    },
    "IN-G3: Индикатор 1 поля 337 имеет недопустимое значение \"»\".": {
      "count": 2,
      "first": {
        "recordIndex": 1204719,
        "byteOffset": 1019943945,
        "rule": "IN-G3",
        "fieldIndex": 18,
        "tag": "337",
        "indicatorIndex": 0,
        "message": "Индикатор 1 поля 337 имеет недопустимое значение \"»\"."
      }
    },
    "IN-G3: Индикатор 2 поля 300 имеет недопустимое значение \"´\".": {
      "count": 6,
      "first": {
        "recordIndex": 1204720,
        "byteOffset": 1019945298,
        "rule": "IN-G3",
        "fieldIndex": 11,
        "tag": "300",
        "indicatorIndex": 1,
        "message": "Индикатор 2 поля 300 имеет недопустимое значение \"´\"."
      }
    },
    "IN-G3: Индикатор 2 поля 500 имеет недопустимое значение \"\".": {
      "count": 1,
      "first": {
        "recordIndex": 1204720,
        "byteOffset": 1019945298,
        "rule": "IN-G3",
        "fieldIndex": 12,
        "tag": "500",
        "indicatorIndex": 1,
        "message": "Индикатор 2 поля 500 имеет недопустимое значение \"\"."
      }
    },
    "IN-G3: Индикатор 2 поля 504 имеет недопустимое значение \"¾\".": {
      "count": 3,
      "first": {
        "recordIndex": 1204720,
        "byteOffset": 1019945298,
        "rule": "IN-G3",
        "fieldIndex": 13,
        "tag": "504",
        "indicatorIndex": 1,
        "message": "Индикатор 2 поля 504 имеет недопустимое значение \"¾\"."
      }
    },
    "IN-G3: Индикатор 1 поля 546 имеет недопустимое значение \"»\".": {
      "count": 1,
      "first": {
        "recordIndex": 1204720,
        "byteOffset": 1019945298,
        "rule": "IN-G3",
        "fieldIndex": 15,
        "tag": "546",
        "indicatorIndex": 0,
        "message": "Индикатор 1 поля 546 имеет недопустимое значение \"»\"."
      }
    },
    "IN-G3: Индикатор 2 поля 546 имеет недопустимое значение \"Ñ\".": {
      "count": 2,
      "first": {
        "recordIndex": 1204720,
        "byteOffset": 1019945298,
        "rule": "IN-G3",
        "fieldIndex": 15,
        "tag": "546",
        "indicatorIndex": 1,
        "message": "Индикатор 2 поля 546 имеет недопустимое значение \"Ñ\"."
      }
    },
    "IN-G3: Индикатор 2 поля 337 имеет недопустимое значение \"»\".": {
      "count": 5,
      "first": {
        "recordIndex": 1204720,
        "byteOffset": 1019945298,
        "rule": "IN-G3",
        "fieldIndex": 20,
        "tag": "337",
        "indicatorIndex": 1,
        "message": "Индикатор 2 поля 337 имеет недопустимое значение \"»\"."
      }
    },
    "IN-G3: Индикатор 1 поля 500 имеет недопустимое значение \"¾\".": {
      "count": 3,
      "first": {
        "recordIndex": 1204721,
        "byteOffset": 1019946542,
        "rule": "IN-G3",
        "fieldIndex": 12,
        "tag": "500",
        "indicatorIndex": 0,
        "message": "Индикатор 1 поля 500 имеет недопустимое значение \"¾\"."
      }
    },
    "IN-G3: Индикатор 1 поля 650 имеет недопустимое значение \")\".": {
      "count": 2,
      "first": {
        "recordIndex": 1204721,
        "byteOffset": 1019946542,
        "rule": "IN-G3",
        "fieldIndex": 16,
        "tag": "650",
        "indicatorIndex": 0,
        "message": "Индикатор 1 поля 650 имеет недопустимое значение \")\"."
      }
    },
    "IN-G3: Индикатор 2 поля 700 имеет недопустимое значение \"»\".": {
      "count": 6,
      "first": {
        "recordIndex": 1204721,
        "byteOffset": 1019946542,
        "rule": "IN-G3",
        "fieldIndex": 19,
        "tag": "700",
        "indicatorIndex": 1,
        "message": "Индикатор 2 поля 700 имеет недопустимое значение \"»\"."
      }
    },
    "IN-G3: Индикатор 1 поля 336 имеет недопустимое значение \"\".": {
      "count": 1,
      "first": {
        "recordIndex": 1204721,
        "byteOffset": 1019946542,
        "rule": "IN-G3",
        "fieldIndex": 23,
        "tag": "336",
        "indicatorIndex": 0,
        "message": "Индикатор 1 поля 336 имеет недопустимое значение \"\"."
      }
    },
    "IN-G3: Индикатор 1 поля 245 имеет недопустимое значение \"\".": {
      "count": 1,
      "first": {
        "recordIndex": 1204722,
        "byteOffset": 1019948098,
        "rule": "IN-G3",
        "fieldIndex": 10,
        "tag": "245",
        "indicatorIndex": 0,
        "message": "Индикатор 1 поля 245 имеет недопустимое значение \"\"."
      }
    },
    "IN-G3: Индикатор 2 поля 504 имеет недопустимое значение \"\".": {
      "count": 1,
      "first": {
        "recordIndex": 1204722,
        "byteOffset": 1019948098,
        "rule": "IN-G3",
        "fieldIndex": 13,
        "tag": "504",
        "indicatorIndex": 1,
        "message": "Индикатор 2 поля 504 имеет недопустимое значение \"\"."
      }
    },
    "IN-G3: Индикатор 1 поля 337 имеет недопустимое значение \"\".": {
      "count": 8,
      "first": {
        "recordIndex": 1204722,
        "byteOffset": 1019948098,
        "rule": "IN-G3",
        "fieldIndex": 19,
        "tag": "337",
        "indicatorIndex": 0,
        "message": "Индикатор 1 поля 337 имеет недопустимое значение \"\"."
      }
    },
    "IN-G3: Индикатор 1 поля 260 имеет недопустимое значение \"º\".": {
      "count": 6,
      "first": {
        "recordIndex": 1204723,
        "byteOffset": 1019949457,
        "rule": "IN-G3",
        "fieldIndex": 10,
        "tag": "260",
        "indicatorIndex": 0,
        "message": "Индикатор 1 поля 260 имеет недопустимое значение \"º\"."
      }
    },
    "IN-G3: Индикатор 1 поля 300 имеет недопустимое значение \"¸\".": {
      "count": 14,
      "first": {
        "recordIndex": 1204723,
        "byteOffset": 1019949457,
        "rule": "IN-G3",
        "fieldIndex": 11,
        "tag": "300",
        "indicatorIndex": 0,
        "message": "Индикатор 1 поля 300 имеет недопустимое значение \"¸\"."
      }
    },
    "IN-G3: Индикатор 1 поля 500 имеет недопустимое значение \"\".": {
      "count": 2,
      "first": {
        "recordIndex": 1204723,
        "byteOffset": 1019949457,
        "rule": "IN-G3",
        "fieldIndex": 12,
        "tag": "500",
        "indicatorIndex": 0,
        "message": "Индикатор 1 поля 500 имеет недопустимое значение \"\"."
      }
    },
    "IN-G3: Индикатор 2 поля 504 имеет недопустимое значение \"°\".": {
      "count": 2,
      "first": {
        "recordIndex": 1204723,
        "byteOffset": 1019949457,
        "rule": "IN-G3",
        "fieldIndex": 13,
        "tag": "504",
        "indicatorIndex": 1,
        "message": "Индикатор 2 поля 504 имеет недопустимое значение \"°\"."
      }
    },
    "IN-G3: Индикатор 1 поля 546 имеет недопустимое значение \".\".": {
      "count": 1,
      "first": {
        "recordIndex": 1204723,
        "byteOffset": 1019949457,
        "rule": "IN-G3",
        "fieldIndex": 15,
        "tag": "546",
        "indicatorIndex": 0,
        "message": "Индикатор 1 поля 546 имеет недопустимое значение \".\"."
      }
    },
    "IN-G3: Индикатор 2 поля 546 имеет недопустимое значение \"\\u001e\".": {
      "count": 1,
      "first": {
        "recordIndex": 1204723,
        "byteOffset": 1019949457,
        "rule": "IN-G3",
        "fieldIndex": 15,
        "tag": "546",
        "indicatorIndex": 1,
        "message": "Индикатор 2 поля 546 имеет недопустимое значение \"\\u001e\"."
      }
    },
    "IN-G3: Индикатор 1 поля 337 имеет недопустимое значение \"±\".": {
      "count": 7,
      "first": {
        "recordIndex": 1204723,
        "byteOffset": 1019949457,
        "rule": "IN-G3",
        "fieldIndex": 22,
        "tag": "337",
        "indicatorIndex": 0,
        "message": "Индикатор 1 поля 337 имеет недопустимое значение \"±\"."
      }
    },
    "IN-G3: Индикатор 1 поля 260 имеет недопустимое значение \"½\".": {
      "count": 5,
      "first": {
        "recordIndex": 1204724,
        "byteOffset": 1019951107,
        "rule": "IN-G3",
        "fieldIndex": 10,
        "tag": "260",
        "indicatorIndex": 0,
        "message": "Индикатор 1 поля 260 имеет недопустимое значение \"½\"."
      }
    },
    "IN-G3: Индикатор 2 поля 300 имеет недопустимое значение \"\".": {
      "count": 5,
      "first": {
        "recordIndex": 1204724,
        "byteOffset": 1019951107,
        "rule": "IN-G3",
        "fieldIndex": 11,
        "tag": "300",
        "indicatorIndex": 1,
        "message": "Индикатор 2 поля 300 имеет недопустимое значение \"\"."
      }
    },
    "IN-G3: Индикатор 1 поля 504 имеет недопустимое значение \"º\".": {
      "count": 1,
      "first": {
        "recordIndex": 1204724,
        "byteOffset": 1019951107,
        "rule": "IN-G3",
        "fieldIndex": 13,
        "tag": "504",
        "indicatorIndex": 0,
        "message": "Индикатор 1 поля 504 имеет недопустимое значение \"º\"."
      }
    },
    "IN-G3: Индикатор 2 поля 700 имеет недопустимое значение \"\".": {
      "count": 4,
      "first": {
        "recordIndex": 1204724,
        "byteOffset": 1019951107,
        "rule": "IN-G3",
        "fieldIndex": 18,
        "tag": "700",
        "indicatorIndex": 1,
        "message": "Индикатор 2 поля 700 имеет недопустимое значение \"\"."
      }
    },
    "IN-G3: Индикатор 2 поля 710 имеет недопустимое значение \"º\".": {
      "count": 2,
      "first": {
        "recordIndex": 1204724,
        "byteOffset": 1019951107,
        "rule": "IN-G3",
        "fieldIndex": 19,
        "tag": "710",
        "indicatorIndex": 1,
        "message": "Индикатор 2 поля 710 имеет недопустимое значение \"º\"."
      }
    },
    "IN-G3: Индикатор 1 поля 336 имеет недопустимое значение \"¾\".": {
      "count": 12,
      "first": {
        "recordIndex": 1204724,
        "byteOffset": 1019951107,
        "rule": "IN-G3",
        "fieldIndex": 21,
        "tag": "336",
        "indicatorIndex": 0,
        "message": "Индикатор 1 поля 336 имеет недопустимое значение \"¾\"."
      }
    },
    "IN-G3: Индикатор 2 поля 337 имеет недопустимое значение \"\".": {
      "count": 1,
      "first": {
        "recordIndex": 1204724,
        "byteOffset": 1019951107,
        "rule": "IN-G3",
        "fieldIndex": 22,
        "tag": "337",
        "indicatorIndex": 1,
        "message": "Индикатор 2 поля 337 имеет недопустимое значение \"\"."
      }
    },
    "IN-G3: Индикатор 1 поля 650 имеет недопустимое значение \",\".": {
      "count": 5,
      "first": {
        "recordIndex": 1204725,
        "byteOffset": 1019952698,
        "rule": "IN-G3",
        "fieldIndex": 16,
        "tag": "650",
        "indicatorIndex": 0,
        "message": "Индикатор 1 поля 650 имеет недопустимое значение \",\"."
      }
    },
    "IN-G3: Индикатор 1 поля 336 имеет недопустимое значение \"²\".": {
      "count": 8,
      "first": {
        "recordIndex": 1204725,
        "byteOffset": 1019952698,
        "rule": "IN-G3",
        "fieldIndex": 19,
        "tag": "336",
        "indicatorIndex": 0,
        "message": "Индикатор 1 поля 336 имеет недопустимое значение \"²\"."
      }
    },
    "IN-G3: Индикатор 1 поля 250 имеет недопустимое значение \"´\".": {
      "count": 1,
      "first": {
        "recordIndex": 1204726,
        "byteOffset": 1019954177,
        "rule": "IN-G3",
        "fieldIndex": 11,
        "tag": "250",
        "indicatorIndex": 0,
        "message": "Индикатор 1 поля 250 имеет недопустимое значение \"´\"."
      }
    },
    "IN-G3: Индикатор 1 поля 300 имеет недопустимое значение \"]\".": {
      "count": 2,
      "first": {
        "recordIndex": 1204726,
        "byteOffset": 1019954177,
        "rule": "IN-G3",
        "fieldIndex": 13,
        "tag": "300",
        "indicatorIndex": 0,
        "message": "Индикатор 1 поля 300 имеет недопустимое значение \"]\"."
      }
    },
    "IN-G3: Индикатор 1 поля 700 имеет недопустимое значение \"\".": {
      "count": 8,
      "first": {
        "recordIndex": 1204726,
        "byteOffset": 1019954177,
        "rule": "IN-G3",
        "fieldIndex": 19,
        "tag": "700",
        "indicatorIndex": 0,
        "message": "Индикатор 1 поля 700 имеет недопустимое значение \"\"."
      }
    },
    "IN-G3: Индикатор 1 поля 250 имеет недопустимое значение \"¾\".": {
      "count": 2,
      "first": {
        "recordIndex": 1204727,
        "byteOffset": 1019955319,
        "rule": "IN-G3",
        "fieldIndex": 11,
        "tag": "250",
        "indicatorIndex": 0,
        "message": "Индикатор 1 поля 250 имеет недопустимое значение \"¾\"."
      }
    },
    "IN-G3: Индикатор 2 поля 260 имеет недопустимое значение \"\".": {
      "count": 12,
      "first": {
        "recordIndex": 1204727,
        "byteOffset": 1019955319,
        "rule": "IN-G3",
        "fieldIndex": 12,
        "tag": "260",
        "indicatorIndex": 1,
        "message": "Индикатор 2 поля 260 имеет недопустимое значение \"\"."
      }
    },
    "IN-G3: Индикатор 1 поля 300 имеет недопустимое значение \"\".": {
      "count": 7,
      "first": {
        "recordIndex": 1204727,
        "byteOffset": 1019955319,
        "rule": "IN-G3",
        "fieldIndex": 13,
        "tag": "300",
        "indicatorIndex": 0,
        "message": "Индикатор 1 поля 300 имеет недопустимое значение \"\"."
      }
    },
    "IN-G3: Индикатор 1 поля 504 имеет недопустимое значение \"\".": {
      "count": 4,
      "first": {
        "recordIndex": 1204727,
        "byteOffset": 1019955319,
        "rule": "IN-G3",
        "fieldIndex": 14,
        "tag": "504",
        "indicatorIndex": 0,
        "message": "Индикатор 1 поля 504 имеет недопустимое значение \"\"."
      }
    },
    "IN-G3: Индикатор 2 поля 504 имеет недопустимое значение \".\".": {
      "count": 4,
      "first": {
        "recordIndex": 1204727,
        "byteOffset": 1019955319,
        "rule": "IN-G3",
        "fieldIndex": 14,
        "tag": "504",
        "indicatorIndex": 1,
        "message": "Индикатор 2 поля 504 имеет недопустимое значение \".\"."
      }
    },
    "IN-G3: Индикатор 1 поля 520 имеет недопустимое значение \"·\".": {
      "count": 1,
      "first": {
        "recordIndex": 1204727,
        "byteOffset": 1019955319,
        "rule": "IN-G3",
        "fieldIndex": 15,
        "tag": "520",
        "indicatorIndex": 0,
        "message": "Индикатор 1 поля 520 имеет недопустимое значение \"·\"."
      }
    },
    "IN-G3: Индикатор 2 поля 912 имеет недопустимое значение \"\".": {
      "count": 2,
      "first": {
        "recordIndex": 1204727,
        "byteOffset": 1019955319,
        "rule": "IN-G3",
        "fieldIndex": 18,
        "tag": "912",
        "indicatorIndex": 1,
        "message": "Индикатор 2 поля 912 имеет недопустимое значение \"\"."
      }
    },
    "IN-G3: Индикатор 1 поля 336 имеет недопустимое значение \"\".": {
      "count": 4,
      "first": {
        "recordIndex": 1204727,
        "byteOffset": 1019955319,
        "rule": "IN-G3",
        "fieldIndex": 19,
        "tag": "336",
        "indicatorIndex": 0,
        "message": "Индикатор 1 поля 336 имеет недопустимое значение \"\"."
      }
    },
    "IN-G3: Индикатор 1 поля 337 имеет недопустимое значение \"´\".": {
      "count": 6,
      "first": {
        "recordIndex": 1204727,
        "byteOffset": 1019955319,
        "rule": "IN-G3",
        "fieldIndex": 20,
        "tag": "337",
        "indicatorIndex": 0,
        "message": "Индикатор 1 поля 337 имеет недопустимое значение \"´\"."
      }
    },
    "IN-G3: Индикатор 2 поля 500 имеет недопустимое значение \"(\".": {
      "count": 1,
      "first": {
        "recordIndex": 1204728,
        "byteOffset": 1019957090,
        "rule": "IN-G3",
        "fieldIndex": 12,
        "tag": "500",
        "indicatorIndex": 1,
        "message": "Индикатор 2 поля 500 имеет недопустимое значение \"(\"."
      }
    },
    "IN-G3: Индикатор 2 поля 504 имеет недопустимое значение \"\".": {
      "count": 2,
      "first": {
        "recordIndex": 1204728,
        "byteOffset": 1019957090,
        "rule": "IN-G3",
        "fieldIndex": 13,
        "tag": "504",
        "indicatorIndex": 1,
        "message": "Индикатор 2 поля 504 имеет недопустимое значение \"\"."
      }
    },
    "IN-G3: Индикатор 1 поля 520 имеет недопустимое значение \"\".": {
      "count": 1,
      "first": {
        "recordIndex": 1204728,
        "byteOffset": 1019957090,
        "rule": "IN-G3",
        "fieldIndex": 14,
        "tag": "520",
        "indicatorIndex": 0,
        "message": "Индикатор 1 поля 520 имеет недопустимое значение \"\"."
      }
    },
    "IN-G3: Индикатор 1 поля 546 имеет недопустимое значение \"\".": {
      "count": 1,
      "first": {
        "recordIndex": 1204728,
        "byteOffset": 1019957090,
        "rule": "IN-G3",
        "fieldIndex": 15,
        "tag": "546",
        "indicatorIndex": 0,
        "message": "Индикатор 1 поля 546 имеет недопустимое значение \"\"."
      }
    },
    "IN-G3: Индикатор 2 поля 710 имеет недопустимое значение \"\".": {
      "count": 1,
      "first": {
        "recordIndex": 1204728,
        "byteOffset": 1019957090,
        "rule": "IN-G3",
        "fieldIndex": 19,
        "tag": "710",
        "indicatorIndex": 1,
        "message": "Индикатор 2 поля 710 имеет недопустимое значение \"\"."
      }
    },
    "IN-G3: Индикатор 1 поля 336 имеет недопустимое значение \"\".": {
      "count": 4,
      "first": {
        "recordIndex": 1204728,
        "byteOffset": 1019957090,
        "rule": "IN-G3",
        "fieldIndex": 21,
        "tag": "336",
        "indicatorIndex": 0,
        "message": "Индикатор 1 поля 336 имеет недопустимое значение \"\"."
      }
    },
    "IN-G3: Индикатор 1 поля 504 имеет недопустимое значение \"\".": {
      "count": 2,
      "first": {
        "recordIndex": 1204729,
        "byteOffset": 1019959410,
        "rule": "IN-G3",
        "fieldIndex": 13,
        "tag": "504",
        "indicatorIndex": 0,
        "message": "Индикатор 1 поля 504 имеет недопустимое значение \"\"."
      }
    },
    "IN-G3: Индикатор 1 поля 337 имеет недопустимое значение \"¹\".": {
      "count": 1,
      "first": {
        "recordIndex": 1204729,
        "byteOffset": 1019959410,
        "rule": "IN-G3",
        "fieldIndex": 24,
        "tag": "337",
        "indicatorIndex": 0,
        "message": "Индикатор 1 поля 337 имеет недопустимое значение \"¹\"."
      }
    },
    "IN-G3: Индикатор 2 поля 337 имеет недопустимое значение \",\".": {
      "count": 3,
      "first": {
        "recordIndex": 1204729,
        "byteOffset": 1019959410,
        "rule": "IN-G3",
        "fieldIndex": 24,
        "tag": "337",
        "indicatorIndex": 1,
        "message": "Индикатор 2 поля 337 имеет недопустимое значение \",\"."
      }
    },
    "IN-G3: Индикатор 1 поля 245 имеет недопустимое значение \",\".": {
      "count": 7,
      "first": {
        "recordIndex": 1204730,
        "byteOffset": 1019961517,
        "rule": "IN-G3",
        "fieldIndex": 10,
        "tag": "245",
        "indicatorIndex": 0,
        "message": "Индикатор 1 поля 245 имеет недопустимое значение \",\"."
      }
    },
    "IN-G3: Индикатор 2 поля 300 имеет недопустимое значение \"³\".": {
      "count": 4,
      "first": {
        "recordIndex": 1204730,
        "byteOffset": 1019961517,
        "rule": "IN-G3",
        "fieldIndex": 12,
        "tag": "300",
        "indicatorIndex": 1,
        "message": "Индикатор 2 поля 300 имеет недопустимое значение \"³\"."
      }
    },
    "IN-G3: Индикатор 1 поля 490 имеет недопустимое значение \"\".": {
      "count": 3,
      "first": {
        "recordIndex": 1204730,
        "byteOffset": 1019961517,
        "rule": "IN-G3",
        "fieldIndex": 13,
        "tag": "490",
        "indicatorIndex": 0,
        "message": "Индикатор 1 поля 490 имеет недопустимое значение \"\"."
      }
    },
    "IN-G3: Индикатор 2 поля 490 имеет недопустимое значение \"Ñ\".": {
      "count": 26,
      "first": {
        "recordIndex": 1204730,
        "byteOffset": 1019961517,
        "rule": "IN-G3",
        "fieldIndex": 13,
        "tag": "490",
        "indicatorIndex": 1,
        "message": "Индикатор 2 поля 490 имеет недопустимое значение \"Ñ\"."
      }
    },
    "IN-G3: Индикатор 1 поля 650 имеет недопустимое значение \"³\".": {
      "count": 4,
      "first": {
        "recordIndex": 1204730,
        "byteOffset": 1019961517,
        "rule": "IN-G3",
        "fieldIndex": 18,
        "tag": "650",
        "indicatorIndex": 0,
        "message": "Индикатор 1 поля 650 имеет недопустимое значение \"³\"."
      }
    },
    "IN-G3: Индикатор 2 поля 337 имеет недопустимое значение \"\".": {
      "count": 11,
      "first": {
        "recordIndex": 1204730,
        "byteOffset": 1019961517,
        "rule": "IN-G3",
        "fieldIndex": 21,
        "tag": "337",
        "indicatorIndex": 1,
        "message": "Индикатор 2 поля 337 имеет недопустимое значение \"\"."
      }
    },
    "IN-G3: Индикатор 1 поля 300 имеет недопустимое значение \"\".": {
      "count": 5,
      "first": {
        "recordIndex": 1204731,
        "byteOffset": 1019963446,
        "rule": "IN-G3",
        "fieldIndex": 11,
        "tag": "300",
        "indicatorIndex": 0,
        "message": "Индикатор 1 поля 300 имеет недопустимое значение \"\"."
      }
    },
    "IN-G3: Индикатор 2 поля 500 имеет недопустимое значение \"µ\".": {
      "count": 5,
      "first": {
        "recordIndex": 1204731,
        "byteOffset": 1019963446,
        "rule": "IN-G3",
        "fieldIndex": 12,
        "tag": "500",
        "indicatorIndex": 1,
        "message": "Индикатор 2 поля 500 имеет недопустимое значение \"µ\"."
      }
    },
    "IN-G3: Индикатор 2 поля 504 имеет недопустимое значение \"¿\".": {
      "count": 1,
      "first": {
        "recordIndex": 1204731,
        "byteOffset": 1019963446,
        "rule": "IN-G3",
        "fieldIndex": 13,
        "tag": "504",
        "indicatorIndex": 1,
        "message": "Индикатор 2 поля 504 имеет недопустимое значение \"¿\"."
      }
    },
    "IN-G3: Индикатор 1 поля 700 имеет недопустимое значение \"-\".": {
      "count": 1,
      "first": {
        "recordIndex": 1204731,
        "byteOffset": 1019963446,
        "rule": "IN-G3",
        "fieldIndex": 17,
        "tag": "700",
        "indicatorIndex": 0,
        "message": "Индикатор 1 поля 700 имеет недопустимое значение \"-\"."
      }
    },
    "IN-G3: Индикатор 2 поля 710 имеет недопустимое значение \"\".": {
      "count": 1,
      "first": {
        "recordIndex": 1204731,
        "byteOffset": 1019963446,
        "rule": "IN-G3",
        "fieldIndex": 19,
        "tag": "710",
        "indicatorIndex": 1,
        "message": "Индикатор 2 поля 710 имеет недопустимое значение \"\"."
      }
    },
    "IN-G3: Индикатор 2 поля 336 имеет недопустимое значение \"\".": {
      "count": 8,
      "first": {
        "recordIndex": 1204731,
        "byteOffset": 1019963446,
        "rule": "IN-G3",
        "fieldIndex": 21,
        "tag": "336",
        "indicatorIndex": 1,
        "message": "Индикатор 2 поля 336 имеет недопустимое значение \"\"."
      }
    },
    "IN-G3: Индикатор 1 поля 260 имеет недопустимое значение \" \".": {
      "count": 1,
      "first": {
        "recordIndex": 1204732,
        "byteOffset": 1019965656,
        "rule": "IN-G3",
        "fieldIndex": 10,
        "tag": "260",
        "indicatorIndex": 0,
        "message": "Индикатор 1 поля 260 имеет недопустимое значение \" \"."
      }
    },
    "IN-G3: Индикатор 2 поля 500 имеет недопустимое значение \"¿\".": {
      "count": 1,
      "first": {
        "recordIndex": 1204732,
        "byteOffset": 1019965656,
        "rule": "IN-G3",
        "fieldIndex": 13,
        "tag": "500",
        "indicatorIndex": 1,
        "message": "Индикатор 2 поля 500 имеет недопустимое значение \"¿\"."
      }
    },
    "IN-G3: Индикатор 2 поля 504 имеет недопустимое значение \"\".": {
      "count": 1,
      "first": {
        "recordIndex": 1204732,
        "byteOffset": 1019965656,
        "rule": "IN-G3",
        "fieldIndex": 14,
        "tag": "504",
        "indicatorIndex": 1,
        "message": "Индикатор 2 поля 504 имеет недопустимое значение \"\"."
      }
    },
    "IN-G3: Индикатор 2 поля 700 имеет недопустимое значение \"\".": {
      "count": 11,
      "first": {
        "recordIndex": 1204732,
        "byteOffset": 1019965656,
        "rule": "IN-G3",
        "fieldIndex": 21,
        "tag": "700",
        "indicatorIndex": 1,
        "message": "Индикатор 2 поля 700 имеет недопустимое значение \"\"."
      }
    },
    "IN-G3: Индикатор 2 поля 700 имеет недопустимое значение \"\".": {
      "count": 2,
      "first": {
        "recordIndex": 1204732,
        "byteOffset": 1019965656,
        "rule": "IN-G3",
        "fieldIndex": 22,
        "tag": "700",
        "indicatorIndex": 1,
        "message": "Индикатор 2 поля 700 имеет недопустимое значение \"\"."
      }
    },
    "IN-G3: Индикатор 2 поля 710 имеет недопустимое значение \"¾\".": {
      "count": 2,
      "first": {
        "recordIndex": 1204732,
        "byteOffset": 1019965656,
        "rule": "IN-G3",
        "fieldIndex": 23,
        "tag": "710",
        "indicatorIndex": 1,
        "message": "Индикатор 2 поля 710 имеет недопустимое значение \"¾\"."
      }
    },
    "IN-G3: Индикатор 1 поля 260 имеет недопустимое значение \".\".": {
      "count": 6,
      "first": {
        "recordIndex": 1204733,
        "byteOffset": 1019967775,
        "rule": "IN-G3",
        "fieldIndex": 11,
        "tag": "260",
        "indicatorIndex": 0,
        "message": "Индикатор 1 поля 260 имеет недопустимое значение \".\"."
      }
    },
    "IN-G3: Индикатор 2 поля 520 имеет недопустимое значение \"¸\".": {
      "count": 11,
      "first": {
        "recordIndex": 1204733,
        "byteOffset": 1019967775,
        "rule": "IN-G3",
        "fieldIndex": 14,
        "tag": "520",
        "indicatorIndex": 1,
        "message": "Индикатор 2 поля 520 имеет недопустимое значение \"¸\"."
      }
    },
    "IN-G3: Индикатор 1 поля 245 имеет недопустимое значение \"®\".": {
      "count": 1,
      "first": {
        "recordIndex": 1204734,
        "byteOffset": 1019969485,
        "rule": "IN-G3",
        "fieldIndex": 10,
        "tag": "245",
        "indicatorIndex": 0,
        "message": "Индикатор 1 поля 245 имеет недопустимое значение \"®\"."
      }
    },
    "IN-G3: Индикатор 1 поля 504 имеет недопустимое значение \"\".": {
      "count": 1,
      "first": {
        "recordIndex": 1204734,
        "byteOffset": 1019969485,
        "rule": "IN-G3",
        "fieldIndex": 13,
        "tag": "504",
        "indicatorIndex": 0,
        "message": "Индикатор 1 поля 504 имеет недопустимое значение \"\"."
      }
    },
    "IN-G3: Индикатор 1 поля 555 имеет недопустимое значение \"Ð\".": {
      "count": 4,
      "first": {
        "recordIndex": 1204734,
        "byteOffset": 1019969485,
        "rule": "IN-G3",
        "fieldIndex": 15,
        "tag": "555",
        "indicatorIndex": 0,
        "message": "Индикатор 1 поля 555 имеет недопустимое значение \"Ð\"."
      }
    },
    "IN-G3: Индикатор 2 поля 555 имеет недопустимое значение \"µ\".": {
      "count": 1,
      "first": {
        "recordIndex": 1204734,
        "byteOffset": 1019969485,
        "rule": "IN-G3",
        "fieldIndex": 15,
        "tag": "555",
        "indicatorIndex": 1,
        "message": "Индикатор 2 поля 555 имеет недопустимое значение \"µ\"."
      }
    },
    "IN-G3: Индикатор 2 поля 260 имеет недопустимое значение \"¹\".": {
      "count": 5,
      "first": {
        "recordIndex": 1204735,
        "byteOffset": 1019971071,
        "rule": "IN-G3",
        "fieldIndex": 10,
        "tag": "260",
        "indicatorIndex": 1,
        "message": "Индикатор 2 поля 260 имеет недопустимое значение \"¹\"."
      }
    },
    "IN-G3: Индикатор 1 поля 700 имеет недопустимое значение \"\".": {
      "count": 2,
      "first": {
        "recordIndex": 1204735,
        "byteOffset": 1019971071,
        "rule": "IN-G3",
        "fieldIndex": 14,
        "tag": "700",
        "indicatorIndex": 0,
        "message": "Индикатор 1 поля 700 имеет недопустимое значение \"\"."
      }
    },
    "IN-G3: Индикатор 2 поля 700 имеет недопустимое значение \",\".": {
      "count": 2,
      "first": {
        "recordIndex": 1204735,
        "byteOffset": 1019971071,
        "rule": "IN-G3",
        "fieldIndex": 14,
        "tag": "700",
        "indicatorIndex": 1,
        "message": "Индикатор 2 поля 700 имеет недопустимое значение \",\"."
      }
    },
    "SF-G4: Подполе 1 поля 336 имеет недопустимый код \"\".": {
      "count": 7,
      "first": {
        "recordIndex": 1204735,
        "byteOffset": 1019971071,
        "rule": "SF-G4",
        "fieldIndex": 16,
        "tag": "336",
        "subfieldIndex": 0,
        "message": "Подполе 1 поля 336 имеет недопустимый код \"\"."
      }
    },
    "IN-G3: Индикатор 2 поля 337 имеет недопустимое значение \"\".": {
      "count": 1,
      "first": {
        "recordIndex": 1204735,
        "byteOffset": 1019971071,
        "rule": "IN-G3",
        "fieldIndex": 17,
        "tag": "337",
        "indicatorIndex": 1,
        "message": "Индикатор 2 поля 337 имеет недопустимое значение \"\"."
      }
    },
    "IN-G3: Индикатор 1 поля 100 имеет недопустимое значение \"Ð\".": {
      "count": 2,
      "first": {
        "recordIndex": 1204736,
        "byteOffset": 1019971961,
        "rule": "IN-G3",
        "fieldIndex": 9,
        "tag": "100",
        "indicatorIndex": 0,
        "message": "Индикатор 1 поля 100 имеет недопустимое значение \"Ð\"."
      }
    },
    "IN-G3: Индикатор 2 поля 100 имеет недопустимое значение \"²\".": {
      "count": 1,
      "first": {
        "recordIndex": 1204736,
        "byteOffset": 1019971961,
        "rule": "IN-G3",
        "fieldIndex": 9,
        "tag": "100",
        "indicatorIndex": 1,
        "message": "Индикатор 2 поля 100 имеет недопустимое значение \"²\"."
      }
    },
    "IN-G3: Индикатор 2 поля 700 имеет недопустимое значение \"±\".": {
      "count": 4,
      "first": {
        "recordIndex": 1204736,
        "byteOffset": 1019971961,
        "rule": "IN-G3",
        "fieldIndex": 16,
        "tag": "700",
        "indicatorIndex": 1,
        "message": "Индикатор 2 поля 700 имеет недопустимое значение \"±\"."
      }
    },
    "IN-G3: Индикатор 2 поля 260 имеет недопустимое значение \"(\".": {
      "count": 1,
      "first": {
        "recordIndex": 1204737,
        "byteOffset": 1019973340,
        "rule": "IN-G3",
        "fieldIndex": 11,
        "tag": "260",
        "indicatorIndex": 1,
        "message": "Индикатор 2 поля 260 имеет недопустимое значение \"(\"."
      }
    },
    "IN-G3: Индикатор 2 поля 520 имеет недопустимое значение \"\".": {
      "count": 1,
      "first": {
        "recordIndex": 1204738,
        "byteOffset": 1019974833,
        "rule": "IN-G3",
        "fieldIndex": 14,
        "tag": "520",
        "indicatorIndex": 1,
        "message": "Индикатор 2 поля 520 имеет недопустимое значение \"\"."
      }
    },
    "IN-G3: Индикатор 1 поля 710 имеет недопустимое значение \"\".": {
      "count": 1,
      "first": {
        "recordIndex": 1204738,
        "byteOffset": 1019974833,
        "rule": "IN-G3",
        "fieldIndex": 20,
        "tag": "710",
        "indicatorIndex": 0,
        "message": "Индикатор 1 поля 710 имеет недопустимое значение \"\"."
      }
    },
    "IN-G3: Индикатор 2 поля 912 имеет недопустимое значение \"\".": {
      "count": 8,
      "first": {
        "recordIndex": 1204738,
        "byteOffset": 1019974833,
        "rule": "IN-G3",
        "fieldIndex": 21,
        "tag": "912",
        "indicatorIndex": 1,
        "message": "Индикатор 2 поля 912 имеет недопустимое значение \"\"."
      }
    },
    "IN-G3: Индикатор 2 поля 337 имеет недопустимое значение \"\".": {
      "count": 1,
      "first": {
        "recordIndex": 1204738,
        "byteOffset": 1019974833,
        "rule": "IN-G3",
        "fieldIndex": 23,
        "tag": "337",
        "indicatorIndex": 1,
        "message": "Индикатор 2 поля 337 имеет недопустимое значение \"\"."
      }
    },
    "IN-G3: Индикатор 1 поля 020 имеет недопустимое значение \"Ð\".": {
      "count": 4,
      "first": {
        "recordIndex": 1204739,
        "byteOffset": 1019976374,
        "rule": "IN-G3",
        "fieldIndex": 6,
        "tag": "020",
        "indicatorIndex": 0,
        "message": "Индикатор 1 поля 020 имеет недопустимое значение \"Ð\"."
      }
    },
    "IN-G3: Индикатор 2 поля 020 имеет недопустимое значение \"º\".": {
      "count": 4,
      "first": {
        "recordIndex": 1204739,
        "byteOffset": 1019976374,
        "rule": "IN-G3",
        "fieldIndex": 6,
        "tag": "020",
        "indicatorIndex": 1,
        "message": "Индикатор 2 поля 020 имеет недопустимое значение \"º\"."
      }
    },
    "IN-G3: Индикатор 2 поля 080 имеет недопустимое значение \".\".": {
      "count": 1,
      "first": {
        "recordIndex": 1204739,
        "byteOffset": 1019976374,
        "rule": "IN-G3",
        "fieldIndex": 11,
        "tag": "080",
        "indicatorIndex": 1,
        "message": "Индикатор 2 поля 080 имеет недопустимое значение \".\"."
      }
    },
    "DF-G2: Поле 100 содержит 0 индикатор(а), ожидалось 2.": {
      "count": 40,
      "first": {
        "recordIndex": 1204739,
        "byteOffset": 1019976374,
        "rule": "DF-G2",
        "fieldIndex": 12,
        "tag": "100",
        "message": "Поле 100 содержит 0 индикатор(а), ожидалось 2."
      }
    },
    "IN-G3: Индикатор 1 поля 245 имеет недопустимое значение \"µ\".": {
      "count": 4,
      "first": {
        "recordIndex": 1204739,
        "byteOffset": 1019976374,
        "rule": "IN-G3",
        "fieldIndex": 13,
        "tag": "245",
        "indicatorIndex": 0,
        "message": "Индикатор 1 поля 245 имеет недопустимое значение \"µ\"."
      }
    },
    "IN-G3: Индикатор 1 поля 490 имеет недопустимое значение \"Ð\".": {
      "count": 75,
      "first": {
        "recordIndex": 1204739,
        "byteOffset": 1019976374,
        "rule": "IN-G3",
        "fieldIndex": 16,
        "tag": "490",
        "indicatorIndex": 0,
        "message": "Индикатор 1 поля 490 имеет недопустимое значение \"Ð\"."
      }
    },
    "IN-G3: Индикатор 2 поля 490 имеет недопустимое значение \"²\".": {
      "count": 8,
      "first": {
        "recordIndex": 1204739,
        "byteOffset": 1019976374,
        "rule": "IN-G3",
        "fieldIndex": 16,
        "tag": "490",
        "indicatorIndex": 1,
        "message": "Индикатор 2 поля 490 имеет недопустимое значение \"²\"."
      }
    },
    "IN-G3: Индикатор 1 поля 500 имеет недопустимое значение \"²\".": {
      "count": 1,
      "first": {
        "recordIndex": 1204739,
        "byteOffset": 1019976374,
        "rule": "IN-G3",
        "fieldIndex": 17,
        "tag": "500",
        "indicatorIndex": 0,
        "message": "Индикатор 1 поля 500 имеет недопустимое значение \"²\"."
      }
    },
    "IN-G3: Индикатор 1 поля 520 имеет недопустимое значение \"\".": {
      "count": 6,
      "first": {
        "recordIndex": 1204739,
        "byteOffset": 1019976374,
        "rule": "IN-G3",
        "fieldIndex": 18,
        "tag": "520",
        "indicatorIndex": 0,
        "message": "Индикатор 1 поля 520 имеет недопустимое значение \"\"."
      }
    },
    "IN-G3: Индикатор 2 поля 600 имеет недопустимое значение \"¼\".": {
      "count": 2,
      "first": {
        "recordIndex": 1204739,
        "byteOffset": 1019976374,
        "rule": "IN-G3",
        "fieldIndex": 19,
        "tag": "600",
        "indicatorIndex": 1,
        "message": "Индикатор 2 поля 600 имеет недопустимое значение \"¼\"."
      }
    },
    "IN-G3: Индикатор 1 поля 700 имеет недопустимое значение \"\".": {
      "count": 8,
      "first": {
        "recordIndex": 1204739,
        "byteOffset": 1019976374,
        "rule": "IN-G3",
        "fieldIndex": 24,
        "tag": "700",
        "indicatorIndex": 0,
        "message": "Индикатор 1 поля 700 имеет недопустимое значение \"\"."
      }
    },
    "IN-G3: Индикатор 2 поля 912 имеет недопустимое значение \"¼\".": {
      "count": 5,
      "first": {
        "recordIndex": 1204739,
        "byteOffset": 1019976374,
        "rule": "IN-G3",
        "fieldIndex": 25,
        "tag": "912",
        "indicatorIndex": 1,
        "message": "Индикатор 2 поля 912 имеет недопустимое значение \"¼\"."
      }
    },
    "IN-G3: Индикатор 1 поля 337 имеет недопустимое значение \"\".": {
      "count": 2,
      "first": {
        "recordIndex": 1204739,
        "byteOffset": 1019976374,
        "rule": "IN-G3",
        "fieldIndex": 27,
        "tag": "337",
        "indicatorIndex": 0,
        "message": "Индикатор 1 поля 337 имеет недопустимое значение \"\"."
      }
    },
    "IN-G3: Индикатор 1 поля 710 имеет недопустимое значение \"\".": {
      "count": 1,
      "first": {
        "recordIndex": 1204740,
        "byteOffset": 1019978241,
        "rule": "IN-G3",
        "fieldIndex": 16,
        "tag": "710",
        "indicatorIndex": 0,
        "message": "Индикатор 1 поля 710 имеет недопустимое значение \"\"."
      }
    },
    "IN-G3: Индикатор 2 поля 337 имеет недопустимое значение \"º\".": {
      "count": 9,
      "first": {
        "recordIndex": 1204741,
        "byteOffset": 1019979822,
        "rule": "IN-G3",
        "fieldIndex": 21,
        "tag": "337",
        "indicatorIndex": 1,
        "message": "Индикатор 2 поля 337 имеет недопустимое значение \"º\"."
      }
    },
    "IN-G3: Индикатор 1 поля 336 имеет недопустимое значение \"§\".": {
      "count": 1,
      "first": {
        "recordIndex": 1204742,
        "byteOffset": 1019981120,
        "rule": "IN-G3",
        "fieldIndex": 14,
        "tag": "336",
        "indicatorIndex": 0,
        "message": "Индикатор 1 поля 336 имеет недопустимое значение \"§\"."
      }
    },
    "IN-G3: Индикатор 1 поля 650 имеет недопустимое значение \"\".": {
      "count": 15,
      "first": {
        "recordIndex": 1204743,
        "byteOffset": 1019981935,
        "rule": "IN-G3",
        "fieldIndex": 13,
        "tag": "650",
        "indicatorIndex": 0,
        "message": "Индикатор 1 поля 650 имеет недопустимое значение \"\"."
      }
    },
    "IN-G3: Индикатор 2 поля 773 имеет недопустимое значение \"\".": {
      "count": 1,
      "first": {
        "recordIndex": 1204743,
        "byteOffset": 1019981935,
        "rule": "IN-G3",
        "fieldIndex": 14,
        "tag": "773",
        "indicatorIndex": 1,
        "message": "Индикатор 2 поля 773 имеет недопустимое значение \"\"."
      }
    },
    "IN-G3: Индикатор 2 поля 912 имеет недопустимое значение \"±\".": {
      "count": 2,
      "first": {
        "recordIndex": 1204743,
        "byteOffset": 1019981935,
        "rule": "IN-G3",
        "fieldIndex": 15,
        "tag": "912",
        "indicatorIndex": 1,
        "message": "Индикатор 2 поля 912 имеет недопустимое значение \"±\"."
      }
    },
    "IN-G3: Индикатор 1 поля 505 имеет недопустимое значение \"»\".": {
      "count": 1,
      "first": {
        "recordIndex": 1204744,
        "byteOffset": 1019983697,
        "rule": "IN-G3",
        "fieldIndex": 13,
        "tag": "505",
        "indicatorIndex": 0,
        "message": "Индикатор 1 поля 505 имеет недопустимое значение \"»\"."
      }
    },
    "IN-G3: Индикатор 2 поля 505 имеет недопустимое значение \"Ð\".": {
      "count": 10,
      "first": {
        "recordIndex": 1204744,
        "byteOffset": 1019983697,
        "rule": "IN-G3",
        "fieldIndex": 13,
        "tag": "505",
        "indicatorIndex": 1,
        "message": "Индикатор 2 поля 505 имеет недопустимое значение \"Ð\"."
      }
    },
    "IN-G3: Индикатор 2 поля 700 имеет недопустимое значение \"½\".": {
      "count": 13,
      "first": {
        "recordIndex": 1204744,
        "byteOffset": 1019983697,
        "rule": "IN-G3",
        "fieldIndex": 15,
        "tag": "700",
        "indicatorIndex": 1,
        "message": "Индикатор 2 поля 700 имеет недопустимое значение \"½\"."
      }
    },
    "IN-G3: Индикатор 2 поля 337 имеет недопустимое значение \"\".": {
      "count": 2,
      "first": {
        "recordIndex": 1204744,
        "byteOffset": 1019983697,
        "rule": "IN-G3",
        "fieldIndex": 18,
        "tag": "337",
        "indicatorIndex": 1,
        "message": "Индикатор 2 поля 337 имеет недопустимое значение \"\"."
      }
    },
    "IN-G3: Индикатор 1 поля 260 имеет недопустимое значение \"»\".": {
      "count": 6,
      "first": {
        "recordIndex": 1204745,
        "byteOffset": 1019985554,
        "rule": "IN-G3",
        "fieldIndex": 11,
        "tag": "260",
        "indicatorIndex": 0,
        "message": "Индикатор 1 поля 260 имеет недопустимое значение \"»\"."
      }
    },
    "IN-G3: Индикатор 2 поля 504 имеет недопустимое значение \"´\".": {
      "count": 1,
      "first": {
        "recordIndex": 1204745,
        "byteOffset": 1019985554,
        "rule": "IN-G3",
        "fieldIndex": 13,
        "tag": "504",
        "indicatorIndex": 1,
        "message": "Индикатор 2 поля 504 имеет недопустимое значение \"´\"."
      }
    },
    "IN-G3: Индикатор 1 поля 520 имеет недопустимое значение \"¾\".": {
      "count": 9,
      "first": {
        "recordIndex": 1204745,
        "byteOffset": 1019985554,
        "rule": "IN-G3",
        "fieldIndex": 14,
        "tag": "520",
        "indicatorIndex": 0,
        "message": "Индикатор 1 поля 520 имеет недопустимое значение \"¾\"."
      }
    },
    "IN-G3: Индикатор 1 поля 650 имеет недопустимое значение \"\".": {
      "count": 7,
      "first": {
        "recordIndex": 1204745,
        "byteOffset": 1019985554,
        "rule": "IN-G3",
        "fieldIndex": 18,
        "tag": "650",
        "indicatorIndex": 0,
        "message": "Индикатор 1 поля 650 имеет недопустимое значение \"\"."
      }
    },
    "IN-G3: Индикатор 1 поля 260 имеет недопустимое значение \"¿\".": {
      "count": 1,
      "first": {
        "recordIndex": 1204746,
        "byteOffset": 1019987780,
        "rule": "IN-G3",
        "fieldIndex": 11,
        "tag": "260",
        "indicatorIndex": 0,
        "message": "Индикатор 1 поля 260 имеет недопустимое значение \"¿\"."
      }
    },
    "IN-G3: Индикатор 1 поля 300 имеет недопустимое значение \";\".": {
      "count": 3,
      "first": {
        "recordIndex": 1204746,
        "byteOffset": 1019987780,
        "rule": "IN-G3",
        "fieldIndex": 12,
        "tag": "300",
        "indicatorIndex": 0,
        "message": "Индикатор 1 поля 300 имеет недопустимое значение \";\"."
      }
    },
    "IN-G3: Индикатор 1 поля 500 имеет недопустимое значение \"\".": {
      "count": 1,
      "first": {
        "recordIndex": 1204746,
        "byteOffset": 1019987780,
        "rule": "IN-G3",
        "fieldIndex": 13,
        "tag": "500",
        "indicatorIndex": 0,
        "message": "Индикатор 1 поля 500 имеет недопустимое значение \"\"."
      }
    },
    "DF-G2: Поле 337 содержит 0 индикатор(а), ожидалось 2.": {
      "count": 7,
      "first": {
        "recordIndex": 1204746,
        "byteOffset": 1019987780,
        "rule": "DF-G2",
        "fieldIndex": 19,
        "tag": "337",
        "message": "Поле 337 содержит 0 индикатор(а), ожидалось 2."
      }
    },
    "IN-G3: Индикатор 1 поля 260 имеет недопустимое значение \"¼\".": {
      "count": 2,
      "first": {
        "recordIndex": 1204747,
        "byteOffset": 1019989205,
        "rule": "IN-G3",
        "fieldIndex": 11,
        "tag": "260",
        "indicatorIndex": 0,
        "message": "Индикатор 1 поля 260 имеет недопустимое значение \"¼\"."
      }
    },
    "IN-G3: Индикатор 1 поля 520 имеет недопустимое значение \"´\".": {
      "count": 5,
      "first": {
        "recordIndex": 1204747,
        "byteOffset": 1019989205,
        "rule": "IN-G3",
        "fieldIndex": 14,
        "tag": "520",
        "indicatorIndex": 0,
        "message": "Индикатор 1 поля 520 имеет недопустимое значение \"´\"."
      }
    },
    "IN-G3: Индикатор 1 поля 912 имеет недопустимое значение \",\".": {
      "count": 7,
      "first": {
        "recordIndex": 1204747,
        "byteOffset": 1019989205,
        "rule": "IN-G3",
        "fieldIndex": 19,
        "tag": "912",
        "indicatorIndex": 0,
        "message": "Индикатор 1 поля 912 имеет недопустимое значение \",\"."
      }
    },
    "DF-G2: Поле 504 содержит 1 индикатор(а), ожидалось 2.": {
      "count": 1,
      "first": {
        "recordIndex": 1204748,
        "byteOffset": 1019990939,
        "rule": "DF-G2",
        "fieldIndex": 13,
        "tag": "504",
        "message": "Поле 504 содержит 1 индикатор(а), ожидалось 2."
      }
    },
    "IN-G3: Индикатор 1 поля 520 имеет недопустимое значение \"\".": {
      "count": 2,
      "first": {
        "recordIndex": 1204748,
        "byteOffset": 1019990939,
        "rule": "IN-G3",
        "fieldIndex": 14,
        "tag": "520",
        "indicatorIndex": 0,
        "message": "Индикатор 1 поля 520 имеет недопустимое значение \"\"."
      }
    },
    "IN-G3: Индикатор 1 поля 546 имеет недопустимое значение \"Ð\".": {
      "count": 6,
      "first": {
        "recordIndex": 1204748,
        "byteOffset": 1019990939,
        "rule": "IN-G3",
        "fieldIndex": 15,
        "tag": "546",
        "indicatorIndex": 0,
        "message": "Индикатор 1 поля 546 имеет недопустимое значение \"Ð\"."
      }
    },
    "IN-G3: Индикатор 2 поля 546 имеет недопустимое значение \"»\".": {
      "count": 1,
      "first": {
        "recordIndex": 1204748,
        "byteOffset": 1019990939,
        "rule": "IN-G3",
        "fieldIndex": 15,
        "tag": "546",
        "indicatorIndex": 1,
        "message": "Индикатор 2 поля 546 имеет недопустимое значение \"»\"."
      }
    },
    "IN-G3: Индикатор 2 поля 260 имеет недопустимое значение \"¿\".": {
      "count": 2,
      "first": {
        "recordIndex": 1204749,
        "byteOffset": 1019992626,
        "rule": "IN-G3",
        "fieldIndex": 10,
        "tag": "260",
        "indicatorIndex": 1,
        "message": "Индикатор 2 поля 260 имеет недопустимое значение \"¿\"."
      }
    },
    "IN-G3: Индикатор 1 поля 520 имеет недопустимое значение \"»\".": {
      "count": 7,
      "first": {
        "recordIndex": 1204749,
        "byteOffset": 1019992626,
        "rule": "IN-G3",
        "fieldIndex": 14,
        "tag": "520",
        "indicatorIndex": 0,
        "message": "Индикатор 1 поля 520 имеет недопустимое значение \"»\"."
      }
    },
    "IN-G3: Индикатор 1 поля 600 имеет недопустимое значение \"Ñ\".": {
      "count": 4,
      "first": {
        "recordIndex": 1204749,
        "byteOffset": 1019992626,
        "rule": "IN-G3",
        "fieldIndex": 15,
        "tag": "600",
        "indicatorIndex": 0,
        "message": "Индикатор 1 поля 600 имеет недопустимое значение \"Ñ\"."
      }
    },
    "IN-G3: Индикатор 2 поля 600 имеет недопустимое значение \"\".": {
      "count": 1,
      "first": {
        "recordIndex": 1204749,
        "byteOffset": 1019992626,
        "rule": "IN-G3",
        "fieldIndex": 15,
        "tag": "600",
        "indicatorIndex": 1,
        "message": "Индикатор 2 поля 600 имеет недопустимое значение \"\"."
      }
    },
    "IN-G3: Индикатор 2 поля 650 имеет недопустимое значение \"¶\".": {
      "count": 2,
      "first": {
        "recordIndex": 1204749,
        "byteOffset": 1019992626,
        "rule": "IN-G3",
        "fieldIndex": 16,
        "tag": "650",
        "indicatorIndex": 1,
        "message": "Индикатор 2 поля 650 имеет недопустимое значение \"¶\"."
      }
    },
    "IN-G3: Индикатор 2 поля 336 имеет недопустимое значение \"¨\".": {
      "count": 1,
      "first": {
        "recordIndex": 1204749,
        "byteOffset": 1019992626,
        "rule": "IN-G3",
        "fieldIndex": 21,
        "tag": "336",
        "indicatorIndex": 1,
        "message": "Индикатор 2 поля 336 имеет недопустимое значение \"¨\"."
      }
    },
    "IN-G3: Индикатор 1 поля 337 имеет недопустимое значение \"\".": {
      "count": 4,
      "first": {
        "recordIndex": 1204749,
        "byteOffset": 1019992626,
        "rule": "IN-G3",
        "fieldIndex": 22,
        "tag": "337",
        "indicatorIndex": 0,
        "message": "Индикатор 1 поля 337 имеет недопустимое значение \"\"."
      }
    },
    "IN-G3: Индикатор 2 поля 490 имеет недопустимое значение \"[\".": {
      "count": 1,
      "first": {
        "recordIndex": 1204750,
        "byteOffset": 1019994532,
        "rule": "IN-G3",
        "fieldIndex": 12,
        "tag": "490",
        "indicatorIndex": 1,
        "message": "Индикатор 2 поля 490 имеет недопустимое значение \"[\"."
      }
    },
    "IN-G3: Индикатор 2 поля 520 имеет недопустимое значение \"»\".": {
      "count": 9,
      "first": {
        "recordIndex": 1204750,
        "byteOffset": 1019994532,
        "rule": "IN-G3",
        "fieldIndex": 13,
        "tag": "520",
        "indicatorIndex": 1,
        "message": "Индикатор 2 поля 520 имеет недопустимое значение \"»\"."
      }
    },
    "IN-G3: Индикатор 2 поля 650 имеет недопустимое значение \".\".": {
      "count": 1,
      "first": {
        "recordIndex": 1204750,
        "byteOffset": 1019994532,
        "rule": "IN-G3",
        "fieldIndex": 14,
        "tag": "650",
        "indicatorIndex": 1,
        "message": "Индикатор 2 поля 650 имеет недопустимое значение \".\"."
      }
    },
    "IN-G3: Индикатор 1 поля 336 имеет недопустимое значение \"´\".": {
      "count": 5,
      "first": {
        "recordIndex": 1204750,
        "byteOffset": 1019994532,
        "rule": "IN-G3",
        "fieldIndex": 18,
        "tag": "336",
        "indicatorIndex": 0,
        "message": "Индикатор 1 поля 336 имеет недопустимое значение \"´\"."
      }
    },
    "IN-G3: Индикатор 1 поля 546 имеет недопустимое значение \"\".": {
      "count": 1,
      "first": {
        "recordIndex": 1204751,
        "byteOffset": 1019995749,
        "rule": "IN-G3",
        "fieldIndex": 15,
        "tag": "546",
        "indicatorIndex": 0,
        "message": "Индикатор 1 поля 546 имеет недопустимое значение \"\"."
      }
    },
    "IN-G3: Индикатор 2 поля 245 имеет недопустимое значение \"³\".": {
      "count": 4,
      "first": {
        "recordIndex": 1204752,
        "byteOffset": 1019997334,
        "rule": "IN-G3",
        "fieldIndex": 10,
        "tag": "245",
        "indicatorIndex": 1,
        "message": "Индикатор 2 поля 245 имеет недопустимое значение \"³\"."
      }
    },
    "IN-G3: Индикатор 2 поля 520 имеет недопустимое значение \"°\".": {
      "count": 8,
      "first": {
        "recordIndex": 1204752,
        "byteOffset": 1019997334,
        "rule": "IN-G3",
        "fieldIndex": 14,
        "tag": "520",
        "indicatorIndex": 1,
        "message": "Индикатор 2 поля 520 имеет недопустимое значение \"°\"."
      }
    },
    "IN-G3: Индикатор 1 поля 650 имеет недопустимое значение \"±\".": {
      "count": 7,
      "first": {
        "recordIndex": 1204752,
        "byteOffset": 1019997334,
        "rule": "IN-G3",
        "fieldIndex": 16,
        "tag": "650",
        "indicatorIndex": 0,
        "message": "Индикатор 1 поля 650 имеет недопустимое значение \"±\"."
      }
    },
    "IN-G3: Индикатор 2 поля 700 имеет недопустимое значение \"\".": {
      "count": 5,
      "first": {
        "recordIndex": 1204752,
        "byteOffset": 1019997334,
        "rule": "IN-G3",
        "fieldIndex": 18,
        "tag": "700",
        "indicatorIndex": 1,
        "message": "Индикатор 2 поля 700 имеет недопустимое значение \"\"."
      }
    },
    "IN-G3: Индикатор 2 поля 245 имеет недопустимое значение \"\".": {
      "count": 2,
      "first": {
        "recordIndex": 1204753,
        "byteOffset": 1019998779,
        "rule": "IN-G3",
        "fieldIndex": 10,
        "tag": "245",
        "indicatorIndex": 1,
        "message": "Индикатор 2 поля 245 имеет недопустимое значение \"\"."
      }
    },
    "IN-G3: Индикатор 1 поля 505 имеет недопустимое значение \"Ñ\".": {
      "count": 3,
      "first": {
        "recordIndex": 1204753,
        "byteOffset": 1019998779,
        "rule": "IN-G3",
        "fieldIndex": 13,
        "tag": "505",
        "indicatorIndex": 0,
        "message": "Индикатор 1 поля 505 имеет недопустимое значение \"Ñ\"."
      }
    },
    "IN-G3: Индикатор 2 поля 505 имеет недопустимое значение \"\".": {
      "count": 2,
      "first": {
        "recordIndex": 1204753,
        "byteOffset": 1019998779,
        "rule": "IN-G3",
        "fieldIndex": 13,
        "tag": "505",
        "indicatorIndex": 1,
        "message": "Индикатор 2 поля 505 имеет недопустимое значение \"\"."
      }
    },
    "IN-G3: Индикатор 1 поля 260 имеет недопустимое значение \"\".": {
      "count": 12,
      "first": {
        "recordIndex": 1204754,
        "byteOffset": 1019999852,
        "rule": "IN-G3",
        "fieldIndex": 10,
        "tag": "260",
        "indicatorIndex": 0,
        "message": "Индикатор 1 поля 260 имеет недопустимое значение \"\"."
      }
    },
    "IN-G3: Индикатор 1 поля 520 имеет недопустимое значение \")\".": {
      "count": 3,
      "first": {
        "recordIndex": 1204755,
        "byteOffset": 1020000477,
        "rule": "IN-G3",
        "fieldIndex": 12,
        "tag": "520",
        "indicatorIndex": 0,
        "message": "Индикатор 1 поля 520 имеет недопустимое значение \")\"."
      }
    },
    "IN-G3: Индикатор 2 поля 520 имеет недопустимое значение \"\\u001e\".": {
      "count": 10,
      "first": {
        "recordIndex": 1204755,
        "byteOffset": 1020000477,
        "rule": "IN-G3",
        "fieldIndex": 12,
        "tag": "520",
        "indicatorIndex": 1,
        "message": "Индикатор 2 поля 520 имеет недопустимое значение \"\\u001e\"."
      }
    },
    "IN-G3: Индикатор 2 поля 650 имеет недопустимое значение \"¿\".": {
      "count": 8,
      "first": {
        "recordIndex": 1204755,
        "byteOffset": 1020000477,
        "rule": "IN-G3",
        "fieldIndex": 13,
        "tag": "650",
        "indicatorIndex": 1,
        "message": "Индикатор 2 поля 650 имеет недопустимое значение \"¿\"."
      }
    },
    "IN-G3: Индикатор 1 поля 773 имеет недопустимое значение \"\".": {
      "count": 2,
      "first": {
        "recordIndex": 1204755,
        "byteOffset": 1020000477,
        "rule": "IN-G3",
        "fieldIndex": 14,
        "tag": "773",
        "indicatorIndex": 0,
        "message": "Индикатор 1 поля 773 имеет недопустимое значение \"\"."
      }
    },
    "IN-G3: Индикатор 1 поля 337 имеет недопустимое значение \"(\".": {
      "count": 1,
      "first": {
        "recordIndex": 1204755,
        "byteOffset": 1020000477,
        "rule": "IN-G3",
        "fieldIndex": 17,
        "tag": "337",
        "indicatorIndex": 0,
        "message": "Индикатор 1 поля 337 имеет недопустимое значение \"(\"."
      }
    },
    "IN-G3: Индикатор 2 поля 245 имеет недопустимое значение \"¹\".": {
      "count": 3,
      "first": {
        "recordIndex": 1204756,
        "byteOffset": 1020001694,
        "rule": "IN-G3",
        "fieldIndex": 10,
        "tag": "245",
        "indicatorIndex": 1,
        "message": "Индикатор 2 поля 245 имеет недопустимое значение \"¹\"."
      }
    },
    "IN-G3: Индикатор 2 поля 337 имеет недопустимое значение \"\".": {
      "count": 5,
      "first": {
        "recordIndex": 1204756,
        "byteOffset": 1020001694,
        "rule": "IN-G3",
        "fieldIndex": 17,
        "tag": "337",
        "indicatorIndex": 1,
        "message": "Индикатор 2 поля 337 имеет недопустимое значение \"\"."
      }
    },
    "IN-G3: Индикатор 2 поля 504 имеет недопустимое значение \" \".": {
      "count": 1,
      "first": {
        "recordIndex": 1204757,
        "byteOffset": 1020002949,
        "rule": "IN-G3",
        "fieldIndex": 13,
        "tag": "504",
        "indicatorIndex": 1,
        "message": "Индикатор 2 поля 504 имеет недопустимое значение \" \"."
      }
    },
    "IN-G3: Индикатор 2 поля 337 имеет недопустимое значение \"±\".": {
      "count": 3,
      "first": {
        "recordIndex": 1204757,
        "byteOffset": 1020002949,
        "rule": "IN-G3",
        "fieldIndex": 21,
        "tag": "337",
        "indicatorIndex": 1,
        "message": "Индикатор 2 поля 337 имеет недопустимое значение \"±\"."
      }
    },
    "SF-G4: Подполе 1 поля 260 имеет недопустимый код \"\".": {
      "count": 7,
      "first": {
        "recordIndex": 1204758,
        "byteOffset": 1020004507,
        "rule": "SF-G4",
        "fieldIndex": 10,
        "tag": "260",
        "subfieldIndex": 0,
        "message": "Подполе 1 поля 260 имеет недопустимый код \"\"."
      }
    },
    "IN-G3: Индикатор 2 поля 300 имеет недопустимое значение \"\".": {
      "count": 1,
      "first": {
        "recordIndex": 1204758,
        "byteOffset": 1020004507,
        "rule": "IN-G3",
        "fieldIndex": 11,
        "tag": "300",
        "indicatorIndex": 1,
        "message": "Индикатор 2 поля 300 имеет недопустимое значение \"\"."
      }
    },
    "DF-G2: Поле 650 содержит 0 индикатор(а), ожидалось 2.": {
      "count": 5,
      "first": {
        "recordIndex": 1204758,
        "byteOffset": 1020004507,
        "rule": "DF-G2",
        "fieldIndex": 14,
        "tag": "650",
        "message": "Поле 650 содержит 0 индикатор(а), ожидалось 2."
      }
    },
    "IN-G3: Индикатор 1 поля 912 имеет недопустимое значение \"¹\".": {
      "count": 3,
      "first": {
        "recordIndex": 1204758,
        "byteOffset": 1020004507,
        "rule": "IN-G3",
        "fieldIndex": 17,
        "tag": "912",
        "indicatorIndex": 0,
        "message": "Индикатор 1 поля 912 имеет недопустимое значение \"¹\"."
      }
    },
    "IN-G3: Индикатор 2 поля 912 имеет недопустимое значение \"\\u001e\".": {
      "count": 3,
      "first": {
        "recordIndex": 1204758,
        "byteOffset": 1020004507,
        "rule": "IN-G3",
        "fieldIndex": 17,
        "tag": "912",
        "indicatorIndex": 1,
        "message": "Индикатор 2 поля 912 имеет недопустимое значение \"\\u001e\"."
      }
    },
    "IN-G3: Индикатор 1 поля 300 имеет недопустимое значение \"¿\".": {
      "count": 5,
      "first": {
        "recordIndex": 1204760,
        "byteOffset": 1020006572,
        "rule": "IN-G3",
        "fieldIndex": 12,
        "tag": "300",
        "indicatorIndex": 0,
        "message": "Индикатор 1 поля 300 имеет недопустимое значение \"¿\"."
      }
    },
    "IN-G3: Индикатор 1 поля 773 имеет недопустимое значение \"¸\".": {
      "count": 1,
      "first": {
        "recordIndex": 1204760,
        "byteOffset": 1020006572,
        "rule": "IN-G3",
        "fieldIndex": 17,
        "tag": "773",
        "indicatorIndex": 0,
        "message": "Индикатор 1 поля 773 имеет недопустимое значение \"¸\"."
      }
    },
    "IN-G3: Индикатор 2 поля 773 имеет недопустимое значение \",\".": {
      "count": 1,
      "first": {
        "recordIndex": 1204760,
        "byteOffset": 1020006572,
        "rule": "IN-G3",
        "fieldIndex": 17,
        "tag": "773",
        "indicatorIndex": 1,
        "message": "Индикатор 2 поля 773 имеет недопустимое значение \",\"."
      }
    },
    "IN-G3: Индикатор 2 поля 912 имеет недопустимое значение \"»\".": {
      "count": 7,
      "first": {
        "recordIndex": 1204760,
        "byteOffset": 1020006572,
        "rule": "IN-G3",
        "fieldIndex": 18,
        "tag": "912",
        "indicatorIndex": 1,
        "message": "Индикатор 2 поля 912 имеет недопустимое значение \"»\"."
      }
    },
    "DF-G2: Поле 041 содержит 1 индикатор(а), ожидалось 2.": {
      "count": 2,
      "first": {
        "recordIndex": 1204761,
        "byteOffset": 1020007549,
        "rule": "DF-G2",
        "fieldIndex": 8,
        "tag": "041",
        "message": "Поле 041 содержит 1 индикатор(а), ожидалось 2."
      }
    },
    "IN-G3: Индикатор 1 поля 041 имеет недопустимое значение \"P\".": {
      "count": 2,
      "first": {
        "recordIndex": 1204761,
        "byteOffset": 1020007549,
        "rule": "IN-G3",
        "fieldIndex": 8,
        "tag": "041",
        "indicatorIndex": 0,
        "message": "Индикатор 1 поля 041 имеет недопустимое значение \"P\"."
      }
    },
    "SF-G4: Подполе 2 поля 041 имеет недопустимый код \"\".": {
      "count": 2,
      "first": {
        "recordIndex": 1204761,
        "byteOffset": 1020007549,
        "rule": "SF-G4",
        "fieldIndex": 8,
        "tag": "041",
        "subfieldIndex": 1,
        "message": "Подполе 2 поля 041 имеет недопустимый код \"\"."
      }
    },
    "IN-G3: Индикатор 1 поля 080 имеет недопустимое значение \"P\".": {
      "count": 2,
      "first": {
        "recordIndex": 1204761,
        "byteOffset": 1020007549,
        "rule": "IN-G3",
        "fieldIndex": 9,
        "tag": "080",
        "indicatorIndex": 0,
        "message": "Индикатор 1 поля 080 имеет недопустимое значение \"P\"."
      }
    },
    "IN-G3: Индикатор 2 поля 080 имеет недопустимое значение \"S\".": {
      "count": 2,
      "first": {
        "recordIndex": 1204761,
        "byteOffset": 1020007549,
        "rule": "IN-G3",
        "fieldIndex": 9,
        "tag": "080",
        "indicatorIndex": 1,
        "message": "Индикатор 2 поля 080 имеет недопустимое значение \"S\"."
      }
    },
    "IN-G3: Индикатор 1 поля 100 имеет недопустимое значение \".\".": {
      "count": 1,
      "first": {
        "recordIndex": 1204761,
        "byteOffset": 1020007549,
        "rule": "IN-G3",
        "fieldIndex": 10,
        "tag": "100",
        "indicatorIndex": 0,
        "message": "Индикатор 1 поля 100 имеет недопустимое значение \".\"."
      }
    },
    "IN-G3: Индикатор 2 поля 245 имеет недопустимое значение \"¿\".": {
      "count": 1,
      "first": {
        "recordIndex": 1204761,
        "byteOffset": 1020007549,
        "rule": "IN-G3",
        "fieldIndex": 11,
        "tag": "245",
        "indicatorIndex": 1,
        "message": "Индикатор 2 поля 245 имеет недопустимое значение \"¿\"."
      }
    },
    "IN-G3: Индикатор 1 поля 534 имеет недопустимое значение \"¹\".": {
      "count": 1,
      "first": {
        "recordIndex": 1204761,
        "byteOffset": 1020007549,
        "rule": "IN-G3",
        "fieldIndex": 16,
        "tag": "534",
        "indicatorIndex": 0,
        "message": "Индикатор 1 поля 534 имеет недопустимое значение \"¹\"."
      }
    },
    "DF-G3: Поле 534 не содержит кода подполя.": {
      "count": 1,
      "first": {
        "recordIndex": 1204761,
        "byteOffset": 1020007549,
        "rule": "DF-G3",
        "fieldIndex": 16,
        "tag": "534",
        "message": "Поле 534 не содержит кода подполя."
      }
    },
    "IN-G3: Индикатор 2 поля 650 имеет недопустимое значение \"\".": {
      "count": 2,
      "first": {
        "recordIndex": 1204761,
        "byteOffset": 1020007549,
        "rule": "IN-G3",
        "fieldIndex": 19,
        "tag": "650",
        "indicatorIndex": 1,
        "message": "Индикатор 2 поля 650 имеет недопустимое значение \"\"."
      }
    },
    "IN-G3: Индикатор 2 поля 337 имеет недопустимое значение \"¿\".": {
      "count": 1,
      "first": {
        "recordIndex": 1204761,
        "byteOffset": 1020007549,
        "rule": "IN-G3",
        "fieldIndex": 23,
        "tag": "337",
        "indicatorIndex": 1,
        "message": "Индикатор 2 поля 337 имеет недопустимое значение \"¿\"."
      }
    },
    "IN-G3: Индикатор 1 поля 250 имеет недопустимое значение \"Ñ\".": {
      "count": 7,
      "first": {
        "recordIndex": 1204762,
        "byteOffset": 1020009184,
        "rule": "IN-G3",
        "fieldIndex": 11,
        "tag": "250",
        "indicatorIndex": 0,
        "message": "Индикатор 1 поля 250 имеет недопустимое значение \"Ñ\"."
      }
    },
    "IN-G3: Индикатор 2 поля 250 имеет недопустимое значение \"\".": {
      "count": 1,
      "first": {
        "recordIndex": 1204762,
        "byteOffset": 1020009184,
        "rule": "IN-G3",
        "fieldIndex": 11,
        "tag": "250",
        "indicatorIndex": 1,
        "message": "Индикатор 2 поля 250 имеет недопустимое значение \"\"."
      }
    },
    "IN-G3: Индикатор 2 поля 490 имеет недопустимое значение \"¾\".": {
      "count": 9,
      "first": {
        "recordIndex": 1204762,
        "byteOffset": 1020009184,
        "rule": "IN-G3",
        "fieldIndex": 14,
        "tag": "490",
        "indicatorIndex": 1,
        "message": "Индикатор 2 поля 490 имеет недопустимое значение \"¾\"."
      }
    },
    "IN-G3: Индикатор 2 поля 555 имеет недопустимое значение \"\".": {
      "count": 1,
      "first": {
        "recordIndex": 1204762,
        "byteOffset": 1020009184,
        "rule": "IN-G3",
        "fieldIndex": 16,
        "tag": "555",
        "indicatorIndex": 1,
        "message": "Индикатор 2 поля 555 имеет недопустимое значение \"\"."
      }
    },
    "IN-G3: Индикатор 1 поля 260 имеет недопустимое значение \"\".": {
      "count": 2,
      "first": {
        "recordIndex": 1204763,
        "byteOffset": 1020011066,
        "rule": "IN-G3",
        "fieldIndex": 11,
        "tag": "260",
        "indicatorIndex": 0,
        "message": "Индикатор 1 поля 260 имеет недопустимое значение \"\"."
      }
    },
    "IN-G3: Индикатор 1 поля 520 имеет недопустимое значение \"µ\".": {
      "count": 5,
      "first": {
        "recordIndex": 1204763,
        "byteOffset": 1020011066,
        "rule": "IN-G3",
        "fieldIndex": 14,
        "tag": "520",
        "indicatorIndex": 0,
        "message": "Индикатор 1 поля 520 имеет недопустимое значение \"µ\"."
      }
    },
    "IN-G3: Индикатор 2 поля 650 имеет недопустимое значение \"\".": {
      "count": 3,
      "first": {
        "recordIndex": 1204763,
        "byteOffset": 1020011066,
        "rule": "IN-G3",
        "fieldIndex": 15,
        "tag": "650",
        "indicatorIndex": 1,
        "message": "Индикатор 2 поля 650 имеет недопустимое значение \"\"."
      }
    },
    "IN-G3: Индикатор 2 поля 260 имеет недопустимое значение \"º\".": {
      "count": 3,
      "first": {
        "recordIndex": 1204764,
        "byteOffset": 1020012123,
        "rule": "IN-G3",
        "fieldIndex": 11,
        "tag": "260",
        "indicatorIndex": 1,
        "message": "Индикатор 2 поля 260 имеет недопустимое значение \"º\"."
      }
    },
    "IN-G3: Индикатор 1 поля 300 имеет недопустимое значение \"³\".": {
      "count": 2,
      "first": {
        "recordIndex": 1204764,
        "byteOffset": 1020012123,
        "rule": "IN-G3",
        "fieldIndex": 12,
        "tag": "300",
        "indicatorIndex": 0,
        "message": "Индикатор 1 поля 300 имеет недопустимое значение \"³\"."
      }
    },
    "DF-G2: Поле 490 содержит 1 индикатор(а), ожидалось 2.": {
      "count": 20,
      "first": {
        "recordIndex": 1204764,
        "byteOffset": 1020012123,
        "rule": "DF-G2",
        "fieldIndex": 13,
        "tag": "490",
        "message": "Поле 490 содержит 1 индикатор(а), ожидалось 2."
      }
    },
    "IN-G3: Индикатор 2 поля 336 имеет недопустимое значение \"¿\".": {
      "count": 3,
      "first": {
        "recordIndex": 1204764,
        "byteOffset": 1020012123,
        "rule": "IN-G3",
        "fieldIndex": 19,
        "tag": "336",
        "indicatorIndex": 1,
        "message": "Индикатор 2 поля 336 имеет недопустимое значение \"¿\"."
      }
    },
    "IN-G3: Индикатор 1 поля 337 имеет недопустимое значение \"¡\".": {
      "count": 6,
      "first": {
        "recordIndex": 1204764,
        "byteOffset": 1020012123,
        "rule": "IN-G3",
        "fieldIndex": 20,
        "tag": "337",
        "indicatorIndex": 0,
        "message": "Индикатор 1 поля 337 имеет недопустимое значение \"¡\"."
      }
    },
    "SF-G4: Подполе 2 поля 080 имеет недопустимый код \"\".": {
      "count": 3,
      "first": {
        "recordIndex": 1204765,
        "byteOffset": 1020013339,
        "rule": "SF-G4",
        "fieldIndex": 8,
        "tag": "080",
        "subfieldIndex": 1,
        "message": "Подполе 2 поля 080 имеет недопустимый код \"\"."
      }
    },
    "IN-G3: Индикатор 1 поля 245 имеет недопустимое значение \"¯\".": {
      "count": 1,
      "first": {
        "recordIndex": 1204765,
        "byteOffset": 1020013339,
        "rule": "IN-G3",
        "fieldIndex": 10,
        "tag": "245",
        "indicatorIndex": 0,
        "message": "Индикатор 1 поля 245 имеет недопустимое значение \"¯\"."
      }
    },
    "DF-G2: Поле 490 содержит 0 индикатор(а), ожидалось 2.": {
      "count": 19,
      "first": {
        "recordIndex": 1204765,
        "byteOffset": 1020013339,
        "rule": "DF-G2",
        "fieldIndex": 13,
        "tag": "490",
        "message": "Поле 490 содержит 0 индикатор(а), ожидалось 2."
      }
    },
    "IN-G3: Индикатор 2 поля 520 имеет недопустимое значение \".\".": {
      "count": 5,
      "first": {
        "recordIndex": 1204765,
        "byteOffset": 1020013339,
        "rule": "IN-G3",
        "fieldIndex": 14,
        "tag": "520",
        "indicatorIndex": 1,
        "message": "Индикатор 2 поля 520 имеет недопустимое значение \".\"."
      }
    },
    "IN-G3: Индикатор 2 поля 260 имеет недопустимое значение \"»\".": {
      "count": 7,
      "first": {
        "recordIndex": 1204766,
        "byteOffset": 1020014454,
        "rule": "IN-G3",
        "fieldIndex": 11,
        "tag": "260",
        "indicatorIndex": 1,
        "message": "Индикатор 2 поля 260 имеет недопустимое значение \"»\"."
      }
    },
    "IN-G3: Индикатор 1 поля 490 имеет недопустимое значение \"½\".": {
      "count": 5,
      "first": {
        "recordIndex": 1204766,
        "byteOffset": 1020014454,
        "rule": "IN-G3",
        "fieldIndex": 13,
        "tag": "490",
        "indicatorIndex": 0,
        "message": "Индикатор 1 поля 490 имеет недопустимое значение \"½\"."
      }
    },
    "IN-G3: Индикатор 2 поля 490 имеет недопустимое значение \"±\".": {
      "count": 2,
      "first": {
        "recordIndex": 1204766,
        "byteOffset": 1020014454,
        "rule": "IN-G3",
        "fieldIndex": 14,
        "tag": "490",
        "indicatorIndex": 1,
        "message": "Индикатор 2 поля 490 имеет недопустимое значение \"±\"."
      }
    },
    "IN-G3: Индикатор 2 поля 520 имеет недопустимое значение \"]\".": {
      "count": 5,
      "first": {
        "recordIndex": 1204766,
        "byteOffset": 1020014454,
        "rule": "IN-G3",
        "fieldIndex": 15,
        "tag": "520",
        "indicatorIndex": 1,
        "message": "Индикатор 2 поля 520 имеет недопустимое значение \"]\"."
      }
    },
    "IN-G3: Индикатор 1 поля 650 имеет недопустимое значение \"¶\".": {
      "count": 2,
      "first": {
        "recordIndex": 1204766,
        "byteOffset": 1020014454,
        "rule": "IN-G3",
        "fieldIndex": 16,
        "tag": "650",
        "indicatorIndex": 0,
        "message": "Индикатор 1 поля 650 имеет недопустимое значение \"¶\"."
      }
    },
    "IN-G3: Индикатор 1 поля 700 имеет недопустимое значение \"\".": {
      "count": 4,
      "first": {
        "recordIndex": 1204766,
        "byteOffset": 1020014454,
        "rule": "IN-G3",
        "fieldIndex": 19,
        "tag": "700",
        "indicatorIndex": 0,
        "message": "Индикатор 1 поля 700 имеет недопустимое значение \"\"."
      }
    },
    "IN-G3: Индикатор 2 поля 300 имеет недопустимое значение \"\".": {
      "count": 4,
      "first": {
        "recordIndex": 1204767,
        "byteOffset": 1020016039,
        "rule": "IN-G3",
        "fieldIndex": 12,
        "tag": "300",
        "indicatorIndex": 1,
        "message": "Индикатор 2 поля 300 имеет недопустимое значение \"\"."
      }
    },
    "IN-G3: Индикатор 2 поля 504 имеет недопустимое значение \"¼\".": {
      "count": 1,
      "first": {
        "recordIndex": 1204767,
        "byteOffset": 1020016039,
        "rule": "IN-G3",
        "fieldIndex": 14,
        "tag": "504",
        "indicatorIndex": 1,
        "message": "Индикатор 2 поля 504 имеет недопустимое значение \"¼\"."
      }
    },
    "IN-G3: Индикатор 2 поля 505 имеет недопустимое значение \"\".": {
      "count": 1,
      "first": {
        "recordIndex": 1204767,
        "byteOffset": 1020016039,
        "rule": "IN-G3",
        "fieldIndex": 15,
        "tag": "505",
        "indicatorIndex": 1,
        "message": "Индикатор 2 поля 505 имеет недопустимое значение \"\"."
      }
    },
    "IN-G3: Индикатор 1 поля 555 имеет недопустимое значение \"³\".": {
      "count": 1,
      "first": {
        "recordIndex": 1204767,
        "byteOffset": 1020016039,
        "rule": "IN-G3",
        "fieldIndex": 17,
        "tag": "555",
        "indicatorIndex": 0,
        "message": "Индикатор 1 поля 555 имеет недопустимое значение \"³\"."
      }
    },
    "IN-G3: Индикатор 2 поля 555 имеет недопустимое значение \"Ð\".": {
      "count": 1,
      "first": {
        "recordIndex": 1204767,
        "byteOffset": 1020016039,
        "rule": "IN-G3",
        "fieldIndex": 17,
        "tag": "555",
        "indicatorIndex": 1,
        "message": "Индикатор 2 поля 555 имеет недопустимое значение \"Ð\"."
      }
    },
    "IN-G3: Индикатор 1 поля 336 имеет недопустимое значение \"¡\".": {
      "count": 5,
      "first": {
        "recordIndex": 1204767,
        "byteOffset": 1020016039,
        "rule": "IN-G3",
        "fieldIndex": 21,
        "tag": "336",
        "indicatorIndex": 0,
        "message": "Индикатор 1 поля 336 имеет недопустимое значение \"¡\"."
      }
    },
    "IN-G3: Индикатор 2 поля 300 имеет недопустимое значение \"¹\".": {
      "count": 7,
      "first": {
        "recordIndex": 1204768,
        "byteOffset": 1020017212,
        "rule": "IN-G3",
        "fieldIndex": 12,
        "tag": "300",
        "indicatorIndex": 1,
        "message": "Индикатор 2 поля 300 имеет недопустимое значение \"¹\"."
      }
    },
    "IN-G3: Индикатор 1 поля 490 имеет недопустимое значение \"µ\".": {
      "count": 7,
      "first": {
        "recordIndex": 1204768,
        "byteOffset": 1020017212,
        "rule": "IN-G3",
        "fieldIndex": 13,
        "tag": "490",
        "indicatorIndex": 0,
        "message": "Индикатор 1 поля 490 имеет недопустимое значение \"µ\"."
      }
    },
    "IN-G3: Индикатор 1 поля 505 имеет недопустимое значение \"·\".": {
      "count": 1,
      "first": {
        "recordIndex": 1204768,
        "byteOffset": 1020017212,
        "rule": "IN-G3",
        "fieldIndex": 14,
        "tag": "505",
        "indicatorIndex": 0,
        "message": "Индикатор 1 поля 505 имеет недопустимое значение \"·\"."
      }
    },
    "IN-G3: Индикатор 2 поля 700 имеет недопустимое значение \"\".": {
      "count": 1,
      "first": {
        "recordIndex": 1204768,
        "byteOffset": 1020017212,
        "rule": "IN-G3",
        "fieldIndex": 19,
        "tag": "700",
        "indicatorIndex": 1,
        "message": "Индикатор 2 поля 700 имеет недопустимое значение \"\"."
      }
    },
    "IN-G3: Индикатор 1 поля 912 имеет недопустимое значение \">\".": {
      "count": 1,
      "first": {
        "recordIndex": 1204768,
        "byteOffset": 1020017212,
        "rule": "IN-G3",
        "fieldIndex": 20,
        "tag": "912",
        "indicatorIndex": 0,
        "message": "Индикатор 1 поля 912 имеет недопустимое значение \">\"."
      }
    },
    "IN-G3: Индикатор 1 поля 336 имеет недопустимое значение \"\".": {
      "count": 2,
      "first": {
        "recordIndex": 1204768,
        "byteOffset": 1020017212,
        "rule": "IN-G3",
        "fieldIndex": 21,
        "tag": "336",
        "indicatorIndex": 0,
        "message": "Индикатор 1 поля 336 имеет недопустимое значение \"\"."
      }
    },
    "IN-G3: Индикатор 1 поля 245 имеет недопустимое значение \"´\".": {
      "count": 6,
      "first": {
        "recordIndex": 1204769,
        "byteOffset": 1020018575,
        "rule": "IN-G3",
        "fieldIndex": 10,
        "tag": "245",
        "indicatorIndex": 0,
        "message": "Индикатор 1 поля 245 имеет недопустимое значение \"´\"."
      }
    },
    "IN-G3: Индикатор 2 поля 300 имеет недопустимое значение \"¼\".": {
      "count": 3,
      "first": {
        "recordIndex": 1204769,
        "byteOffset": 1020018575,
        "rule": "IN-G3",
        "fieldIndex": 12,
        "tag": "300",
        "indicatorIndex": 1,
        "message": "Индикатор 2 поля 300 имеет недопустимое значение \"¼\"."
      }
    },
    "IN-G3: Индикатор 2 поля 336 имеет недопустимое значение \"¡\".": {
      "count": 3,
      "first": {
        "recordIndex": 1204769,
        "byteOffset": 1020018575,
        "rule": "IN-G3",
        "fieldIndex": 17,
        "tag": "336",
        "indicatorIndex": 1,
        "message": "Индикатор 2 поля 336 имеет недопустимое значение \"¡\"."
      }
    },
    "IN-G3: Индикатор 2 поля 490 имеет недопустимое значение \"¡\".": {
      "count": 2,
      "first": {
        "recordIndex": 1204770,
        "byteOffset": 1020019943,
        "rule": "IN-G3",
        "fieldIndex": 13,
        "tag": "490",
        "indicatorIndex": 1,
        "message": "Индикатор 2 поля 490 имеет недопустимое значение \"¡\"."
      }
    },
    "IN-G3: Индикатор 2 поля 520 имеет недопустимое значение \"¼\".": {
      "count": 8,
      "first": {
        "recordIndex": 1204771,
        "byteOffset": 1020021317,
        "rule": "IN-G3",
        "fieldIndex": 14,
        "tag": "520",
        "indicatorIndex": 1,
        "message": "Индикатор 2 поля 520 имеет недопустимое значение \"¼\"."
      }
    },
    "IN-G3: Индикатор 1 поля 260 имеет недопустимое значение \"´\".": {
      "count": 5,
      "first": {
        "recordIndex": 1204772,
        "byteOffset": 1020022354,
        "rule": "IN-G3",
        "fieldIndex": 12,
        "tag": "260",
        "indicatorIndex": 0,
        "message": "Индикатор 1 поля 260 имеет недопустимое значение \"´\"."
      }
    },
    "IN-G3: Индикатор 1 поля 490 имеет недопустимое значение \".\".": {
      "count": 13,
      "first": {
        "recordIndex": 1204772,
        "byteOffset": 1020022354,
        "rule": "IN-G3",
        "fieldIndex": 14,
        "tag": "490",
        "indicatorIndex": 0,
        "message": "Индикатор 1 поля 490 имеет недопустимое значение \".\"."
      }
    },
    "IN-G3: Индикатор 1 поля 546 имеет недопустимое значение \"¼\".": {
      "count": 1,
      "first": {
        "recordIndex": 1204772,
        "byteOffset": 1020022354,
        "rule": "IN-G3",
        "fieldIndex": 17,
        "tag": "546",
        "indicatorIndex": 0,
        "message": "Индикатор 1 поля 546 имеет недопустимое значение \"¼\"."
      }
    },
    "IN-G3: Индикатор 2 поля 650 имеет недопустимое значение \"\".": {
      "count": 4,
      "first": {
        "recordIndex": 1204772,
        "byteOffset": 1020022354,
        "rule": "IN-G3",
        "fieldIndex": 18,
        "tag": "650",
        "indicatorIndex": 1,
        "message": "Индикатор 2 поля 650 имеет недопустимое значение \"\"."
      }
    },
    "IN-G3: Индикатор 2 поля 700 имеет недопустимое значение \".\".": {
      "count": 2,
      "first": {
        "recordIndex": 1204772,
        "byteOffset": 1020022354,
        "rule": "IN-G3",
        "fieldIndex": 20,
        "tag": "700",
        "indicatorIndex": 1,
        "message": "Индикатор 2 поля 700 имеет недопустимое значение \".\"."
      }
    },
    "IN-G3: Индикатор 2 поля 250 имеет недопустимое значение \"º\".": {
      "count": 4,
      "first": {
        "recordIndex": 1204773,
        "byteOffset": 1020023987,
        "rule": "IN-G3",
        "fieldIndex": 12,
        "tag": "250",
        "indicatorIndex": 1,
        "message": "Индикатор 2 поля 250 имеет недопустимое значение \"º\"."
      }
    },
    "IN-G3: Индикатор 2 поля 490 имеет недопустимое значение \"\".": {
      "count": 5,
      "first": {
        "recordIndex": 1204773,
        "byteOffset": 1020023987,
        "rule": "IN-G3",
        "fieldIndex": 15,
        "tag": "490",
        "indicatorIndex": 1,
        "message": "Индикатор 2 поля 490 имеет недопустимое значение \"\"."
      }
    },
    "IN-G3: Индикатор 2 поля 490 имеет недопустимое значение \"\".": {
      "count": 4,
      "first": {
        "recordIndex": 1204773,
        "byteOffset": 1020023987,
        "rule": "IN-G3",
        "fieldIndex": 16,
        "tag": "490",
        "indicatorIndex": 1,
        "message": "Индикатор 2 поля 490 имеет недопустимое значение \"\"."
      }
    },
    "IN-G3: Индикатор 1 поля 336 имеет недопустимое значение \"\".": {
      "count": 2,
      "first": {
        "recordIndex": 1204773,
        "byteOffset": 1020023987,
        "rule": "IN-G3",
        "fieldIndex": 19,
        "tag": "336",
        "indicatorIndex": 0,
        "message": "Индикатор 1 поля 336 имеет недопустимое значение \"\"."
      }
    },
    "IN-G3: Индикатор 1 поля 773 имеет недопустимое значение \"¾\".": {
      "count": 3,
      "first": {
        "recordIndex": 1204774,
        "byteOffset": 1020024912,
        "rule": "IN-G3",
        "fieldIndex": 15,
        "tag": "773",
        "indicatorIndex": 0,
        "message": "Индикатор 1 поля 773 имеет недопустимое значение \"¾\"."
      }
    },
    "IN-G3: Индикатор 1 поля 490 имеет недопустимое значение \"\".": {
      "count": 12,
      "first": {
        "recordIndex": 1204777,
        "byteOffset": 1020028710,
        "rule": "IN-G3",
        "fieldIndex": 14,
        "tag": "490",
        "indicatorIndex": 0,
        "message": "Индикатор 1 поля 490 имеет недопустимое значение \"\"."
      }
    },
    "IN-G3: Индикатор 2 поля 300 имеет недопустимое значение \"²\".": {
      "count": 6,
      "first": {
        "recordIndex": 1204778,
        "byteOffset": 1020030456,
        "rule": "IN-G3",
        "fieldIndex": 11,
        "tag": "300",
        "indicatorIndex": 1,
        "message": "Индикатор 2 поля 300 имеет недопустимое значение \"²\"."
      }
    },
    "IN-G3: Индикатор 1 поля 250 имеет недопустимое значение \"±\".": {
      "count": 1,
      "first": {
        "recordIndex": 1204779,
        "byteOffset": 1020031385,
        "rule": "IN-G3",
        "fieldIndex": 12,
        "tag": "250",
        "indicatorIndex": 0,
        "message": "Индикатор 1 поля 250 имеет недопустимое значение \"±\"."
      }
    },
    "IN-G3: Индикатор 2 поля 260 имеет недопустимое значение \"\".": {
      "count": 2,
      "first": {
        "recordIndex": 1204779,
        "byteOffset": 1020031385,
        "rule": "IN-G3",
        "fieldIndex": 13,
        "tag": "260",
        "indicatorIndex": 1,
        "message": "Индикатор 2 поля 260 имеет недопустимое значение \"\"."
      }
    },
    "IN-G3: Индикатор 2 поля 490 имеет недопустимое значение \"\".": {
      "count": 3,
      "first": {
        "recordIndex": 1204779,
        "byteOffset": 1020031385,
        "rule": "IN-G3",
        "fieldIndex": 15,
        "tag": "490",
        "indicatorIndex": 1,
        "message": "Индикатор 2 поля 490 имеет недопустимое значение \"\"."
      }
    },
    "IN-G3: Индикатор 1 поля 700 имеет недопустимое значение \"°\".": {
      "count": 11,
      "first": {
        "recordIndex": 1204779,
        "byteOffset": 1020031385,
        "rule": "IN-G3",
        "fieldIndex": 19,
        "tag": "700",
        "indicatorIndex": 0,
        "message": "Индикатор 1 поля 700 имеет недопустимое значение \"°\"."
      }
    },
    "IN-G3: Индикатор 2 поля 250 имеет недопустимое значение \"\".": {
      "count": 1,
      "first": {
        "recordIndex": 1204780,
        "byteOffset": 1020032562,
        "rule": "IN-G3",
        "fieldIndex": 11,
        "tag": "250",
        "indicatorIndex": 1,
        "message": "Индикатор 2 поля 250 имеет недопустимое значение \"\"."
      }
    },
    "IN-G3: Индикатор 2 поля 300 имеет недопустимое значение \"¡\".": {
      "count": 1,
      "first": {
        "recordIndex": 1204780,
        "byteOffset": 1020032562,
        "rule": "IN-G3",
        "fieldIndex": 13,
        "tag": "300",
        "indicatorIndex": 1,
        "message": "Индикатор 2 поля 300 имеет недопустимое значение \"¡\"."
      }
    },
    "IN-G3: Индикатор 1 поля 490 имеет недопустимое значение \"°\".": {
      "count": 6,
      "first": {
        "recordIndex": 1204780,
        "byteOffset": 1020032562,
        "rule": "IN-G3",
        "fieldIndex": 14,
        "tag": "490",
        "indicatorIndex": 0,
        "message": "Индикатор 1 поля 490 имеет недопустимое значение \"°\"."
      }
    },
    "IN-G3: Индикатор 2 поля 490 имеет недопустимое значение \"\\u001e\".": {
      "count": 6,
      "first": {
        "recordIndex": 1204780,
        "byteOffset": 1020032562,
        "rule": "IN-G3",
        "fieldIndex": 14,
        "tag": "490",
        "indicatorIndex": 1,
        "message": "Индикатор 2 поля 490 имеет недопустимое значение \"\\u001e\"."
      }
    },
    "IN-G3: Индикатор 1 поля 500 имеет недопустимое значение \"µ\".": {
      "count": 1,
      "first": {
        "recordIndex": 1204780,
        "byteOffset": 1020032562,
        "rule": "IN-G3",
        "fieldIndex": 15,
        "tag": "500",
        "indicatorIndex": 0,
        "message": "Индикатор 1 поля 500 имеет недопустимое значение \"µ\"."
      }
    },
    "IN-G3: Индикатор 1 поля 700 имеет недопустимое значение \"\".": {
      "count": 4,
      "first": {
        "recordIndex": 1204780,
        "byteOffset": 1020032562,
        "rule": "IN-G3",
        "fieldIndex": 19,
        "tag": "700",
        "indicatorIndex": 0,
        "message": "Индикатор 1 поля 700 имеет недопустимое значение \"\"."
      }
    },
    "IN-G3: Индикатор 1 поля 700 имеет недопустимое значение \"\".": {
      "count": 2,
      "first": {
        "recordIndex": 1204780,
        "byteOffset": 1020032562,
        "rule": "IN-G3",
        "fieldIndex": 20,
        "tag": "700",
        "indicatorIndex": 0,
        "message": "Индикатор 1 поля 700 имеет недопустимое значение \"\"."
      }
    },
    "IN-G3: Индикатор 1 поля 337 имеет недопустимое значение \".\".": {
      "count": 9,
      "first": {
        "recordIndex": 1204780,
        "byteOffset": 1020032562,
        "rule": "IN-G3",
        "fieldIndex": 24,
        "tag": "337",
        "indicatorIndex": 0,
        "message": "Индикатор 1 поля 337 имеет недопустимое значение \".\"."
      }
    },
    "IN-G3: Индикатор 2 поля 245 имеет недопустимое значение \"\".": {
      "count": 11,
      "first": {
        "recordIndex": 1204782,
        "byteOffset": 1020035016,
        "rule": "IN-G3",
        "fieldIndex": 11,
        "tag": "245",
        "indicatorIndex": 1,
        "message": "Индикатор 2 поля 245 имеет недопустимое значение \"\"."
      }
    },
    "IN-G3: Индикатор 2 поля 250 имеет недопустимое значение \"¿\".": {
      "count": 1,
      "first": {
        "recordIndex": 1204782,
        "byteOffset": 1020035016,
        "rule": "IN-G3",
        "fieldIndex": 12,
        "tag": "250",
        "indicatorIndex": 1,
        "message": "Индикатор 2 поля 250 имеет недопустимое значение \"¿\"."
      }
    },
    "IN-G3: Индикатор 1 поля 260 имеет недопустимое значение \"\".": {
      "count": 2,
      "first": {
        "recordIndex": 1204782,
        "byteOffset": 1020035016,
        "rule": "IN-G3",
        "fieldIndex": 13,
        "tag": "260",
        "indicatorIndex": 0,
        "message": "Индикатор 1 поля 260 имеет недопустимое значение \"\"."
      }
    },
    "IN-G3: Индикатор 1 поля 490 имеет недопустимое значение \",\".": {
      "count": 2,
      "first": {
        "recordIndex": 1204782,
        "byteOffset": 1020035016,
        "rule": "IN-G3",
        "fieldIndex": 15,
        "tag": "490",
        "indicatorIndex": 0,
        "message": "Индикатор 1 поля 490 имеет недопустимое значение \",\"."
      }
    },
    "SF-G4: Подполе 1 поля 490 имеет недопустимый код \"\".": {
      "count": 3,
      "first": {
        "recordIndex": 1204782,
        "byteOffset": 1020035016,
        "rule": "SF-G4",
        "fieldIndex": 15,
        "tag": "490",
        "subfieldIndex": 0,
        "message": "Подполе 1 поля 490 имеет недопустимый код \"\"."
      }
    },
    "IN-G3: Индикатор 2 поля 490 имеет недопустимое значение \"\".": {
      "count": 4,
      "first": {
        "recordIndex": 1204782,
        "byteOffset": 1020035016,
        "rule": "IN-G3",
        "fieldIndex": 16,
        "tag": "490",
        "indicatorIndex": 1,
        "message": "Индикатор 2 поля 490 имеет недопустимое значение \"\"."
      }
    },
    "IN-G3: Индикатор 2 поля 337 имеет недопустимое значение \"²\".": {
      "count": 9,
      "first": {
        "recordIndex": 1204782,
        "byteOffset": 1020035016,
        "rule": "IN-G3",
        "fieldIndex": 21,
        "tag": "337",
        "indicatorIndex": 1,
        "message": "Индикатор 2 поля 337 имеет недопустимое значение \"²\"."
      }
    },
    "IN-G3: Индикатор 1 поля 490 имеет недопустимое значение \"º\".": {
      "count": 3,
      "first": {
        "recordIndex": 1204783,
        "byteOffset": 1020036202,
        "rule": "IN-G3",
        "fieldIndex": 12,
        "tag": "490",
        "indicatorIndex": 0,
        "message": "Индикатор 1 поля 490 имеет недопустимое значение \"º\"."
      }
    },
    "IN-G3: Индикатор 2 поля 336 имеет недопустимое значение \"¶\".": {
      "count": 2,
      "first": {
        "recordIndex": 1204783,
        "byteOffset": 1020036202,
        "rule": "IN-G3",
        "fieldIndex": 17,
        "tag": "336",
        "indicatorIndex": 1,
        "message": "Индикатор 2 поля 336 имеет недопустимое значение \"¶\"."
      }
    },
    "IN-G3: Индикатор 1 поля 260 имеет недопустимое значение \"³\".": {
      "count": 2,
      "first": {
        "recordIndex": 1204784,
        "byteOffset": 1020037046,
        "rule": "IN-G3",
        "fieldIndex": 10,
        "tag": "260",
        "indicatorIndex": 0,
        "message": "Индикатор 1 поля 260 имеет недопустимое значение \"³\"."
      }
    },
    "IN-G3: Индикатор 2 поля 700 имеет недопустимое значение \"º\".": {
      "count": 7,
      "first": {
        "recordIndex": 1204785,
        "byteOffset": 1020037985,
        "rule": "IN-G3",
        "fieldIndex": 16,
        "tag": "700",
        "indicatorIndex": 1,
        "message": "Индикатор 2 поля 700 имеет недопустимое значение \"º\"."
      }
    },
    "IN-G3: Индикатор 2 поля 700 имеет недопустимое значение \"´\".": {
      "count": 5,
      "first": {
        "recordIndex": 1204785,
        "byteOffset": 1020037985,
        "rule": "IN-G3",
        "fieldIndex": 17,
        "tag": "700",
        "indicatorIndex": 1,
        "message": "Индикатор 2 поля 700 имеет недопустимое значение \"´\"."
      }
    },
    "IN-G3: Индикатор 1 поля 490 имеет недопустимое значение \"¼\".": {
      "count": 6,
      "first": {
        "recordIndex": 1204786,
        "byteOffset": 1020039250,
        "rule": "IN-G3",
        "fieldIndex": 12,
        "tag": "490",
        "indicatorIndex": 0,
        "message": "Индикатор 1 поля 490 имеет недопустимое значение \"¼\"."
      }
    },
    "IN-G3: Индикатор 1 поля 912 имеет недопустимое значение \"\".": {
      "count": 1,
      "first": {
        "recordIndex": 1204787,
        "byteOffset": 1020040203,
        "rule": "IN-G3",
        "fieldIndex": 16,
        "tag": "912",
        "indicatorIndex": 0,
        "message": "Индикатор 1 поля 912 имеет недопустимое значение \"\"."
      }
    },
    "IN-G3: Индикатор 2 поля 337 имеет недопустимое значение \"\".": {
      "count": 5,
      "first": {
        "recordIndex": 1204788,
        "byteOffset": 1020041049,
        "rule": "IN-G3",
        "fieldIndex": 20,
        "tag": "337",
        "indicatorIndex": 1,
        "message": "Индикатор 2 поля 337 имеет недопустимое значение \"\"."
      }
    },
    "IN-G3: Индикатор 1 поля 490 имеет недопустимое значение \"¸\".": {
      "count": 10,
      "first": {
        "recordIndex": 1204790,
        "byteOffset": 1020043149,
        "rule": "IN-G3",
        "fieldIndex": 12,
        "tag": "490",
        "indicatorIndex": 0,
        "message": "Индикатор 1 поля 490 имеет недопустимое значение \"¸\"."
      }
    },
    "SF-G4: Подполе 6 поля 520 имеет недопустимый код \"\".": {
      "count": 2,
      "first": {
        "recordIndex": 1204790,
        "byteOffset": 1020043149,
        "rule": "SF-G4",
        "fieldIndex": 13,
        "tag": "520",
        "subfieldIndex": 5,
        "message": "Подполе 6 поля 520 имеет недопустимый код \"\"."
      }
    },
    "IN-G3: Индикатор 2 поля 250 имеет недопустимое значение \"°\".": {
      "count": 2,
      "first": {
        "recordIndex": 1204793,
        "byteOffset": 1020045672,
        "rule": "IN-G3",
        "fieldIndex": 12,
        "tag": "250",
        "indicatorIndex": 1,
        "message": "Индикатор 2 поля 250 имеет недопустимое значение \"°\"."
      }
    },
    "IN-G3: Индикатор 1 поля 490 имеет недопустимое значение \"³\".": {
      "count": 4,
      "first": {
        "recordIndex": 1204795,
        "byteOffset": 1020047937,
        "rule": "IN-G3",
        "fieldIndex": 12,
        "tag": "490",
        "indicatorIndex": 0,
        "message": "Индикатор 1 поля 490 имеет недопустимое значение \"³\"."
      }
    },
    "IN-G3: Индикатор 1 поля 300 имеет недопустимое значение \"\".": {
      "count": 1,
      "first": {
        "recordIndex": 1204796,
        "byteOffset": 1020048810,
        "rule": "IN-G3",
        "fieldIndex": 12,
        "tag": "300",
        "indicatorIndex": 0,
        "message": "Индикатор 1 поля 300 имеет недопустимое значение \"\"."
      }
    },
    "IN-G3: Индикатор 2 поля 245 имеет недопустимое значение \"\".": {
      "count": 1,
      "first": {
        "recordIndex": 1204797,
        "byteOffset": 1020049954,
        "rule": "IN-G3",
        "fieldIndex": 10,
        "tag": "245",
        "indicatorIndex": 1,
        "message": "Индикатор 2 поля 245 имеет недопустимое значение \"\"."
      }
    },
    "IN-G3: Индикатор 2 поля 520 имеет недопустимое значение \"³\".": {
      "count": 3,
      "first": {
        "recordIndex": 1204797,
        "byteOffset": 1020049954,
        "rule": "IN-G3",
        "fieldIndex": 15,
        "tag": "520",
        "indicatorIndex": 1,
        "message": "Индикатор 2 поля 520 имеет недопустимое значение \"³\"."
      }
    },
    "IN-G3: Индикатор 1 поля 245 имеет недопустимое значение \"\".": {
      "count": 5,
      "first": {
        "recordIndex": 1204798,
        "byteOffset": 1020051507,
        "rule": "IN-G3",
        "fieldIndex": 10,
        "tag": "245",
        "indicatorIndex": 0,
        "message": "Индикатор 1 поля 245 имеет недопустимое значение \"\"."
      }
    },
    "IN-G3: Индикатор 1 поля 490 имеет недопустимое значение \"±\".": {
      "count": 2,
      "first": {
        "recordIndex": 1204798,
        "byteOffset": 1020051507,
        "rule": "IN-G3",
        "fieldIndex": 13,
        "tag": "490",
        "indicatorIndex": 0,
        "message": "Индикатор 1 поля 490 имеет недопустимое значение \"±\"."
      }
    },
    "SF-G4: Подполе 2 поля 650 имеет недопустимый код \"\".": {
      "count": 1,
      "first": {
        "recordIndex": 1204798,
        "byteOffset": 1020051507,
        "rule": "SF-G4",
        "fieldIndex": 17,
        "tag": "650",
        "subfieldIndex": 1,
        "message": "Подполе 2 поля 650 имеет недопустимый код \"\"."
      }
    },
    "IN-G3: Индикатор 2 поля 700 имеет недопустимое значение \"\".": {
      "count": 1,
      "first": {
        "recordIndex": 1204798,
        "byteOffset": 1020051507,
        "rule": "IN-G3",
        "fieldIndex": 18,
        "tag": "700",
        "indicatorIndex": 1,
        "message": "Индикатор 2 поля 700 имеет недопустимое значение \"\"."
      }
    },
    "IN-G3: Индикатор 1 поля 912 имеет недопустимое значение \"\".": {
      "count": 1,
      "first": {
        "recordIndex": 1204799,
        "byteOffset": 1020052455,
        "rule": "IN-G3",
        "fieldIndex": 15,
        "tag": "912",
        "indicatorIndex": 0,
        "message": "Индикатор 1 поля 912 имеет недопустимое значение \"\"."
      }
    },
    "IN-G3: Индикатор 1 поля 245 имеет недопустимое значение \"³\".": {
      "count": 1,
      "first": {
        "recordIndex": 1204800,
        "byteOffset": 1020053367,
        "rule": "IN-G3",
        "fieldIndex": 10,
        "tag": "245",
        "indicatorIndex": 0,
        "message": "Индикатор 1 поля 245 имеет недопустимое значение \"³\"."
      }
    },
    "IN-G3: Индикатор 2 поля 490 имеет недопустимое значение \"°\".": {
      "count": 6,
      "first": {
        "recordIndex": 1204800,
        "byteOffset": 1020053367,
        "rule": "IN-G3",
        "fieldIndex": 13,
        "tag": "490",
        "indicatorIndex": 1,
        "message": "Индикатор 2 поля 490 имеет недопустимое значение \"°\"."
      }
    },
    "DF-G2: Поле 505 содержит 0 индикатор(а), ожидалось 2.": {
      "count": 3,
      "first": {
        "recordIndex": 1204800,
        "byteOffset": 1020053367,
        "rule": "DF-G2",
        "fieldIndex": 14,
        "tag": "505",
        "message": "Поле 505 содержит 0 индикатор(а), ожидалось 2."
      }
    },
    "IN-G3: Индикатор 1 поля 260 имеет недопустимое значение \":\".": {
      "count": 6,
      "first": {
        "recordIndex": 1204801,
        "byteOffset": 1020054696,
        "rule": "IN-G3",
        "fieldIndex": 11,
        "tag": "260",
        "indicatorIndex": 0,
        "message": "Индикатор 1 поля 260 имеет недопустимое значение \":\"."
      }
    },
    "IN-G3: Индикатор 1 поля 520 имеет недопустимое значение \"¶\".": {
      "count": 2,
      "first": {
        "recordIndex": 1204801,
        "byteOffset": 1020054696,
        "rule": "IN-G3",
        "fieldIndex": 15,
        "tag": "520",
        "indicatorIndex": 0,
        "message": "Индикатор 1 поля 520 имеет недопустимое значение \"¶\"."
      }
    },
    "IN-G3: Индикатор 2 поля 600 имеет недопустимое значение \"\".": {
      "count": 2,
      "first": {
        "recordIndex": 1204801,
        "byteOffset": 1020054696,
        "rule": "IN-G3",
        "fieldIndex": 16,
        "tag": "600",
        "indicatorIndex": 1,
        "message": "Индикатор 2 поля 600 имеет недопустимое значение \"\"."
      }
    },
    "DF-G2: Поле 600 содержит 1 индикатор(а), ожидалось 2.": {
      "count": 1,
      "first": {
        "recordIndex": 1204801,
        "byteOffset": 1020054696,
        "rule": "DF-G2",
        "fieldIndex": 17,
        "tag": "600",
        "message": "Поле 600 содержит 1 индикатор(а), ожидалось 2."
      }
    },
    "IN-G3: Индикатор 1 поля 700 имеет недопустимое значение \" \".": {
      "count": 1,
      "first": {
        "recordIndex": 1204801,
        "byteOffset": 1020054696,
        "rule": "IN-G3",
        "fieldIndex": 20,
        "tag": "700",
        "indicatorIndex": 0,
        "message": "Индикатор 1 поля 700 имеет недопустимое значение \" \"."
      }
    },
    "IN-G3: Индикатор 2 поля 700 имеет недопустимое значение \"\".": {
      "count": 6,
      "first": {
        "recordIndex": 1204801,
        "byteOffset": 1020054696,
        "rule": "IN-G3",
        "fieldIndex": 21,
        "tag": "700",
        "indicatorIndex": 1,
        "message": "Индикатор 2 поля 700 имеет недопустимое значение \"\"."
      }
    },
    "IN-G3: Индикатор 1 поля 505 имеет недопустимое значение \"Ð\".": {
      "count": 5,
      "first": {
        "recordIndex": 1204802,
        "byteOffset": 1020056311,
        "rule": "IN-G3",
        "fieldIndex": 14,
        "tag": "505",
        "indicatorIndex": 0,
        "message": "Индикатор 1 поля 505 имеет недопустимое значение \"Ð\"."
      }
    },
    "IN-G3: Индикатор 2 поля 505 имеет недопустимое значение \"º\".": {
      "count": 2,
      "first": {
        "recordIndex": 1204802,
        "byteOffset": 1020056311,
        "rule": "IN-G3",
        "fieldIndex": 14,
        "tag": "505",
        "indicatorIndex": 1,
        "message": "Индикатор 2 поля 505 имеет недопустимое значение \"º\"."
      }
    },
    "IN-G3: Индикатор 2 поля 912 имеет недопустимое значение \"\".": {
      "count": 3,
      "first": {
        "recordIndex": 1204802,
        "byteOffset": 1020056311,
        "rule": "IN-G3",
        "fieldIndex": 19,
        "tag": "912",
        "indicatorIndex": 1,
        "message": "Индикатор 2 поля 912 имеет недопустимое значение \"\"."
      }
    },
    "IN-G3: Индикатор 1 поля 337 имеет недопустимое значение \"\".": {
      "count": 3,
      "first": {
        "recordIndex": 1204802,
        "byteOffset": 1020056311,
        "rule": "IN-G3",
        "fieldIndex": 21,
        "tag": "337",
        "indicatorIndex": 0,
        "message": "Индикатор 1 поля 337 имеет недопустимое значение \"\"."
      }
    },
    "IN-G3: Индикатор 2 поля 505 имеет недопустимое значение \"¾\".": {
      "count": 1,
      "first": {
        "recordIndex": 1204803,
        "byteOffset": 1020057574,
        "rule": "IN-G3",
        "fieldIndex": 14,
        "tag": "505",
        "indicatorIndex": 1,
        "message": "Индикатор 2 поля 505 имеет недопустимое значение \"¾\"."
      }
    },
    "IN-G3: Индикатор 2 поля 700 имеет недопустимое значение \"\".": {
      "count": 1,
      "first": {
        "recordIndex": 1204803,
        "byteOffset": 1020057574,
        "rule": "IN-G3",
        "fieldIndex": 16,
        "tag": "700",
        "indicatorIndex": 1,
        "message": "Индикатор 2 поля 700 имеет недопустимое значение \"\"."
      }
    },
    "IN-G3: Индикатор 1 поля 336 имеет недопустимое значение \"\".": {
      "count": 1,
      "first": {
        "recordIndex": 1204803,
        "byteOffset": 1020057574,
        "rule": "IN-G3",
        "fieldIndex": 19,
        "tag": "336",
        "indicatorIndex": 0,
        "message": "Индикатор 1 поля 336 имеет недопустимое значение \"\"."
      }
    },
    "IN-G3: Индикатор 1 поля 260 имеет недопустимое значение \"¶\".": {
      "count": 2,
      "first": {
        "recordIndex": 1204804,
        "byteOffset": 1020058818,
        "rule": "IN-G3",
        "fieldIndex": 11,
        "tag": "260",
        "indicatorIndex": 0,
        "message": "Индикатор 1 поля 260 имеет недопустимое значение \"¶\"."
      }
    },
    "IN-G3: Индикатор 1 поля 490 имеет недопустимое значение \"\".": {
      "count": 6,
      "first": {
        "recordIndex": 1204804,
        "byteOffset": 1020058818,
        "rule": "IN-G3",
        "fieldIndex": 13,
        "tag": "490",
        "indicatorIndex": 0,
        "message": "Индикатор 1 поля 490 имеет недопустимое значение \"\"."
      }
    },
    "IN-G3: Индикатор 2 поля 490 имеет недопустимое значение \"¸\".": {
      "count": 7,
      "first": {
        "recordIndex": 1204804,
        "byteOffset": 1020058818,
        "rule": "IN-G3",
        "fieldIndex": 14,
        "tag": "490",
        "indicatorIndex": 1,
        "message": "Индикатор 2 поля 490 имеет недопустимое значение \"¸\"."
      }
    },
    "IN-G3: Индикатор 2 поля 300 имеет недопустимое значение \"\".": {
      "count": 3,
      "first": {
        "recordIndex": 1204805,
        "byteOffset": 1020059639,
        "rule": "IN-G3",
        "fieldIndex": 12,
        "tag": "300",
        "indicatorIndex": 1,
        "message": "Индикатор 2 поля 300 имеет недопустимое значение \"\"."
      }
    },
    "IN-G3: Индикатор 1 поля 520 имеет недопустимое значение \"(\".": {
      "count": 2,
      "first": {
        "recordIndex": 1204805,
        "byteOffset": 1020059639,
        "rule": "IN-G3",
        "fieldIndex": 14,
        "tag": "520",
        "indicatorIndex": 0,
        "message": "Индикатор 1 поля 520 имеет недопустимое значение \"(\"."
      }
    },
    "IN-G3: Индикатор 1 поля 580 имеет недопустимое значение \"Ð\".": {
      "count": 2,
      "first": {
        "recordIndex": 1204805,
        "byteOffset": 1020059639,
        "rule": "IN-G3",
        "fieldIndex": 15,
        "tag": "580",
        "indicatorIndex": 0,
        "message": "Индикатор 1 поля 580 имеет недопустимое значение \"Ð\"."
      }
    },
    "IN-G3: Индикатор 2 поля 580 имеет недопустимое значение \"µ\".": {
      "count": 1,
      "first": {
        "recordIndex": 1204805,
        "byteOffset": 1020059639,
        "rule": "IN-G3",
        "fieldIndex": 15,
        "tag": "580",
        "indicatorIndex": 1,
        "message": "Индикатор 2 поля 580 имеет недопустимое значение \"µ\"."
      }
    },
    "DF-G3: Поле 580 не содержит кода подполя.": {
      "count": 2,
      "first": {
        "recordIndex": 1204805,
        "byteOffset": 1020059639,
        "rule": "DF-G3",
        "fieldIndex": 15,
        "tag": "580",
        "message": "Поле 580 не содержит кода подполя."
      }
    },
    "IN-G3: Индикатор 2 поля 490 имеет недопустимое значение \"\".": {
      "count": 2,
      "first": {
        "recordIndex": 1204806,
        "byteOffset": 1020060523,
        "rule": "IN-G3",
        "fieldIndex": 13,
        "tag": "490",
        "indicatorIndex": 1,
        "message": "Индикатор 2 поля 490 имеет недопустимое значение \"\"."
      }
    },
    "DF-G2: Поле 912 содержит 1 индикатор(а), ожидалось 2.": {
      "count": 2,
      "first": {
        "recordIndex": 1204806,
        "byteOffset": 1020060523,
        "rule": "DF-G2",
        "fieldIndex": 16,
        "tag": "912",
        "message": "Поле 912 содержит 1 индикатор(а), ожидалось 2."
      }
    },
    "DF-G2: Поле 505 содержит 1 индикатор(а), ожидалось 2.": {
      "count": 1,
      "first": {
        "recordIndex": 1204807,
        "byteOffset": 1020061297,
        "rule": "DF-G2",
        "fieldIndex": 13,
        "tag": "505",
        "message": "Поле 505 содержит 1 индикатор(а), ожидалось 2."
      }
    },
    "IN-G3: Индикатор 1 поля 505 имеет недопустимое значение \"°\".": {
      "count": 2,
      "first": {
        "recordIndex": 1204807,
        "byteOffset": 1020061297,
        "rule": "IN-G3",
        "fieldIndex": 13,
        "tag": "505",
        "indicatorIndex": 0,
        "message": "Индикатор 1 поля 505 имеет недопустимое значение \"°\"."
      }
    },
    "IN-G3: Индикатор 2 поля 336 имеет недопустимое значение \"·\".": {
      "count": 3,
      "first": {
        "recordIndex": 1204807,
        "byteOffset": 1020061297,
        "rule": "IN-G3",
        "fieldIndex": 16,
        "tag": "336",
        "indicatorIndex": 1,
        "message": "Индикатор 2 поля 336 имеет недопустимое значение \"·\"."
      }
    },
    "IN-G3: Индикатор 1 поля 337 имеет недопустимое значение \"½\".": {
      "count": 4,
      "first": {
        "recordIndex": 1204807,
        "byteOffset": 1020061297,
        "rule": "IN-G3",
        "fieldIndex": 17,
        "tag": "337",
        "indicatorIndex": 0,
        "message": "Индикатор 1 поля 337 имеет недопустимое значение \"½\"."
      }
    },
    "IN-G3: Индикатор 1 поля 912 имеет недопустимое значение \"³\".": {
      "count": 3,
      "first": {
        "recordIndex": 1204808,
        "byteOffset": 1020062591,
        "rule": "IN-G3",
        "fieldIndex": 14,
        "tag": "912",
        "indicatorIndex": 0,
        "message": "Индикатор 1 поля 912 имеет недопустимое значение \"³\"."
      }
    },
    "DF-G2: Поле 650 содержит 1 индикатор(а), ожидалось 2.": {
      "count": 3,
      "first": {
        "recordIndex": 1204809,
        "byteOffset": 1020063298,
        "rule": "DF-G2",
        "fieldIndex": 13,
        "tag": "650",
        "message": "Поле 650 содержит 1 индикатор(а), ожидалось 2."
      }
    },
    "IN-G3: Индикатор 1 поля 710 имеет недопустимое значение \"¸\".": {
      "count": 1,
      "first": {
        "recordIndex": 1204809,
        "byteOffset": 1020063298,
        "rule": "IN-G3",
        "fieldIndex": 15,
        "tag": "710",
        "indicatorIndex": 0,
        "message": "Индикатор 1 поля 710 имеет недопустимое значение \"¸\"."
      }
    },
    "IN-G3: Индикатор 1 поля 337 имеет недопустимое значение \"³\".": {
      "count": 3,
      "first": {
        "recordIndex": 1204809,
        "byteOffset": 1020063298,
        "rule": "IN-G3",
        "fieldIndex": 18,
        "tag": "337",
        "indicatorIndex": 0,
        "message": "Индикатор 1 поля 337 имеет недопустимое значение \"³\"."
      }
    },
    "IN-G3: Индикатор 1 поля 300 имеет недопустимое значение \".\".": {
      "count": 4,
      "first": {
        "recordIndex": 1204810,
        "byteOffset": 1020064390,
        "rule": "IN-G3",
        "fieldIndex": 11,
        "tag": "300",
        "indicatorIndex": 0,
        "message": "Индикатор 1 поля 300 имеет недопустимое значение \".\"."
      }
    },
    "IN-G3: Индикатор 2 поля 700 имеет недопустимое значение \"\".": {
      "count": 5,
      "first": {
        "recordIndex": 1204810,
        "byteOffset": 1020064390,
        "rule": "IN-G3",
        "fieldIndex": 16,
        "tag": "700",
        "indicatorIndex": 1,
        "message": "Индикатор 2 поля 700 имеет недопустимое значение \"\"."
      }
    },
    "IN-G3: Индикатор 1 поля 773 имеет недопустимое значение \"\".": {
      "count": 1,
      "first": {
        "recordIndex": 1204810,
        "byteOffset": 1020064390,
        "rule": "IN-G3",
        "fieldIndex": 18,
        "tag": "773",
        "indicatorIndex": 0,
        "message": "Индикатор 1 поля 773 имеет недопустимое значение \"\"."
      }
    },
    "IN-G3: Индикатор 1 поля 520 имеет недопустимое значение \"\\u001e\".": {
      "count": 6,
      "first": {
        "recordIndex": 1204812,
        "byteOffset": 1020066790,
        "rule": "IN-G3",
        "fieldIndex": 11,
        "tag": "520",
        "indicatorIndex": 0,
        "message": "Индикатор 1 поля 520 имеет недопустимое значение \"\\u001e\"."
      }
    },
    "IN-G3: Индикатор 2 поля 710 имеет недопустимое значение \"¹\".": {
      "count": 1,
      "first": {
        "recordIndex": 1204812,
        "byteOffset": 1020066790,
        "rule": "IN-G3",
        "fieldIndex": 15,
        "tag": "710",
        "indicatorIndex": 1,
        "message": "Индикатор 2 поля 710 имеет недопустимое значение \"¹\"."
      }
    },
    "IN-G3: Индикатор 1 поля 260 имеет недопустимое значение \"\".": {
      "count": 2,
      "first": {
        "recordIndex": 1204813,
        "byteOffset": 1020067822,
        "rule": "IN-G3",
        "fieldIndex": 12,
        "tag": "260",
        "indicatorIndex": 0,
        "message": "Индикатор 1 поля 260 имеет недопустимое значение \"\"."
      }
    },
    "IN-G3: Индикатор 2 поля 490 имеет недопустимое значение \"\".": {
      "count": 1,
      "first": {
        "recordIndex": 1204813,
        "byteOffset": 1020067822,
        "rule": "IN-G3",
        "fieldIndex": 14,
        "tag": "490",
        "indicatorIndex": 1,
        "message": "Индикатор 2 поля 490 имеет недопустимое значение \"\"."
      }
    },
    "IN-G3: Индикатор 1 поля 250 имеет недопустимое значение \"µ\".": {
      "count": 3,
      "first": {
        "recordIndex": 1204814,
        "byteOffset": 1020069431,
        "rule": "IN-G3",
        "fieldIndex": 11,
        "tag": "250",
        "indicatorIndex": 0,
        "message": "Индикатор 1 поля 250 имеет недопустимое значение \"µ\"."
      }
    },
    "SF-G4: Подполе 5 поля 650 имеет недопустимый код \"\".": {
      "count": 2,
      "first": {
        "recordIndex": 1204814,
        "byteOffset": 1020069431,
        "rule": "SF-G4",
        "fieldIndex": 14,
        "tag": "650",
        "subfieldIndex": 4,
        "message": "Подполе 5 поля 650 имеет недопустимый код \"\"."
      }
    },
    "IN-G3: Индикатор 2 поля 912 имеет недопустимое значение \".\".": {
      "count": 1,
      "first": {
        "recordIndex": 1204815,
        "byteOffset": 1020070233,
        "rule": "IN-G3",
        "fieldIndex": 18,
        "tag": "912",
        "indicatorIndex": 1,
        "message": "Индикатор 2 поля 912 имеет недопустимое значение \".\"."
      }
    },
    "IN-G3: Индикатор 1 поля 250 имеет недопустимое значение \"°\".": {
      "count": 3,
      "first": {
        "recordIndex": 1204816,
        "byteOffset": 1020071273,
        "rule": "IN-G3",
        "fieldIndex": 11,
        "tag": "250",
        "indicatorIndex": 0,
        "message": "Индикатор 1 поля 250 имеет недопустимое значение \"°\"."
      }
    },
    "IN-G3: Индикатор 1 поля 490 имеет недопустимое значение \"\".": {
      "count": 1,
      "first": {
        "recordIndex": 1204816,
        "byteOffset": 1020071273,
        "rule": "IN-G3",
        "fieldIndex": 14,
        "tag": "490",
        "indicatorIndex": 0,
        "message": "Индикатор 1 поля 490 имеет недопустимое значение \"\"."
      }
    },
    "IN-G3: Индикатор 2 поля 490 имеет недопустимое значение \"µ\".": {
      "count": 3,
      "first": {
        "recordIndex": 1204816,
        "byteOffset": 1020071273,
        "rule": "IN-G3",
        "fieldIndex": 15,
        "tag": "490",
        "indicatorIndex": 1,
        "message": "Индикатор 2 поля 490 имеет недопустимое значение \"µ\"."
      }
    },
    "IN-G3: Индикатор 2 поля 490 имеет недопустимое значение \"º\".": {
      "count": 7,
      "first": {
        "recordIndex": 1204817,
        "byteOffset": 1020072732,
        "rule": "IN-G3",
        "fieldIndex": 13,
        "tag": "490",
        "indicatorIndex": 1,
        "message": "Индикатор 2 поля 490 имеет недопустимое значение \"º\"."
      }
    },
    "IN-G3: Индикатор 2 поля 336 имеет недопустимое значение \"\".": {
      "count": 2,
      "first": {
        "recordIndex": 1204817,
        "byteOffset": 1020072732,
        "rule": "IN-G3",
        "fieldIndex": 18,
        "tag": "336",
        "indicatorIndex": 1,
        "message": "Индикатор 2 поля 336 имеет недопустимое значение \"\"."
      }
    },
    "IN-G3: Индикатор 1 поля 337 имеет недопустимое значение \"\".": {
      "count": 1,
      "first": {
        "recordIndex": 1204817,
        "byteOffset": 1020072732,
        "rule": "IN-G3",
        "fieldIndex": 19,
        "tag": "337",
        "indicatorIndex": 0,
        "message": "Индикатор 1 поля 337 имеет недопустимое значение \"\"."
      }
    },
    "IN-G3: Индикатор 2 поля 773 имеет недопустимое значение \"\".": {
      "count": 2,
      "first": {
        "recordIndex": 1204818,
        "byteOffset": 1020073617,
        "rule": "IN-G3",
        "fieldIndex": 15,
        "tag": "773",
        "indicatorIndex": 1,
        "message": "Индикатор 2 поля 773 имеет недопустимое значение \"\"."
      }
    },
    "IN-G3: Индикатор 1 поля 336 имеет недопустимое значение \")\".": {
      "count": 1,
      "first": {
        "recordIndex": 1204818,
        "byteOffset": 1020073617,
        "rule": "IN-G3",
        "fieldIndex": 17,
        "tag": "336",
        "indicatorIndex": 0,
        "message": "Индикатор 1 поля 336 имеет недопустимое значение \")\"."
      }
    },
    "IN-G3: Индикатор 1 поля 245 имеет недопустимое значение \"\".": {
      "count": 2,
      "first": {
        "recordIndex": 1204819,
        "byteOffset": 1020075063,
        "rule": "IN-G3",
        "fieldIndex": 11,
        "tag": "245",
        "indicatorIndex": 0,
        "message": "Индикатор 1 поля 245 имеет недопустимое значение \"\"."
      }
    },
    "IN-G3: Индикатор 2 поля 250 имеет недопустимое значение \"\".": {
      "count": 1,
      "first": {
        "recordIndex": 1204819,
        "byteOffset": 1020075063,
        "rule": "IN-G3",
        "fieldIndex": 12,
        "tag": "250",
        "indicatorIndex": 1,
        "message": "Индикатор 2 поля 250 имеет недопустимое значение \"\"."
      }
    },
    "IN-G3: Индикатор 2 поля 245 имеет недопустимое значение \"\".": {
      "count": 1,
      "first": {
        "recordIndex": 1204821,
        "byteOffset": 1020077818,
        "rule": "IN-G3",
        "fieldIndex": 11,
        "tag": "245",
        "indicatorIndex": 1,
        "message": "Индикатор 2 поля 245 имеет недопустимое значение \"\"."
      }
    },
    "IN-G3: Индикатор 1 поля 250 имеет недопустимое значение \"\".": {
      "count": 1,
      "first": {
        "recordIndex": 1204821,
        "byteOffset": 1020077818,
        "rule": "IN-G3",
        "fieldIndex": 12,
        "tag": "250",
        "indicatorIndex": 0,
        "message": "Индикатор 1 поля 250 имеет недопустимое значение \"\"."
      }
    },
    "IN-G3: Индикатор 2 поля 260 имеет недопустимое значение \"·\".": {
      "count": 1,
      "first": {
        "recordIndex": 1204821,
        "byteOffset": 1020077818,
        "rule": "IN-G3",
        "fieldIndex": 13,
        "tag": "260",
        "indicatorIndex": 1,
        "message": "Индикатор 2 поля 260 имеет недопустимое значение \"·\"."
      }
    },
    "IN-G3: Индикатор 2 поля 300 имеет недопустимое значение \"±\".": {
      "count": 4,
      "first": {
        "recordIndex": 1204821,
        "byteOffset": 1020077818,
        "rule": "IN-G3",
        "fieldIndex": 14,
        "tag": "300",
        "indicatorIndex": 1,
        "message": "Индикатор 2 поля 300 имеет недопустимое значение \"±\"."
      }
    },
    "IN-G3: Индикатор 2 поля 490 имеет недопустимое значение \"\".": {
      "count": 1,
      "first": {
        "recordIndex": 1204821,
        "byteOffset": 1020077818,
        "rule": "IN-G3",
        "fieldIndex": 15,
        "tag": "490",
        "indicatorIndex": 1,
        "message": "Индикатор 2 поля 490 имеет недопустимое значение \"\"."
      }
    },
    "IN-G3: Индикатор 2 поля 546 имеет недопустимое значение \"¼\".": {
      "count": 1,
      "first": {
        "recordIndex": 1204821,
        "byteOffset": 1020077818,
        "rule": "IN-G3",
        "fieldIndex": 18,
        "tag": "546",
        "indicatorIndex": 1,
        "message": "Индикатор 2 поля 546 имеет недопустимое значение \"¼\"."
      }
    },
    "IN-G3: Индикатор 2 поля 650 имеет недопустимое значение \"\".": {
      "count": 1,
      "first": {
        "recordIndex": 1204821,
        "byteOffset": 1020077818,
        "rule": "IN-G3",
        "fieldIndex": 19,
        "tag": "650",
        "indicatorIndex": 1,
        "message": "Индикатор 2 поля 650 имеет недопустимое значение \"\"."
      }
    },
    "IN-G3: Индикатор 2 поля 520 имеет недопустимое значение \"¿\".": {
      "count": 2,
      "first": {
        "recordIndex": 1204823,
        "byteOffset": 1020080189,
        "rule": "IN-G3",
        "fieldIndex": 14,
        "tag": "520",
        "indicatorIndex": 1,
        "message": "Индикатор 2 поля 520 имеет недопустимое значение \"¿\"."
      }
    },
    "IN-G3: Индикатор 2 поля 650 имеет недопустимое значение \"\".": {
      "count": 1,
      "first": {
        "recordIndex": 1204824,
        "byteOffset": 1020082429,
        "rule": "IN-G3",
        "fieldIndex": 15,
        "tag": "650",
        "indicatorIndex": 1,
        "message": "Индикатор 2 поля 650 имеет недопустимое значение \"\"."
      }
    },
    "IN-G3: Индикатор 1 поля 650 имеет недопустимое значение \"\".": {
      "count": 1,
      "first": {
        "recordIndex": 1204824,
        "byteOffset": 1020082429,
        "rule": "IN-G3",
        "fieldIndex": 17,
        "tag": "650",
        "indicatorIndex": 0,
        "message": "Индикатор 1 поля 650 имеет недопустимое значение \"\"."
      }
    },
    "IN-G3: Индикатор 1 поля 710 имеет недопустимое значение \"½\".": {
      "count": 1,
      "first": {
        "recordIndex": 1204824,
        "byteOffset": 1020082429,
        "rule": "IN-G3",
        "fieldIndex": 19,
        "tag": "710",
        "indicatorIndex": 0,
        "message": "Индикатор 1 поля 710 имеет недопустимое значение \"½\"."
      }
    },
    "IN-G3: Индикатор 1 поля 336 имеет недопустимое значение \"±\".": {
      "count": 2,
      "first": {
        "recordIndex": 1204825,
        "byteOffset": 1020084464,
        "rule": "IN-G3",
        "fieldIndex": 20,
        "tag": "336",
        "indicatorIndex": 0,
        "message": "Индикатор 1 поля 336 имеет недопустимое значение \"±\"."
      }
    },
    "IN-G3: Индикатор 1 поля 337 имеет недопустимое значение \"\".": {
      "count": 2,
      "first": {
        "recordIndex": 1204826,
        "byteOffset": 1020085844,
        "rule": "IN-G3",
        "fieldIndex": 16,
        "tag": "337",
        "indicatorIndex": 0,
        "message": "Индикатор 1 поля 337 имеет недопустимое значение \"\"."
      }
    },
    "IN-G3: Индикатор 2 поля 520 имеет недопустимое значение \"\".": {
      "count": 2,
      "first": {
        "recordIndex": 1204827,
        "byteOffset": 1020087109,
        "rule": "IN-G3",
        "fieldIndex": 13,
        "tag": "520",
        "indicatorIndex": 1,
        "message": "Индикатор 2 поля 520 имеет недопустимое значение \"\"."
      }
    },
    "IN-G3: Индикатор 2 поля 490 имеет недопустимое значение \"¹\".": {
      "count": 4,
      "first": {
        "recordIndex": 1204829,
        "byteOffset": 1020089189,
        "rule": "IN-G3",
        "fieldIndex": 13,
        "tag": "490",
        "indicatorIndex": 1,
        "message": "Индикатор 2 поля 490 имеет недопустимое значение \"¹\"."
      }
    },
    "IN-G3: Индикатор 2 поля 260 имеет недопустимое значение \"¡\".": {
      "count": 1,
      "first": {
        "recordIndex": 1204830,
        "byteOffset": 1020090080,
        "rule": "IN-G3",
        "fieldIndex": 10,
        "tag": "260",
        "indicatorIndex": 1,
        "message": "Индикатор 2 поля 260 имеет недопустимое значение \"¡\"."
      }
    },
    "IN-G3: Индикатор 1 поля 700 имеет недопустимое значение \"·\".": {
      "count": 3,
      "first": {
        "recordIndex": 1204830,
        "byteOffset": 1020090080,
        "rule": "IN-G3",
        "fieldIndex": 14,
        "tag": "700",
        "indicatorIndex": 0,
        "message": "Индикатор 1 поля 700 имеет недопустимое значение \"·\"."
      }
    },
    "IN-G3: Индикатор 1 поля 773 имеет недопустимое значение \"¿\".": {
      "count": 2,
      "first": {
        "recordIndex": 1204830,
        "byteOffset": 1020090080,
        "rule": "IN-G3",
        "fieldIndex": 16,
        "tag": "773",
        "indicatorIndex": 0,
        "message": "Индикатор 1 поля 773 имеет недопустимое значение \"¿\"."
      }
    },
    "IN-G3: Индикатор 2 поля 912 имеет недопустимое значение \"\".": {
      "count": 1,
      "first": {
        "recordIndex": 1204830,
        "byteOffset": 1020090080,
        "rule": "IN-G3",
        "fieldIndex": 17,
        "tag": "912",
        "indicatorIndex": 1,
        "message": "Индикатор 2 поля 912 имеет недопустимое значение \"\"."
      }
    },
    "IN-G3: Индикатор 1 поля 337 имеет недопустимое значение \"\".": {
      "count": 2,
      "first": {
        "recordIndex": 1204830,
        "byteOffset": 1020090080,
        "rule": "IN-G3",
        "fieldIndex": 19,
        "tag": "337",
        "indicatorIndex": 0,
        "message": "Индикатор 1 поля 337 имеет недопустимое значение \"\"."
      }
    },
    "IN-G3: Индикатор 2 поля 300 имеет недопустимое значение \":\".": {
      "count": 5,
      "first": {
        "recordIndex": 1204831,
        "byteOffset": 1020091547,
        "rule": "IN-G3",
        "fieldIndex": 11,
        "tag": "300",
        "indicatorIndex": 1,
        "message": "Индикатор 2 поля 300 имеет недопустимое значение \":\"."
      }
    },
    "SF-G4: Подполе 3 поля 490 имеет недопустимый код \"\".": {
      "count": 4,
      "first": {
        "recordIndex": 1204831,
        "byteOffset": 1020091547,
        "rule": "SF-G4",
        "fieldIndex": 12,
        "tag": "490",
        "subfieldIndex": 2,
        "message": "Подполе 3 поля 490 имеет недопустимый код \"\"."
      }
    },
    "IN-G3: Индикатор 2 поля 490 имеет недопустимое значение \"\".": {
      "count": 1,
      "first": {
        "recordIndex": 1204831,
        "byteOffset": 1020091547,
        "rule": "IN-G3",
        "fieldIndex": 13,
        "tag": "490",
        "indicatorIndex": 1,
        "message": "Индикатор 2 поля 490 имеет недопустимое значение \"\"."
      }
    },
    "IN-G3: Индикатор 2 поля 336 имеет недопустимое значение \"±\".": {
      "count": 3,
      "first": {
        "recordIndex": 1204831,
        "byteOffset": 1020091547,
        "rule": "IN-G3",
        "fieldIndex": 18,
        "tag": "336",
        "indicatorIndex": 1,
        "message": "Индикатор 2 поля 336 имеет недопустимое значение \"±\"."
      }
    },
    "IN-G3: Индикатор 2 поля 650 имеет недопустимое значение \"¡\".": {
      "count": 1,
      "first": {
        "recordIndex": 1204832,
        "byteOffset": 1020092475,
        "rule": "IN-G3",
        "fieldIndex": 14,
        "tag": "650",
        "indicatorIndex": 1,
        "message": "Индикатор 2 поля 650 имеет недопустимое значение \"¡\"."
      }
    },
    "IN-G3: Индикатор 2 поля 773 имеет недопустимое значение \"²\".": {
      "count": 1,
      "first": {
        "recordIndex": 1204832,
        "byteOffset": 1020092475,
        "rule": "IN-G3",
        "fieldIndex": 15,
        "tag": "773",
        "indicatorIndex": 1,
        "message": "Индикатор 2 поля 773 имеет недопустимое значение \"²\"."
      }
    },
    "IN-G3: Индикатор 1 поля 260 имеет недопустимое значение \"\".": {
      "count": 1,
      "first": {
        "recordIndex": 1204833,
        "byteOffset": 1020093603,
        "rule": "IN-G3",
        "fieldIndex": 13,
        "tag": "260",
        "indicatorIndex": 0,
        "message": "Индикатор 1 поля 260 имеет недопустимое значение \"\"."
      }
    },
    "IN-G3: Индикатор 2 поля 300 имеет недопустимое значение \"\".": {
      "count": 5,
      "first": {
        "recordIndex": 1204833,
        "byteOffset": 1020093603,
        "rule": "IN-G3",
        "fieldIndex": 14,
        "tag": "300",
        "indicatorIndex": 1,
        "message": "Индикатор 2 поля 300 имеет недопустимое значение \"\"."
      }
    },
    "IN-G3: Индикатор 1 поля 336 имеет недопустимое значение \"\\u001e\".": {
      "count": 3,
      "first": {
        "recordIndex": 1204833,
        "byteOffset": 1020093603,
        "rule": "IN-G3",
        "fieldIndex": 20,
        "tag": "336",
        "indicatorIndex": 0,
        "message": "Индикатор 1 поля 336 имеет недопустимое значение \"\\u001e\"."
      }
    },
    "IN-G3: Индикатор 1 поля 912 имеет недопустимое значение \"´\".": {
      "count": 4,
      "first": {
        "recordIndex": 1204834,
        "byteOffset": 1020094877,
        "rule": "IN-G3",
        "fieldIndex": 20,
        "tag": "912",
        "indicatorIndex": 0,
        "message": "Индикатор 1 поля 912 имеет недопустимое значение \"´\"."
      }
    },
    "IN-G3: Индикатор 1 поля 490 имеет недопустимое значение \"[\".": {
      "count": 1,
      "first": {
        "recordIndex": 1204835,
        "byteOffset": 1020096576,
        "rule": "IN-G3",
        "fieldIndex": 13,
        "tag": "490",
        "indicatorIndex": 0,
        "message": "Индикатор 1 поля 490 имеет недопустимое значение \"[\"."
      }
    },
    "IN-G3: Индикатор 2 поля 260 имеет недопустимое значение \"³\".": {
      "count": 4,
      "first": {
        "recordIndex": 1204836,
        "byteOffset": 1020097429,
        "rule": "IN-G3",
        "fieldIndex": 10,
        "tag": "260",
        "indicatorIndex": 1,
        "message": "Индикатор 2 поля 260 имеет недопустимое значение \"³\"."
      }
    },
    "IN-G3: Индикатор 2 поля 300 имеет недопустимое значение \"\".": {
      "count": 1,
      "first": {
        "recordIndex": 1204836,
        "byteOffset": 1020097429,
        "rule": "IN-G3",
        "fieldIndex": 11,
        "tag": "300",
        "indicatorIndex": 1,
        "message": "Индикатор 2 поля 300 имеет недопустимое значение \"\"."
      }
    },
    "IN-G3: Индикатор 2 поля 912 имеет недопустимое значение \"\".": {
      "count": 7,
      "first": {
        "recordIndex": 1204837,
        "byteOffset": 1020098358,
        "rule": "IN-G3",
        "fieldIndex": 17,
        "tag": "912",
        "indicatorIndex": 1,
        "message": "Индикатор 2 поля 912 имеет недопустимое значение \"\"."
      }
    },
    "IN-G3: Индикатор 2 поля 490 имеет недопустимое значение \"\".": {
      "count": 2,
      "first": {
        "recordIndex": 1204838,
        "byteOffset": 1020099511,
        "rule": "IN-G3",
        "fieldIndex": 12,
        "tag": "490",
        "indicatorIndex": 1,
        "message": "Индикатор 2 поля 490 имеет недопустимое значение \"\"."
      }
    },
    "IN-G3: Индикатор 1 поля 337 имеет недопустимое значение \"+\".": {
      "count": 1,
      "first": {
        "recordIndex": 1204838,
        "byteOffset": 1020099511,
        "rule": "IN-G3",
        "fieldIndex": 19,
        "tag": "337",
        "indicatorIndex": 0,
        "message": "Индикатор 1 поля 337 имеет недопустимое значение \"+\"."
      }
    },
    "IN-G3: Индикатор 2 поля 337 имеет недопустимое значение \"]\".": {
      "count": 3,
      "first": {
        "recordIndex": 1204838,
        "byteOffset": 1020099511,
        "rule": "IN-G3",
        "fieldIndex": 19,
        "tag": "337",
        "indicatorIndex": 1,
        "message": "Индикатор 2 поля 337 имеет недопустимое значение \"]\"."
      }
    },
    "IN-G3: Индикатор 2 поля 336 имеет недопустимое значение \"³\".": {
      "count": 4,
      "first": {
        "recordIndex": 1204840,
        "byteOffset": 1020101619,
        "rule": "IN-G3",
        "fieldIndex": 18,
        "tag": "336",
        "indicatorIndex": 1,
        "message": "Индикатор 2 поля 336 имеет недопустимое значение \"³\"."
      }
    },
    "IN-G3: Индикатор 1 поля 520 имеет недопустимое значение \"\".": {
      "count": 4,
      "first": {
        "recordIndex": 1204841,
        "byteOffset": 1020102781,
        "rule": "IN-G3",
        "fieldIndex": 15,
        "tag": "520",
        "indicatorIndex": 0,
        "message": "Индикатор 1 поля 520 имеет недопустимое значение \"\"."
      }
    },
    "IN-G3: Индикатор 1 поля 912 имеет недопустимое значение \"\".": {
      "count": 1,
      "first": {
        "recordIndex": 1204841,
        "byteOffset": 1020102781,
        "rule": "IN-G3",
        "fieldIndex": 17,
        "tag": "912",
        "indicatorIndex": 0,
        "message": "Индикатор 1 поля 912 имеет недопустимое значение \"\"."
      }
    },
    "IN-G3: Индикатор 1 поля 336 имеет недопустимое значение \"·\".": {
      "count": 3,
      "first": {
        "recordIndex": 1204841,
        "byteOffset": 1020102781,
        "rule": "IN-G3",
        "fieldIndex": 18,
        "tag": "336",
        "indicatorIndex": 0,
        "message": "Индикатор 1 поля 336 имеет недопустимое значение \"·\"."
      }
    },
    "IN-G3: Индикатор 2 поля 300 имеет недопустимое значение \"§\".": {
      "count": 1,
      "first": {
        "recordIndex": 1204842,
        "byteOffset": 1020103932,
        "rule": "IN-G3",
        "fieldIndex": 11,
        "tag": "300",
        "indicatorIndex": 1,
        "message": "Индикатор 2 поля 300 имеет недопустимое значение \"§\"."
      }
    },
    "IN-G3: Индикатор 2 поля 520 имеет недопустимое значение \"(\".": {
      "count": 4,
      "first": {
        "recordIndex": 1204842,
        "byteOffset": 1020103932,
        "rule": "IN-G3",
        "fieldIndex": 14,
        "tag": "520",
        "indicatorIndex": 1,
        "message": "Индикатор 2 поля 520 имеет недопустимое значение \"(\"."
      }
    },
    "IN-G3: Индикатор 2 поля 337 имеет недопустимое значение \"\".": {
      "count": 1,
      "first": {
        "recordIndex": 1204842,
        "byteOffset": 1020103932,
        "rule": "IN-G3",
        "fieldIndex": 20,
        "tag": "337",
        "indicatorIndex": 1,
        "message": "Индикатор 2 поля 337 имеет недопустимое значение \"\"."
      }
    },
    "IN-G3: Индикатор 1 поля 300 имеет недопустимое значение \"\".": {
      "count": 2,
      "first": {
        "recordIndex": 1204843,
        "byteOffset": 1020105070,
        "rule": "IN-G3",
        "fieldIndex": 11,
        "tag": "300",
        "indicatorIndex": 0,
        "message": "Индикатор 1 поля 300 имеет недопустимое значение \"\"."
      }
    },
    "IN-G3: Индикатор 1 поля 912 имеет недопустимое значение \"\".": {
      "count": 2,
      "first": {
        "recordIndex": 1204843,
        "byteOffset": 1020105070,
        "rule": "IN-G3",
        "fieldIndex": 15,
        "tag": "912",
        "indicatorIndex": 0,
        "message": "Индикатор 1 поля 912 имеет недопустимое значение \"\"."
      }
    },
    "IN-G3: Индикатор 2 поля 260 имеет недопустимое значение \"±\".": {
      "count": 2,
      "first": {
        "recordIndex": 1204844,
        "byteOffset": 1020105921,
        "rule": "IN-G3",
        "fieldIndex": 10,
        "tag": "260",
        "indicatorIndex": 1,
        "message": "Индикатор 2 поля 260 имеет недопустимое значение \"±\"."
      }
    },
    "IN-G3: Индикатор 2 поля 260 имеет недопустимое значение \"\".": {
      "count": 4,
      "first": {
        "recordIndex": 1204846,
        "byteOffset": 1020108196,
        "rule": "IN-G3",
        "fieldIndex": 10,
        "tag": "260",
        "indicatorIndex": 1,
        "message": "Индикатор 2 поля 260 имеет недопустимое значение \"\"."
      }
    },
    "IN-G3: Индикатор 2 поля 490 имеет недопустимое значение \"¼\".": {
      "count": 6,
      "first": {
        "recordIndex": 1204846,
        "byteOffset": 1020108196,
        "rule": "IN-G3",
        "fieldIndex": 12,
        "tag": "490",
        "indicatorIndex": 1,
        "message": "Индикатор 2 поля 490 имеет недопустимое значение \"¼\"."
      }
    },
    "IN-G3: Индикатор 1 поля 260 имеет недопустимое значение \"\".": {
      "count": 1,
      "first": {
        "recordIndex": 1204850,
        "byteOffset": 1020112309,
        "rule": "IN-G3",
        "fieldIndex": 11,
        "tag": "260",
        "indicatorIndex": 0,
        "message": "Индикатор 1 поля 260 имеет недопустимое значение \"\"."
      }
    },
    "IN-G3: Индикатор 2 поля 650 имеет недопустимое значение \"\".": {
      "count": 4,
      "first": {
        "recordIndex": 1204850,
        "byteOffset": 1020112309,
        "rule": "IN-G3",
        "fieldIndex": 15,
        "tag": "650",
        "indicatorIndex": 1,
        "message": "Индикатор 2 поля 650 имеет недопустимое значение \"\"."
      }
    },
    "IN-G3: Индикатор 2 поля 337 имеет недопустимое значение \"\".": {
      "count": 1,
      "first": {
        "recordIndex": 1204850,
        "byteOffset": 1020112309,
        "rule": "IN-G3",
        "fieldIndex": 18,
        "tag": "337",
        "indicatorIndex": 1,
        "message": "Индикатор 2 поля 337 имеет недопустимое значение \"\"."
      }
    },
    "IN-G3: Индикатор 2 поля 250 имеет недопустимое значение \"¸\".": {
      "count": 1,
      "first": {
        "recordIndex": 1204851,
        "byteOffset": 1020113357,
        "rule": "IN-G3",
        "fieldIndex": 12,
        "tag": "250",
        "indicatorIndex": 1,
        "message": "Индикатор 2 поля 250 имеет недопустимое значение \"¸\"."
      }
    },
    "IN-G3: Индикатор 1 поля 490 имеет недопустимое значение \"\".": {
      "count": 3,
      "first": {
        "recordIndex": 1204851,
        "byteOffset": 1020113357,
        "rule": "IN-G3",
        "fieldIndex": 15,
        "tag": "490",
        "indicatorIndex": 0,
        "message": "Индикатор 1 поля 490 имеет недопустимое значение \"\"."
      }
    },
    "IN-G3: Индикатор 1 поля 505 имеет недопустимое значение \"¼\".": {
      "count": 1,
      "first": {
        "recordIndex": 1204854,
        "byteOffset": 1020117596,
        "rule": "IN-G3",
        "fieldIndex": 14,
        "tag": "505",
        "indicatorIndex": 0,
        "message": "Индикатор 1 поля 505 имеет недопустимое значение \"¼\"."
      }
    },
    "IN-G3: Индикатор 2 поля 520 имеет недопустимое значение \"\".": {
      "count": 1,
      "first": {
        "recordIndex": 1204854,
        "byteOffset": 1020117596,
        "rule": "IN-G3",
        "fieldIndex": 15,
        "tag": "520",
        "indicatorIndex": 1,
        "message": "Индикатор 2 поля 520 имеет недопустимое значение \"\"."
      }
    },
    "IN-G3: Индикатор 1 поля 260 имеет недопустимое значение \"\".": {
      "count": 1,
      "first": {
        "recordIndex": 1204855,
        "byteOffset": 1020118921,
        "rule": "IN-G3",
        "fieldIndex": 10,
        "tag": "260",
        "indicatorIndex": 0,
        "message": "Индикатор 1 поля 260 имеет недопустимое значение \"\"."
      }
    },
    "IN-G3: Индикатор 2 поля 520 имеет недопустимое значение \"º\".": {
      "count": 8,
      "first": {
        "recordIndex": 1204856,
        "byteOffset": 1020120217,
        "rule": "IN-G3",
        "fieldIndex": 14,
        "tag": "520",
        "indicatorIndex": 1,
        "message": "Индикатор 2 поля 520 имеет недопустимое значение \"º\"."
      }
    },
    "IN-G3: Индикатор 1 поля 700 имеет недопустимое значение \"\".": {
      "count": 1,
      "first": {
        "recordIndex": 1204857,
        "byteOffset": 1020121518,
        "rule": "IN-G3",
        "fieldIndex": 16,
        "tag": "700",
        "indicatorIndex": 0,
        "message": "Индикатор 1 поля 700 имеет недопустимое значение \"\"."
      }
    },
    "IN-G3: Индикатор 2 поля 700 имеет недопустимое значение \"\".": {
      "count": 3,
      "first": {
        "recordIndex": 1204858,
        "byteOffset": 1020122757,
        "rule": "IN-G3",
        "fieldIndex": 14,
        "tag": "700",
        "indicatorIndex": 1,
        "message": "Индикатор 2 поля 700 имеет недопустимое значение \"\"."
      }
    },
    "IN-G3: Индикатор 2 поля 336 имеет недопустимое значение \"¤\".": {
      "count": 3,
      "first": {
        "recordIndex": 1204858,
        "byteOffset": 1020122757,
        "rule": "IN-G3",
        "fieldIndex": 17,
        "tag": "336",
        "indicatorIndex": 1,
        "message": "Индикатор 2 поля 336 имеет недопустимое значение \"¤\"."
      }
    },
    "IN-G3: Индикатор 1 поля 260 имеет недопустимое значение \"\".": {
      "count": 1,
      "first": {
        "recordIndex": 1204863,
        "byteOffset": 1020128008,
        "rule": "IN-G3",
        "fieldIndex": 10,
        "tag": "260",
        "indicatorIndex": 0,
        "message": "Индикатор 1 поля 260 имеет недопустимое значение \"\"."
      }
    },
    "IN-G3: Индикатор 1 поля 700 имеет недопустимое значение \"\".": {
      "count": 2,
      "first": {
        "recordIndex": 1204863,
        "byteOffset": 1020128008,
        "rule": "IN-G3",
        "fieldIndex": 14,
        "tag": "700",
        "indicatorIndex": 0,
        "message": "Индикатор 1 поля 700 имеет недопустимое значение \"\"."
      }
    },
    "IN-G3: Индикатор 2 поля 504 имеет недопустимое значение \"³\".": {
      "count": 1,
      "first": {
        "recordIndex": 1204864,
        "byteOffset": 1020129458,
        "rule": "IN-G3",
        "fieldIndex": 13,
        "tag": "504",
        "indicatorIndex": 1,
        "message": "Индикатор 2 поля 504 имеет недопустимое значение \"³\"."
      }
    },
    "DF-G2: Поле 245 содержит 0 индикатор(а), ожидалось 2.": {
      "count": 4,
      "first": {
        "recordIndex": 1204865,
        "byteOffset": 1020131844,
        "rule": "DF-G2",
        "fieldIndex": 11,
        "tag": "245",
        "message": "Поле 245 содержит 0 индикатор(а), ожидалось 2."
      }
    },
    "IN-G3: Индикатор 1 поля 546 имеет недопустимое значение \";\".": {
      "count": 1,
      "first": {
        "recordIndex": 1204865,
        "byteOffset": 1020131844,
        "rule": "IN-G3",
        "fieldIndex": 16,
        "tag": "546",
        "indicatorIndex": 0,
        "message": "Индикатор 1 поля 546 имеет недопустимое значение \";\"."
      }
    },
    "IN-G3: Индикатор 2 поля 650 имеет недопустимое значение \"\".": {
      "count": 1,
      "first": {
        "recordIndex": 1204865,
        "byteOffset": 1020131844,
        "rule": "IN-G3",
        "fieldIndex": 17,
        "tag": "650",
        "indicatorIndex": 1,
        "message": "Индикатор 2 поля 650 имеет недопустимое значение \"\"."
      }
    },
    "IN-G3: Индикатор 1 поля 650 имеет недопустимое значение \"\".": {
      "count": 1,
      "first": {
        "recordIndex": 1204865,
        "byteOffset": 1020131844,
        "rule": "IN-G3",
        "fieldIndex": 18,
        "tag": "650",
        "indicatorIndex": 0,
        "message": "Индикатор 1 поля 650 имеет недопустимое значение \"\"."
      }
    },
    "IN-G3: Индикатор 1 поля 650 имеет недопустимое значение \"\".": {
      "count": 2,
      "first": {
        "recordIndex": 1204865,
        "byteOffset": 1020131844,
        "rule": "IN-G3",
        "fieldIndex": 19,
        "tag": "650",
        "indicatorIndex": 0,
        "message": "Индикатор 1 поля 650 имеет недопустимое значение \"\"."
      }
    },
    "IN-G3: Индикатор 2 поля 912 имеет недопустимое значение \"\".": {
      "count": 3,
      "first": {
        "recordIndex": 1204865,
        "byteOffset": 1020131844,
        "rule": "IN-G3",
        "fieldIndex": 22,
        "tag": "912",
        "indicatorIndex": 1,
        "message": "Индикатор 2 поля 912 имеет недопустимое значение \"\"."
      }
    },
    "IN-G3: Индикатор 1 поля 490 имеет недопустимое значение \"\".": {
      "count": 6,
      "first": {
        "recordIndex": 1204869,
        "byteOffset": 1020136927,
        "rule": "IN-G3",
        "fieldIndex": 14,
        "tag": "490",
        "indicatorIndex": 0,
        "message": "Индикатор 1 поля 490 имеет недопустимое значение \"\"."
      }
    },
    "IN-G3: Индикатор 2 поля 250 имеет недопустимое значение \"\".": {
      "count": 1,
      "first": {
        "recordIndex": 1204870,
        "byteOffset": 1020138716,
        "rule": "IN-G3",
        "fieldIndex": 11,
        "tag": "250",
        "indicatorIndex": 1,
        "message": "Индикатор 2 поля 250 имеет недопустимое значение \"\"."
      }
    },
    "IN-G3: Индикатор 2 поля 912 имеет недопустимое значение \"¿\".": {
      "count": 5,
      "first": {
        "recordIndex": 1204870,
        "byteOffset": 1020138716,
        "rule": "IN-G3",
        "fieldIndex": 21,
        "tag": "912",
        "indicatorIndex": 1,
        "message": "Индикатор 2 поля 912 имеет недопустимое значение \"¿\"."
      }
    },
    "IN-G3: Индикатор 1 поля 337 имеет недопустимое значение \"\".": {
      "count": 1,
      "first": {
        "recordIndex": 1204871,
        "byteOffset": 1020140157,
        "rule": "IN-G3",
        "fieldIndex": 20,
        "tag": "337",
        "indicatorIndex": 0,
        "message": "Индикатор 1 поля 337 имеет недопустимое значение \"\"."
      }
    },
    "IN-G3: Индикатор 1 поля 080 имеет недопустимое значение \"/\".": {
      "count": 1,
      "first": {
        "recordIndex": 1204872,
        "byteOffset": 1020141165,
        "rule": "IN-G3",
        "fieldIndex": 9,
        "tag": "080",
        "indicatorIndex": 0,
        "message": "Индикатор 1 поля 080 имеет недопустимое значение \"/\"."
      }
    },
    "IN-G3: Индикатор 1 поля 080 имеет недопустимое значение \":\".": {
      "count": 2,
      "first": {
        "recordIndex": 1204874,
        "byteOffset": 1020143348,
        "rule": "IN-G3",
        "fieldIndex": 9,
        "tag": "080",
        "indicatorIndex": 0,
        "message": "Индикатор 1 поля 080 имеет недопустимое значение \":\"."
      }
    },
    "IN-G3: Индикатор 2 поля 250 имеет недопустимое значение \"¹\".": {
      "count": 1,
      "first": {
        "recordIndex": 1204874,
        "byteOffset": 1020143348,
        "rule": "IN-G3",
        "fieldIndex": 11,
        "tag": "250",
        "indicatorIndex": 1,
        "message": "Индикатор 2 поля 250 имеет недопустимое значение \"¹\"."
      }
    },
    "IN-G3: Индикатор 1 поля 336 имеет недопустимое значение \"¶\".": {
      "count": 1,
      "first": {
        "recordIndex": 1204877,
        "byteOffset": 1020147081,
        "rule": "IN-G3",
        "fieldIndex": 19,
        "tag": "336",
        "indicatorIndex": 0,
        "message": "Индикатор 1 поля 336 имеет недопустимое значение \"¶\"."
      }
    },
    "IN-G3: Индикатор 2 поля 336 имеет недопустимое значение \"\".": {
      "count": 3,
      "first": {
        "recordIndex": 1204878,
        "byteOffset": 1020148113,
        "rule": "IN-G3",
        "fieldIndex": 19,
        "tag": "336",
        "indicatorIndex": 1,
        "message": "Индикатор 2 поля 336 имеет недопустимое значение \"\"."
      }
    },
    "IN-G3: Индикатор 1 поля 300 имеет недопустимое значение \"+\".": {
      "count": 3,
      "first": {
        "recordIndex": 1204879,
        "byteOffset": 1020149123,
        "rule": "IN-G3",
        "fieldIndex": 12,
        "tag": "300",
        "indicatorIndex": 0,
        "message": "Индикатор 1 поля 300 имеет недопустимое значение \"+\"."
      }
    },
    "IN-G3: Индикатор 1 поля 520 имеет недопустимое значение \",\".": {
      "count": 2,
      "first": {
        "recordIndex": 1204879,
        "byteOffset": 1020149123,
        "rule": "IN-G3",
        "fieldIndex": 14,
        "tag": "520",
        "indicatorIndex": 0,
        "message": "Индикатор 1 поля 520 имеет недопустимое значение \",\"."
      }
    },
    "SF-G4: Подполе 1 поля 650 имеет недопустимый код \"\".": {
      "count": 1,
      "first": {
        "recordIndex": 1204879,
        "byteOffset": 1020149123,
        "rule": "SF-G4",
        "fieldIndex": 15,
        "tag": "650",
        "subfieldIndex": 0,
        "message": "Подполе 1 поля 650 имеет недопустимый код \"\"."
      }
    },
    "IN-G3: Индикатор 2 поля 336 имеет недопустимое значение \"\".": {
      "count": 1,
      "first": {
        "recordIndex": 1204879,
        "byteOffset": 1020149123,
        "rule": "IN-G3",
        "fieldIndex": 18,
        "tag": "336",
        "indicatorIndex": 1,
        "message": "Индикатор 2 поля 336 имеет недопустимое значение \"\"."
      }
    },
    "IN-G3: Индикатор 2 поля 300 имеет недопустимое значение \"\".": {
      "count": 3,
      "first": {
        "recordIndex": 1204880,
        "byteOffset": 1020150059,
        "rule": "IN-G3",
        "fieldIndex": 11,
        "tag": "300",
        "indicatorIndex": 1,
        "message": "Индикатор 2 поля 300 имеет недопустимое значение \"\"."
      }
    },
    "IN-G3: Индикатор 1 поля 912 имеет недопустимое значение \"¿\".": {
      "count": 7,
      "first": {
        "recordIndex": 1204880,
        "byteOffset": 1020150059,
        "rule": "IN-G3",
        "fieldIndex": 15,
        "tag": "912",
        "indicatorIndex": 0,
        "message": "Индикатор 1 поля 912 имеет недопустимое значение \"¿\"."
      }
    },
    "IN-G3: Индикатор 2 поля 912 имеет недопустимое значение \"\".": {
      "count": 4,
      "first": {
        "recordIndex": 1204882,
        "byteOffset": 1020152044,
        "rule": "IN-G3",
        "fieldIndex": 16,
        "tag": "912",
        "indicatorIndex": 1,
        "message": "Индикатор 2 поля 912 имеет недопустимое значение \"\"."
      }
    },
    "IN-G3: Индикатор 1 поля 650 имеет недопустимое значение \"]\".": {
      "count": 1,
      "first": {
        "recordIndex": 1204883,
        "byteOffset": 1020153002,
        "rule": "IN-G3",
        "fieldIndex": 11,
        "tag": "650",
        "indicatorIndex": 0,
        "message": "Индикатор 1 поля 650 имеет недопустимое значение \"]\"."
      }
    },
    "IN-G3: Индикатор 2 поля 336 имеет недопустимое значение \"»\".": {
      "count": 5,
      "first": {
        "recordIndex": 1204883,
        "byteOffset": 1020153002,
        "rule": "IN-G3",
        "fieldIndex": 13,
        "tag": "336",
        "indicatorIndex": 1,
        "message": "Индикатор 2 поля 336 имеет недопустимое значение \"»\"."
      }
    },
    "IN-G3: Индикатор 2 поля 520 имеет недопустимое значение \"\".": {
      "count": 4,
      "first": {
        "recordIndex": 1204884,
        "byteOffset": 1020153654,
        "rule": "IN-G3",
        "fieldIndex": 12,
        "tag": "520",
        "indicatorIndex": 1,
        "message": "Индикатор 2 поля 520 имеет недопустимое значение \"\"."
      }
    },
    "IN-G3: Индикатор 2 поля 773 имеет недопустимое значение \"\".": {
      "count": 1,
      "first": {
        "recordIndex": 1204884,
        "byteOffset": 1020153654,
        "rule": "IN-G3",
        "fieldIndex": 14,
        "tag": "773",
        "indicatorIndex": 1,
        "message": "Индикатор 2 поля 773 имеет недопустимое значение \"\"."
      }
    },
    "IN-G3: Индикатор 2 поля 336 имеет недопустимое значение \"\\u001e\".": {
      "count": 3,
      "first": {
        "recordIndex": 1204886,
        "byteOffset": 1020155220,
        "rule": "IN-G3",
        "fieldIndex": 17,
        "tag": "336",
        "indicatorIndex": 1,
        "message": "Индикатор 2 поля 336 имеет недопустимое значение \"\\u001e\"."
      }
    },
    "IN-G3: Индикатор 1 поля 337 имеет недопустимое значение \"\".": {
      "count": 1,
      "first": {
        "recordIndex": 1204887,
        "byteOffset": 1020156403,
        "rule": "IN-G3",
        "fieldIndex": 21,
        "tag": "337",
        "indicatorIndex": 0,
        "message": "Индикатор 1 поля 337 имеет недопустимое значение \"\"."
      }
    },
    "IN-G3: Индикатор 1 поля 300 имеет недопустимое значение \"º\".": {
      "count": 5,
      "first": {
        "recordIndex": 1204888,
        "byteOffset": 1020157835,
        "rule": "IN-G3",
        "fieldIndex": 11,
        "tag": "300",
        "indicatorIndex": 0,
        "message": "Индикатор 1 поля 300 имеет недопустимое значение \"º\"."
      }
    },
    "IN-G3: Индикатор 1 поля 500 имеет недопустимое значение \"\".": {
      "count": 1,
      "first": {
        "recordIndex": 1204888,
        "byteOffset": 1020157835,
        "rule": "IN-G3",
        "fieldIndex": 12,
        "tag": "500",
        "indicatorIndex": 0,
        "message": "Индикатор 1 поля 500 имеет недопустимое значение \"\"."
      }
    },
    "IN-G3: Индикатор 2 поля 504 имеет недопустимое значение \"\".": {
      "count": 1,
      "first": {
        "recordIndex": 1204888,
        "byteOffset": 1020157835,
        "rule": "IN-G3",
        "fieldIndex": 13,
        "tag": "504",
        "indicatorIndex": 1,
        "message": "Индикатор 2 поля 504 имеет недопустимое значение \"\"."
      }
    },
    "IN-G3: Индикатор 1 поля 546 имеет недопустимое значение \"Ñ\".": {
      "count": 3,
      "first": {
        "recordIndex": 1204888,
        "byteOffset": 1020157835,
        "rule": "IN-G3",
        "fieldIndex": 15,
        "tag": "546",
        "indicatorIndex": 0,
        "message": "Индикатор 1 поля 546 имеет недопустимое значение \"Ñ\"."
      }
    },
    "IN-G3: Индикатор 2 поля 546 имеет недопустимое значение \"\".": {
      "count": 1,
      "first": {
        "recordIndex": 1204888,
        "byteOffset": 1020157835,
        "rule": "IN-G3",
        "fieldIndex": 15,
        "tag": "546",
        "indicatorIndex": 1,
        "message": "Индикатор 2 поля 546 имеет недопустимое значение \"\"."
      }
    },
    "IN-G3: Индикатор 1 поля 337 имеет недопустимое значение \",\".": {
      "count": 2,
      "first": {
        "recordIndex": 1204888,
        "byteOffset": 1020157835,
        "rule": "IN-G3",
        "fieldIndex": 20,
        "tag": "337",
        "indicatorIndex": 0,
        "message": "Индикатор 1 поля 337 имеет недопустимое значение \",\"."
      }
    },
    "IN-G3: Индикатор 1 поля 336 имеет недопустимое значение \"-\".": {
      "count": 1,
      "first": {
        "recordIndex": 1204890,
        "byteOffset": 1020160185,
        "rule": "IN-G3",
        "fieldIndex": 21,
        "tag": "336",
        "indicatorIndex": 0,
        "message": "Индикатор 1 поля 336 имеет недопустимое значение \"-\"."
      }
    },
    "IN-G3: Индикатор 1 поля 250 имеет недопустимое значение \"¿\".": {
      "count": 3,
      "first": {
        "recordIndex": 1204891,
        "byteOffset": 1020161747,
        "rule": "IN-G3",
        "fieldIndex": 12,
        "tag": "250",
        "indicatorIndex": 0,
        "message": "Индикатор 1 поля 250 имеет недопустимое значение \"¿\"."
      }
    },
    "IN-G3: Индикатор 2 поля 650 имеет недопустимое значение \"¢\".": {
      "count": 1,
      "first": {
        "recordIndex": 1204892,
        "byteOffset": 1020163194,
        "rule": "IN-G3",
        "fieldIndex": 16,
        "tag": "650",
        "indicatorIndex": 1,
        "message": "Индикатор 2 поля 650 имеет недопустимое значение \"¢\"."
      }
    },
    "IN-G3: Индикатор 2 поля 337 имеет недопустимое значение \":\".": {
      "count": 1,
      "first": {
        "recordIndex": 1204892,
        "byteOffset": 1020163194,
        "rule": "IN-G3",
        "fieldIndex": 20,
        "tag": "337",
        "indicatorIndex": 1,
        "message": "Индикатор 2 поля 337 имеет недопустимое значение \":\"."
      }
    },
    "IN-G3: Индикатор 1 поля 245 имеет недопустимое значение \"²\".": {
      "count": 12,
      "first": {
        "recordIndex": 1204893,
        "byteOffset": 1020164119,
        "rule": "IN-G3",
        "fieldIndex": 10,
        "tag": "245",
        "indicatorIndex": 0,
        "message": "Индикатор 1 поля 245 имеет недопустимое значение \"²\"."
      }
    },
    "IN-G3: Индикатор 2 поля 490 имеет недопустимое значение \"»\".": {
      "count": 2,
      "first": {
        "recordIndex": 1204894,
        "byteOffset": 1020164837,
        "rule": "IN-G3",
        "fieldIndex": 12,
        "tag": "490",
        "indicatorIndex": 1,
        "message": "Индикатор 2 поля 490 имеет недопустимое значение \"»\"."
      }
    },
    "IN-G3: Индикатор 1 поля 520 имеет недопустимое значение \"\".": {
      "count": 1,
      "first": {
        "recordIndex": 1204894,
        "byteOffset": 1020164837,
        "rule": "IN-G3",
        "fieldIndex": 13,
        "tag": "520",
        "indicatorIndex": 0,
        "message": "Индикатор 1 поля 520 имеет недопустимое значение \"\"."
      }
    },
    "IN-G3: Индикатор 1 поля 912 имеет недопустимое значение \"\".": {
      "count": 1,
      "first": {
        "recordIndex": 1204894,
        "byteOffset": 1020164837,
        "rule": "IN-G3",
        "fieldIndex": 16,
        "tag": "912",
        "indicatorIndex": 0,
        "message": "Индикатор 1 поля 912 имеет недопустимое значение \"\"."
      }
    },
    "IN-G3: Индикатор 2 поля 336 имеет недопустимое значение \"\".": {
      "count": 1,
      "first": {
        "recordIndex": 1204894,
        "byteOffset": 1020164837,
        "rule": "IN-G3",
        "fieldIndex": 17,
        "tag": "336",
        "indicatorIndex": 1,
        "message": "Индикатор 2 поля 336 имеет недопустимое значение \"\"."
      }
    },
    "IN-G3: Индикатор 2 поля 337 имеет недопустимое значение \"¶\".": {
      "count": 1,
      "first": {
        "recordIndex": 1204896,
        "byteOffset": 1020166902,
        "rule": "IN-G3",
        "fieldIndex": 18,
        "tag": "337",
        "indicatorIndex": 1,
        "message": "Индикатор 2 поля 337 имеет недопустимое значение \"¶\"."
      }
    },
    "IN-G3: Индикатор 1 поля 520 имеет недопустимое значение \"³\".": {
      "count": 1,
      "first": {
        "recordIndex": 1204897,
        "byteOffset": 1020167909,
        "rule": "IN-G3",
        "fieldIndex": 13,
        "tag": "520",
        "indicatorIndex": 0,
        "message": "Индикатор 1 поля 520 имеет недопустимое значение \"³\"."
      }
    },
    "IN-G3: Индикатор 1 поля 336 имеет недопустимое значение \"\".": {
      "count": 3,
      "first": {
        "recordIndex": 1204898,
        "byteOffset": 1020168906,
        "rule": "IN-G3",
        "fieldIndex": 18,
        "tag": "336",
        "indicatorIndex": 0,
        "message": "Индикатор 1 поля 336 имеет недопустимое значение \"\"."
      }
    },
    "IN-G3: Индикатор 1 поля 500 имеет недопустимое значение \"\".": {
      "count": 1,
      "first": {
        "recordIndex": 1204899,
        "byteOffset": 1020169892,
        "rule": "IN-G3",
        "fieldIndex": 14,
        "tag": "500",
        "indicatorIndex": 0,
        "message": "Индикатор 1 поля 500 имеет недопустимое значение \"\"."
      }
    },
    "IN-G3: Индикатор 1 поля 505 имеет недопустимое значение \",\".": {
      "count": 1,
      "first": {
        "recordIndex": 1204899,
        "byteOffset": 1020169892,
        "rule": "IN-G3",
        "fieldIndex": 15,
        "tag": "505",
        "indicatorIndex": 0,
        "message": "Индикатор 1 поля 505 имеет недопустимое значение \",\"."
      }
    },
    "IN-G3: Индикатор 2 поля 700 имеет недопустимое значение \">\".": {
      "count": 1,
      "first": {
        "recordIndex": 1204899,
        "byteOffset": 1020169892,
        "rule": "IN-G3",
        "fieldIndex": 18,
        "tag": "700",
        "indicatorIndex": 1,
        "message": "Индикатор 2 поля 700 имеет недопустимое значение \">\"."
      }
    },
    "IN-G3: Индикатор 2 поля 336 имеет недопустимое значение \";\".": {
      "count": 3,
      "first": {
        "recordIndex": 1204899,
        "byteOffset": 1020169892,
        "rule": "IN-G3",
        "fieldIndex": 20,
        "tag": "336",
        "indicatorIndex": 1,
        "message": "Индикатор 2 поля 336 имеет недопустимое значение \";\"."
      }
    },
    "IN-G3: Индикатор 2 поля 100 имеет недопустимое значение \"º\".": {
      "count": 1,
      "first": {
        "recordIndex": 1204900,
        "byteOffset": 1020171229,
        "rule": "IN-G3",
        "fieldIndex": 9,
        "tag": "100",
        "indicatorIndex": 1,
        "message": "Индикатор 2 поля 100 имеет недопустимое значение \"º\"."
      }
    },
    "IN-G3: Индикатор 1 поля 710 имеет недопустимое значение \"´\".": {
      "count": 1,
      "first": {
        "recordIndex": 1204902,
        "byteOffset": 1020174981,
        "rule": "IN-G3",
        "fieldIndex": 17,
        "tag": "710",
        "indicatorIndex": 0,
        "message": "Индикатор 1 поля 710 имеет недопустимое значение \"´\"."
      }
    },
    "SF-G4: Подполе 1 поля 337 имеет недопустимый код \"\".": {
      "count": 6,
      "first": {
        "recordIndex": 1204904,
        "byteOffset": 1020177219,
        "rule": "SF-G4",
        "fieldIndex": 19,
        "tag": "337",
        "subfieldIndex": 0,
        "message": "Подполе 1 поля 337 имеет недопустимый код \"\"."
      }
    },
    "IN-G3: Индикатор 1 поля 250 имеет недопустимое значение \"³\".": {
      "count": 1,
      "first": {
        "recordIndex": 1204905,
        "byteOffset": 1020178185,
        "rule": "IN-G3",
        "fieldIndex": 11,
        "tag": "250",
        "indicatorIndex": 0,
        "message": "Индикатор 1 поля 250 имеет недопустимое значение \"³\"."
      }
    },
    "IN-G3: Индикатор 2 поля 490 имеет недопустимое значение \"½\".": {
      "count": 1,
      "first": {
        "recordIndex": 1204906,
        "byteOffset": 1020179408,
        "rule": "IN-G3",
        "fieldIndex": 13,
        "tag": "490",
        "indicatorIndex": 1,
        "message": "Индикатор 2 поля 490 имеет недопустимое значение \"½\"."
      }
    },
    "DF-G2: Поле 700 содержит 0 индикатор(а), ожидалось 2.": {
      "count": 1,
      "first": {
        "recordIndex": 1204906,
        "byteOffset": 1020179408,
        "rule": "DF-G2",
        "fieldIndex": 16,
        "tag": "700",
        "message": "Поле 700 содержит 0 индикатор(а), ожидалось 2."
      }
    },
    "IN-G3: Индикатор 1 поля 260 имеет недопустимое значение \"\".": {
      "count": 4,
      "first": {
        "recordIndex": 1204908,
        "byteOffset": 1020181754,
        "rule": "IN-G3",
        "fieldIndex": 11,
        "tag": "260",
        "indicatorIndex": 0,
        "message": "Индикатор 1 поля 260 имеет недопустимое значение \"\"."
      }
    },
    "IN-G3: Индикатор 2 поля 490 имеет недопустимое значение \"\".": {
      "count": 2,
      "first": {
        "recordIndex": 1204908,
        "byteOffset": 1020181754,
        "rule": "IN-G3",
        "fieldIndex": 13,
        "tag": "490",
        "indicatorIndex": 1,
        "message": "Индикатор 2 поля 490 имеет недопустимое значение \"\"."
      }
    },
    "SF-G4: Подполе 4 поля 490 имеет недопустимый код \"\".": {
      "count": 2,
      "first": {
        "recordIndex": 1204908,
        "byteOffset": 1020181754,
        "rule": "SF-G4",
        "fieldIndex": 13,
        "tag": "490",
        "subfieldIndex": 3,
        "message": "Подполе 4 поля 490 имеет недопустимый код \"\"."
      }
    },
    "IN-G3: Индикатор 1 поля 337 имеет недопустимое значение \"\".": {
      "count": 1,
      "first": {
        "recordIndex": 1204908,
        "byteOffset": 1020181754,
        "rule": "IN-G3",
        "fieldIndex": 24,
        "tag": "337",
        "indicatorIndex": 0,
        "message": "Индикатор 1 поля 337 имеет недопустимое значение \"\"."
      }
    },
    "IN-G3: Индикатор 1 поля 490 имеет недопустимое значение \"²\".": {
      "count": 7,
      "first": {
        "recordIndex": 1204909,
        "byteOffset": 1020183725,
        "rule": "IN-G3",
        "fieldIndex": 13,
        "tag": "490",
        "indicatorIndex": 0,
        "message": "Индикатор 1 поля 490 имеет недопустимое значение \"²\"."
      }
    },
    "IN-G3: Индикатор 2 поля 500 имеет недопустимое значение \"½\".": {
      "count": 1,
      "first": {
        "recordIndex": 1204909,
        "byteOffset": 1020183725,
        "rule": "IN-G3",
        "fieldIndex": 15,
        "tag": "500",
        "indicatorIndex": 1,
        "message": "Индикатор 2 поля 500 имеет недопустимое значение \"½\"."
      }
    },
    "IN-G3: Индикатор 1 поля 490 имеет недопустимое значение \"\".": {
      "count": 2,
      "first": {
        "recordIndex": 1204910,
        "byteOffset": 1020185594,
        "rule": "IN-G3",
        "fieldIndex": 13,
        "tag": "490",
        "indicatorIndex": 0,
        "message": "Индикатор 1 поля 490 имеет недопустимое значение \"\"."
      }
    },
    "IN-G3: Индикатор 2 поля 520 имеет недопустимое значение \"\".": {
      "count": 1,
      "first": {
        "recordIndex": 1204910,
        "byteOffset": 1020185594,
        "rule": "IN-G3",
        "fieldIndex": 14,
        "tag": "520",
        "indicatorIndex": 1,
        "message": "Индикатор 2 поля 520 имеет недопустимое значение \"\"."
      }
    },
    "IN-G3: Индикатор 2 поля 337 имеет недопустимое значение \";\".": {
      "count": 1,
      "first": {
        "recordIndex": 1204910,
        "byteOffset": 1020185594,
        "rule": "IN-G3",
        "fieldIndex": 21,
        "tag": "337",
        "indicatorIndex": 1,
        "message": "Индикатор 2 поля 337 имеет недопустимое значение \";\"."
      }
    },
    "IN-G3: Индикатор 2 поля 700 имеет недопустимое значение \"¡\".": {
      "count": 1,
      "first": {
        "recordIndex": 1204911,
        "byteOffset": 1020186702,
        "rule": "IN-G3",
        "fieldIndex": 19,
        "tag": "700",
        "indicatorIndex": 1,
        "message": "Индикатор 2 поля 700 имеет недопустимое значение \"¡\"."
      }
    },
    "IN-G3: Индикатор 1 поля 500 имеет недопустимое значение \",\".": {
      "count": 1,
      "first": {
        "recordIndex": 1204914,
        "byteOffset": 1020190299,
        "rule": "IN-G3",
        "fieldIndex": 14,
        "tag": "500",
        "indicatorIndex": 0,
        "message": "Индикатор 1 поля 500 имеет недопустимое значение \",\"."
      }
    },
    "IN-G3: Индикатор 1 поля 245 имеет недопустимое значение \"\".": {
      "count": 2,
      "first": {
        "recordIndex": 1204916,
        "byteOffset": 1020192802,
        "rule": "IN-G3",
        "fieldIndex": 10,
        "tag": "245",
        "indicatorIndex": 0,
        "message": "Индикатор 1 поля 245 имеет недопустимое значение \"\"."
      }
    },
    "IN-G3: Индикатор 1 поля 505 имеет недопустимое значение \"¶\".": {
      "count": 1,
      "first": {
        "recordIndex": 1204916,
        "byteOffset": 1020192802,
        "rule": "IN-G3",
        "fieldIndex": 14,
        "tag": "505",
        "indicatorIndex": 0,
        "message": "Индикатор 1 поля 505 имеет недопустимое значение \"¶\"."
      }
    },
    "IN-G3: Индикатор 1 поля 245 имеет недопустимое значение \"\".": {
      "count": 2,
      "first": {
        "recordIndex": 1204917,
        "byteOffset": 1020193982,
        "rule": "IN-G3",
        "fieldIndex": 10,
        "tag": "245",
        "indicatorIndex": 0,
        "message": "Индикатор 1 поля 245 имеет недопустимое значение \"\"."
      }
    },
    "IN-G3: Индикатор 2 поля 260 имеет недопустимое значение \"\".": {
      "count": 3,
      "first": {
        "recordIndex": 1204917,
        "byteOffset": 1020193982,
        "rule": "IN-G3",
        "fieldIndex": 11,
        "tag": "260",
        "indicatorIndex": 1,
        "message": "Индикатор 2 поля 260 имеет недопустимое значение \"\"."
      }
    },
    "IN-G3: Индикатор 2 поля 505 имеет недопустимое значение \"¡\".": {
      "count": 1,
      "first": {
        "recordIndex": 1204917,
        "byteOffset": 1020193982,
        "rule": "IN-G3",
        "fieldIndex": 14,
        "tag": "505",
        "indicatorIndex": 1,
        "message": "Индикатор 2 поля 505 имеет недопустимое значение \"¡\"."
      }
    },
    "IN-G3: Индикатор 2 поля 245 имеет недопустимое значение \"\".": {
      "count": 1,
      "first": {
        "recordIndex": 1204918,
        "byteOffset": 1020195299,
        "rule": "IN-G3",
        "fieldIndex": 10,
        "tag": "245",
        "indicatorIndex": 1,
        "message": "Индикатор 2 поля 245 имеет недопустимое значение \"\"."
      }
    },
    "SF-G4: Подполе 3 поля 336 имеет недопустимый код \"\".": {
      "count": 1,
      "first": {
        "recordIndex": 1204918,
        "byteOffset": 1020195299,
        "rule": "SF-G4",
        "fieldIndex": 16,
        "tag": "336",
        "subfieldIndex": 2,
        "message": "Подполе 3 поля 336 имеет недопустимый код \"\"."
      }
    },
    "IN-G3: Индикатор 2 поля 260 имеет недопустимое значение \":\".": {
      "count": 2,
      "first": {
        "recordIndex": 1204919,
        "byteOffset": 1020196510,
        "rule": "IN-G3",
        "fieldIndex": 10,
        "tag": "260",
        "indicatorIndex": 1,
        "message": "Индикатор 2 поля 260 имеет недопустимое значение \":\"."
      }
    },
    "IN-G3: Индикатор 1 поля 700 имеет недопустимое значение \"¿\".": {
      "count": 5,
      "first": {
        "recordIndex": 1204919,
        "byteOffset": 1020196510,
        "rule": "IN-G3",
        "fieldIndex": 15,
        "tag": "700",
        "indicatorIndex": 0,
        "message": "Индикатор 1 поля 700 имеет недопустимое значение \"¿\"."
      }
    },
    "IN-G3: Индикатор 2 поля 245 имеет недопустимое значение \"\".": {
      "count": 1,
      "first": {
        "recordIndex": 1204920,
        "byteOffset": 1020197747,
        "rule": "IN-G3",
        "fieldIndex": 10,
        "tag": "245",
        "indicatorIndex": 1,
        "message": "Индикатор 2 поля 245 имеет недопустимое значение \"\"."
      }
    },
    "IN-G3: Индикатор 1 поля 500 имеет недопустимое значение \"[\".": {
      "count": 1,
      "first": {
        "recordIndex": 1204920,
        "byteOffset": 1020197747,
        "rule": "IN-G3",
        "fieldIndex": 15,
        "tag": "500",
        "indicatorIndex": 0,
        "message": "Индикатор 1 поля 500 имеет недопустимое значение \"[\"."
      }
    },
    "IN-G3: Индикатор 1 поля 336 имеет недопустимое значение \"\".": {
      "count": 4,
      "first": {
        "recordIndex": 1204920,
        "byteOffset": 1020197747,
        "rule": "IN-G3",
        "fieldIndex": 21,
        "tag": "336",
        "indicatorIndex": 0,
        "message": "Индикатор 1 поля 336 имеет недопустимое значение \"\"."
      }
    },
    "IN-G3: Индикатор 2 поля 336 имеет недопустимое значение \",\".": {
      "count": 2,
      "first": {
        "recordIndex": 1204920,
        "byteOffset": 1020197747,
        "rule": "IN-G3",
        "fieldIndex": 21,
        "tag": "336",
        "indicatorIndex": 1,
        "message": "Индикатор 2 поля 336 имеет недопустимое значение \",\"."
      }
    },
    "IN-G3: Индикатор 1 поля 245 имеет недопустимое значение \"¡\".": {
      "count": 1,
      "first": {
        "recordIndex": 1204921,
        "byteOffset": 1020198957,
        "rule": "IN-G3",
        "fieldIndex": 10,
        "tag": "245",
        "indicatorIndex": 0,
        "message": "Индикатор 1 поля 245 имеет недопустимое значение \"¡\"."
      }
    },
    "IN-G3: Индикатор 2 поля 490 имеет недопустимое значение \"]\".": {
      "count": 1,
      "first": {
        "recordIndex": 1204922,
        "byteOffset": 1020200287,
        "rule": "IN-G3",
        "fieldIndex": 13,
        "tag": "490",
        "indicatorIndex": 1,
        "message": "Индикатор 2 поля 490 имеет недопустимое значение \"]\"."
      }
    },
    "IN-G3: Индикатор 1 поля 650 имеет недопустимое значение \"\".": {
      "count": 1,
      "first": {
        "recordIndex": 1204922,
        "byteOffset": 1020200287,
        "rule": "IN-G3",
        "fieldIndex": 17,
        "tag": "650",
        "indicatorIndex": 0,
        "message": "Индикатор 1 поля 650 имеет недопустимое значение \"\"."
      }
    },
    "IN-G3: Индикатор 1 поля 300 имеет недопустимое значение \"\".": {
      "count": 1,
      "first": {
        "recordIndex": 1204923,
        "byteOffset": 1020201475,
        "rule": "IN-G3",
        "fieldIndex": 12,
        "tag": "300",
        "indicatorIndex": 0,
        "message": "Индикатор 1 поля 300 имеет недопустимое значение \"\"."
      }
    },
    "IN-G3: Индикатор 1 поля 500 имеет недопустимое значение \"³\".": {
      "count": 2,
      "first": {
        "recordIndex": 1204924,
        "byteOffset": 1020202534,
        "rule": "IN-G3",
        "fieldIndex": 13,
        "tag": "500",
        "indicatorIndex": 0,
        "message": "Индикатор 1 поля 500 имеет недопустимое значение \"³\"."
      }
    },
    "IN-G3: Индикатор 1 поля 700 имеет недопустимое значение \"\".": {
      "count": 1,
      "first": {
        "recordIndex": 1204925,
        "byteOffset": 1020203379,
        "rule": "IN-G3",
        "fieldIndex": 15,
        "tag": "700",
        "indicatorIndex": 0,
        "message": "Индикатор 1 поля 700 имеет недопустимое значение \"\"."
      }
    },
    "IN-G3: Индикатор 2 поля 773 имеет недопустимое значение \"¸\".": {
      "count": 3,
      "first": {
        "recordIndex": 1204925,
        "byteOffset": 1020203379,
        "rule": "IN-G3",
        "fieldIndex": 16,
        "tag": "773",
        "indicatorIndex": 1,
        "message": "Индикатор 2 поля 773 имеет недопустимое значение \"¸\"."
      }
    },
    "IN-G3: Индикатор 2 поля 260 имеет недопустимое значение \"+\".": {
      "count": 1,
      "first": {
        "recordIndex": 1204926,
        "byteOffset": 1020204703,
        "rule": "IN-G3",
        "fieldIndex": 11,
        "tag": "260",
        "indicatorIndex": 1,
        "message": "Индикатор 2 поля 260 имеет недопустимое значение \"+\"."
      }
    },
    "IN-G3: Индикатор 1 поля 490 имеет недопустимое значение \"\".": {
      "count": 2,
      "first": {
        "recordIndex": 1204927,
        "byteOffset": 1020205983,
        "rule": "IN-G3",
        "fieldIndex": 13,
        "tag": "490",
        "indicatorIndex": 0,
        "message": "Индикатор 1 поля 490 имеет недопустимое значение \"\"."
      }
    },
    "IN-G3: Индикатор 1 поля 337 имеет недопустимое значение \" \".": {
      "count": 1,
      "first": {
        "recordIndex": 1204927,
        "byteOffset": 1020205983,
        "rule": "IN-G3",
        "fieldIndex": 20,
        "tag": "337",
        "indicatorIndex": 0,
        "message": "Индикатор 1 поля 337 имеет недопустимое значение \" \"."
      }
    },
    "IN-G3: Индикатор 1 поля 504 имеет недопустимое значение \",\".": {
      "count": 1,
      "first": {
        "recordIndex": 1204929,
        "byteOffset": 1020208970,
        "rule": "IN-G3",
        "fieldIndex": 14,
        "tag": "504",
        "indicatorIndex": 0,
        "message": "Индикатор 1 поля 504 имеет недопустимое значение \",\"."
      }
    },
    "IN-G3: Индикатор 2 поля 650 имеет недопустимое значение \")\".": {
      "count": 1,
      "first": {
        "recordIndex": 1204929,
        "byteOffset": 1020208970,
        "rule": "IN-G3",
        "fieldIndex": 16,
        "tag": "650",
        "indicatorIndex": 1,
        "message": "Индикатор 2 поля 650 имеет недопустимое значение \")\"."
      }
    },
    "IN-G3: Индикатор 2 поля 300 имеет недопустимое значение \"¿\".": {
      "count": 2,
      "first": {
        "recordIndex": 1204930,
        "byteOffset": 1020210247,
        "rule": "IN-G3",
        "fieldIndex": 11,
        "tag": "300",
        "indicatorIndex": 1,
        "message": "Индикатор 2 поля 300 имеет недопустимое значение \"¿\"."
      }
    },
    "IN-G3: Индикатор 2 поля 650 имеет недопустимое значение \"\".": {
      "count": 2,
      "first": {
        "recordIndex": 1204933,
        "byteOffset": 1020214992,
        "rule": "IN-G3",
        "fieldIndex": 15,
        "tag": "650",
        "indicatorIndex": 1,
        "message": "Индикатор 2 поля 650 имеет недопустимое значение \"\"."
      }
    },
    "IN-G3: Индикатор 2 поля 336 имеет недопустимое значение \"\".": {
      "count": 1,
      "first": {
        "recordIndex": 1204933,
        "byteOffset": 1020214992,
        "rule": "IN-G3",
        "fieldIndex": 18,
        "tag": "336",
        "indicatorIndex": 1,
        "message": "Индикатор 2 поля 336 имеет недопустимое значение \"\"."
      }
    },
    "IN-G3: Индикатор 2 поля 336 имеет недопустимое значение \"\".": {
      "count": 1,
      "first": {
        "recordIndex": 1204934,
        "byteOffset": 1020216395,
        "rule": "IN-G3",
        "fieldIndex": 21,
        "tag": "336",
        "indicatorIndex": 1,
        "message": "Индикатор 2 поля 336 имеет недопустимое значение \"\"."
      }
    },
    "IN-G3: Индикатор 2 поля 245 имеет недопустимое значение \"\".": {
      "count": 2,
      "first": {
        "recordIndex": 1204935,
        "byteOffset": 1020217659,
        "rule": "IN-G3",
        "fieldIndex": 10,
        "tag": "245",
        "indicatorIndex": 1,
        "message": "Индикатор 2 поля 245 имеет недопустимое значение \"\"."
      }
    },
    "IN-G3: Индикатор 2 поля 260 имеет недопустимое значение \"]\".": {
      "count": 3,
      "first": {
        "recordIndex": 1204937,
        "byteOffset": 1020221095,
        "rule": "IN-G3",
        "fieldIndex": 11,
        "tag": "260",
        "indicatorIndex": 1,
        "message": "Индикатор 2 поля 260 имеет недопустимое значение \"]\"."
      }
    },
    "IN-G3: Индикатор 1 поля 300 имеет недопустимое значение \"\".": {
      "count": 2,
      "first": {
        "recordIndex": 1204938,
        "byteOffset": 1020222731,
        "rule": "IN-G3",
        "fieldIndex": 12,
        "tag": "300",
        "indicatorIndex": 0,
        "message": "Индикатор 1 поля 300 имеет недопустимое значение \"\"."
      }
    },
    "IN-G3: Индикатор 1 поля 336 имеет недопустимое значение \"\".": {
      "count": 1,
      "first": {
        "recordIndex": 1204938,
        "byteOffset": 1020222731,
        "rule": "IN-G3",
        "fieldIndex": 19,
        "tag": "336",
        "indicatorIndex": 0,
        "message": "Индикатор 1 поля 336 имеет недопустимое значение \"\"."
      }
    },
    "IN-G3: Индикатор 2 поля 337 имеет недопустимое значение \"¹\".": {
      "count": 1,
      "first": {
        "recordIndex": 1204938,
        "byteOffset": 1020222731,
        "rule": "IN-G3",
        "fieldIndex": 20,
        "tag": "337",
        "indicatorIndex": 1,
        "message": "Индикатор 2 поля 337 имеет недопустимое значение \"¹\"."
      }
    },
    "IN-G3: Индикатор 1 поля 260 имеет недопустимое значение \",\".": {
      "count": 1,
      "first": {
        "recordIndex": 1204939,
        "byteOffset": 1020224282,
        "rule": "IN-G3",
        "fieldIndex": 10,
        "tag": "260",
        "indicatorIndex": 0,
        "message": "Индикатор 1 поля 260 имеет недопустимое значение \",\"."
      }
    },
    "IN-G3: Индикатор 1 поля 650 имеет недопустимое значение \"-\".": {
      "count": 1,
      "first": {
        "recordIndex": 1204939,
        "byteOffset": 1020224282,
        "rule": "IN-G3",
        "fieldIndex": 13,
        "tag": "650",
        "indicatorIndex": 0,
        "message": "Индикатор 1 поля 650 имеет недопустимое значение \"-\"."
      }
    },
    "SF-G4: Подполе 1 поля 245 имеет недопустимый код \"\".": {
      "count": 2,
      "first": {
        "recordIndex": 1204940,
        "byteOffset": 1020224940,
        "rule": "SF-G4",
        "fieldIndex": 9,
        "tag": "245",
        "subfieldIndex": 0,
        "message": "Подполе 1 поля 245 имеет недопустимый код \"\"."
      }
    },
    "IN-G3: Индикатор 2 поля 260 имеет недопустимое значение \"\".": {
      "count": 1,
      "first": {
        "recordIndex": 1204940,
        "byteOffset": 1020224940,
        "rule": "IN-G3",
        "fieldIndex": 10,
        "tag": "260",
        "indicatorIndex": 1,
        "message": "Индикатор 2 поля 260 имеет недопустимое значение \"\"."
      }
    },
    "IN-G3: Индикатор 2 поля 300 имеет недопустимое значение \"£\".": {
      "count": 1,
      "first": {
        "recordIndex": 1204941,
        "byteOffset": 1020226437,
        "rule": "IN-G3",
        "fieldIndex": 12,
        "tag": "300",
        "indicatorIndex": 1,
        "message": "Индикатор 2 поля 300 имеет недопустимое значение \"£\"."
      }
    },
    "IN-G3: Индикатор 1 поля 245 имеет недопустимое значение \"\".": {
      "count": 1,
      "first": {
        "recordIndex": 1204942,
        "byteOffset": 1020227803,
        "rule": "IN-G3",
        "fieldIndex": 10,
        "tag": "245",
        "indicatorIndex": 0,
        "message": "Индикатор 1 поля 245 имеет недопустимое значение \"\"."
      }
    },
    "IN-G3: Индикатор 2 поля 336 имеет недопустимое значение \"\".": {
      "count": 2,
      "first": {
        "recordIndex": 1204944,
        "byteOffset": 1020230472,
        "rule": "IN-G3",
        "fieldIndex": 20,
        "tag": "336",
        "indicatorIndex": 1,
        "message": "Индикатор 2 поля 336 имеет недопустимое значение \"\"."
      }
    },
    "IN-G3: Индикатор 2 поля 555 имеет недопустимое значение \"½\".": {
      "count": 2,
      "first": {
        "recordIndex": 1204947,
        "byteOffset": 1020234026,
        "rule": "IN-G3",
        "fieldIndex": 15,
        "tag": "555",
        "indicatorIndex": 1,
        "message": "Индикатор 2 поля 555 имеет недопустимое значение \"½\"."
      }
    },
    "IN-G3: Индикатор 1 поля 245 имеет недопустимое значение \"\".": {
      "count": 1,
      "first": {
        "recordIndex": 1204948,
        "byteOffset": 1020235734,
        "rule": "IN-G3",
        "fieldIndex": 10,
        "tag": "245",
        "indicatorIndex": 0,
        "message": "Индикатор 1 поля 245 имеет недопустимое значение \"\"."
      }
    },
    "IN-G3: Индикатор 2 поля 912 имеет недопустимое значение \"\".": {
      "count": 2,
      "first": {
        "recordIndex": 1204948,
        "byteOffset": 1020235734,
        "rule": "IN-G3",
        "fieldIndex": 17,
        "tag": "912",
        "indicatorIndex": 1,
        "message": "Индикатор 2 поля 912 имеет недопустимое значение \"\"."
      }
    },
    "IN-G3: Индикатор 1 поля 336 имеет недопустимое значение \"\".": {
      "count": 1,
      "first": {
        "recordIndex": 1204949,
        "byteOffset": 1020236988,
        "rule": "IN-G3",
        "fieldIndex": 18,
        "tag": "336",
        "indicatorIndex": 0,
        "message": "Индикатор 1 поля 336 имеет недопустимое значение \"\"."
      }
    },
    "IN-G3: Индикатор 1 поля 337 имеет недопустимое значение \"]\".": {
      "count": 1,
      "first": {
        "recordIndex": 1204949,
        "byteOffset": 1020236988,
        "rule": "IN-G3",
        "fieldIndex": 19,
        "tag": "337",
        "indicatorIndex": 0,
        "message": "Индикатор 1 поля 337 имеет недопустимое значение \"]\"."
      }
    },
    "IN-G3: Индикатор 2 поля 490 имеет недопустимое значение \"´\".": {
      "count": 1,
      "first": {
        "recordIndex": 1204950,
        "byteOffset": 1020238183,
        "rule": "IN-G3",
        "fieldIndex": 13,
        "tag": "490",
        "indicatorIndex": 1,
        "message": "Индикатор 2 поля 490 имеет недопустимое значение \"´\"."
      }
    },
    "IN-G3: Индикатор 2 поля 490 имеет недопустимое значение \"\".": {
      "count": 2,
      "first": {
        "recordIndex": 1204951,
        "byteOffset": 1020239600,
        "rule": "IN-G3",
        "fieldIndex": 13,
        "tag": "490",
        "indicatorIndex": 1,
        "message": "Индикатор 2 поля 490 имеет недопустимое значение \"\"."
      }
    },
    "IN-G3: Индикатор 2 поля 600 имеет недопустимое значение \"\".": {
      "count": 1,
      "first": {
        "recordIndex": 1204954,
        "byteOffset": 1020243636,
        "rule": "IN-G3",
        "fieldIndex": 15,
        "tag": "600",
        "indicatorIndex": 1,
        "message": "Индикатор 2 поля 600 имеет недопустимое значение \"\"."
      }
    },
    "IN-G3: Индикатор 1 поля 260 имеет недопустимое значение \"\".": {
      "count": 3,
      "first": {
        "recordIndex": 1204956,
        "byteOffset": 1020246258,
        "rule": "IN-G3",
        "fieldIndex": 11,
        "tag": "260",
        "indicatorIndex": 0,
        "message": "Индикатор 1 поля 260 имеет недопустимое значение \"\"."
      }
    },
    "IN-G3: Индикатор 2 поля 336 имеет недопустимое значение \"\".": {
      "count": 1,
      "first": {
        "recordIndex": 1204956,
        "byteOffset": 1020246258,
        "rule": "IN-G3",
        "fieldIndex": 19,
        "tag": "336",
        "indicatorIndex": 1,
        "message": "Индикатор 2 поля 336 имеет недопустимое значение \"\"."
      }
    },
    "IN-G3: Индикатор 1 поля 300 имеет недопустимое значение \":\".": {
      "count": 1,
      "first": {
        "recordIndex": 1204958,
        "byteOffset": 1020249484,
        "rule": "IN-G3",
        "fieldIndex": 11,
        "tag": "300",
        "indicatorIndex": 0,
        "message": "Индикатор 1 поля 300 имеет недопустимое значение \":\"."
      }
    },
    "IN-G3: Индикатор 2 поля 490 имеет недопустимое значение \"¢\".": {
      "count": 2,
      "first": {
        "recordIndex": 1204959,
        "byteOffset": 1020251052,
        "rule": "IN-G3",
        "fieldIndex": 16,
        "tag": "490",
        "indicatorIndex": 1,
        "message": "Индикатор 2 поля 490 имеет недопустимое значение \"¢\"."
      }
    },
    "IN-G3: Индикатор 1 поля 336 имеет недопустимое значение \"\".": {
      "count": 1,
      "first": {
        "recordIndex": 1204961,
        "byteOffset": 1020253405,
        "rule": "IN-G3",
        "fieldIndex": 20,
        "tag": "336",
        "indicatorIndex": 0,
        "message": "Индикатор 1 поля 336 имеет недопустимое значение \"\"."
      }
    },
    "IN-G3: Индикатор 1 поля 520 имеет недопустимое значение \"\".": {
      "count": 1,
      "first": {
        "recordIndex": 1204962,
        "byteOffset": 1020254562,
        "rule": "IN-G3",
        "fieldIndex": 14,
        "tag": "520",
        "indicatorIndex": 0,
        "message": "Индикатор 1 поля 520 имеет недопустимое значение \"\"."
      }
    },
    "IN-G3: Индикатор 2 поля 505 имеет недопустимое значение \",\".": {
      "count": 1,
      "first": {
        "recordIndex": 1204963,
        "byteOffset": 1020255680,
        "rule": "IN-G3",
        "fieldIndex": 14,
        "tag": "505",
        "indicatorIndex": 1,
        "message": "Индикатор 2 поля 505 имеет недопустимое значение \",\"."
      }
    },
    "IN-G3: Индикатор 2 поля 546 имеет недопустимое значение \"\".": {
      "count": 1,
      "first": {
        "recordIndex": 1204965,
        "byteOffset": 1020258357,
        "rule": "IN-G3",
        "fieldIndex": 14,
        "tag": "546",
        "indicatorIndex": 1,
        "message": "Индикатор 2 поля 546 имеет недопустимое значение \"\"."
      }
    },
    "IN-G3: Индикатор 1 поля 710 имеет недопустимое значение \"³\".": {
      "count": 1,
      "first": {
        "recordIndex": 1204965,
        "byteOffset": 1020258357,
        "rule": "IN-G3",
        "fieldIndex": 18,
        "tag": "710",
        "indicatorIndex": 0,
        "message": "Индикатор 1 поля 710 имеет недопустимое значение \"³\"."
      }
    },
    "IN-G3: Индикатор 1 поля 546 имеет недопустимое значение \"\".": {
      "count": 1,
      "first": {
        "recordIndex": 1204966,
        "byteOffset": 1020259756,
        "rule": "IN-G3",
        "fieldIndex": 14,
        "tag": "546",
        "indicatorIndex": 0,
        "message": "Индикатор 1 поля 546 имеет недопустимое значение \"\"."
      }
    },
    "IN-G3: Индикатор 1 поля 600 имеет недопустимое значение \"\".": {
      "count": 1,
      "first": {
        "recordIndex": 1204966,
        "byteOffset": 1020259756,
        "rule": "IN-G3",
        "fieldIndex": 15,
        "tag": "600",
        "indicatorIndex": 0,
        "message": "Индикатор 1 поля 600 имеет недопустимое значение \"\"."
      }
    },
    "IN-G3: Индикатор 2 поля 600 имеет недопустимое значение \"°\".": {
      "count": 1,
      "first": {
        "recordIndex": 1204966,
        "byteOffset": 1020259756,
        "rule": "IN-G3",
        "fieldIndex": 16,
        "tag": "600",
        "indicatorIndex": 1,
        "message": "Индикатор 2 поля 600 имеет недопустимое значение \"°\"."
      }
    },
    "IN-G3: Индикатор 2 поля 336 имеет недопустимое значение \"\".": {
      "count": 1,
      "first": {
        "recordIndex": 1204966,
        "byteOffset": 1020259756,
        "rule": "IN-G3",
        "fieldIndex": 19,
        "tag": "336",
        "indicatorIndex": 1,
        "message": "Индикатор 2 поля 336 имеет недопустимое значение \"\"."
      }
    },
    "IN-G3: Индикатор 2 поля 520 имеет недопустимое значение \"\".": {
      "count": 1,
      "first": {
        "recordIndex": 1204967,
        "byteOffset": 1020261173,
        "rule": "IN-G3",
        "fieldIndex": 13,
        "tag": "520",
        "indicatorIndex": 1,
        "message": "Индикатор 2 поля 520 имеет недопустимое значение \"\"."
      }
    },
    "IN-G3: Индикатор 2 поля 250 имеет недопустимое значение \"¾\".": {
      "count": 1,
      "first": {
        "recordIndex": 1204968,
        "byteOffset": 1020262237,
        "rule": "IN-G3",
        "fieldIndex": 10,
        "tag": "250",
        "indicatorIndex": 1,
        "message": "Индикатор 2 поля 250 имеет недопустимое значение \"¾\"."
      }
    },
    "IN-G3: Индикатор 2 поля 546 имеет недопустимое значение \"µ\".": {
      "count": 2,
      "first": {
        "recordIndex": 1204968,
        "byteOffset": 1020262237,
        "rule": "IN-G3",
        "fieldIndex": 14,
        "tag": "546",
        "indicatorIndex": 1,
        "message": "Индикатор 2 поля 546 имеет недопустимое значение \"µ\"."
      }
    },
    "IN-G3: Индикатор 2 поля 337 имеет недопустимое значение \"\".": {
      "count": 3,
      "first": {
        "recordIndex": 1204968,
        "byteOffset": 1020262237,
        "rule": "IN-G3",
        "fieldIndex": 22,
        "tag": "337",
        "indicatorIndex": 1,
        "message": "Индикатор 2 поля 337 имеет недопустимое значение \"\"."
      }
    },
    "IN-G3: Индикатор 1 поля 245 имеет недопустимое значение \"±\".": {
      "count": 2,
      "first": {
        "recordIndex": 1204969,
        "byteOffset": 1020263918,
        "rule": "IN-G3",
        "fieldIndex": 10,
        "tag": "245",
        "indicatorIndex": 0,
        "message": "Индикатор 1 поля 245 имеет недопустимое значение \"±\"."
      }
    },
    "IN-G3: Индикатор 2 поля 504 имеет недопустимое значение \"º\".": {
      "count": 1,
      "first": {
        "recordIndex": 1204969,
        "byteOffset": 1020263918,
        "rule": "IN-G3",
        "fieldIndex": 14,
        "tag": "504",
        "indicatorIndex": 1,
        "message": "Индикатор 2 поля 504 имеет недопустимое значение \"º\"."
      }
    },
    "IN-G3: Индикатор 2 поля 300 имеет недопустимое значение \"]\".": {
      "count": 2,
      "first": {
        "recordIndex": 1204970,
        "byteOffset": 1020265576,
        "rule": "IN-G3",
        "fieldIndex": 12,
        "tag": "300",
        "indicatorIndex": 1,
        "message": "Индикатор 2 поля 300 имеет недопустимое значение \"]\"."
      }
    },
    "IN-G3: Индикатор 2 поля 490 имеет недопустимое значение \"·\".": {
      "count": 1,
      "first": {
        "recordIndex": 1204970,
        "byteOffset": 1020265576,
        "rule": "IN-G3",
        "fieldIndex": 14,
        "tag": "490",
        "indicatorIndex": 1,
        "message": "Индикатор 2 поля 490 имеет недопустимое значение \"·\"."
      }
    },
    "IN-G3: Индикатор 2 поля 260 имеет недопустимое значение \"\".": {
      "count": 2,
      "first": {
        "recordIndex": 1204971,
        "byteOffset": 1020267303,
        "rule": "IN-G3",
        "fieldIndex": 11,
        "tag": "260",
        "indicatorIndex": 1,
        "message": "Индикатор 2 поля 260 имеет недопустимое значение \"\"."
      }
    },
    "IN-G3: Индикатор 1 поля 245 имеет недопустимое значение \"¨\".": {
      "count": 1,
      "first": {
        "recordIndex": 1204973,
        "byteOffset": 1020269881,
        "rule": "IN-G3",
        "fieldIndex": 10,
        "tag": "245",
        "indicatorIndex": 0,
        "message": "Индикатор 1 поля 245 имеет недопустимое значение \"¨\"."
      }
    },
    "IN-G3: Индикатор 2 поля 520 имеет недопустимое значение \"¨\".": {
      "count": 1,
      "first": {
        "recordIndex": 1204973,
        "byteOffset": 1020269881,
        "rule": "IN-G3",
        "fieldIndex": 13,
        "tag": "520",
        "indicatorIndex": 1,
        "message": "Индикатор 2 поля 520 имеет недопустимое значение \"¨\"."
      }
    },
    "IN-G3: Индикатор 2 поля 650 имеет недопустимое значение \"\".": {
      "count": 1,
      "first": {
        "recordIndex": 1204973,
        "byteOffset": 1020269881,
        "rule": "IN-G3",
        "fieldIndex": 15,
        "tag": "650",
        "indicatorIndex": 1,
        "message": "Индикатор 2 поля 650 имеет недопустимое значение \"\"."
      }
    },
    "IN-G3: Индикатор 2 поля 490 имеет недопустимое значение \",\".": {
      "count": 1,
      "first": {
        "recordIndex": 1204974,
        "byteOffset": 1020271363,
        "rule": "IN-G3",
        "fieldIndex": 13,
        "tag": "490",
        "indicatorIndex": 1,
        "message": "Индикатор 2 поля 490 имеет недопустимое значение \",\"."
      }
    },
    "IN-G3: Индикатор 1 поля 505 имеет недопустимое значение \"\".": {
      "count": 1,
      "first": {
        "recordIndex": 1204974,
        "byteOffset": 1020271363,
        "rule": "IN-G3",
        "fieldIndex": 14,
        "tag": "505",
        "indicatorIndex": 0,
        "message": "Индикатор 1 поля 505 имеет недопустимое значение \"\"."
      }
    },
    "IN-G3: Индикатор 2 поля 600 имеет недопустимое значение \"º\".": {
      "count": 1,
      "first": {
        "recordIndex": 1204974,
        "byteOffset": 1020271363,
        "rule": "IN-G3",
        "fieldIndex": 16,
        "tag": "600",
        "indicatorIndex": 1,
        "message": "Индикатор 2 поля 600 имеет недопустимое значение \"º\"."
      }
    },
    "IN-G3: Индикатор 1 поля 300 имеет недопустимое значение \",\".": {
      "count": 1,
      "first": {
        "recordIndex": 1204975,
        "byteOffset": 1020273114,
        "rule": "IN-G3",
        "fieldIndex": 12,
        "tag": "300",
        "indicatorIndex": 0,
        "message": "Индикатор 1 поля 300 имеет недопустимое значение \",\"."
      }
    },
    "IN-G3: Индикатор 1 поля 504 имеет недопустимое значение \"±\".": {
      "count": 1,
      "first": {
        "recordIndex": 1204975,
        "byteOffset": 1020273114,
        "rule": "IN-G3",
        "fieldIndex": 13,
        "tag": "504",
        "indicatorIndex": 0,
        "message": "Индикатор 1 поля 504 имеет недопустимое значение \"±\"."
      }
    },
    "IN-G3: Индикатор 1 поля 245 имеет недопустимое значение \"\".": {
      "count": 1,
      "first": {
        "recordIndex": 1204976,
        "byteOffset": 1020275176,
        "rule": "IN-G3",
        "fieldIndex": 10,
        "tag": "245",
        "indicatorIndex": 0,
        "message": "Индикатор 1 поля 245 имеет недопустимое значение \"\"."
      }
    },
    "IN-G3: Индикатор 1 поля 700 имеет недопустимое значение \"¶\".": {
      "count": 1,
      "first": {
        "recordIndex": 1204976,
        "byteOffset": 1020275176,
        "rule": "IN-G3",
        "fieldIndex": 17,
        "tag": "700",
        "indicatorIndex": 0,
        "message": "Индикатор 1 поля 700 имеет недопустимое значение \"¶\"."
      }
    },
    "IN-G3: Индикатор 1 поля 300 имеет недопустимое значение \"\".": {
      "count": 1,
      "first": {
        "recordIndex": 1204977,
        "byteOffset": 1020276958,
        "rule": "IN-G3",
        "fieldIndex": 12,
        "tag": "300",
        "indicatorIndex": 0,
        "message": "Индикатор 1 поля 300 имеет недопустимое значение \"\"."
      }
    },
    "IN-G3: Индикатор 2 поля 504 имеет недопустимое значение \"\".": {
      "count": 1,
      "first": {
        "recordIndex": 1204977,
        "byteOffset": 1020276958,
        "rule": "IN-G3",
        "fieldIndex": 13,
        "tag": "504",
        "indicatorIndex": 1,
        "message": "Индикатор 2 поля 504 имеет недопустимое значение \"\"."
      }
    },
    "IN-G3: Индикатор 2 поля 546 имеет недопустимое значение \"\".": {
      "count": 1,
      "first": {
        "recordIndex": 1204978,
        "byteOffset": 1020278999,
        "rule": "IN-G3",
        "fieldIndex": 15,
        "tag": "546",
        "indicatorIndex": 1,
        "message": "Индикатор 2 поля 546 имеет недопустимое значение \"\"."
      }
    },
    "IN-G3: Индикатор 2 поля 650 имеет недопустимое значение \"\".": {
      "count": 1,
      "first": {
        "recordIndex": 1204978,
        "byteOffset": 1020278999,
        "rule": "IN-G3",
        "fieldIndex": 16,
        "tag": "650",
        "indicatorIndex": 1,
        "message": "Индикатор 2 поля 650 имеет недопустимое значение \"\"."
      }
    },
    "IN-G3: Индикатор 2 поля 337 имеет недопустимое значение \">\".": {
      "count": 1,
      "first": {
        "recordIndex": 1204978,
        "byteOffset": 1020278999,
        "rule": "IN-G3",
        "fieldIndex": 22,
        "tag": "337",
        "indicatorIndex": 1,
        "message": "Индикатор 2 поля 337 имеет недопустимое значение \">\"."
      }
    },
    "IN-G3: Индикатор 1 поля 250 имеет недопустимое значение \"\".": {
      "count": 1,
      "first": {
        "recordIndex": 1204979,
        "byteOffset": 1020280842,
        "rule": "IN-G3",
        "fieldIndex": 11,
        "tag": "250",
        "indicatorIndex": 0,
        "message": "Индикатор 1 поля 250 имеет недопустимое значение \"\"."
      }
    },
    "IN-G3: Индикатор 2 поля 337 имеет недопустимое значение \"\".": {
      "count": 1,
      "first": {
        "recordIndex": 1204980,
        "byteOffset": 1020282031,
        "rule": "IN-G3",
        "fieldIndex": 19,
        "tag": "337",
        "indicatorIndex": 1,
        "message": "Индикатор 2 поля 337 имеет недопустимое значение \"\"."
      }
    },
    "IN-G3: Индикатор 1 поля 245 имеет недопустимое значение \"\".": {
      "count": 1,
      "first": {
        "recordIndex": 1204981,
        "byteOffset": 1020284142,
        "rule": "IN-G3",
        "fieldIndex": 10,
        "tag": "245",
        "indicatorIndex": 0,
        "message": "Индикатор 1 поля 245 имеет недопустимое значение \"\"."
      }
    },
    "IN-G3: Индикатор 2 поля 520 имеет недопустимое значение \"·\".": {
      "count": 1,
      "first": {
        "recordIndex": 1204981,
        "byteOffset": 1020284142,
        "rule": "IN-G3",
        "fieldIndex": 13,
        "tag": "520",
        "indicatorIndex": 1,
        "message": "Индикатор 2 поля 520 имеет недопустимое значение \"·\"."
      }
    },
    "IN-G3: Индикатор 2 поля 546 имеет недопустимое значение \"²\".": {
      "count": 1,
      "first": {
        "recordIndex": 1204981,
        "byteOffset": 1020284142,
        "rule": "IN-G3",
        "fieldIndex": 14,
        "tag": "546",
        "indicatorIndex": 1,
        "message": "Индикатор 2 поля 546 имеет недопустимое значение \"²\"."
      }
    },
    "SF-G4: Подполе 3 поля 020 имеет недопустимый код \"\".": {
      "count": 1,
      "first": {
        "recordIndex": 1204982,
        "byteOffset": 1020285883,
        "rule": "SF-G4",
        "fieldIndex": 6,
        "tag": "020",
        "subfieldIndex": 2,
        "message": "Подполе 3 поля 020 имеет недопустимый код \"\"."
      }
    },
    "IN-G3: Индикатор 1 поля 245 имеет недопустимое значение \".\".": {
      "count": 1,
      "first": {
        "recordIndex": 1204982,
        "byteOffset": 1020285883,
        "rule": "IN-G3",
        "fieldIndex": 10,
        "tag": "245",
        "indicatorIndex": 0,
        "message": "Индикатор 1 поля 245 имеет недопустимое значение \".\"."
      }
    },
    "IN-G3: Индикатор 2 поля 490 имеет недопустимое значение \"\".": {
      "count": 1,
      "first": {
        "recordIndex": 1204982,
        "byteOffset": 1020285883,
        "rule": "IN-G3",
        "fieldIndex": 13,
        "tag": "490",
        "indicatorIndex": 1,
        "message": "Индикатор 2 поля 490 имеет недопустимое значение \"\"."
      }
    },
    "IN-G3: Индикатор 1 поля 500 имеет недопустимое значение \"»\".": {
      "count": 1,
      "first": {
        "recordIndex": 1204982,
        "byteOffset": 1020285883,
        "rule": "IN-G3",
        "fieldIndex": 14,
        "tag": "500",
        "indicatorIndex": 0,
        "message": "Индикатор 1 поля 500 имеет недопустимое значение \"»\"."
      }
    },
    "IN-G3: Индикатор 1 поля 520 имеет недопустимое значение \"¡\".": {
      "count": 1,
      "first": {
        "recordIndex": 1204982,
        "byteOffset": 1020285883,
        "rule": "IN-G3",
        "fieldIndex": 15,
        "tag": "520",
        "indicatorIndex": 0,
        "message": "Индикатор 1 поля 520 имеет недопустимое значение \"¡\"."
      }
    },
    "IN-G3: Индикатор 1 поля 912 имеет недопустимое значение \"\".": {
      "count": 2,
      "first": {
        "recordIndex": 1204984,
        "byteOffset": 1020289595,
        "rule": "IN-G3",
        "fieldIndex": 16,
        "tag": "912",
        "indicatorIndex": 0,
        "message": "Индикатор 1 поля 912 имеет недопустимое значение \"\"."
      }
    },
    "IN-G3: Индикатор 2 поля 546 имеет недопустимое значение \"\".": {
      "count": 1,
      "first": {
        "recordIndex": 1204986,
        "byteOffset": 1020292424,
        "rule": "IN-G3",
        "fieldIndex": 11,
        "tag": "546",
        "indicatorIndex": 1,
        "message": "Индикатор 2 поля 546 имеет недопустимое значение \"\"."
      }
    },
    "IN-G3: Индикатор 1 поля 337 имеет недопустимое значение \";\".": {
      "count": 3,
      "first": {
        "recordIndex": 1204986,
        "byteOffset": 1020292424,
        "rule": "IN-G3",
        "fieldIndex": 21,
        "tag": "337",
        "indicatorIndex": 0,
        "message": "Индикатор 1 поля 337 имеет недопустимое значение \";\"."
      }
    },
    "IN-G3: Индикатор 1 поля 300 имеет недопустимое значение \"\".": {
      "count": 2,
      "first": {
        "recordIndex": 1204989,
        "byteOffset": 1020296286,
        "rule": "IN-G3",
        "fieldIndex": 11,
        "tag": "300",
        "indicatorIndex": 0,
        "message": "Индикатор 1 поля 300 имеет недопустимое значение \"\"."
      }
    },
    "IN-G3: Индикатор 1 поля 500 имеет недопустимое значение \"¸\".": {
      "count": 2,
      "first": {
        "recordIndex": 1204989,
        "byteOffset": 1020296286,
        "rule": "IN-G3",
        "fieldIndex": 12,
        "tag": "500",
        "indicatorIndex": 0,
        "message": "Индикатор 1 поля 500 имеет недопустимое значение \"¸\"."
      }
    },
    "IN-G3: Индикатор 2 поля 500 имеет недопустимое значение \",\".": {
      "count": 1,
      "first": {
        "recordIndex": 1204989,
        "byteOffset": 1020296286,
        "rule": "IN-G3",
        "fieldIndex": 12,
        "tag": "500",
        "indicatorIndex": 1,
        "message": "Индикатор 2 поля 500 имеет недопустимое значение \",\"."
      }
    },
    "IN-G3: Индикатор 2 поля 600 имеет недопустимое значение \"¾\".": {
      "count": 4,
      "first": {
        "recordIndex": 1204989,
        "byteOffset": 1020296286,
        "rule": "IN-G3",
        "fieldIndex": 13,
        "tag": "600",
        "indicatorIndex": 1,
        "message": "Индикатор 2 поля 600 имеет недопустимое значение \"¾\"."
      }
    },
    "IN-G3: Индикатор 2 поля 710 имеет недопустимое значение \"[\".": {
      "count": 1,
      "first": {
        "recordIndex": 1204989,
        "byteOffset": 1020296286,
        "rule": "IN-G3",
        "fieldIndex": 16,
        "tag": "710",
        "indicatorIndex": 1,
        "message": "Индикатор 2 поля 710 имеет недопустимое значение \"[\"."
      }
    },
    "IN-G3: Индикатор 2 поля 912 имеет недопустимое значение \"\".": {
      "count": 1,
      "first": {
        "recordIndex": 1204989,
        "byteOffset": 1020296286,
        "rule": "IN-G3",
        "fieldIndex": 18,
        "tag": "912",
        "indicatorIndex": 1,
        "message": "Индикатор 2 поля 912 имеет недопустимое значение \"\"."
      }
    },
    "IN-G3: Индикатор 2 поля 710 имеет недопустимое значение \"\".": {
      "count": 1,
      "first": {
        "recordIndex": 1204990,
        "byteOffset": 1020297607,
        "rule": "IN-G3",
        "fieldIndex": 16,
        "tag": "710",
        "indicatorIndex": 1,
        "message": "Индикатор 2 поля 710 имеет недопустимое значение \"\"."
      }
    },
    "IN-G3: Индикатор 1 поля 773 имеет недопустимое значение \"»\".": {
      "count": 1,
      "first": {
        "recordIndex": 1204990,
        "byteOffset": 1020297607,
        "rule": "IN-G3",
        "fieldIndex": 18,
        "tag": "773",
        "indicatorIndex": 0,
        "message": "Индикатор 1 поля 773 имеет недопустимое значение \"»\"."
      }
    },
    "IN-G3: Индикатор 2 поля 260 имеет недопустимое значение \"\".": {
      "count": 1,
      "first": {
        "recordIndex": 1204991,
        "byteOffset": 1020299399,
        "rule": "IN-G3",
        "fieldIndex": 11,
        "tag": "260",
        "indicatorIndex": 1,
        "message": "Индикатор 2 поля 260 имеет недопустимое значение \"\"."
      }
    },
    "IN-G3: Индикатор 1 поля 245 имеет недопустимое значение \"\".": {
      "count": 1,
      "first": {
        "recordIndex": 1204992,
        "byteOffset": 1020301133,
        "rule": "IN-G3",
        "fieldIndex": 10,
        "tag": "245",
        "indicatorIndex": 0,
        "message": "Индикатор 1 поля 245 имеет недопустимое значение \"\"."
      }
    },
    "IN-G3: Индикатор 2 поля 500 имеет недопустимое значение \"º\".": {
      "count": 1,
      "first": {
        "recordIndex": 1204992,
        "byteOffset": 1020301133,
        "rule": "IN-G3",
        "fieldIndex": 13,
        "tag": "500",
        "indicatorIndex": 1,
        "message": "Индикатор 2 поля 500 имеет недопустимое значение \"º\"."
      }
    },
    "IN-G3: Индикатор 2 поля 504 имеет недопустимое значение \"¸\".": {
      "count": 2,
      "first": {
        "recordIndex": 1204992,
        "byteOffset": 1020301133,
        "rule": "IN-G3",
        "fieldIndex": 14,
        "tag": "504",
        "indicatorIndex": 1,
        "message": "Индикатор 2 поля 504 имеет недопустимое значение \"¸\"."
      }
    },
    "IN-G3: Индикатор 1 поля 520 имеет недопустимое значение \"\".": {
      "count": 1,
      "first": {
        "recordIndex": 1204993,
        "byteOffset": 1020302969,
        "rule": "IN-G3",
        "fieldIndex": 14,
        "tag": "520",
        "indicatorIndex": 0,
        "message": "Индикатор 1 поля 520 имеет недопустимое значение \"\"."
      }
    },
    "IN-G3: Индикатор 2 поля 710 имеет недопустимое значение \"\".": {
      "count": 1,
      "first": {
        "recordIndex": 1204993,
        "byteOffset": 1020302969,
        "rule": "IN-G3",
        "fieldIndex": 17,
        "tag": "710",
        "indicatorIndex": 1,
        "message": "Индикатор 2 поля 710 имеет недопустимое значение \"\"."
      }
    },
    "IN-G3: Индикатор 2 поля 245 имеет недопустимое значение \"\".": {
      "count": 1,
      "first": {
        "recordIndex": 1204994,
        "byteOffset": 1020305635,
        "rule": "IN-G3",
        "fieldIndex": 10,
        "tag": "245",
        "indicatorIndex": 1,
        "message": "Индикатор 2 поля 245 имеет недопустимое значение \"\"."
      }
    },
    "IN-G3: Индикатор 1 поля 300 имеет недопустимое значение \" \".": {
      "count": 1,
      "first": {
        "recordIndex": 1204994,
        "byteOffset": 1020305635,
        "rule": "IN-G3",
        "fieldIndex": 12,
        "tag": "300",
        "indicatorIndex": 0,
        "message": "Индикатор 1 поля 300 имеет недопустимое значение \" \"."
      }
    },
    "IN-G3: Индикатор 2 поля 650 имеет недопустимое значение \"X\".": {
      "count": 1,
      "first": {
        "recordIndex": 1204994,
        "byteOffset": 1020305635,
        "rule": "IN-G3",
        "fieldIndex": 14,
        "tag": "650",
        "indicatorIndex": 1,
        "message": "Индикатор 2 поля 650 имеет недопустимое значение \"X\"."
      }
    },
    "IN-G3: Индикатор 2 поля 250 имеет недопустимое значение \"\".": {
      "count": 1,
      "first": {
        "recordIndex": 1204996,
        "byteOffset": 1020309217,
        "rule": "IN-G3",
        "fieldIndex": 11,
        "tag": "250",
        "indicatorIndex": 1,
        "message": "Индикатор 2 поля 250 имеет недопустимое значение \"\"."
      }
    },
    "IN-G3: Индикатор 1 поля 260 имеет недопустимое значение \"\".": {
      "count": 1,
      "first": {
        "recordIndex": 1204996,
        "byteOffset": 1020309217,
        "rule": "IN-G3",
        "fieldIndex": 12,
        "tag": "260",
        "indicatorIndex": 0,
        "message": "Индикатор 1 поля 260 имеет недопустимое значение \"\"."
      }
    },
    "IN-G3: Индикатор 2 поля 650 имеет недопустимое значение \"\".": {
      "count": 2,
      "first": {
        "recordIndex": 1204996,
        "byteOffset": 1020309217,
        "rule": "IN-G3",
        "fieldIndex": 15,
        "tag": "650",
        "indicatorIndex": 1,
        "message": "Индикатор 2 поля 650 имеет недопустимое значение \"\"."
      }
    },
    "IN-G3: Индикатор 2 поля 260 имеет недопустимое значение \"[\".": {
      "count": 3,
      "first": {
        "recordIndex": 1204997,
        "byteOffset": 1020310636,
        "rule": "IN-G3",
        "fieldIndex": 11,
        "tag": "260",
        "indicatorIndex": 1,
        "message": "Индикатор 2 поля 260 имеет недопустимое значение \"[\"."
      }
    },
    "IN-G3: Индикатор 1 поля 490 имеет недопустимое значение \"¡\".": {
      "count": 3,
      "first": {
        "recordIndex": 1204997,
        "byteOffset": 1020310636,
        "rule": "IN-G3",
        "fieldIndex": 13,
        "tag": "490",
        "indicatorIndex": 0,
        "message": "Индикатор 1 поля 490 имеет недопустимое значение \"¡\"."
      }
    },
    "IN-G3: Индикатор 1 поля 520 имеет недопустимое значение \"]\".": {
      "count": 2,
      "first": {
        "recordIndex": 1204998,
        "byteOffset": 1020312442,
        "rule": "IN-G3",
        "fieldIndex": 16,
        "tag": "520",
        "indicatorIndex": 0,
        "message": "Индикатор 1 поля 520 имеет недопустимое значение \"]\"."
      }
    },
    "IN-G3: Индикатор 1 поля 912 имеет недопустимое значение \"\".": {
      "count": 2,
      "first": {
        "recordIndex": 1204998,
        "byteOffset": 1020312442,
        "rule": "IN-G3",
        "fieldIndex": 19,
        "tag": "912",
        "indicatorIndex": 0,
        "message": "Индикатор 1 поля 912 имеет недопустимое значение \"\"."
      }
    },
    "IN-G3: Индикатор 2 поля 250 имеет недопустимое значение \"\".": {
      "count": 2,
      "first": {
        "recordIndex": 1204999,
        "byteOffset": 1020313891,
        "rule": "IN-G3",
        "fieldIndex": 12,
        "tag": "250",
        "indicatorIndex": 1,
        "message": "Индикатор 2 поля 250 имеет недопустимое значение \"\"."
      }
    },
    "IN-G3: Индикатор 1 поля 490 имеет недопустимое значение \"\".": {
      "count": 1,
      "first": {
        "recordIndex": 1204999,
        "byteOffset": 1020313891,
        "rule": "IN-G3",
        "fieldIndex": 15,
        "tag": "490",
        "indicatorIndex": 0,
        "message": "Индикатор 1 поля 490 имеет недопустимое значение \"\"."
      }
    },
    "IN-G3: Индикатор 1 поля 490 имеет недопустимое значение \"·\".": {
      "count": 1,
      "first": {
        "recordIndex": 1204999,
        "byteOffset": 1020313891,
        "rule": "IN-G3",
        "fieldIndex": 16,
        "tag": "490",
        "indicatorIndex": 0,
        "message": "Индикатор 1 поля 490 имеет недопустимое значение \"·\"."
      }
    },
    "IN-G3: Индикатор 1 поля 336 имеет недопустимое значение \"\".": {
      "count": 1,
      "first": {
        "recordIndex": 1204999,
        "byteOffset": 1020313891,
        "rule": "IN-G3",
        "fieldIndex": 20,
        "tag": "336",
        "indicatorIndex": 0,
        "message": "Индикатор 1 поля 336 имеет недопустимое значение \"\"."
      }
    },
    "IN-G3: Индикатор 2 поля 336 имеет недопустимое значение \"\".": {
      "count": 1,
      "first": {
        "recordIndex": 1205003,
        "byteOffset": 1020318694,
        "rule": "IN-G3",
        "fieldIndex": 20,
        "tag": "336",
        "indicatorIndex": 1,
        "message": "Индикатор 2 поля 336 имеет недопустимое значение \"\"."
      }
    },
    "IN-G3: Индикатор 2 поля 250 имеет недопустимое значение \"\".": {
      "count": 1,
      "first": {
        "recordIndex": 1205005,
        "byteOffset": 1020322101,
        "rule": "IN-G3",
        "fieldIndex": 12,
        "tag": "250",
        "indicatorIndex": 1,
        "message": "Индикатор 2 поля 250 имеет недопустимое значение \"\"."
      }
    },
    "IN-G3: Индикатор 2 поля 300 имеет недопустимое значение \"\".": {
      "count": 1,
      "first": {
        "recordIndex": 1205005,
        "byteOffset": 1020322101,
        "rule": "IN-G3",
        "fieldIndex": 14,
        "tag": "300",
        "indicatorIndex": 1,
        "message": "Индикатор 2 поля 300 имеет недопустимое значение \"\"."
      }
    },
    "IN-G3: Индикатор 1 поля 505 имеет недопустимое значение \"]\".": {
      "count": 1,
      "first": {
        "recordIndex": 1205006,
        "byteOffset": 1020323920,
        "rule": "IN-G3",
        "fieldIndex": 14,
        "tag": "505",
        "indicatorIndex": 0,
        "message": "Индикатор 1 поля 505 имеет недопустимое значение \"]\"."
      }
    },
    "IN-G3: Индикатор 2 поля 336 имеет недопустимое значение \"\".": {
      "count": 2,
      "first": {
        "recordIndex": 1205007,
        "byteOffset": 1020325217,
        "rule": "IN-G3",
        "fieldIndex": 18,
        "tag": "336",
        "indicatorIndex": 1,
        "message": "Индикатор 2 поля 336 имеет недопустимое значение \"\"."
      }
    },
    "IN-G3: Индикатор 1 поля 520 имеет недопустимое значение \"\".": {
      "count": 1,
      "first": {
        "recordIndex": 1205010,
        "byteOffset": 1020328771,
        "rule": "IN-G3",
        "fieldIndex": 14,
        "tag": "520",
        "indicatorIndex": 0,
        "message": "Индикатор 1 поля 520 имеет недопустимое значение \"\"."
      }
    },
    "IN-G3: Индикатор 2 поля 912 имеет недопустимое значение \"\".": {
      "count": 2,
      "first": {
        "recordIndex": 1205010,
        "byteOffset": 1020328771,
        "rule": "IN-G3",
        "fieldIndex": 17,
        "tag": "912",
        "indicatorIndex": 1,
        "message": "Индикатор 2 поля 912 имеет недопустимое значение \"\"."
      }
    },
    "IN-G3: Индикатор 2 поля 245 имеет недопустимое значение \"S\".": {
      "count": 1,
      "first": {
        "recordIndex": 1205013,
        "byteOffset": 1020332062,
        "rule": "IN-G3",
        "fieldIndex": 10,
        "tag": "245",
        "indicatorIndex": 1,
        "message": "Индикатор 2 поля 245 имеет недопустимое значение \"S\"."
      }
    },
    "IN-G3: Индикатор 1 поля 490 имеет недопустимое значение \"¢\".": {
      "count": 2,
      "first": {
        "recordIndex": 1205019,
        "byteOffset": 1020339784,
        "rule": "IN-G3",
        "fieldIndex": 16,
        "tag": "490",
        "indicatorIndex": 0,
        "message": "Индикатор 1 поля 490 имеет недопустимое значение \"¢\"."
      }
    },
    "IN-G3: Индикатор 1 поля 650 имеет недопустимое значение \"¢\".": {
      "count": 1,
      "first": {
        "recordIndex": 1205021,
        "byteOffset": 1020342473,
        "rule": "IN-G3",
        "fieldIndex": 19,
        "tag": "650",
        "indicatorIndex": 0,
        "message": "Индикатор 1 поля 650 имеет недопустимое значение \"¢\"."
      }
    },
    "IN-G3: Индикатор 1 поля 490 имеет недопустимое значение \"\".": {
      "count": 1,
      "first": {
        "recordIndex": 1205023,
        "byteOffset": 1020344666,
        "rule": "IN-G3",
        "fieldIndex": 14,
        "tag": "490",
        "indicatorIndex": 0,
        "message": "Индикатор 1 поля 490 имеет недопустимое значение \"\"."
      }
    },
    "IN-G3: Индикатор 1 поля 490 имеет недопустимое значение \"\".": {
      "count": 1,
      "first": {
        "recordIndex": 1205023,
        "byteOffset": 1020344666,
        "rule": "IN-G3",
        "fieldIndex": 15,
        "tag": "490",
        "indicatorIndex": 0,
        "message": "Индикатор 1 поля 490 имеет недопустимое значение \"\"."
      }
    },
    "IN-G3: Индикатор 1 поля 337 имеет недопустимое значение \"\".": {
      "count": 1,
      "first": {
        "recordIndex": 1205023,
        "byteOffset": 1020344666,
        "rule": "IN-G3",
        "fieldIndex": 20,
        "tag": "337",
        "indicatorIndex": 0,
        "message": "Индикатор 1 поля 337 имеет недопустимое значение \"\"."
      }
    },
    "IN-G3: Индикатор 2 поля 504 имеет недопустимое значение \"\".": {
      "count": 1,
      "first": {
        "recordIndex": 1205024,
        "byteOffset": 1020345783,
        "rule": "IN-G3",
        "fieldIndex": 13,
        "tag": "504",
        "indicatorIndex": 1,
        "message": "Индикатор 2 поля 504 имеет недопустимое значение \"\"."
      }
    },
    "IN-G3: Индикатор 2 поля 505 имеет недопустимое значение \"·\".": {
      "count": 1,
      "first": {
        "recordIndex": 1205024,
        "byteOffset": 1020345783,
        "rule": "IN-G3",
        "fieldIndex": 14,
        "tag": "505",
        "indicatorIndex": 1,
        "message": "Индикатор 2 поля 505 имеет недопустимое значение \"·\"."
      }
    },
    "IN-G3: Индикатор 2 поля 490 имеет недопустимое значение \"\".": {
      "count": 1,
      "first": {
        "recordIndex": 1205025,
        "byteOffset": 1020347167,
        "rule": "IN-G3",
        "fieldIndex": 13,
        "tag": "490",
        "indicatorIndex": 1,
        "message": "Индикатор 2 поля 490 имеет недопустимое значение \"\"."
      }
    },
    "IN-G3: Индикатор 2 поля 336 имеет недопустимое значение \"\".": {
      "count": 1,
      "first": {
        "recordIndex": 1205026,
        "byteOffset": 1020348544,
        "rule": "IN-G3",
        "fieldIndex": 20,
        "tag": "336",
        "indicatorIndex": 1,
        "message": "Индикатор 2 поля 336 имеет недопустимое значение \"\"."
      }
    },
    "IN-G3: Индикатор 1 поля 260 имеет недопустимое значение \"]\".": {
      "count": 3,
      "first": {
        "recordIndex": 1205027,
        "byteOffset": 1020349680,
        "rule": "IN-G3",
        "fieldIndex": 11,
        "tag": "260",
        "indicatorIndex": 0,
        "message": "Индикатор 1 поля 260 имеет недопустимое значение \"]\"."
      }
    },
    "IN-G3: Индикатор 1 поля 505 имеет недопустимое значение \"\".": {
      "count": 1,
      "first": {
        "recordIndex": 1205027,
        "byteOffset": 1020349680,
        "rule": "IN-G3",
        "fieldIndex": 14,
        "tag": "505",
        "indicatorIndex": 0,
        "message": "Индикатор 1 поля 505 имеет недопустимое значение \"\"."
      }
    },
    "IN-G3: Индикатор 1 поля 490 имеет недопустимое значение \"]\".": {
      "count": 1,
      "first": {
        "recordIndex": 1205030,
        "byteOffset": 1020354075,
        "rule": "IN-G3",
        "fieldIndex": 13,
        "tag": "490",
        "indicatorIndex": 0,
        "message": "Индикатор 1 поля 490 имеет недопустимое значение \"]\"."
      }
    },
    "IN-G3: Индикатор 1 поля 250 имеет недопустимое значение \"§\".": {
      "count": 1,
      "first": {
        "recordIndex": 1205031,
        "byteOffset": 1020355562,
        "rule": "IN-G3",
        "fieldIndex": 11,
        "tag": "250",
        "indicatorIndex": 0,
        "message": "Индикатор 1 поля 250 имеет недопустимое значение \"§\"."
      }
    },
    "IN-G3: Индикатор 2 поля 555 имеет недопустимое значение \"±\".": {
      "count": 1,
      "first": {
        "recordIndex": 1205031,
        "byteOffset": 1020355562,
        "rule": "IN-G3",
        "fieldIndex": 15,
        "tag": "555",
        "indicatorIndex": 1,
        "message": "Индикатор 2 поля 555 имеет недопустимое значение \"±\"."
      }
    },
    "IN-G3: Индикатор 1 поля 490 имеет недопустимое значение \"\\u001e\".": {
      "count": 2,
      "first": {
        "recordIndex": 1205032,
        "byteOffset": 1020356650,
        "rule": "IN-G3",
        "fieldIndex": 13,
        "tag": "490",
        "indicatorIndex": 0,
        "message": "Индикатор 1 поля 490 имеет недопустимое значение \"\\u001e\"."
      }
    },
    "IN-G3: Индикатор 2 поля 580 имеет недопустимое значение \"²\".": {
      "count": 1,
      "first": {
        "recordIndex": 1205034,
        "byteOffset": 1020359486,
        "rule": "IN-G3",
        "fieldIndex": 15,
        "tag": "580",
        "indicatorIndex": 1,
        "message": "Индикатор 2 поля 580 имеет недопустимое значение \"²\"."
      }
    },
    "IN-G3: Индикатор 1 поля 337 имеет недопустимое значение \"·\".": {
      "count": 1,
      "first": {
        "recordIndex": 1205034,
        "byteOffset": 1020359486,
        "rule": "IN-G3",
        "fieldIndex": 20,
        "tag": "337",
        "indicatorIndex": 0,
        "message": "Индикатор 1 поля 337 имеет недопустимое значение \"·\"."
      }
    },
    "IN-G3: Индикатор 1 поля 504 имеет недопустимое значение \"\".": {
      "count": 2,
      "first": {
        "recordIndex": 1205035,
        "byteOffset": 1020360816,
        "rule": "IN-G3",
        "fieldIndex": 13,
        "tag": "504",
        "indicatorIndex": 0,
        "message": "Индикатор 1 поля 504 имеет недопустимое значение \"\"."
      }
    },
    "IN-G3: Индикатор 2 поля 650 имеет недопустимое значение \"\".": {
      "count": 1,
      "first": {
        "recordIndex": 1205035,
        "byteOffset": 1020360816,
        "rule": "IN-G3",
        "fieldIndex": 15,
        "tag": "650",
        "indicatorIndex": 1,
        "message": "Индикатор 2 поля 650 имеет недопустимое значение \"\"."
      }
    },
    "IN-G3: Индикатор 1 поля 650 имеет недопустимое значение \"¡\".": {
      "count": 1,
      "first": {
        "recordIndex": 1205035,
        "byteOffset": 1020360816,
        "rule": "IN-G3",
        "fieldIndex": 17,
        "tag": "650",
        "indicatorIndex": 0,
        "message": "Индикатор 1 поля 650 имеет недопустимое значение \"¡\"."
      }
    },
    "IN-G3: Индикатор 1 поля 260 имеет недопустимое значение \"·\".": {
      "count": 2,
      "first": {
        "recordIndex": 1205036,
        "byteOffset": 1020362969,
        "rule": "IN-G3",
        "fieldIndex": 11,
        "tag": "260",
        "indicatorIndex": 0,
        "message": "Индикатор 1 поля 260 имеет недопустимое значение \"·\"."
      }
    },
    "IN-G3: Индикатор 1 поля 490 имеет недопустимое значение \"¯\".": {
      "count": 1,
      "first": {
        "recordIndex": 1205037,
        "byteOffset": 1020364468,
        "rule": "IN-G3",
        "fieldIndex": 13,
        "tag": "490",
        "indicatorIndex": 0,
        "message": "Индикатор 1 поля 490 имеет недопустимое значение \"¯\"."
      }
    },
    "IN-G3: Индикатор 1 поля 504 имеет недопустимое значение \"¢\".": {
      "count": 1,
      "first": {
        "recordIndex": 1205037,
        "byteOffset": 1020364468,
        "rule": "IN-G3",
        "fieldIndex": 14,
        "tag": "504",
        "indicatorIndex": 0,
        "message": "Индикатор 1 поля 504 имеет недопустимое значение \"¢\"."
      }
    },
    "IN-G3: Индикатор 1 поля 500 имеет недопустимое значение \"¡\".": {
      "count": 1,
      "first": {
        "recordIndex": 1205040,
        "byteOffset": 1020368335,
        "rule": "IN-G3",
        "fieldIndex": 14,
        "tag": "500",
        "indicatorIndex": 0,
        "message": "Индикатор 1 поля 500 имеет недопустимое значение \"¡\"."
      }
    },
    "IN-G3: Индикатор 2 поля 520 имеет недопустимое значение \"\".": {
      "count": 1,
      "first": {
        "recordIndex": 1205041,
        "byteOffset": 1020369802,
        "rule": "IN-G3",
        "fieldIndex": 13,
        "tag": "520",
        "indicatorIndex": 1,
        "message": "Индикатор 2 поля 520 имеет недопустимое значение \"\"."
      }
    },
    "IN-G3: Индикатор 1 поля 650 имеет недопустимое значение \"\".": {
      "count": 1,
      "first": {
        "recordIndex": 1205041,
        "byteOffset": 1020369802,
        "rule": "IN-G3",
        "fieldIndex": 15,
        "tag": "650",
        "indicatorIndex": 0,
        "message": "Индикатор 1 поля 650 имеет недопустимое значение \"\"."
      }
    },
    "IN-G3: Индикатор 2 поля 700 имеет недопустимое значение \"\".": {
      "count": 1,
      "first": {
        "recordIndex": 1205042,
        "byteOffset": 1020371157,
        "rule": "IN-G3",
        "fieldIndex": 16,
        "tag": "700",
        "indicatorIndex": 1,
        "message": "Индикатор 2 поля 700 имеет недопустимое значение \"\"."
      }
    },
    "IN-G3: Индикатор 1 поля 700 имеет недопустимое значение \"³\".": {
      "count": 1,
      "first": {
        "recordIndex": 1205043,
        "byteOffset": 1020372111,
        "rule": "IN-G3",
        "fieldIndex": 18,
        "tag": "700",
        "indicatorIndex": 0,
        "message": "Индикатор 1 поля 700 имеет недопустимое значение \"³\"."
      }
    },
    "IN-G3: Индикатор 2 поля 337 имеет недопустимое значение \"\".": {
      "count": 1,
      "first": {
        "recordIndex": 1205047,
        "byteOffset": 1020376700,
        "rule": "IN-G3",
        "fieldIndex": 20,
        "tag": "337",
        "indicatorIndex": 1,
        "message": "Индикатор 2 поля 337 имеет недопустимое значение \"\"."
      }
    },
    "IN-G3: Индикатор 2 поля 700 имеет недопустимое значение \"\".": {
      "count": 1,
      "first": {
        "recordIndex": 1205048,
        "byteOffset": 1020378185,
        "rule": "IN-G3",
        "fieldIndex": 17,
        "tag": "700",
        "indicatorIndex": 1,
        "message": "Индикатор 2 поля 700 имеет недопустимое значение \"\"."
      }
    },
    "IN-G3: Индикатор 1 поля 650 имеет недопустимое значение \"\".": {
      "count": 2,
      "first": {
        "recordIndex": 1205049,
        "byteOffset": 1020379686,
        "rule": "IN-G3",
        "fieldIndex": 18,
        "tag": "650",
        "indicatorIndex": 0,
        "message": "Индикатор 1 поля 650 имеет недопустимое значение \"\"."
      }
    },
    "IN-G3: Индикатор 1 поля 300 имеет недопустимое значение \"-\".": {
      "count": 1,
      "first": {
        "recordIndex": 1205050,
        "byteOffset": 1020380885,
        "rule": "IN-G3",
        "fieldIndex": 13,
        "tag": "300",
        "indicatorIndex": 0,
        "message": "Индикатор 1 поля 300 имеет недопустимое значение \"-\"."
      }
    },
    "IN-G3: Индикатор 1 поля 490 имеет недопустимое значение \"\".": {
      "count": 1,
      "first": {
        "recordIndex": 1205051,
        "byteOffset": 1020382144,
        "rule": "IN-G3",
        "fieldIndex": 13,
        "tag": "490",
        "indicatorIndex": 0,
        "message": "Индикатор 1 поля 490 имеет недопустимое значение \"\"."
      }
    },
    "IN-G3: Индикатор 1 поля 337 имеет недопустимое значение \"\".": {
      "count": 1,
      "first": {
        "recordIndex": 1205051,
        "byteOffset": 1020382144,
        "rule": "IN-G3",
        "fieldIndex": 22,
        "tag": "337",
        "indicatorIndex": 0,
        "message": "Индикатор 1 поля 337 имеет недопустимое значение \"\"."
      }
    },
    "IN-G3: Индикатор 2 поля 250 имеет недопустимое значение \" \".": {
      "count": 1,
      "first": {
        "recordIndex": 1205052,
        "byteOffset": 1020383447,
        "rule": "IN-G3",
        "fieldIndex": 11,
        "tag": "250",
        "indicatorIndex": 1,
        "message": "Индикатор 2 поля 250 имеет недопустимое значение \" \"."
      }
    },
    "IN-G3: Индикатор 1 поля 504 имеет недопустимое значение \"\".": {
      "count": 1,
      "first": {
        "recordIndex": 1205054,
        "byteOffset": 1020386145,
        "rule": "IN-G3",
        "fieldIndex": 13,
        "tag": "504",
        "indicatorIndex": 0,
        "message": "Индикатор 1 поля 504 имеет недопустимое значение \"\"."
      }
    },
    "IN-G3: Индикатор 1 поля 300 имеет недопустимое значение \"\".": {
      "count": 1,
      "first": {
        "recordIndex": 1205055,
        "byteOffset": 1020387311,
        "rule": "IN-G3",
        "fieldIndex": 12,
        "tag": "300",
        "indicatorIndex": 0,
        "message": "Индикатор 1 поля 300 имеет недопустимое значение \"\"."
      }
    },
    "IN-G3: Индикатор 1 поля 336 имеет недопустимое значение \"+\".": {
      "count": 1,
      "first": {
        "recordIndex": 1205055,
        "byteOffset": 1020387311,
        "rule": "IN-G3",
        "fieldIndex": 19,
        "tag": "336",
        "indicatorIndex": 0,
        "message": "Индикатор 1 поля 336 имеет недопустимое значение \"+\"."
      }
    },
    "IN-G3: Индикатор 1 поля 300 имеет недопустимое значение \"[\".": {
      "count": 2,
      "first": {
        "recordIndex": 1205056,
        "byteOffset": 1020389021,
        "rule": "IN-G3",
        "fieldIndex": 11,
        "tag": "300",
        "indicatorIndex": 0,
        "message": "Индикатор 1 поля 300 имеет недопустимое значение \"[\"."
      }
    },
    "IN-G3: Индикатор 1 поля 336 имеет недопустимое значение \"]\".": {
      "count": 1,
      "first": {
        "recordIndex": 1205056,
        "byteOffset": 1020389021,
        "rule": "IN-G3",
        "fieldIndex": 19,
        "tag": "336",
        "indicatorIndex": 0,
        "message": "Индикатор 1 поля 336 имеет недопустимое значение \"]\"."
      }
    },
    "IN-G3: Индикатор 1 поля 490 имеет недопустимое значение \"\".": {
      "count": 1,
      "first": {
        "recordIndex": 1205057,
        "byteOffset": 1020390051,
        "rule": "IN-G3",
        "fieldIndex": 13,
        "tag": "490",
        "indicatorIndex": 0,
        "message": "Индикатор 1 поля 490 имеет недопустимое значение \"\"."
      }
    },
    "IN-G3: Индикатор 2 поля 260 имеет недопустимое значение \"\".": {
      "count": 1,
      "first": {
        "recordIndex": 1205058,
        "byteOffset": 1020391320,
        "rule": "IN-G3",
        "fieldIndex": 11,
        "tag": "260",
        "indicatorIndex": 1,
        "message": "Индикатор 2 поля 260 имеет недопустимое значение \"\"."
      }
    },
    "IN-G3: Индикатор 1 поля 245 имеет недопустимое значение \"\".": {
      "count": 2,
      "first": {
        "recordIndex": 1205059,
        "byteOffset": 1020392542,
        "rule": "IN-G3",
        "fieldIndex": 10,
        "tag": "245",
        "indicatorIndex": 0,
        "message": "Индикатор 1 поля 245 имеет недопустимое значение \"\"."
      }
    },
    "IN-G3: Индикатор 1 поля 546 имеет недопустимое значение \"\".": {
      "count": 1,
      "first": {
        "recordIndex": 1205059,
        "byteOffset": 1020392542,
        "rule": "IN-G3",
        "fieldIndex": 15,
        "tag": "546",
        "indicatorIndex": 0,
        "message": "Индикатор 1 поля 546 имеет недопустимое значение \"\"."
      }
    },
    "IN-G3: Индикатор 1 поля 505 имеет недопустимое значение \"º\".": {
      "count": 1,
      "first": {
        "recordIndex": 1205060,
        "byteOffset": 1020393821,
        "rule": "IN-G3",
        "fieldIndex": 14,
        "tag": "505",
        "indicatorIndex": 0,
        "message": "Индикатор 1 поля 505 имеет недопустимое значение \"º\"."
      }
    },
    "IN-G3: Индикатор 1 поля 912 имеет недопустимое значение \"\\u001e\".": {
      "count": 1,
      "first": {
        "recordIndex": 1205061,
        "byteOffset": 1020395507,
        "rule": "IN-G3",
        "fieldIndex": 15,
        "tag": "912",
        "indicatorIndex": 0,
        "message": "Индикатор 1 поля 912 имеет недопустимое значение \"\\u001e\"."
      }
    },
    "IN-G3: Индикатор 1 поля 337 имеет недопустимое значение \"-\".": {
      "count": 2,
      "first": {
        "recordIndex": 1205061,
        "byteOffset": 1020395507,
        "rule": "IN-G3",
        "fieldIndex": 17,
        "tag": "337",
        "indicatorIndex": 0,
        "message": "Индикатор 1 поля 337 имеет недопустимое значение \"-\"."
      }
    },
    "IN-G3: Индикатор 1 поля 912 имеет недопустимое значение \"¢\".": {
      "count": 1,
      "first": {
        "recordIndex": 1205063,
        "byteOffset": 1020397531,
        "rule": "IN-G3",
        "fieldIndex": 16,
        "tag": "912",
        "indicatorIndex": 0,
        "message": "Индикатор 1 поля 912 имеет недопустимое значение \"¢\"."
      }
    },
    "IN-G3: Индикатор 1 поля 505 имеет недопустимое значение \"\".": {
      "count": 1,
      "first": {
        "recordIndex": 1205064,
        "byteOffset": 1020398572,
        "rule": "IN-G3",
        "fieldIndex": 13,
        "tag": "505",
        "indicatorIndex": 0,
        "message": "Индикатор 1 поля 505 имеет недопустимое значение \"\"."
      }
    },
    "IN-G3: Индикатор 2 поля 520 имеет недопустимое значение \"\".": {
      "count": 1,
      "first": {
        "recordIndex": 1205064,
        "byteOffset": 1020398572,
        "rule": "IN-G3",
        "fieldIndex": 14,
        "tag": "520",
        "indicatorIndex": 1,
        "message": "Индикатор 2 поля 520 имеет недопустимое значение \"\"."
      }
    },
    "IN-G3: Индикатор 2 поля 600 имеет недопустимое значение \"Ñ\".": {
      "count": 1,
      "first": {
        "recordIndex": 1205064,
        "byteOffset": 1020398572,
        "rule": "IN-G3",
        "fieldIndex": 15,
        "tag": "600",
        "indicatorIndex": 1,
        "message": "Индикатор 2 поля 600 имеет недопустимое значение \"Ñ\"."
      }
    },
    "IN-G3: Индикатор 1 поля 500 имеет недопустимое значение \"\".": {
      "count": 1,
      "first": {
        "recordIndex": 1205066,
        "byteOffset": 1020400707,
        "rule": "IN-G3",
        "fieldIndex": 13,
        "tag": "500",
        "indicatorIndex": 0,
        "message": "Индикатор 1 поля 500 имеет недопустимое значение \"\"."
      }
    },
    "SF-G4: Подполе 3 поля 500 имеет недопустимый код \"\".": {
      "count": 1,
      "first": {
        "recordIndex": 1205066,
        "byteOffset": 1020400707,
        "rule": "SF-G4",
        "fieldIndex": 13,
        "tag": "500",
        "subfieldIndex": 2,
        "message": "Подполе 3 поля 500 имеет недопустимый код \"\"."
      }
    },
    "SF-G4: Подполе 2 поля 100 имеет недопустимый код \"\".": {
      "count": 1,
      "first": {
        "recordIndex": 1205070,
        "byteOffset": 1020406019,
        "rule": "SF-G4",
        "fieldIndex": 9,
        "tag": "100",
        "subfieldIndex": 1,
        "message": "Подполе 2 поля 100 имеет недопустимый код \"\"."
      }
    },
    "IN-G3: Индикатор 2 поля 245 имеет недопустимое значение \"\".": {
      "count": 1,
      "first": {
        "recordIndex": 1205070,
        "byteOffset": 1020406019,
        "rule": "IN-G3",
        "fieldIndex": 10,
        "tag": "245",
        "indicatorIndex": 1,
        "message": "Индикатор 2 поля 245 имеет недопустимое значение \"\"."
      }
    },
    "IN-G3: Индикатор 1 поля 336 имеет недопустимое значение \"¢\".": {
      "count": 1,
      "first": {
        "recordIndex": 1205070,
        "byteOffset": 1020406019,
        "rule": "IN-G3",
        "fieldIndex": 19,
        "tag": "336",
        "indicatorIndex": 0,
        "message": "Индикатор 1 поля 336 имеет недопустимое значение \"¢\"."
      }
    },
    "IN-G3: Индикатор 1 поля 337 имеет недопустимое значение \"¶\".": {
      "count": 1,
      "first": {
        "recordIndex": 1205072,
        "byteOffset": 1020408806,
        "rule": "IN-G3",
        "fieldIndex": 19,
        "tag": "337",
        "indicatorIndex": 0,
        "message": "Индикатор 1 поля 337 имеет недопустимое значение \"¶\"."
      }
    },
    "IN-G3: Индикатор 1 поля 912 имеет недопустимое значение \"-\".": {
      "count": 1,
      "first": {
        "recordIndex": 1205077,
        "byteOffset": 1020415382,
        "rule": "IN-G3",
        "fieldIndex": 17,
        "tag": "912",
        "indicatorIndex": 0,
        "message": "Индикатор 1 поля 912 имеет недопустимое значение \"-\"."
      }
    },
    "SF-G4: Подполе 2 поля 260 имеет недопустимый код \"\".": {
      "count": 1,
      "first": {
        "recordIndex": 1205078,
        "byteOffset": 1020416716,
        "rule": "SF-G4",
        "fieldIndex": 11,
        "tag": "260",
        "subfieldIndex": 1,
        "message": "Подполе 2 поля 260 имеет недопустимый код \"\"."
      }
    },
    "IN-G3: Индикатор 2 поля 337 имеет недопустимое значение \"[\".": {
      "count": 1,
      "first": {
        "recordIndex": 1205079,
        "byteOffset": 1020417985,
        "rule": "IN-G3",
        "fieldIndex": 23,
        "tag": "337",
        "indicatorIndex": 1,
        "message": "Индикатор 2 поля 337 имеет недопустимое значение \"[\"."
      }
    },
    "IN-G3: Индикатор 2 поля 250 имеет недопустимое значение \"³\".": {
      "count": 1,
      "first": {
        "recordIndex": 1205080,
        "byteOffset": 1020419825,
        "rule": "IN-G3",
        "fieldIndex": 11,
        "tag": "250",
        "indicatorIndex": 1,
        "message": "Индикатор 2 поля 250 имеет недопустимое значение \"³\"."
      }
    },
    "IN-G3: Индикатор 1 поля 912 имеет недопустимое значение \"\".": {
      "count": 1,
      "first": {
        "recordIndex": 1205081,
        "byteOffset": 1020421184,
        "rule": "IN-G3",
        "fieldIndex": 16,
        "tag": "912",
        "indicatorIndex": 0,
        "message": "Индикатор 1 поля 912 имеет недопустимое значение \"\"."
      }
    },
    "IN-G3: Индикатор 1 поля 490 имеет недопустимое значение \"­\".": {
      "count": 1,
      "first": {
        "recordIndex": 1205082,
        "byteOffset": 1020422027,
        "rule": "IN-G3",
        "fieldIndex": 13,
        "tag": "490",
        "indicatorIndex": 0,
        "message": "Индикатор 1 поля 490 имеет недопустимое значение \"­\"."
      }
    },
    "IN-G3: Индикатор 2 поля 245 имеет недопустимое значение \"\".": {
      "count": 1,
      "first": {
        "recordIndex": 1205083,
        "byteOffset": 1020423281,
        "rule": "IN-G3",
        "fieldIndex": 10,
        "tag": "245",
        "indicatorIndex": 1,
        "message": "Индикатор 2 поля 245 имеет недопустимое значение \"\"."
      }
    },
    "IN-G3: Индикатор 2 поля 555 имеет недопустимое значение \"\".": {
      "count": 1,
      "first": {
        "recordIndex": 1205083,
        "byteOffset": 1020423281,
        "rule": "IN-G3",
        "fieldIndex": 16,
        "tag": "555",
        "indicatorIndex": 1,
        "message": "Индикатор 2 поля 555 имеет недопустимое значение \"\"."
      }
    },
    "IN-G3: Индикатор 2 поля 912 имеет недопустимое значение \"\".": {
      "count": 1,
      "first": {
        "recordIndex": 1205085,
        "byteOffset": 1020426884,
        "rule": "IN-G3",
        "fieldIndex": 15,
        "tag": "912",
        "indicatorIndex": 1,
        "message": "Индикатор 2 поля 912 имеет недопустимое значение \"\"."
      }
    },
    "IN-G3: Индикатор 2 поля 504 имеет недопустимое значение \"[\".": {
      "count": 1,
      "first": {
        "recordIndex": 1205086,
        "byteOffset": 1020428270,
        "rule": "IN-G3",
        "fieldIndex": 13,
        "tag": "504",
        "indicatorIndex": 1,
        "message": "Индикатор 2 поля 504 имеет недопустимое значение \"[\"."
      }
    },
    "IN-G3: Индикатор 1 поля 700 имеет недопустимое значение \"\".": {
      "count": 1,
      "first": {
        "recordIndex": 1205086,
        "byteOffset": 1020428270,
        "rule": "IN-G3",
        "fieldIndex": 17,
        "tag": "700",
        "indicatorIndex": 0,
        "message": "Индикатор 1 поля 700 имеет недопустимое значение \"\"."
      }
    },
    "IN-G3: Индикатор 2 поля 710 имеет недопустимое значение \"¶\".": {
      "count": 1,
      "first": {
        "recordIndex": 1205086,
        "byteOffset": 1020428270,
        "rule": "IN-G3",
        "fieldIndex": 19,
        "tag": "710",
        "indicatorIndex": 1,
        "message": "Индикатор 2 поля 710 имеет недопустимое значение \"¶\"."
      }
    },
    "IN-G3: Индикатор 2 поля 500 имеет недопустимое значение \"\".": {
      "count": 1,
      "first": {
        "recordIndex": 1205087,
        "byteOffset": 1020430393,
        "rule": "IN-G3",
        "fieldIndex": 12,
        "tag": "500",
        "indicatorIndex": 1,
        "message": "Индикатор 2 поля 500 имеет недопустимое значение \"\"."
      }
    },
    "IN-G3: Индикатор 1 поля 710 имеет недопустимое значение \"¿\".": {
      "count": 1,
      "first": {
        "recordIndex": 1205089,
        "byteOffset": 1020432273,
        "rule": "IN-G3",
        "fieldIndex": 16,
        "tag": "710",
        "indicatorIndex": 0,
        "message": "Индикатор 1 поля 710 имеет недопустимое значение \"¿\"."
      }
    },
    "IN-G3: Индикатор 1 поля 555 имеет недопустимое значение \"\".": {
      "count": 1,
      "first": {
        "recordIndex": 1205090,
        "byteOffset": 1020433360,
        "rule": "IN-G3",
        "fieldIndex": 13,
        "tag": "555",
        "indicatorIndex": 0,
        "message": "Индикатор 1 поля 555 имеет недопустимое значение \"\"."
      }
    },
    "IN-G3: Индикатор 2 поля 555 имеет недопустимое значение \"Ñ\".": {
      "count": 1,
      "first": {
        "recordIndex": 1205090,
        "byteOffset": 1020433360,
        "rule": "IN-G3",
        "fieldIndex": 13,
        "tag": "555",
        "indicatorIndex": 1,
        "message": "Индикатор 2 поля 555 имеет недопустимое значение \"Ñ\"."
      }
    },
    "IN-G3: Индикатор 1 поля 337 имеет недопустимое значение \"¢\".": {
      "count": 1,
      "first": {
        "recordIndex": 1205090,
        "byteOffset": 1020433360,
        "rule": "IN-G3",
        "fieldIndex": 20,
        "tag": "337",
        "indicatorIndex": 0,
        "message": "Индикатор 1 поля 337 имеет недопустимое значение \"¢\"."
      }
    },
    "IN-G3: Индикатор 1 поля 111 имеет недопустимое значение \"Ð\".": {
      "count": 1,
      "first": {
        "recordIndex": 1205093,
        "byteOffset": 1020437033,
        "rule": "IN-G3",
        "fieldIndex": 9,
        "tag": "111",
        "indicatorIndex": 0,
        "message": "Индикатор 1 поля 111 имеет недопустимое значение \"Ð\"."
      }
    },
    "IN-G3: Индикатор 2 поля 111 имеет недопустимое значение \"°\".": {
      "count": 1,
      "first": {
        "recordIndex": 1205093,
        "byteOffset": 1020437033,
        "rule": "IN-G3",
        "fieldIndex": 9,
        "tag": "111",
        "indicatorIndex": 1,
        "message": "Индикатор 2 поля 111 имеет недопустимое значение \"°\"."
      }
    },
    "IN-G3: Индикатор 1 поля 500 имеет недопустимое значение \"\".": {
      "count": 1,
      "first": {
        "recordIndex": 1205093,
        "byteOffset": 1020437033,
        "rule": "IN-G3",
        "fieldIndex": 13,
        "tag": "500",
        "indicatorIndex": 0,
        "message": "Индикатор 1 поля 500 имеет недопустимое значение \"\"."
      }
    },
    "IN-G3: Индикатор 1 поля 500 имеет недопустимое значение \"\".": {
      "count": 1,
      "first": {
        "recordIndex": 1205093,
        "byteOffset": 1020437033,
        "rule": "IN-G3",
        "fieldIndex": 14,
        "tag": "500",
        "indicatorIndex": 0,
        "message": "Индикатор 1 поля 500 имеет недопустимое значение \"\"."
      }
    },
    "IN-G3: Индикатор 1 поля 504 имеет недопустимое значение \"\".": {
      "count": 1,
      "first": {
        "recordIndex": 1205095,
        "byteOffset": 1020439935,
        "rule": "IN-G3",
        "fieldIndex": 13,
        "tag": "504",
        "indicatorIndex": 0,
        "message": "Индикатор 1 поля 504 имеет недопустимое значение \"\"."
      }
    },
    "IN-G3: Индикатор 2 поля 300 имеет недопустимое значение \"\".": {
      "count": 1,
      "first": {
        "recordIndex": 1205100,
        "byteOffset": 1020446434,
        "rule": "IN-G3",
        "fieldIndex": 12,
        "tag": "300",
        "indicatorIndex": 1,
        "message": "Индикатор 2 поля 300 имеет недопустимое значение \"\"."
      }
    },
    "IN-G3: Индикатор 2 поля 490 имеет недопустимое значение \"³\".": {
      "count": 1,
      "first": {
        "recordIndex": 1205103,
        "byteOffset": 1020450828,
        "rule": "IN-G3",
        "fieldIndex": 13,
        "tag": "490",
        "indicatorIndex": 1,
        "message": "Индикатор 2 поля 490 имеет недопустимое значение \"³\"."
      }
    },
    "IN-G3: Индикатор 2 поля 505 имеет недопустимое значение \"[\".": {
      "count": 1,
      "first": {
        "recordIndex": 1205106,
        "byteOffset": 1020455676,
        "rule": "IN-G3",
        "fieldIndex": 14,
        "tag": "505",
        "indicatorIndex": 1,
        "message": "Индикатор 2 поля 505 имеет недопустимое значение \"[\"."
      }
    }
  }
}
