{
  "file": "rsl03_z00.dat",
  "mode": "diagnostic",
  "category": "bibliographic",
  "source": "https://mrsadman.ru/ac34d2e7ff814dac/",
  "revision": "47d517aa270e431874abe1524a2ae069b7910d97",
  "node": "v24.12.0",
  "startedAt": "2026-09-17T16:10:28.028Z",
  "completedAt": "2026-09-17T16:13:06.739Z",
  "complete": true,
  "fileBytes": 2307242366,
  "sha256": "586609a80fa20322d3754ac4801fa6c0e37e703e42095237e5930ee02588bdce",
  "recordsProcessed": 1767743,
  "validRecords": 1765835,
  "recordsWithValidationErrors": 1637,
  "recordsWithParsingErrors": 271,
  "validationErrors": 15105,
  "inputBytes": 2307242366,
  "serializedBytes": 4540938160,
  "rules": {
    "DR-E2": 6,
    "VF-G5": 147,
    "SF-G4": 147,
    "DF-G3": 4376,
    "IN-G3": 9802,
    "DF-G2": 627
  },
  "messages": {
    "DR-E2: Некорректный тег \"---\".": {
      "count": 2,
      "first": {
        "recordIndex": 213292,
        "byteOffset": 209992082,
        "rule": "DR-E2",
        "fieldIndex": 29,
        "tag": "---",
        "message": "Некорректный тег \"---\"."
      }
    },
    "DR-E2: Некорректный тег \"49 \".": {
      "count": 1,
      "first": {
        "recordIndex": 500156,
        "byteOffset": 450232587,
        "rule": "DR-E2",
        "fieldIndex": 23,
        "tag": "49 ",
        "message": "Некорректный тег \"49 \"."
      }
    },
    "VF-G5: Подполе 1 поля 250 имеет недопустимый код \"D\".": {
      "count": 1,
      "first": {
        "recordIndex": 559685,
        "byteOffset": 496194120,
        "rule": "VF-G5",
        "fieldIndex": 12,
        "tag": "250",
        "subfieldIndex": 0,
        "message": "Подполе 1 поля 250 имеет недопустимый код \"D\"."
      }
    },
    "SF-G4: Подполе 1 поля 250 имеет недопустимый код \"D\".": {
      "count": 1,
      "first": {
        "recordIndex": 559685,
        "byteOffset": 496194120,
        "rule": "SF-G4",
        "fieldIndex": 12,
        "tag": "250",
        "subfieldIndex": 0,
        "message": "Подполе 1 поля 250 имеет недопустимый код \"D\"."
      }
    },
    "VF-G5: Подполе 1 поля 020 имеет недопустимый код \"D\".": {
      "count": 1,
      "first": {
        "recordIndex": 580137,
        "byteOffset": 511687608,
        "rule": "VF-G5",
        "fieldIndex": 5,
        "tag": "020",
        "subfieldIndex": 0,
        "message": "Подполе 1 поля 020 имеет недопустимый код \"D\"."
      }
    },
    "SF-G4: Подполе 1 поля 020 имеет недопустимый код \"D\".": {
      "count": 1,
      "first": {
        "recordIndex": 580137,
        "byteOffset": 511687608,
        "rule": "SF-G4",
        "fieldIndex": 5,
        "tag": "020",
        "subfieldIndex": 0,
        "message": "Подполе 1 поля 020 имеет недопустимый код \"D\"."
      }
    },
    "DF-G3: Поле 022 не содержит кода подполя.": {
      "count": 38,
      "first": {
        "recordIndex": 816658,
        "byteOffset": 701273648,
        "rule": "DF-G3",
        "fieldIndex": 5,
        "tag": "022",
        "message": "Поле 022 не содержит кода подполя."
      }
    },
    "DR-E2: Некорректный тег \"\\\"50\".": {
      "count": 1,
      "first": {
        "recordIndex": 891833,
        "byteOffset": 767009826,
        "rule": "DR-E2",
        "fieldIndex": 23,
        "tag": "\"50",
        "message": "Некорректный тег \"\\\"50\"."
      }
    },
    "VF-G5: Подполе 2 поля 700 имеет недопустимый код \"\".": {
      "count": 1,
      "first": {
        "recordIndex": 940059,
        "byteOffset": 807826105,
        "rule": "VF-G5",
        "fieldIndex": 13,
        "tag": "700",
        "subfieldIndex": 1,
        "message": "Подполе 2 поля 700 имеет недопустимый код \"\"."
      }
    },
    "SF-G4: Подполе 2 поля 700 имеет недопустимый код \"\".": {
      "count": 1,
      "first": {
        "recordIndex": 940059,
        "byteOffset": 807826105,
        "rule": "SF-G4",
        "fieldIndex": 13,
        "tag": "700",
        "subfieldIndex": 1,
        "message": "Подполе 2 поля 700 имеет недопустимый код \"\"."
      }
    },
    "VF-G5: Подполе 3 поля 700 имеет недопустимый код \"Ð\".": {
      "count": 1,
      "first": {
        "recordIndex": 940059,
        "byteOffset": 807826105,
        "rule": "VF-G5",
        "fieldIndex": 13,
        "tag": "700",
        "subfieldIndex": 2,
        "message": "Подполе 3 поля 700 имеет недопустимый код \"Ð\"."
      }
    },
    "SF-G4: Подполе 3 поля 700 имеет недопустимый код \"Ð\".": {
      "count": 1,
      "first": {
        "recordIndex": 940059,
        "byteOffset": 807826105,
        "rule": "SF-G4",
        "fieldIndex": 13,
        "tag": "700",
        "subfieldIndex": 2,
        "message": "Подполе 3 поля 700 имеет недопустимый код \"Ð\"."
      }
    },
    "VF-G5: Подполе 1 поля 100 имеет недопустимый код \"Ð\".": {
      "count": 1,
      "first": {
        "recordIndex": 944159,
        "byteOffset": 811157909,
        "rule": "VF-G5",
        "fieldIndex": 8,
        "tag": "100",
        "subfieldIndex": 0,
        "message": "Подполе 1 поля 100 имеет недопустимый код \"Ð\"."
      }
    },
    "SF-G4: Подполе 1 поля 100 имеет недопустимый код \"Ð\".": {
      "count": 1,
      "first": {
        "recordIndex": 944159,
        "byteOffset": 811157909,
        "rule": "SF-G4",
        "fieldIndex": 8,
        "tag": "100",
        "subfieldIndex": 0,
        "message": "Подполе 1 поля 100 имеет недопустимый код \"Ð\"."
      }
    },
    "DF-G3: Поле 490 не содержит кода подполя.": {
      "count": 66,
      "first": {
        "recordIndex": 1000291,
        "byteOffset": 858356231,
        "rule": "DF-G3",
        "fieldIndex": 10,
        "tag": "490",
        "message": "Поле 490 не содержит кода подполя."
      }
    },
    "VF-G5: Подполе 2 поля 245 имеет недопустимый код \"K\".": {
      "count": 1,
      "first": {
        "recordIndex": 1041321,
        "byteOffset": 892372694,
        "rule": "VF-G5",
        "fieldIndex": 9,
        "tag": "245",
        "subfieldIndex": 1,
        "message": "Подполе 2 поля 245 имеет недопустимый код \"K\"."
      }
    },
    "SF-G4: Подполе 2 поля 245 имеет недопустимый код \"K\".": {
      "count": 1,
      "first": {
        "recordIndex": 1041321,
        "byteOffset": 892372694,
        "rule": "SF-G4",
        "fieldIndex": 9,
        "tag": "245",
        "subfieldIndex": 1,
        "message": "Подполе 2 поля 245 имеет недопустимый код \"K\"."
      }
    },
    "VF-G5: Подполе 2 поля 245 имеет недопустимый код \"B\".": {
      "count": 2,
      "first": {
        "recordIndex": 1050321,
        "byteOffset": 900313841,
        "rule": "VF-G5",
        "fieldIndex": 9,
        "tag": "245",
        "subfieldIndex": 1,
        "message": "Подполе 2 поля 245 имеет недопустимый код \"B\"."
      }
    },
    "SF-G4: Подполе 2 поля 245 имеет недопустимый код \"B\".": {
      "count": 2,
      "first": {
        "recordIndex": 1050321,
        "byteOffset": 900313841,
        "rule": "SF-G4",
        "fieldIndex": 9,
        "tag": "245",
        "subfieldIndex": 1,
        "message": "Подполе 2 поля 245 имеет недопустимый код \"B\"."
      }
    },
    "VF-G5: Подполе 2 поля 245 имеет недопустимый код \"$\".": {
      "count": 1,
      "first": {
        "recordIndex": 1144878,
        "byteOffset": 976963707,
        "rule": "VF-G5",
        "fieldIndex": 9,
        "tag": "245",
        "subfieldIndex": 1,
        "message": "Подполе 2 поля 245 имеет недопустимый код \"$\"."
      }
    },
    "SF-G4: Подполе 2 поля 245 имеет недопустимый код \"$\".": {
      "count": 1,
      "first": {
        "recordIndex": 1144878,
        "byteOffset": 976963707,
        "rule": "SF-G4",
        "fieldIndex": 9,
        "tag": "245",
        "subfieldIndex": 1,
        "message": "Подполе 2 поля 245 имеет недопустимый код \"$\"."
      }
    },
    "IN-G3: Индикатор 1 поля 260 имеет недопустимое значение \"\\u0001\".": {
      "count": 10,
      "first": {
        "recordIndex": 1155462,
        "byteOffset": 986100248,
        "rule": "IN-G3",
        "fieldIndex": 9,
        "tag": "260",
        "indicatorIndex": 0,
        "message": "Индикатор 1 поля 260 имеет недопустимое значение \"\\u0001\"."
      }
    },
    "DR-E2: Некорректный тег \" 01\".": {
      "count": 1,
      "first": {
        "recordIndex": 1166847,
        "byteOffset": 994918161,
        "rule": "DR-E2",
        "fieldIndex": 17,
        "tag": " 01",
        "message": "Некорректный тег \" 01\"."
      }
    },
    "DF-G3: Поле  01 не содержит кода подполя.": {
      "count": 1,
      "first": {
        "recordIndex": 1166847,
        "byteOffset": 994918161,
        "rule": "DF-G3",
        "fieldIndex": 17,
        "tag": " 01",
        "message": "Поле  01 не содержит кода подполя."
      }
    },
    "VF-G5: Подполе 3 поля 300 имеет недопустимый код \",\".": {
      "count": 1,
      "first": {
        "recordIndex": 1166989,
        "byteOffset": 995014558,
        "rule": "VF-G5",
        "fieldIndex": 11,
        "tag": "300",
        "subfieldIndex": 2,
        "message": "Подполе 3 поля 300 имеет недопустимый код \",\"."
      }
    },
    "SF-G4: Подполе 3 поля 300 имеет недопустимый код \",\".": {
      "count": 1,
      "first": {
        "recordIndex": 1166989,
        "byteOffset": 995014558,
        "rule": "SF-G4",
        "fieldIndex": 11,
        "tag": "300",
        "subfieldIndex": 2,
        "message": "Подполе 3 поля 300 имеет недопустимый код \",\"."
      }
    },
    "VF-G5: Подполе 1 поля 300 имеет недопустимый код \".\".": {
      "count": 1,
      "first": {
        "recordIndex": 1167852,
        "byteOffset": 995593016,
        "rule": "VF-G5",
        "fieldIndex": 10,
        "tag": "300",
        "subfieldIndex": 0,
        "message": "Подполе 1 поля 300 имеет недопустимый код \".\"."
      }
    },
    "SF-G4: Подполе 1 поля 300 имеет недопустимый код \".\".": {
      "count": 1,
      "first": {
        "recordIndex": 1167852,
        "byteOffset": 995593016,
        "rule": "SF-G4",
        "fieldIndex": 10,
        "tag": "300",
        "subfieldIndex": 0,
        "message": "Подполе 1 поля 300 имеет недопустимый код \".\"."
      }
    },
    "VF-G5: Подполе 2 поля 300 имеет недопустимый код \"A\".": {
      "count": 3,
      "first": {
        "recordIndex": 1168317,
        "byteOffset": 995912024,
        "rule": "VF-G5",
        "fieldIndex": 11,
        "tag": "300",
        "subfieldIndex": 1,
        "message": "Подполе 2 поля 300 имеет недопустимый код \"A\"."
      }
    },
    "SF-G4: Подполе 2 поля 300 имеет недопустимый код \"A\".": {
      "count": 3,
      "first": {
        "recordIndex": 1168317,
        "byteOffset": 995912024,
        "rule": "SF-G4",
        "fieldIndex": 11,
        "tag": "300",
        "subfieldIndex": 1,
        "message": "Подполе 2 поля 300 имеет недопустимый код \"A\"."
      }
    },
    "VF-G5: Подполе 2 поля 245 имеет недопустимый код \"?\".": {
      "count": 1,
      "first": {
        "recordIndex": 1174305,
        "byteOffset": 999945213,
        "rule": "VF-G5",
        "fieldIndex": 9,
        "tag": "245",
        "subfieldIndex": 1,
        "message": "Подполе 2 поля 245 имеет недопустимый код \"?\"."
      }
    },
    "SF-G4: Подполе 2 поля 245 имеет недопустимый код \"?\".": {
      "count": 1,
      "first": {
        "recordIndex": 1174305,
        "byteOffset": 999945213,
        "rule": "SF-G4",
        "fieldIndex": 9,
        "tag": "245",
        "subfieldIndex": 1,
        "message": "Подполе 2 поля 245 имеет недопустимый код \"?\"."
      }
    },
    "VF-G5: Подполе 2 поля 245 имеет недопустимый код \"A\".": {
      "count": 4,
      "first": {
        "recordIndex": 1177487,
        "byteOffset": 1002061898,
        "rule": "VF-G5",
        "fieldIndex": 7,
        "tag": "245",
        "subfieldIndex": 1,
        "message": "Подполе 2 поля 245 имеет недопустимый код \"A\"."
      }
    },
    "SF-G4: Подполе 2 поля 245 имеет недопустимый код \"A\".": {
      "count": 4,
      "first": {
        "recordIndex": 1177487,
        "byteOffset": 1002061898,
        "rule": "SF-G4",
        "fieldIndex": 7,
        "tag": "245",
        "subfieldIndex": 1,
        "message": "Подполе 2 поля 245 имеет недопустимый код \"A\"."
      }
    },
    "VF-G5: Подполе 2 поля 245 имеет недопустимый код \"=\".": {
      "count": 4,
      "first": {
        "recordIndex": 1181029,
        "byteOffset": 1004411669,
        "rule": "VF-G5",
        "fieldIndex": 8,
        "tag": "245",
        "subfieldIndex": 1,
        "message": "Подполе 2 поля 245 имеет недопустимый код \"=\"."
      }
    },
    "SF-G4: Подполе 2 поля 245 имеет недопустимый код \"=\".": {
      "count": 4,
      "first": {
        "recordIndex": 1181029,
        "byteOffset": 1004411669,
        "rule": "SF-G4",
        "fieldIndex": 8,
        "tag": "245",
        "subfieldIndex": 1,
        "message": "Подполе 2 поля 245 имеет недопустимый код \"=\"."
      }
    },
    "VF-G5: Подполе 2 поля 245 имеет недопустимый код \"\\u0010\".": {
      "count": 2,
      "first": {
        "recordIndex": 1181034,
        "byteOffset": 1004414557,
        "rule": "VF-G5",
        "fieldIndex": 9,
        "tag": "245",
        "subfieldIndex": 1,
        "message": "Подполе 2 поля 245 имеет недопустимый код \"\\u0010\"."
      }
    },
    "SF-G4: Подполе 2 поля 245 имеет недопустимый код \"\\u0010\".": {
      "count": 2,
      "first": {
        "recordIndex": 1181034,
        "byteOffset": 1004414557,
        "rule": "SF-G4",
        "fieldIndex": 9,
        "tag": "245",
        "subfieldIndex": 1,
        "message": "Подполе 2 поля 245 имеет недопустимый код \"\\u0010\"."
      }
    },
    "VF-G5: Подполе 2 поля 300 имеет недопустимый код \"<\".": {
      "count": 1,
      "first": {
        "recordIndex": 1181120,
        "byteOffset": 1004466653,
        "rule": "VF-G5",
        "fieldIndex": 11,
        "tag": "300",
        "subfieldIndex": 1,
        "message": "Подполе 2 поля 300 имеет недопустимый код \"<\"."
      }
    },
    "SF-G4: Подполе 2 поля 300 имеет недопустимый код \"<\".": {
      "count": 1,
      "first": {
        "recordIndex": 1181120,
        "byteOffset": 1004466653,
        "rule": "SF-G4",
        "fieldIndex": 11,
        "tag": "300",
        "subfieldIndex": 1,
        "message": "Подполе 2 поля 300 имеет недопустимый код \"<\"."
      }
    },
    "VF-G5: Подполе 3 поля 260 имеет недопустимый код \"Q\".": {
      "count": 1,
      "first": {
        "recordIndex": 1181501,
        "byteOffset": 1004721154,
        "rule": "VF-G5",
        "fieldIndex": 9,
        "tag": "260",
        "subfieldIndex": 2,
        "message": "Подполе 3 поля 260 имеет недопустимый код \"Q\"."
      }
    },
    "SF-G4: Подполе 3 поля 260 имеет недопустимый код \"Q\".": {
      "count": 1,
      "first": {
        "recordIndex": 1181501,
        "byteOffset": 1004721154,
        "rule": "SF-G4",
        "fieldIndex": 9,
        "tag": "260",
        "subfieldIndex": 2,
        "message": "Подполе 3 поля 260 имеет недопустимый код \"Q\"."
      }
    },
    "VF-G5: Подполе 3 поля 300 имеет недопустимый код \"D\".": {
      "count": 1,
      "first": {
        "recordIndex": 1181974,
        "byteOffset": 1005029171,
        "rule": "VF-G5",
        "fieldIndex": 11,
        "tag": "300",
        "subfieldIndex": 2,
        "message": "Подполе 3 поля 300 имеет недопустимый код \"D\"."
      }
    },
    "SF-G4: Подполе 3 поля 300 имеет недопустимый код \"D\".": {
      "count": 1,
      "first": {
        "recordIndex": 1181974,
        "byteOffset": 1005029171,
        "rule": "SF-G4",
        "fieldIndex": 11,
        "tag": "300",
        "subfieldIndex": 2,
        "message": "Подполе 3 поля 300 имеет недопустимый код \"D\"."
      }
    },
    "DF-G3: Поле 100 не содержит кода подполя.": {
      "count": 2,
      "first": {
        "recordIndex": 1183175,
        "byteOffset": 1005820200,
        "rule": "DF-G3",
        "fieldIndex": 8,
        "tag": "100",
        "message": "Поле 100 не содержит кода подполя."
      }
    },
    "VF-G5: Подполе 2 поля 245 имеет недопустимый код \"\".": {
      "count": 4,
      "first": {
        "recordIndex": 1183194,
        "byteOffset": 1005832233,
        "rule": "VF-G5",
        "fieldIndex": 7,
        "tag": "245",
        "subfieldIndex": 1,
        "message": "Подполе 2 поля 245 имеет недопустимый код \"\"."
      }
    },
    "SF-G4: Подполе 2 поля 245 имеет недопустимый код \"\".": {
      "count": 4,
      "first": {
        "recordIndex": 1183194,
        "byteOffset": 1005832233,
        "rule": "SF-G4",
        "fieldIndex": 7,
        "tag": "245",
        "subfieldIndex": 1,
        "message": "Подполе 2 поля 245 имеет недопустимый код \"\"."
      }
    },
    "VF-G5: Подполе 3 поля 245 имеет недопустимый код \"[\".": {
      "count": 2,
      "first": {
        "recordIndex": 1183194,
        "byteOffset": 1005832233,
        "rule": "VF-G5",
        "fieldIndex": 7,
        "tag": "245",
        "subfieldIndex": 2,
        "message": "Подполе 3 поля 245 имеет недопустимый код \"[\"."
      }
    },
    "SF-G4: Подполе 3 поля 245 имеет недопустимый код \"[\".": {
      "count": 2,
      "first": {
        "recordIndex": 1183194,
        "byteOffset": 1005832233,
        "rule": "SF-G4",
        "fieldIndex": 7,
        "tag": "245",
        "subfieldIndex": 2,
        "message": "Подполе 3 поля 245 имеет недопустимый код \"[\"."
      }
    },
    "VF-G5: Подполе 2 поля 245 имеет недопустимый код \"#\".": {
      "count": 1,
      "first": {
        "recordIndex": 1183528,
        "byteOffset": 1006057169,
        "rule": "VF-G5",
        "fieldIndex": 7,
        "tag": "245",
        "subfieldIndex": 1,
        "message": "Подполе 2 поля 245 имеет недопустимый код \"#\"."
      }
    },
    "SF-G4: Подполе 2 поля 245 имеет недопустимый код \"#\".": {
      "count": 1,
      "first": {
        "recordIndex": 1183528,
        "byteOffset": 1006057169,
        "rule": "SF-G4",
        "fieldIndex": 7,
        "tag": "245",
        "subfieldIndex": 1,
        "message": "Подполе 2 поля 245 имеет недопустимый код \"#\"."
      }
    },
    "VF-G5: Подполе 2 поля 245 имеет недопустимый код \">\".": {
      "count": 1,
      "first": {
        "recordIndex": 1184610,
        "byteOffset": 1006780923,
        "rule": "VF-G5",
        "fieldIndex": 7,
        "tag": "245",
        "subfieldIndex": 1,
        "message": "Подполе 2 поля 245 имеет недопустимый код \">\"."
      }
    },
    "SF-G4: Подполе 2 поля 245 имеет недопустимый код \">\".": {
      "count": 1,
      "first": {
        "recordIndex": 1184610,
        "byteOffset": 1006780923,
        "rule": "SF-G4",
        "fieldIndex": 7,
        "tag": "245",
        "subfieldIndex": 1,
        "message": "Подполе 2 поля 245 имеет недопустимый код \">\"."
      }
    },
    "VF-G5: Подполе 2 поля 245 имеет недопустимый код \"@\".": {
      "count": 1,
      "first": {
        "recordIndex": 1184707,
        "byteOffset": 1006845100,
        "rule": "VF-G5",
        "fieldIndex": 7,
        "tag": "245",
        "subfieldIndex": 1,
        "message": "Подполе 2 поля 245 имеет недопустимый код \"@\"."
      }
    },
    "SF-G4: Подполе 2 поля 245 имеет недопустимый код \"@\".": {
      "count": 1,
      "first": {
        "recordIndex": 1184707,
        "byteOffset": 1006845100,
        "rule": "SF-G4",
        "fieldIndex": 7,
        "tag": "245",
        "subfieldIndex": 1,
        "message": "Подполе 2 поля 245 имеет недопустимый код \"@\"."
      }
    },
    "VF-G5: Подполе 2 поля 245 имеет недопустимый код \":\".": {
      "count": 1,
      "first": {
        "recordIndex": 1185551,
        "byteOffset": 1007422694,
        "rule": "VF-G5",
        "fieldIndex": 8,
        "tag": "245",
        "subfieldIndex": 1,
        "message": "Подполе 2 поля 245 имеет недопустимый код \":\"."
      }
    },
    "SF-G4: Подполе 2 поля 245 имеет недопустимый код \":\".": {
      "count": 1,
      "first": {
        "recordIndex": 1185551,
        "byteOffset": 1007422694,
        "rule": "SF-G4",
        "fieldIndex": 8,
        "tag": "245",
        "subfieldIndex": 1,
        "message": "Подполе 2 поля 245 имеет недопустимый код \":\"."
      }
    },
    "VF-G5: Подполе 2 поля 245 имеет недопустимый код \"\\u0018\".": {
      "count": 1,
      "first": {
        "recordIndex": 1185685,
        "byteOffset": 1007513302,
        "rule": "VF-G5",
        "fieldIndex": 7,
        "tag": "245",
        "subfieldIndex": 1,
        "message": "Подполе 2 поля 245 имеет недопустимый код \"\\u0018\"."
      }
    },
    "SF-G4: Подполе 2 поля 245 имеет недопустимый код \"\\u0018\".": {
      "count": 1,
      "first": {
        "recordIndex": 1185685,
        "byteOffset": 1007513302,
        "rule": "SF-G4",
        "fieldIndex": 7,
        "tag": "245",
        "subfieldIndex": 1,
        "message": "Подполе 2 поля 245 имеет недопустимый код \"\\u0018\"."
      }
    },
    "VF-G5: Подполе 2 поля 245 имеет недопустимый код \"G\".": {
      "count": 1,
      "first": {
        "recordIndex": 1186072,
        "byteOffset": 1007766342,
        "rule": "VF-G5",
        "fieldIndex": 7,
        "tag": "245",
        "subfieldIndex": 1,
        "message": "Подполе 2 поля 245 имеет недопустимый код \"G\"."
      }
    },
    "SF-G4: Подполе 2 поля 245 имеет недопустимый код \"G\".": {
      "count": 1,
      "first": {
        "recordIndex": 1186072,
        "byteOffset": 1007766342,
        "rule": "SF-G4",
        "fieldIndex": 7,
        "tag": "245",
        "subfieldIndex": 1,
        "message": "Подполе 2 поля 245 имеет недопустимый код \"G\"."
      }
    },
    "VF-G5: Подполе 2 поля 245 имеет недопустимый код \"\\u001c\".": {
      "count": 1,
      "first": {
        "recordIndex": 1186122,
        "byteOffset": 1007799537,
        "rule": "VF-G5",
        "fieldIndex": 7,
        "tag": "245",
        "subfieldIndex": 1,
        "message": "Подполе 2 поля 245 имеет недопустимый код \"\\u001c\"."
      }
    },
    "SF-G4: Подполе 2 поля 245 имеет недопустимый код \"\\u001c\".": {
      "count": 1,
      "first": {
        "recordIndex": 1186122,
        "byteOffset": 1007799537,
        "rule": "SF-G4",
        "fieldIndex": 7,
        "tag": "245",
        "subfieldIndex": 1,
        "message": "Подполе 2 поля 245 имеет недопустимый код \"\\u001c\"."
      }
    },
    "VF-G5: Подполе 3 поля 245 имеет недопустимый код \"\\u001b\".": {
      "count": 1,
      "first": {
        "recordIndex": 1187226,
        "byteOffset": 1008552462,
        "rule": "VF-G5",
        "fieldIndex": 8,
        "tag": "245",
        "subfieldIndex": 2,
        "message": "Подполе 3 поля 245 имеет недопустимый код \"\\u001b\"."
      }
    },
    "SF-G4: Подполе 3 поля 245 имеет недопустимый код \"\\u001b\".": {
      "count": 1,
      "first": {
        "recordIndex": 1187226,
        "byteOffset": 1008552462,
        "rule": "SF-G4",
        "fieldIndex": 8,
        "tag": "245",
        "subfieldIndex": 2,
        "message": "Подполе 3 поля 245 имеет недопустимый код \"\\u001b\"."
      }
    },
    "VF-G5: Подполе 1 поля 260 имеет недопустимый код \"!\".": {
      "count": 1,
      "first": {
        "recordIndex": 1189391,
        "byteOffset": 1009993449,
        "rule": "VF-G5",
        "fieldIndex": 9,
        "tag": "260",
        "subfieldIndex": 0,
        "message": "Подполе 1 поля 260 имеет недопустимый код \"!\"."
      }
    },
    "SF-G4: Подполе 1 поля 260 имеет недопустимый код \"!\".": {
      "count": 1,
      "first": {
        "recordIndex": 1189391,
        "byteOffset": 1009993449,
        "rule": "SF-G4",
        "fieldIndex": 9,
        "tag": "260",
        "subfieldIndex": 0,
        "message": "Подполе 1 поля 260 имеет недопустимый код \"!\"."
      }
    },
    "VF-G5: Подполе 1 поля 100 имеет недопустимый код \"\".": {
      "count": 1,
      "first": {
        "recordIndex": 1189590,
        "byteOffset": 1010125241,
        "rule": "VF-G5",
        "fieldIndex": 7,
        "tag": "100",
        "subfieldIndex": 0,
        "message": "Подполе 1 поля 100 имеет недопустимый код \"\"."
      }
    },
    "SF-G4: Подполе 1 поля 100 имеет недопустимый код \"\".": {
      "count": 1,
      "first": {
        "recordIndex": 1189590,
        "byteOffset": 1010125241,
        "rule": "SF-G4",
        "fieldIndex": 7,
        "tag": "100",
        "subfieldIndex": 0,
        "message": "Подполе 1 поля 100 имеет недопустимый код \"\"."
      }
    },
    "VF-G5: Подполе 2 поля 100 имеет недопустимый код \"Ð\".": {
      "count": 1,
      "first": {
        "recordIndex": 1189590,
        "byteOffset": 1010125241,
        "rule": "VF-G5",
        "fieldIndex": 7,
        "tag": "100",
        "subfieldIndex": 1,
        "message": "Подполе 2 поля 100 имеет недопустимый код \"Ð\"."
      }
    },
    "SF-G4: Подполе 2 поля 100 имеет недопустимый код \"Ð\".": {
      "count": 1,
      "first": {
        "recordIndex": 1189590,
        "byteOffset": 1010125241,
        "rule": "SF-G4",
        "fieldIndex": 7,
        "tag": "100",
        "subfieldIndex": 1,
        "message": "Подполе 2 поля 100 имеет недопустимый код \"Ð\"."
      }
    },
    "VF-G5: Подполе 1 поля 260 имеет недопустимый код \"\\u001c\".": {
      "count": 1,
      "first": {
        "recordIndex": 1190118,
        "byteOffset": 1010474484,
        "rule": "VF-G5",
        "fieldIndex": 8,
        "tag": "260",
        "subfieldIndex": 0,
        "message": "Подполе 1 поля 260 имеет недопустимый код \"\\u001c\"."
      }
    },
    "SF-G4: Подполе 1 поля 260 имеет недопустимый код \"\\u001c\".": {
      "count": 1,
      "first": {
        "recordIndex": 1190118,
        "byteOffset": 1010474484,
        "rule": "SF-G4",
        "fieldIndex": 8,
        "tag": "260",
        "subfieldIndex": 0,
        "message": "Подполе 1 поля 260 имеет недопустимый код \"\\u001c\"."
      }
    },
    "VF-G5: Подполе 1 поля 100 имеет недопустимый код \"\\u0014\".": {
      "count": 1,
      "first": {
        "recordIndex": 1191539,
        "byteOffset": 1011427935,
        "rule": "VF-G5",
        "fieldIndex": 8,
        "tag": "100",
        "subfieldIndex": 0,
        "message": "Подполе 1 поля 100 имеет недопустимый код \"\\u0014\"."
      }
    },
    "SF-G4: Подполе 1 поля 100 имеет недопустимый код \"\\u0014\".": {
      "count": 1,
      "first": {
        "recordIndex": 1191539,
        "byteOffset": 1011427935,
        "rule": "SF-G4",
        "fieldIndex": 8,
        "tag": "100",
        "subfieldIndex": 0,
        "message": "Подполе 1 поля 100 имеет недопустимый код \"\\u0014\"."
      }
    },
    "VF-G5: Подполе 1 поля 100 имеет недопустимый код \"G\".": {
      "count": 1,
      "first": {
        "recordIndex": 1191742,
        "byteOffset": 1011564208,
        "rule": "VF-G5",
        "fieldIndex": 7,
        "tag": "100",
        "subfieldIndex": 0,
        "message": "Подполе 1 поля 100 имеет недопустимый код \"G\"."
      }
    },
    "SF-G4: Подполе 1 поля 100 имеет недопустимый код \"G\".": {
      "count": 1,
      "first": {
        "recordIndex": 1191742,
        "byteOffset": 1011564208,
        "rule": "SF-G4",
        "fieldIndex": 7,
        "tag": "100",
        "subfieldIndex": 0,
        "message": "Подполе 1 поля 100 имеет недопустимый код \"G\"."
      }
    },
    "VF-G5: Подполе 2 поля 260 имеет недопустимый код \"\\\"\".": {
      "count": 1,
      "first": {
        "recordIndex": 1194863,
        "byteOffset": 1013682505,
        "rule": "VF-G5",
        "fieldIndex": 9,
        "tag": "260",
        "subfieldIndex": 1,
        "message": "Подполе 2 поля 260 имеет недопустимый код \"\\\"\"."
      }
    },
    "SF-G4: Подполе 2 поля 260 имеет недопустимый код \"\\\"\".": {
      "count": 1,
      "first": {
        "recordIndex": 1194863,
        "byteOffset": 1013682505,
        "rule": "SF-G4",
        "fieldIndex": 9,
        "tag": "260",
        "subfieldIndex": 1,
        "message": "Подполе 2 поля 260 имеет недопустимый код \"\\\"\"."
      }
    },
    "VF-G5: Подполе 3 поля 260 имеет недопустимый код \"A\".": {
      "count": 1,
      "first": {
        "recordIndex": 1198311,
        "byteOffset": 1015866122,
        "rule": "VF-G5",
        "fieldIndex": 8,
        "tag": "260",
        "subfieldIndex": 2,
        "message": "Подполе 3 поля 260 имеет недопустимый код \"A\"."
      }
    },
    "SF-G4: Подполе 3 поля 260 имеет недопустимый код \"A\".": {
      "count": 1,
      "first": {
        "recordIndex": 1198311,
        "byteOffset": 1015866122,
        "rule": "SF-G4",
        "fieldIndex": 8,
        "tag": "260",
        "subfieldIndex": 2,
        "message": "Подполе 3 поля 260 имеет недопустимый код \"A\"."
      }
    },
    "DR-E2: Некорректный тег \"QQ9\".": {
      "count": 1,
      "first": {
        "recordIndex": 1200287,
        "byteOffset": 1017105490,
        "rule": "DR-E2",
        "fieldIndex": 15,
        "tag": "QQ9",
        "message": "Некорректный тег \"QQ9\"."
      }
    },
    "IN-G3: Индикатор 1 поля QQ9 имеет недопустимое значение \"D\".": {
      "count": 1,
      "first": {
        "recordIndex": 1200287,
        "byteOffset": 1017105490,
        "rule": "IN-G3",
        "fieldIndex": 15,
        "tag": "QQ9",
        "indicatorIndex": 0,
        "message": "Индикатор 1 поля QQ9 имеет недопустимое значение \"D\"."
      }
    },
    "DF-G3: Поле QQ9 не содержит кода подполя.": {
      "count": 1,
      "first": {
        "recordIndex": 1200287,
        "byteOffset": 1017105490,
        "rule": "DF-G3",
        "fieldIndex": 15,
        "tag": "QQ9",
        "message": "Поле QQ9 не содержит кода подполя."
      }
    },
    "IN-G3: Индикатор 1 поля 020 имеет недопустимое значение \"K\".": {
      "count": 437,
      "first": {
        "recordIndex": 1204650,
        "byteOffset": 1019842606,
        "rule": "IN-G3",
        "fieldIndex": 5,
        "tag": "020",
        "indicatorIndex": 0,
        "message": "Индикатор 1 поля 020 имеет недопустимое значение \"K\"."
      }
    },
    "IN-G3: Индикатор 2 поля 020 имеет недопустимое значение \"P\".": {
      "count": 437,
      "first": {
        "recordIndex": 1204650,
        "byteOffset": 1019842606,
        "rule": "IN-G3",
        "fieldIndex": 5,
        "tag": "020",
        "indicatorIndex": 1,
        "message": "Индикатор 2 поля 020 имеет недопустимое значение \"P\"."
      }
    },
    "IN-G3: Индикатор 2 поля 041 имеет недопустимое значение \"P\".": {
      "count": 397,
      "first": {
        "recordIndex": 1204650,
        "byteOffset": 1019842606,
        "rule": "IN-G3",
        "fieldIndex": 7,
        "tag": "041",
        "indicatorIndex": 1,
        "message": "Индикатор 2 поля 041 имеет недопустимое значение \"P\"."
      }
    },
    "DF-G3: Поле 041 не содержит кода подполя.": {
      "count": 382,
      "first": {
        "recordIndex": 1204650,
        "byteOffset": 1019842606,
        "rule": "DF-G3",
        "fieldIndex": 7,
        "tag": "041",
        "message": "Поле 041 не содержит кода подполя."
      }
    },
    "DF-G2: Поле 080 содержит 0 индикатор(а), ожидалось 2.": {
      "count": 382,
      "first": {
        "recordIndex": 1204650,
        "byteOffset": 1019842606,
        "rule": "DF-G2",
        "fieldIndex": 8,
        "tag": "080",
        "message": "Поле 080 содержит 0 индикатор(а), ожидалось 2."
      }
    },
    "IN-G3: Индикатор 1 поля 260 имеет недопустимое значение \"¸\".": {
      "count": 15,
      "first": {
        "recordIndex": 1204650,
        "byteOffset": 1019842606,
        "rule": "IN-G3",
        "fieldIndex": 10,
        "tag": "260",
        "indicatorIndex": 0,
        "message": "Индикатор 1 поля 260 имеет недопустимое значение \"¸\"."
      }
    },
    "IN-G3: Индикатор 2 поля 260 имеет недопустимое значение \"Ñ\".": {
      "count": 39,
      "first": {
        "recordIndex": 1204650,
        "byteOffset": 1019842606,
        "rule": "IN-G3",
        "fieldIndex": 10,
        "tag": "260",
        "indicatorIndex": 1,
        "message": "Индикатор 2 поля 260 имеет недопустимое значение \"Ñ\"."
      }
    },
    "DF-G3: Поле 260 не содержит кода подполя.": {
      "count": 289,
      "first": {
        "recordIndex": 1204650,
        "byteOffset": 1019842606,
        "rule": "DF-G3",
        "fieldIndex": 10,
        "tag": "260",
        "message": "Поле 260 не содержит кода подполя."
      }
    },
    "IN-G3: Индикатор 1 поля 300 имеет недопустимое значение \"Ñ\".": {
      "count": 55,
      "first": {
        "recordIndex": 1204650,
        "byteOffset": 1019842606,
        "rule": "IN-G3",
        "fieldIndex": 11,
        "tag": "300",
        "indicatorIndex": 0,
        "message": "Индикатор 1 поля 300 имеет недопустимое значение \"Ñ\"."
      }
    },
    "IN-G3: Индикатор 2 поля 300 имеет недопустимое значение \"\".": {
      "count": 9,
      "first": {
        "recordIndex": 1204650,
        "byteOffset": 1019842606,
        "rule": "IN-G3",
        "fieldIndex": 11,
        "tag": "300",
        "indicatorIndex": 1,
        "message": "Индикатор 2 поля 300 имеет недопустимое значение \"\"."
      }
    },
    "IN-G3: Индикатор 2 поля 520 имеет недопустимое значение \"[\".": {
      "count": 3,
      "first": {
        "recordIndex": 1204650,
        "byteOffset": 1019842606,
        "rule": "IN-G3",
        "fieldIndex": 12,
        "tag": "520",
        "indicatorIndex": 1,
        "message": "Индикатор 2 поля 520 имеет недопустимое значение \"[\"."
      }
    },
    "IN-G3: Индикатор 1 поля 650 имеет недопустимое значение \"\".": {
      "count": 8,
      "first": {
        "recordIndex": 1204650,
        "byteOffset": 1019842606,
        "rule": "IN-G3",
        "fieldIndex": 13,
        "tag": "650",
        "indicatorIndex": 0,
        "message": "Индикатор 1 поля 650 имеет недопустимое значение \"\"."
      }
    },
    "IN-G3: Индикатор 2 поля 650 имеет недопустимое значение \"Ð\".": {
      "count": 209,
      "first": {
        "recordIndex": 1204650,
        "byteOffset": 1019842606,
        "rule": "IN-G3",
        "fieldIndex": 13,
        "tag": "650",
        "indicatorIndex": 1,
        "message": "Индикатор 2 поля 650 имеет недопустимое значение \"Ð\"."
      }
    },
    "IN-G3: Индикатор 1 поля 650 имеет недопустимое значение \"°\".": {
      "count": 23,
      "first": {
        "recordIndex": 1204650,
        "byteOffset": 1019842606,
        "rule": "IN-G3",
        "fieldIndex": 14,
        "tag": "650",
        "indicatorIndex": 0,
        "message": "Индикатор 1 поля 650 имеет недопустимое значение \"°\"."
      }
    },
    "IN-G3: Индикатор 2 поля 650 имеет недопустимое значение \"Ñ\".": {
      "count": 94,
      "first": {
        "recordIndex": 1204650,
        "byteOffset": 1019842606,
        "rule": "IN-G3",
        "fieldIndex": 14,
        "tag": "650",
        "indicatorIndex": 1,
        "message": "Индикатор 2 поля 650 имеет недопустимое значение \"Ñ\"."
      }
    },
    "IN-G3: Индикатор 1 поля 650 имеет недопустимое значение \"Ñ\".": {
      "count": 89,
      "first": {
        "recordIndex": 1204650,
        "byteOffset": 1019842606,
        "rule": "IN-G3",
        "fieldIndex": 15,
        "tag": "650",
        "indicatorIndex": 0,
        "message": "Индикатор 1 поля 650 имеет недопустимое значение \"Ñ\"."
      }
    },
    "IN-G3: Индикатор 2 поля 650 имеет недопустимое значение \"\".": {
      "count": 21,
      "first": {
        "recordIndex": 1204650,
        "byteOffset": 1019842606,
        "rule": "IN-G3",
        "fieldIndex": 15,
        "tag": "650",
        "indicatorIndex": 1,
        "message": "Индикатор 2 поля 650 имеет недопустимое значение \"\"."
      }
    },
    "DF-G3: Поле 650 не содержит кода подполя.": {
      "count": 650,
      "first": {
        "recordIndex": 1204650,
        "byteOffset": 1019842606,
        "rule": "DF-G3",
        "fieldIndex": 15,
        "tag": "650",
        "message": "Поле 650 не содержит кода подполя."
      }
    },
    "IN-G3: Индикатор 1 поля 912 имеет недопустимое значение \"²\".": {
      "count": 11,
      "first": {
        "recordIndex": 1204650,
        "byteOffset": 1019842606,
        "rule": "IN-G3",
        "fieldIndex": 16,
        "tag": "912",
        "indicatorIndex": 0,
        "message": "Индикатор 1 поля 912 имеет недопустимое значение \"²\"."
      }
    },
    "IN-G3: Индикатор 2 поля 912 имеет недопустимое значение \"Ð\".": {
      "count": 156,
      "first": {
        "recordIndex": 1204650,
        "byteOffset": 1019842606,
        "rule": "IN-G3",
        "fieldIndex": 16,
        "tag": "912",
        "indicatorIndex": 1,
        "message": "Индикатор 2 поля 912 имеет недопустимое значение \"Ð\"."
      }
    },
    "DF-G3: Поле 912 не содержит кода подполя.": {
      "count": 429,
      "first": {
        "recordIndex": 1204650,
        "byteOffset": 1019842606,
        "rule": "DF-G3",
        "fieldIndex": 16,
        "tag": "912",
        "message": "Поле 912 не содержит кода подполя."
      }
    },
    "IN-G3: Индикатор 1 поля 336 имеет недопустимое значение \"Ð\".": {
      "count": 142,
      "first": {
        "recordIndex": 1204650,
        "byteOffset": 1019842606,
        "rule": "IN-G3",
        "fieldIndex": 18,
        "tag": "336",
        "indicatorIndex": 0,
        "message": "Индикатор 1 поля 336 имеет недопустимое значение \"Ð\"."
      }
    },
    "IN-G3: Индикатор 2 поля 336 имеет недопустимое значение \"°\".": {
      "count": 15,
      "first": {
        "recordIndex": 1204650,
        "byteOffset": 1019842606,
        "rule": "IN-G3",
        "fieldIndex": 18,
        "tag": "336",
        "indicatorIndex": 1,
        "message": "Индикатор 2 поля 336 имеет недопустимое значение \"°\"."
      }
    },
    "DF-G2: Поле 337 содержит 1 индикатор(а), ожидалось 2.": {
      "count": 17,
      "first": {
        "recordIndex": 1204650,
        "byteOffset": 1019842606,
        "rule": "DF-G2",
        "fieldIndex": 19,
        "tag": "337",
        "message": "Поле 337 содержит 1 индикатор(а), ожидалось 2."
      }
    },
    "IN-G3: Индикатор 1 поля 337 имеет недопустимое значение \"\".": {
      "count": 3,
      "first": {
        "recordIndex": 1204650,
        "byteOffset": 1019842606,
        "rule": "IN-G3",
        "fieldIndex": 19,
        "tag": "337",
        "indicatorIndex": 0,
        "message": "Индикатор 1 поля 337 имеет недопустимое значение \"\"."
      }
    },
    "IN-G3: Индикатор 1 поля 260 имеет недопустимое значение \"Ð\".": {
      "count": 133,
      "first": {
        "recordIndex": 1204651,
        "byteOffset": 1019843519,
        "rule": "IN-G3",
        "fieldIndex": 10,
        "tag": "260",
        "indicatorIndex": 0,
        "message": "Индикатор 1 поля 260 имеет недопустимое значение \"Ð\"."
      }
    },
    "IN-G3: Индикатор 2 поля 260 имеет недопустимое значение \"µ\".": {
      "count": 17,
      "first": {
        "recordIndex": 1204651,
        "byteOffset": 1019843519,
        "rule": "IN-G3",
        "fieldIndex": 10,
        "tag": "260",
        "indicatorIndex": 1,
        "message": "Индикатор 2 поля 260 имеет недопустимое значение \"µ\"."
      }
    },
    "IN-G3: Индикатор 1 поля 300 имеет недопустимое значение \"´\".": {
      "count": 10,
      "first": {
        "recordIndex": 1204651,
        "byteOffset": 1019843519,
        "rule": "IN-G3",
        "fieldIndex": 11,
        "tag": "300",
        "indicatorIndex": 0,
        "message": "Индикатор 1 поля 300 имеет недопустимое значение \"´\"."
      }
    },
    "IN-G3: Индикатор 2 поля 300 имеет недопустимое значение \"Ñ\".": {
      "count": 35,
      "first": {
        "recordIndex": 1204651,
        "byteOffset": 1019843519,
        "rule": "IN-G3",
        "fieldIndex": 11,
        "tag": "300",
        "indicatorIndex": 1,
        "message": "Индикатор 2 поля 300 имеет недопустимое значение \"Ñ\"."
      }
    },
    "DF-G3: Поле 300 не содержит кода подполя.": {
      "count": 292,
      "first": {
        "recordIndex": 1204651,
        "byteOffset": 1019843519,
        "rule": "DF-G3",
        "fieldIndex": 11,
        "tag": "300",
        "message": "Поле 300 не содержит кода подполя."
      }
    },
    "IN-G3: Индикатор 1 поля 500 имеет недопустимое значение \"½\".": {
      "count": 2,
      "first": {
        "recordIndex": 1204651,
        "byteOffset": 1019843519,
        "rule": "IN-G3",
        "fieldIndex": 12,
        "tag": "500",
        "indicatorIndex": 0,
        "message": "Индикатор 1 поля 500 имеет недопустимое значение \"½\"."
      }
    },
    "IN-G3: Индикатор 2 поля 500 имеет недопустимое значение \"Ð\".": {
      "count": 15,
      "first": {
        "recordIndex": 1204651,
        "byteOffset": 1019843519,
        "rule": "IN-G3",
        "fieldIndex": 12,
        "tag": "500",
        "indicatorIndex": 1,
        "message": "Индикатор 2 поля 500 имеет недопустимое значение \"Ð\"."
      }
    },
    "IN-G3: Индикатор 1 поля 520 имеет недопустимое значение \"Ð\".": {
      "count": 120,
      "first": {
        "recordIndex": 1204651,
        "byteOffset": 1019843519,
        "rule": "IN-G3",
        "fieldIndex": 13,
        "tag": "520",
        "indicatorIndex": 0,
        "message": "Индикатор 1 поля 520 имеет недопустимое значение \"Ð\"."
      }
    },
    "IN-G3: Индикатор 2 поля 520 имеет недопустимое значение \"½\".": {
      "count": 18,
      "first": {
        "recordIndex": 1204651,
        "byteOffset": 1019843519,
        "rule": "IN-G3",
        "fieldIndex": 13,
        "tag": "520",
        "indicatorIndex": 1,
        "message": "Индикатор 2 поля 520 имеет недопустимое значение \"½\"."
      }
    },
    "DF-G3: Поле 520 не содержит кода подполя.": {
      "count": 6,
      "first": {
        "recordIndex": 1204651,
        "byteOffset": 1019843519,
        "rule": "DF-G3",
        "fieldIndex": 13,
        "tag": "520",
        "message": "Поле 520 не содержит кода подполя."
      }
    },
    "IN-G3: Индикатор 1 поля 650 имеет недопустимое значение \"¾\".": {
      "count": 34,
      "first": {
        "recordIndex": 1204651,
        "byteOffset": 1019843519,
        "rule": "IN-G3",
        "fieldIndex": 14,
        "tag": "650",
        "indicatorIndex": 0,
        "message": "Индикатор 1 поля 650 имеет недопустимое значение \"¾\"."
      }
    },
    "IN-G3: Индикатор 1 поля 650 имеет недопустимое значение \"\".": {
      "count": 3,
      "first": {
        "recordIndex": 1204651,
        "byteOffset": 1019843519,
        "rule": "IN-G3",
        "fieldIndex": 15,
        "tag": "650",
        "indicatorIndex": 0,
        "message": "Индикатор 1 поля 650 имеет недопустимое значение \"\"."
      }
    },
    "IN-G3: Индикатор 1 поля 700 имеет недопустимое значение \"±\".": {
      "count": 3,
      "first": {
        "recordIndex": 1204651,
        "byteOffset": 1019843519,
        "rule": "IN-G3",
        "fieldIndex": 16,
        "tag": "700",
        "indicatorIndex": 0,
        "message": "Индикатор 1 поля 700 имеет недопустимое значение \"±\"."
      }
    },
    "IN-G3: Индикатор 2 поля 700 имеет недопустимое значение \"Ð\".": {
      "count": 142,
      "first": {
        "recordIndex": 1204651,
        "byteOffset": 1019843519,
        "rule": "IN-G3",
        "fieldIndex": 16,
        "tag": "700",
        "indicatorIndex": 1,
        "message": "Индикатор 2 поля 700 имеет недопустимое значение \"Ð\"."
      }
    },
    "DF-G3: Поле 700 не содержит кода подполя.": {
      "count": 388,
      "first": {
        "recordIndex": 1204651,
        "byteOffset": 1019843519,
        "rule": "DF-G3",
        "fieldIndex": 16,
        "tag": "700",
        "message": "Поле 700 не содержит кода подполя."
      }
    },
    "IN-G3: Индикатор 1 поля 710 имеет недопустимое значение \"Ñ\".": {
      "count": 8,
      "first": {
        "recordIndex": 1204651,
        "byteOffset": 1019843519,
        "rule": "IN-G3",
        "fieldIndex": 17,
        "tag": "710",
        "indicatorIndex": 0,
        "message": "Индикатор 1 поля 710 имеет недопустимое значение \"Ñ\"."
      }
    },
    "IN-G3: Индикатор 2 поля 710 имеет недопустимое значение \"\".": {
      "count": 1,
      "first": {
        "recordIndex": 1204651,
        "byteOffset": 1019843519,
        "rule": "IN-G3",
        "fieldIndex": 17,
        "tag": "710",
        "indicatorIndex": 1,
        "message": "Индикатор 2 поля 710 имеет недопустимое значение \"\"."
      }
    },
    "DF-G3: Поле 710 не содержит кода подполя.": {
      "count": 47,
      "first": {
        "recordIndex": 1204651,
        "byteOffset": 1019843519,
        "rule": "DF-G3",
        "fieldIndex": 17,
        "tag": "710",
        "message": "Поле 710 не содержит кода подполя."
      }
    },
    "IN-G3: Индикатор 1 поля 912 имеет недопустимое значение \"Ð\".": {
      "count": 138,
      "first": {
        "recordIndex": 1204651,
        "byteOffset": 1019843519,
        "rule": "IN-G3",
        "fieldIndex": 18,
        "tag": "912",
        "indicatorIndex": 0,
        "message": "Индикатор 1 поля 912 имеет недопустимое значение \"Ð\"."
      }
    },
    "IN-G3: Индикатор 2 поля 912 имеет недопустимое значение \"´\".": {
      "count": 4,
      "first": {
        "recordIndex": 1204651,
        "byteOffset": 1019843519,
        "rule": "IN-G3",
        "fieldIndex": 18,
        "tag": "912",
        "indicatorIndex": 1,
        "message": "Индикатор 2 поля 912 имеет недопустимое значение \"´\"."
      }
    },
    "IN-G3: Индикатор 1 поля 336 имеет недопустимое значение \"½\".": {
      "count": 8,
      "first": {
        "recordIndex": 1204651,
        "byteOffset": 1019843519,
        "rule": "IN-G3",
        "fieldIndex": 20,
        "tag": "336",
        "indicatorIndex": 0,
        "message": "Индикатор 1 поля 336 имеет недопустимое значение \"½\"."
      }
    },
    "IN-G3: Индикатор 2 поля 336 имеет недопустимое значение \"Ñ\".": {
      "count": 44,
      "first": {
        "recordIndex": 1204651,
        "byteOffset": 1019843519,
        "rule": "IN-G3",
        "fieldIndex": 20,
        "tag": "336",
        "indicatorIndex": 1,
        "message": "Индикатор 2 поля 336 имеет недопустимое значение \"Ñ\"."
      }
    },
    "DF-G3: Поле 336 не содержит кода подполя.": {
      "count": 273,
      "first": {
        "recordIndex": 1204651,
        "byteOffset": 1019843519,
        "rule": "DF-G3",
        "fieldIndex": 20,
        "tag": "336",
        "message": "Поле 336 не содержит кода подполя."
      }
    },
    "IN-G3: Индикатор 1 поля 337 имеет недопустимое значение \"Ð\".": {
      "count": 118,
      "first": {
        "recordIndex": 1204651,
        "byteOffset": 1019843519,
        "rule": "IN-G3",
        "fieldIndex": 21,
        "tag": "337",
        "indicatorIndex": 0,
        "message": "Индикатор 1 поля 337 имеет недопустимое значение \"Ð\"."
      }
    },
    "IN-G3: Индикатор 2 поля 337 имеет недопустимое значение \"¢\".": {
      "count": 1,
      "first": {
        "recordIndex": 1204651,
        "byteOffset": 1019843519,
        "rule": "IN-G3",
        "fieldIndex": 21,
        "tag": "337",
        "indicatorIndex": 1,
        "message": "Индикатор 2 поля 337 имеет недопустимое значение \"¢\"."
      }
    },
    "DF-G3: Поле 337 не содержит кода подполя.": {
      "count": 240,
      "first": {
        "recordIndex": 1204651,
        "byteOffset": 1019843519,
        "rule": "DF-G3",
        "fieldIndex": 21,
        "tag": "337",
        "message": "Поле 337 не содержит кода подполя."
      }
    },
    "IN-G3: Индикатор 1 поля 080 имеет недопустимое значение \".\".": {
      "count": 18,
      "first": {
        "recordIndex": 1204652,
        "byteOffset": 1019845097,
        "rule": "IN-G3",
        "fieldIndex": 9,
        "tag": "080",
        "indicatorIndex": 0,
        "message": "Индикатор 1 поля 080 имеет недопустимое значение \".\"."
      }
    },
    "IN-G3: Индикатор 2 поля 260 имеет недопустимое значение \"¾\".": {
      "count": 22,
      "first": {
        "recordIndex": 1204652,
        "byteOffset": 1019845097,
        "rule": "IN-G3",
        "fieldIndex": 11,
        "tag": "260",
        "indicatorIndex": 1,
        "message": "Индикатор 2 поля 260 имеет недопустимое значение \"¾\"."
      }
    },
    "IN-G3: Индикатор 1 поля 300 имеет недопустимое значение \"\".": {
      "count": 1,
      "first": {
        "recordIndex": 1204652,
        "byteOffset": 1019845097,
        "rule": "IN-G3",
        "fieldIndex": 12,
        "tag": "300",
        "indicatorIndex": 0,
        "message": "Индикатор 1 поля 300 имеет недопустимое значение \"\"."
      }
    },
    "IN-G3: Индикатор 2 поля 300 имеет недопустимое значение \"Ð\".": {
      "count": 125,
      "first": {
        "recordIndex": 1204652,
        "byteOffset": 1019845097,
        "rule": "IN-G3",
        "fieldIndex": 12,
        "tag": "300",
        "indicatorIndex": 1,
        "message": "Индикатор 2 поля 300 имеет недопустимое значение \"Ð\"."
      }
    },
    "IN-G3: Индикатор 1 поля 520 имеет недопустимое значение \"¸\".": {
      "count": 10,
      "first": {
        "recordIndex": 1204652,
        "byteOffset": 1019845097,
        "rule": "IN-G3",
        "fieldIndex": 13,
        "tag": "520",
        "indicatorIndex": 0,
        "message": "Индикатор 1 поля 520 имеет недопустимое значение \"¸\"."
      }
    },
    "IN-G3: Индикатор 2 поля 520 имеет недопустимое значение \"Ñ\".": {
      "count": 34,
      "first": {
        "recordIndex": 1204652,
        "byteOffset": 1019845097,
        "rule": "IN-G3",
        "fieldIndex": 13,
        "tag": "520",
        "indicatorIndex": 1,
        "message": "Индикатор 2 поля 520 имеет недопустимое значение \"Ñ\"."
      }
    },
    "IN-G3: Индикатор 1 поля 650 имеет недопустимое значение \"¼\".": {
      "count": 7,
      "first": {
        "recordIndex": 1204652,
        "byteOffset": 1019845097,
        "rule": "IN-G3",
        "fieldIndex": 14,
        "tag": "650",
        "indicatorIndex": 0,
        "message": "Индикатор 1 поля 650 имеет недопустимое значение \"¼\"."
      }
    },
    "IN-G3: Индикатор 1 поля 710 имеет недопустимое значение \"\".": {
      "count": 4,
      "first": {
        "recordIndex": 1204652,
        "byteOffset": 1019845097,
        "rule": "IN-G3",
        "fieldIndex": 15,
        "tag": "710",
        "indicatorIndex": 0,
        "message": "Индикатор 1 поля 710 имеет недопустимое значение \"\"."
      }
    },
    "IN-G3: Индикатор 2 поля 710 имеет недопустимое значение \"Ñ\".": {
      "count": 8,
      "first": {
        "recordIndex": 1204652,
        "byteOffset": 1019845097,
        "rule": "IN-G3",
        "fieldIndex": 15,
        "tag": "710",
        "indicatorIndex": 1,
        "message": "Индикатор 2 поля 710 имеет недопустимое значение \"Ñ\"."
      }
    },
    "IN-G3: Индикатор 1 поля 912 имеет недопустимое значение \".\".": {
      "count": 5,
      "first": {
        "recordIndex": 1204652,
        "byteOffset": 1019845097,
        "rule": "IN-G3",
        "fieldIndex": 16,
        "tag": "912",
        "indicatorIndex": 0,
        "message": "Индикатор 1 поля 912 имеет недопустимое значение \".\"."
      }
    },
    "IN-G3: Индикатор 1 поля 336 имеет недопустимое значение \"»\".": {
      "count": 7,
      "first": {
        "recordIndex": 1204652,
        "byteOffset": 1019845097,
        "rule": "IN-G3",
        "fieldIndex": 18,
        "tag": "336",
        "indicatorIndex": 0,
        "message": "Индикатор 1 поля 336 имеет недопустимое значение \"»\"."
      }
    },
    "IN-G3: Индикатор 2 поля 336 имеет недопустимое значение \"Ð\".": {
      "count": 134,
      "first": {
        "recordIndex": 1204652,
        "byteOffset": 1019845097,
        "rule": "IN-G3",
        "fieldIndex": 18,
        "tag": "336",
        "indicatorIndex": 1,
        "message": "Индикатор 2 поля 336 имеет недопустимое значение \"Ð\"."
      }
    },
    "IN-G3: Индикатор 1 поля 337 имеет недопустимое значение \"¸\".": {
      "count": 15,
      "first": {
        "recordIndex": 1204652,
        "byteOffset": 1019845097,
        "rule": "IN-G3",
        "fieldIndex": 19,
        "tag": "337",
        "indicatorIndex": 0,
        "message": "Индикатор 1 поля 337 имеет недопустимое значение \"¸\"."
      }
    },
    "IN-G3: Индикатор 2 поля 337 имеет недопустимое значение \"Ñ\".": {
      "count": 45,
      "first": {
        "recordIndex": 1204652,
        "byteOffset": 1019845097,
        "rule": "IN-G3",
        "fieldIndex": 19,
        "tag": "337",
        "indicatorIndex": 1,
        "message": "Индикатор 2 поля 337 имеет недопустимое значение \"Ñ\"."
      }
    },
    "IN-G3: Индикатор 1 поля 245 имеет недопустимое значение \"Ñ\".": {
      "count": 38,
      "first": {
        "recordIndex": 1204653,
        "byteOffset": 1019846197,
        "rule": "IN-G3",
        "fieldIndex": 9,
        "tag": "245",
        "indicatorIndex": 0,
        "message": "Индикатор 1 поля 245 имеет недопустимое значение \"Ñ\"."
      }
    },
    "IN-G3: Индикатор 2 поля 245 имеет недопустимое значение \"\".": {
      "count": 1,
      "first": {
        "recordIndex": 1204653,
        "byteOffset": 1019846197,
        "rule": "IN-G3",
        "fieldIndex": 9,
        "tag": "245",
        "indicatorIndex": 1,
        "message": "Индикатор 2 поля 245 имеет недопустимое значение \"\"."
      }
    },
    "IN-G3: Индикатор 1 поля 300 имеет недопустимое значение \"Ð\".": {
      "count": 147,
      "first": {
        "recordIndex": 1204653,
        "byteOffset": 1019846197,
        "rule": "IN-G3",
        "fieldIndex": 11,
        "tag": "300",
        "indicatorIndex": 0,
        "message": "Индикатор 1 поля 300 имеет недопустимое значение \"Ð\"."
      }
    },
    "IN-G3: Индикатор 2 поля 300 имеет недопустимое значение \"¸\".": {
      "count": 17,
      "first": {
        "recordIndex": 1204653,
        "byteOffset": 1019846197,
        "rule": "IN-G3",
        "fieldIndex": 11,
        "tag": "300",
        "indicatorIndex": 1,
        "message": "Индикатор 2 поля 300 имеет недопустимое значение \"¸\"."
      }
    },
    "IN-G3: Индикатор 1 поля 650 имеет недопустимое значение \"Ð\".": {
      "count": 249,
      "first": {
        "recordIndex": 1204653,
        "byteOffset": 1019846197,
        "rule": "IN-G3",
        "fieldIndex": 13,
        "tag": "650",
        "indicatorIndex": 0,
        "message": "Индикатор 1 поля 650 имеет недопустимое значение \"Ð\"."
      }
    },
    "IN-G3: Индикатор 2 поля 650 имеет недопустимое значение \"¸\".": {
      "count": 27,
      "first": {
        "recordIndex": 1204653,
        "byteOffset": 1019846197,
        "rule": "IN-G3",
        "fieldIndex": 13,
        "tag": "650",
        "indicatorIndex": 1,
        "message": "Индикатор 2 поля 650 имеет недопустимое значение \"¸\"."
      }
    },
    "IN-G3: Индикатор 2 поля 912 имеет недопустимое значение \"½\".": {
      "count": 16,
      "first": {
        "recordIndex": 1204653,
        "byteOffset": 1019846197,
        "rule": "IN-G3",
        "fieldIndex": 14,
        "tag": "912",
        "indicatorIndex": 1,
        "message": "Индикатор 2 поля 912 имеет недопустимое значение \"½\"."
      }
    },
    "DF-G2: Поле 336 содержит 0 индикатор(а), ожидалось 2.": {
      "count": 8,
      "first": {
        "recordIndex": 1204653,
        "byteOffset": 1019846197,
        "rule": "DF-G2",
        "fieldIndex": 16,
        "tag": "336",
        "message": "Поле 336 содержит 0 индикатор(а), ожидалось 2."
      }
    },
    "IN-G3: Индикатор 1 поля 337 имеет недопустимое значение \"º\".": {
      "count": 16,
      "first": {
        "recordIndex": 1204653,
        "byteOffset": 1019846197,
        "rule": "IN-G3",
        "fieldIndex": 17,
        "tag": "337",
        "indicatorIndex": 0,
        "message": "Индикатор 1 поля 337 имеет недопустимое значение \"º\"."
      }
    },
    "VF-G5: Подполе 3 поля 337 имеет недопустимый код \"\".": {
      "count": 4,
      "first": {
        "recordIndex": 1204653,
        "byteOffset": 1019846197,
        "rule": "VF-G5",
        "fieldIndex": 17,
        "tag": "337",
        "subfieldIndex": 2,
        "message": "Подполе 3 поля 337 имеет недопустимый код \"\"."
      }
    },
    "SF-G4: Подполе 3 поля 337 имеет недопустимый код \"\".": {
      "count": 4,
      "first": {
        "recordIndex": 1204653,
        "byteOffset": 1019846197,
        "rule": "SF-G4",
        "fieldIndex": 17,
        "tag": "337",
        "subfieldIndex": 2,
        "message": "Подполе 3 поля 337 имеет недопустимый код \"\"."
      }
    },
    "IN-G3: Индикатор 1 поля 250 имеет недопустимое значение \"Ð\".": {
      "count": 18,
      "first": {
        "recordIndex": 1204654,
        "byteOffset": 1019846911,
        "rule": "IN-G3",
        "fieldIndex": 10,
        "tag": "250",
        "indicatorIndex": 0,
        "message": "Индикатор 1 поля 250 имеет недопустимое значение \"Ð\"."
      }
    },
    "IN-G3: Индикатор 2 поля 250 имеет недопустимое значение \"²\".": {
      "count": 4,
      "first": {
        "recordIndex": 1204654,
        "byteOffset": 1019846911,
        "rule": "IN-G3",
        "fieldIndex": 10,
        "tag": "250",
        "indicatorIndex": 1,
        "message": "Индикатор 2 поля 250 имеет недопустимое значение \"²\"."
      }
    },
    "DF-G3: Поле 250 не содержит кода подполя.": {
      "count": 43,
      "first": {
        "recordIndex": 1204654,
        "byteOffset": 1019846911,
        "rule": "DF-G3",
        "fieldIndex": 10,
        "tag": "250",
        "message": "Поле 250 не содержит кода подполя."
      }
    },
    "IN-G3: Индикатор 1 поля 260 имеет недопустимое значение \"Ñ\".": {
      "count": 67,
      "first": {
        "recordIndex": 1204654,
        "byteOffset": 1019846911,
        "rule": "IN-G3",
        "fieldIndex": 11,
        "tag": "260",
        "indicatorIndex": 0,
        "message": "Индикатор 1 поля 260 имеет недопустимое значение \"Ñ\"."
      }
    },
    "IN-G3: Индикатор 2 поля 260 имеет недопустимое значение \"\".": {
      "count": 3,
      "first": {
        "recordIndex": 1204654,
        "byteOffset": 1019846911,
        "rule": "IN-G3",
        "fieldIndex": 11,
        "tag": "260",
        "indicatorIndex": 1,
        "message": "Индикатор 2 поля 260 имеет недопустимое значение \"\"."
      }
    },
    "IN-G3: Индикатор 1 поля 300 имеет недопустимое значение \"µ\".": {
      "count": 10,
      "first": {
        "recordIndex": 1204654,
        "byteOffset": 1019846911,
        "rule": "IN-G3",
        "fieldIndex": 12,
        "tag": "300",
        "indicatorIndex": 0,
        "message": "Индикатор 1 поля 300 имеет недопустимое значение \"µ\"."
      }
    },
    "IN-G3: Индикатор 2 поля 300 имеет недопустимое значение \"\\u001e\".": {
      "count": 2,
      "first": {
        "recordIndex": 1204654,
        "byteOffset": 1019846911,
        "rule": "IN-G3",
        "fieldIndex": 12,
        "tag": "300",
        "indicatorIndex": 1,
        "message": "Индикатор 2 поля 300 имеет недопустимое значение \"\\u001e\"."
      }
    },
    "IN-G3: Индикатор 1 поля 490 имеет недопустимое значение \"»\".": {
      "count": 5,
      "first": {
        "recordIndex": 1204654,
        "byteOffset": 1019846911,
        "rule": "IN-G3",
        "fieldIndex": 13,
        "tag": "490",
        "indicatorIndex": 0,
        "message": "Индикатор 1 поля 490 имеет недопустимое значение \"»\"."
      }
    },
    "IN-G3: Индикатор 2 поля 490 имеет недопустимое значение \".\".": {
      "count": 13,
      "first": {
        "recordIndex": 1204654,
        "byteOffset": 1019846911,
        "rule": "IN-G3",
        "fieldIndex": 13,
        "tag": "490",
        "indicatorIndex": 1,
        "message": "Индикатор 2 поля 490 имеет недопустимое значение \".\"."
      }
    },
    "IN-G3: Индикатор 1 поля 490 имеет недопустимое значение \"(\".": {
      "count": 2,
      "first": {
        "recordIndex": 1204654,
        "byteOffset": 1019846911,
        "rule": "IN-G3",
        "fieldIndex": 14,
        "tag": "490",
        "indicatorIndex": 0,
        "message": "Индикатор 1 поля 490 имеет недопустимое значение \"(\"."
      }
    },
    "IN-G3: Индикатор 2 поля 490 имеет недопустимое значение \"Ð\".": {
      "count": 86,
      "first": {
        "recordIndex": 1204654,
        "byteOffset": 1019846911,
        "rule": "IN-G3",
        "fieldIndex": 14,
        "tag": "490",
        "indicatorIndex": 1,
        "message": "Индикатор 2 поля 490 имеет недопустимое значение \"Ð\"."
      }
    },
    "IN-G3: Индикатор 1 поля 520 имеет недопустимое значение \"¿\".": {
      "count": 1,
      "first": {
        "recordIndex": 1204654,
        "byteOffset": 1019846911,
        "rule": "IN-G3",
        "fieldIndex": 15,
        "tag": "520",
        "indicatorIndex": 0,
        "message": "Индикатор 1 поля 520 имеет недопустимое значение \"¿\"."
      }
    },
    "IN-G3: Индикатор 2 поля 520 имеет недопустимое значение \"Ð\".": {
      "count": 87,
      "first": {
        "recordIndex": 1204654,
        "byteOffset": 1019846911,
        "rule": "IN-G3",
        "fieldIndex": 15,
        "tag": "520",
        "indicatorIndex": 1,
        "message": "Индикатор 2 поля 520 имеет недопустимое значение \"Ð\"."
      }
    },
    "IN-G3: Индикатор 1 поля 650 имеет недопустимое значение \"\".": {
      "count": 7,
      "first": {
        "recordIndex": 1204654,
        "byteOffset": 1019846911,
        "rule": "IN-G3",
        "fieldIndex": 16,
        "tag": "650",
        "indicatorIndex": 0,
        "message": "Индикатор 1 поля 650 имеет недопустимое значение \"\"."
      }
    },
    "IN-G3: Индикатор 2 поля 650 имеет недопустимое значение \"¾\".": {
      "count": 30,
      "first": {
        "recordIndex": 1204654,
        "byteOffset": 1019846911,
        "rule": "IN-G3",
        "fieldIndex": 17,
        "tag": "650",
        "indicatorIndex": 1,
        "message": "Индикатор 2 поля 650 имеет недопустимое значение \"¾\"."
      }
    },
    "IN-G3: Индикатор 1 поля 912 имеет недопустимое значение \"\".": {
      "count": 3,
      "first": {
        "recordIndex": 1204654,
        "byteOffset": 1019846911,
        "rule": "IN-G3",
        "fieldIndex": 18,
        "tag": "912",
        "indicatorIndex": 0,
        "message": "Индикатор 1 поля 912 имеет недопустимое значение \"\"."
      }
    },
    "IN-G3: Индикатор 1 поля 336 имеет недопустимое значение \"\".": {
      "count": 1,
      "first": {
        "recordIndex": 1204654,
        "byteOffset": 1019846911,
        "rule": "IN-G3",
        "fieldIndex": 20,
        "tag": "336",
        "indicatorIndex": 0,
        "message": "Индикатор 1 поля 336 имеет недопустимое значение \"\"."
      }
    },
    "VF-G5: Подполе 2 поля 336 имеет недопустимый код \"\".": {
      "count": 3,
      "first": {
        "recordIndex": 1204654,
        "byteOffset": 1019846911,
        "rule": "VF-G5",
        "fieldIndex": 20,
        "tag": "336",
        "subfieldIndex": 1,
        "message": "Подполе 2 поля 336 имеет недопустимый код \"\"."
      }
    },
    "SF-G4: Подполе 2 поля 336 имеет недопустимый код \"\".": {
      "count": 3,
      "first": {
        "recordIndex": 1204654,
        "byteOffset": 1019846911,
        "rule": "SF-G4",
        "fieldIndex": 20,
        "tag": "336",
        "subfieldIndex": 1,
        "message": "Подполе 2 поля 336 имеет недопустимый код \"\"."
      }
    },
    "IN-G3: Индикатор 1 поля 041 имеет недопустимое значение \"B\".": {
      "count": 53,
      "first": {
        "recordIndex": 1204655,
        "byteOffset": 1019847991,
        "rule": "IN-G3",
        "fieldIndex": 7,
        "tag": "041",
        "indicatorIndex": 0,
        "message": "Индикатор 1 поля 041 имеет недопустимое значение \"B\"."
      }
    },
    "IN-G3: Индикатор 2 поля 041 имеет недопустимое значение \"O\".": {
      "count": 53,
      "first": {
        "recordIndex": 1204655,
        "byteOffset": 1019847991,
        "rule": "IN-G3",
        "fieldIndex": 7,
        "tag": "041",
        "indicatorIndex": 1,
        "message": "Индикатор 2 поля 041 имеет недопустимое значение \"O\"."
      }
    },
    "IN-G3: Индикатор 1 поля 245 имеет недопустимое значение \"¸\".": {
      "count": 12,
      "first": {
        "recordIndex": 1204655,
        "byteOffset": 1019847991,
        "rule": "IN-G3",
        "fieldIndex": 10,
        "tag": "245",
        "indicatorIndex": 0,
        "message": "Индикатор 1 поля 245 имеет недопустимое значение \"¸\"."
      }
    },
    "IN-G3: Индикатор 2 поля 245 имеет недопустимое значение \"Ð\".": {
      "count": 95,
      "first": {
        "recordIndex": 1204655,
        "byteOffset": 1019847991,
        "rule": "IN-G3",
        "fieldIndex": 10,
        "tag": "245",
        "indicatorIndex": 1,
        "message": "Индикатор 2 поля 245 имеет недопустимое значение \"Ð\"."
      }
    },
    "IN-G3: Индикатор 2 поля 260 имеет недопустимое значение \"\".": {
      "count": 16,
      "first": {
        "recordIndex": 1204655,
        "byteOffset": 1019847991,
        "rule": "IN-G3",
        "fieldIndex": 11,
        "tag": "260",
        "indicatorIndex": 1,
        "message": "Индикатор 2 поля 260 имеет недопустимое значение \"\"."
      }
    },
    "IN-G3: Индикатор 1 поля 300 имеет недопустимое значение \"°\".": {
      "count": 21,
      "first": {
        "recordIndex": 1204655,
        "byteOffset": 1019847991,
        "rule": "IN-G3",
        "fieldIndex": 12,
        "tag": "300",
        "indicatorIndex": 0,
        "message": "Индикатор 1 поля 300 имеет недопустимое значение \"°\"."
      }
    },
    "IN-G3: Индикатор 2 поля 650 имеет недопустимое значение \"²\".": {
      "count": 15,
      "first": {
        "recordIndex": 1204655,
        "byteOffset": 1019847991,
        "rule": "IN-G3",
        "fieldIndex": 13,
        "tag": "650",
        "indicatorIndex": 1,
        "message": "Индикатор 2 поля 650 имеет недопустимое значение \"²\"."
      }
    },
    "IN-G3: Индикатор 1 поля 650 имеет недопустимое значение \"µ\".": {
      "count": 30,
      "first": {
        "recordIndex": 1204655,
        "byteOffset": 1019847991,
        "rule": "IN-G3",
        "fieldIndex": 14,
        "tag": "650",
        "indicatorIndex": 0,
        "message": "Индикатор 1 поля 650 имеет недопустимое значение \"µ\"."
      }
    },
    "IN-G3: Индикатор 1 поля 650 имеет недопустимое значение \".\".": {
      "count": 5,
      "first": {
        "recordIndex": 1204655,
        "byteOffset": 1019847991,
        "rule": "IN-G3",
        "fieldIndex": 15,
        "tag": "650",
        "indicatorIndex": 0,
        "message": "Индикатор 1 поля 650 имеет недопустимое значение \".\"."
      }
    },
    "IN-G3: Индикатор 2 поля 650 имеет недопустимое значение \"\\u001e\".": {
      "count": 4,
      "first": {
        "recordIndex": 1204655,
        "byteOffset": 1019847991,
        "rule": "IN-G3",
        "fieldIndex": 15,
        "tag": "650",
        "indicatorIndex": 1,
        "message": "Индикатор 2 поля 650 имеет недопустимое значение \"\\u001e\"."
      }
    },
    "DF-G2: Поле 700 содержит 1 индикатор(а), ожидалось 2.": {
      "count": 1,
      "first": {
        "recordIndex": 1204655,
        "byteOffset": 1019847991,
        "rule": "DF-G2",
        "fieldIndex": 16,
        "tag": "700",
        "message": "Поле 700 содержит 1 индикатор(а), ожидалось 2."
      }
    },
    "DF-G2: Поле 912 содержит 0 индикатор(а), ожидалось 2.": {
      "count": 4,
      "first": {
        "recordIndex": 1204655,
        "byteOffset": 1019847991,
        "rule": "DF-G2",
        "fieldIndex": 17,
        "tag": "912",
        "message": "Поле 912 содержит 0 индикатор(а), ожидалось 2."
      }
    },
    "IN-G3: Индикатор 2 поля 336 имеет недопустимое значение \"½\".": {
      "count": 15,
      "first": {
        "recordIndex": 1204655,
        "byteOffset": 1019847991,
        "rule": "IN-G3",
        "fieldIndex": 19,
        "tag": "336",
        "indicatorIndex": 1,
        "message": "Индикатор 2 поля 336 имеет недопустимое значение \"½\"."
      }
    },
    "IN-G3: Индикатор 2 поля 337 имеет недопустимое значение \"¸\".": {
      "count": 9,
      "first": {
        "recordIndex": 1204655,
        "byteOffset": 1019847991,
        "rule": "IN-G3",
        "fieldIndex": 20,
        "tag": "337",
        "indicatorIndex": 1,
        "message": "Индикатор 2 поля 337 имеет недопустимое значение \"¸\"."
      }
    },
    "IN-G3: Индикатор 2 поля 300 имеет недопустимое значение \"°\".": {
      "count": 18,
      "first": {
        "recordIndex": 1204656,
        "byteOffset": 1019848942,
        "rule": "IN-G3",
        "fieldIndex": 11,
        "tag": "300",
        "indicatorIndex": 1,
        "message": "Индикатор 2 поля 300 имеет недопустимое значение \"°\"."
      }
    },
    "IN-G3: Индикатор 1 поля 520 имеет недопустимое значение \"²\".": {
      "count": 7,
      "first": {
        "recordIndex": 1204656,
        "byteOffset": 1019848942,
        "rule": "IN-G3",
        "fieldIndex": 12,
        "tag": "520",
        "indicatorIndex": 0,
        "message": "Индикатор 1 поля 520 имеет недопустимое значение \"²\"."
      }
    },
    "IN-G3: Индикатор 1 поля 650 имеет недопустимое значение \"»\".": {
      "count": 12,
      "first": {
        "recordIndex": 1204656,
        "byteOffset": 1019848942,
        "rule": "IN-G3",
        "fieldIndex": 14,
        "tag": "650",
        "indicatorIndex": 0,
        "message": "Индикатор 1 поля 650 имеет недопустимое значение \"»\"."
      }
    },
    "IN-G3: Индикатор 2 поля 650 имеет недопустимое значение \"µ\".": {
      "count": 29,
      "first": {
        "recordIndex": 1204656,
        "byteOffset": 1019848942,
        "rule": "IN-G3",
        "fieldIndex": 15,
        "tag": "650",
        "indicatorIndex": 1,
        "message": "Индикатор 2 поля 650 имеет недопустимое значение \"µ\"."
      }
    },
    "IN-G3: Индикатор 1 поля 700 имеет недопустимое значение \"Ð\".": {
      "count": 133,
      "first": {
        "recordIndex": 1204656,
        "byteOffset": 1019848942,
        "rule": "IN-G3",
        "fieldIndex": 16,
        "tag": "700",
        "indicatorIndex": 0,
        "message": "Индикатор 1 поля 700 имеет недопустимое значение \"Ð\"."
      }
    },
    "IN-G3: Индикатор 2 поля 700 имеет недопустимое значение \"µ\".": {
      "count": 14,
      "first": {
        "recordIndex": 1204656,
        "byteOffset": 1019848942,
        "rule": "IN-G3",
        "fieldIndex": 16,
        "tag": "700",
        "indicatorIndex": 1,
        "message": "Индикатор 2 поля 700 имеет недопустимое значение \"µ\"."
      }
    },
    "IN-G3: Индикатор 1 поля 773 имеет недопустимое значение \"µ\".": {
      "count": 1,
      "first": {
        "recordIndex": 1204656,
        "byteOffset": 1019848942,
        "rule": "IN-G3",
        "fieldIndex": 17,
        "tag": "773",
        "indicatorIndex": 0,
        "message": "Индикатор 1 поля 773 имеет недопустимое значение \"µ\"."
      }
    },
    "IN-G3: Индикатор 2 поля 773 имеет недопустимое значение \"Ñ\".": {
      "count": 2,
      "first": {
        "recordIndex": 1204656,
        "byteOffset": 1019848942,
        "rule": "IN-G3",
        "fieldIndex": 17,
        "tag": "773",
        "indicatorIndex": 1,
        "message": "Индикатор 2 поля 773 имеет недопустимое значение \"Ñ\"."
      }
    },
    "DF-G3: Поле 773 не содержит кода подполя.": {
      "count": 32,
      "first": {
        "recordIndex": 1204656,
        "byteOffset": 1019848942,
        "rule": "DF-G3",
        "fieldIndex": 17,
        "tag": "773",
        "message": "Поле 773 не содержит кода подполя."
      }
    },
    "IN-G3: Индикатор 1 поля 912 имеет недопустимое значение \"\".": {
      "count": 8,
      "first": {
        "recordIndex": 1204656,
        "byteOffset": 1019848942,
        "rule": "IN-G3",
        "fieldIndex": 18,
        "tag": "912",
        "indicatorIndex": 0,
        "message": "Индикатор 1 поля 912 имеет недопустимое значение \"\"."
      }
    },
    "IN-G3: Индикатор 2 поля 912 имеет недопустимое значение \"Ñ\".": {
      "count": 57,
      "first": {
        "recordIndex": 1204656,
        "byteOffset": 1019848942,
        "rule": "IN-G3",
        "fieldIndex": 18,
        "tag": "912",
        "indicatorIndex": 1,
        "message": "Индикатор 2 поля 912 имеет недопустимое значение \"Ñ\"."
      }
    },
    "IN-G3: Индикатор 1 поля 337 имеет недопустимое значение \"Ñ\".": {
      "count": 39,
      "first": {
        "recordIndex": 1204656,
        "byteOffset": 1019848942,
        "rule": "IN-G3",
        "fieldIndex": 21,
        "tag": "337",
        "indicatorIndex": 0,
        "message": "Индикатор 1 поля 337 имеет недопустимое значение \"Ñ\"."
      }
    },
    "IN-G3: Индикатор 2 поля 337 имеет недопустимое значение \"\".": {
      "count": 9,
      "first": {
        "recordIndex": 1204656,
        "byteOffset": 1019848942,
        "rule": "IN-G3",
        "fieldIndex": 21,
        "tag": "337",
        "indicatorIndex": 1,
        "message": "Индикатор 2 поля 337 имеет недопустимое значение \"\"."
      }
    },
    "IN-G3: Индикатор 2 поля 260 имеет недопустимое значение \"Ð\".": {
      "count": 133,
      "first": {
        "recordIndex": 1204657,
        "byteOffset": 1019850528,
        "rule": "IN-G3",
        "fieldIndex": 10,
        "tag": "260",
        "indicatorIndex": 1,
        "message": "Индикатор 2 поля 260 имеет недопустимое значение \"Ð\"."
      }
    },
    "IN-G3: Индикатор 1 поля 500 имеет недопустимое значение \"Ð\".": {
      "count": 20,
      "first": {
        "recordIndex": 1204657,
        "byteOffset": 1019850528,
        "rule": "IN-G3",
        "fieldIndex": 12,
        "tag": "500",
        "indicatorIndex": 0,
        "message": "Индикатор 1 поля 500 имеет недопустимое значение \"Ð\"."
      }
    },
    "IN-G3: Индикатор 2 поля 500 имеет недопустимое значение \"¹\".": {
      "count": 1,
      "first": {
        "recordIndex": 1204657,
        "byteOffset": 1019850528,
        "rule": "IN-G3",
        "fieldIndex": 12,
        "tag": "500",
        "indicatorIndex": 1,
        "message": "Индикатор 2 поля 500 имеет недопустимое значение \"¹\"."
      }
    },
    "IN-G3: Индикатор 1 поля 504 имеет недопустимое значение \"Ñ\".": {
      "count": 10,
      "first": {
        "recordIndex": 1204657,
        "byteOffset": 1019850528,
        "rule": "IN-G3",
        "fieldIndex": 13,
        "tag": "504",
        "indicatorIndex": 0,
        "message": "Индикатор 1 поля 504 имеет недопустимое значение \"Ñ\"."
      }
    },
    "IN-G3: Индикатор 2 поля 504 имеет недопустимое значение \"\".": {
      "count": 1,
      "first": {
        "recordIndex": 1204657,
        "byteOffset": 1019850528,
        "rule": "IN-G3",
        "fieldIndex": 13,
        "tag": "504",
        "indicatorIndex": 1,
        "message": "Индикатор 2 поля 504 имеет недопустимое значение \"\"."
      }
    },
    "IN-G3: Индикатор 1 поля 520 имеет недопустимое значение \"Ñ\".": {
      "count": 53,
      "first": {
        "recordIndex": 1204657,
        "byteOffset": 1019850528,
        "rule": "IN-G3",
        "fieldIndex": 14,
        "tag": "520",
        "indicatorIndex": 0,
        "message": "Индикатор 1 поля 520 имеет недопустимое значение \"Ñ\"."
      }
    },
    "IN-G3: Индикатор 2 поля 520 имеет недопустимое значение \"\".": {
      "count": 21,
      "first": {
        "recordIndex": 1204657,
        "byteOffset": 1019850528,
        "rule": "IN-G3",
        "fieldIndex": 14,
        "tag": "520",
        "indicatorIndex": 1,
        "message": "Индикатор 2 поля 520 имеет недопустимое значение \"\"."
      }
    },
    "IN-G3: Индикатор 1 поля 650 имеет недопустимое значение \"\".": {
      "count": 16,
      "first": {
        "recordIndex": 1204657,
        "byteOffset": 1019850528,
        "rule": "IN-G3",
        "fieldIndex": 16,
        "tag": "650",
        "indicatorIndex": 0,
        "message": "Индикатор 1 поля 650 имеет недопустимое значение \"\"."
      }
    },
    "IN-G3: Индикатор 2 поля 700 имеет недопустимое значение \"²\".": {
      "count": 10,
      "first": {
        "recordIndex": 1204657,
        "byteOffset": 1019850528,
        "rule": "IN-G3",
        "fieldIndex": 18,
        "tag": "700",
        "indicatorIndex": 1,
        "message": "Индикатор 2 поля 700 имеет недопустимое значение \"²\"."
      }
    },
    "IN-G3: Индикатор 1 поля 700 имеет недопустимое значение \"Ñ\".": {
      "count": 67,
      "first": {
        "recordIndex": 1204657,
        "byteOffset": 1019850528,
        "rule": "IN-G3",
        "fieldIndex": 19,
        "tag": "700",
        "indicatorIndex": 0,
        "message": "Индикатор 1 поля 700 имеет недопустимое значение \"Ñ\"."
      }
    },
    "IN-G3: Индикатор 2 поля 700 имеет недопустимое значение \"\".": {
      "count": 13,
      "first": {
        "recordIndex": 1204657,
        "byteOffset": 1019850528,
        "rule": "IN-G3",
        "fieldIndex": 19,
        "tag": "700",
        "indicatorIndex": 1,
        "message": "Индикатор 2 поля 700 имеет недопустимое значение \"\"."
      }
    },
    "IN-G3: Индикатор 1 поля 700 имеет недопустимое значение \"\".": {
      "count": 3,
      "first": {
        "recordIndex": 1204657,
        "byteOffset": 1019850528,
        "rule": "IN-G3",
        "fieldIndex": 20,
        "tag": "700",
        "indicatorIndex": 0,
        "message": "Индикатор 1 поля 700 имеет недопустимое значение \"\"."
      }
    },
    "IN-G3: Индикатор 1 поля 912 имеет недопустимое значение \"¸\".": {
      "count": 11,
      "first": {
        "recordIndex": 1204657,
        "byteOffset": 1019850528,
        "rule": "IN-G3",
        "fieldIndex": 21,
        "tag": "912",
        "indicatorIndex": 0,
        "message": "Индикатор 1 поля 912 имеет недопустимое значение \"¸\"."
      }
    },
    "IN-G3: Индикатор 1 поля 337 имеет недопустимое значение \"\".": {
      "count": 3,
      "first": {
        "recordIndex": 1204657,
        "byteOffset": 1019850528,
        "rule": "IN-G3",
        "fieldIndex": 24,
        "tag": "337",
        "indicatorIndex": 0,
        "message": "Индикатор 1 поля 337 имеет недопустимое значение \"\"."
      }
    },
    "IN-G3: Индикатор 2 поля 337 имеет недопустимое значение \".\".": {
      "count": 7,
      "first": {
        "recordIndex": 1204657,
        "byteOffset": 1019850528,
        "rule": "IN-G3",
        "fieldIndex": 24,
        "tag": "337",
        "indicatorIndex": 1,
        "message": "Индикатор 2 поля 337 имеет недопустимое значение \".\"."
      }
    },
    "IN-G3: Индикатор 1 поля 245 имеет недопустимое значение \"Ð\".": {
      "count": 102,
      "first": {
        "recordIndex": 1204658,
        "byteOffset": 1019852349,
        "rule": "IN-G3",
        "fieldIndex": 10,
        "tag": "245",
        "indicatorIndex": 0,
        "message": "Индикатор 1 поля 245 имеет недопустимое значение \"Ð\"."
      }
    },
    "IN-G3: Индикатор 2 поля 245 имеет недопустимое значение \"µ\".": {
      "count": 13,
      "first": {
        "recordIndex": 1204658,
        "byteOffset": 1019852349,
        "rule": "IN-G3",
        "fieldIndex": 10,
        "tag": "245",
        "indicatorIndex": 1,
        "message": "Индикатор 2 поля 245 имеет недопустимое значение \"µ\"."
      }
    },
    "IN-G3: Индикатор 2 поля 504 имеет недопустимое значение \"\".": {
      "count": 1,
      "first": {
        "recordIndex": 1204658,
        "byteOffset": 1019852349,
        "rule": "IN-G3",
        "fieldIndex": 13,
        "tag": "504",
        "indicatorIndex": 1,
        "message": "Индикатор 2 поля 504 имеет недопустимое значение \"\"."
      }
    },
    "DF-G3: Поле 504 не содержит кода подполя.": {
      "count": 48,
      "first": {
        "recordIndex": 1204658,
        "byteOffset": 1019852349,
        "rule": "DF-G3",
        "fieldIndex": 13,
        "tag": "504",
        "message": "Поле 504 не содержит кода подполя."
      }
    },
    "IN-G3: Индикатор 1 поля 520 имеет недопустимое значение \"\".": {
      "count": 11,
      "first": {
        "recordIndex": 1204658,
        "byteOffset": 1019852349,
        "rule": "IN-G3",
        "fieldIndex": 14,
        "tag": "520",
        "indicatorIndex": 0,
        "message": "Индикатор 1 поля 520 имеет недопустимое значение \"\"."
      }
    },
    "IN-G3: Индикатор 2 поля 650 имеет недопустимое значение \"³\".": {
      "count": 4,
      "first": {
        "recordIndex": 1204658,
        "byteOffset": 1019852349,
        "rule": "IN-G3",
        "fieldIndex": 15,
        "tag": "650",
        "indicatorIndex": 1,
        "message": "Индикатор 2 поля 650 имеет недопустимое значение \"³\"."
      }
    },
    "IN-G3: Индикатор 1 поля 912 имеет недопустимое значение \"½\".": {
      "count": 13,
      "first": {
        "recordIndex": 1204658,
        "byteOffset": 1019852349,
        "rule": "IN-G3",
        "fieldIndex": 17,
        "tag": "912",
        "indicatorIndex": 0,
        "message": "Индикатор 1 поля 912 имеет недопустимое значение \"½\"."
      }
    },
    "IN-G3: Индикатор 1 поля 336 имеет недопустимое значение \"\".": {
      "count": 4,
      "first": {
        "recordIndex": 1204658,
        "byteOffset": 1019852349,
        "rule": "IN-G3",
        "fieldIndex": 19,
        "tag": "336",
        "indicatorIndex": 0,
        "message": "Индикатор 1 поля 336 имеет недопустимое значение \"\"."
      }
    },
    "IN-G3: Индикатор 2 поля 337 имеет недопустимое значение \"Ð\".": {
      "count": 147,
      "first": {
        "recordIndex": 1204658,
        "byteOffset": 1019852349,
        "rule": "IN-G3",
        "fieldIndex": 20,
        "tag": "337",
        "indicatorIndex": 1,
        "message": "Индикатор 2 поля 337 имеет недопустимое значение \"Ð\"."
      }
    },
    "IN-G3: Индикатор 1 поля 245 имеет недопустимое значение \"\".": {
      "count": 2,
      "first": {
        "recordIndex": 1204659,
        "byteOffset": 1019854151,
        "rule": "IN-G3",
        "fieldIndex": 10,
        "tag": "245",
        "indicatorIndex": 0,
        "message": "Индикатор 1 поля 245 имеет недопустимое значение \"\"."
      }
    },
    "IN-G3: Индикатор 1 поля 250 имеет недопустимое значение \"¸\".": {
      "count": 2,
      "first": {
        "recordIndex": 1204659,
        "byteOffset": 1019854151,
        "rule": "IN-G3",
        "fieldIndex": 11,
        "tag": "250",
        "indicatorIndex": 0,
        "message": "Индикатор 1 поля 250 имеет недопустимое значение \"¸\"."
      }
    },
    "IN-G3: Индикатор 2 поля 250 имеет недопустимое значение \"Ð\".": {
      "count": 11,
      "first": {
        "recordIndex": 1204659,
        "byteOffset": 1019854151,
        "rule": "IN-G3",
        "fieldIndex": 11,
        "tag": "250",
        "indicatorIndex": 1,
        "message": "Индикатор 2 поля 250 имеет недопустимое значение \"Ð\"."
      }
    },
    "IN-G3: Индикатор 1 поля 300 имеет недопустимое значение \"\".": {
      "count": 7,
      "first": {
        "recordIndex": 1204659,
        "byteOffset": 1019854151,
        "rule": "IN-G3",
        "fieldIndex": 13,
        "tag": "300",
        "indicatorIndex": 0,
        "message": "Индикатор 1 поля 300 имеет недопустимое значение \"\"."
      }
    },
    "IN-G3: Индикатор 1 поля 504 имеет недопустимое значение \"¸\".": {
      "count": 3,
      "first": {
        "recordIndex": 1204659,
        "byteOffset": 1019854151,
        "rule": "IN-G3",
        "fieldIndex": 14,
        "tag": "504",
        "indicatorIndex": 0,
        "message": "Индикатор 1 поля 504 имеет недопустимое значение \"¸\"."
      }
    },
    "IN-G3: Индикатор 2 поля 504 имеет недопустимое значение \"Ñ\".": {
      "count": 10,
      "first": {
        "recordIndex": 1204659,
        "byteOffset": 1019854151,
        "rule": "IN-G3",
        "fieldIndex": 14,
        "tag": "504",
        "indicatorIndex": 1,
        "message": "Индикатор 2 поля 504 имеет недопустимое значение \"Ñ\"."
      }
    },
    "IN-G3: Индикатор 1 поля 520 имеет недопустимое значение \"\".": {
      "count": 1,
      "first": {
        "recordIndex": 1204659,
        "byteOffset": 1019854151,
        "rule": "IN-G3",
        "fieldIndex": 15,
        "tag": "520",
        "indicatorIndex": 0,
        "message": "Индикатор 1 поля 520 имеет недопустимое значение \"\"."
      }
    },
    "IN-G3: Индикатор 2 поля 650 имеет недопустимое значение \"\".": {
      "count": 16,
      "first": {
        "recordIndex": 1204659,
        "byteOffset": 1019854151,
        "rule": "IN-G3",
        "fieldIndex": 16,
        "tag": "650",
        "indicatorIndex": 1,
        "message": "Индикатор 2 поля 650 имеет недопустимое значение \"\"."
      }
    },
    "IN-G3: Индикатор 1 поля 336 имеет недопустимое значение \"Ñ\".": {
      "count": 40,
      "first": {
        "recordIndex": 1204659,
        "byteOffset": 1019854151,
        "rule": "IN-G3",
        "fieldIndex": 21,
        "tag": "336",
        "indicatorIndex": 0,
        "message": "Индикатор 1 поля 336 имеет недопустимое значение \"Ñ\"."
      }
    },
    "IN-G3: Индикатор 2 поля 336 имеет недопустимое значение \"\".": {
      "count": 1,
      "first": {
        "recordIndex": 1204659,
        "byteOffset": 1019854151,
        "rule": "IN-G3",
        "fieldIndex": 21,
        "tag": "336",
        "indicatorIndex": 1,
        "message": "Индикатор 2 поля 336 имеет недопустимое значение \"\"."
      }
    },
    "IN-G3: Индикатор 2 поля 337 имеет недопустимое значение \"µ\".": {
      "count": 7,
      "first": {
        "recordIndex": 1204659,
        "byteOffset": 1019854151,
        "rule": "IN-G3",
        "fieldIndex": 22,
        "tag": "337",
        "indicatorIndex": 1,
        "message": "Индикатор 2 поля 337 имеет недопустимое значение \"µ\"."
      }
    },
    "IN-G3: Индикатор 1 поля 500 имеет недопустимое значение \"´\".": {
      "count": 1,
      "first": {
        "recordIndex": 1204660,
        "byteOffset": 1019856042,
        "rule": "IN-G3",
        "fieldIndex": 12,
        "tag": "500",
        "indicatorIndex": 0,
        "message": "Индикатор 1 поля 500 имеет недопустимое значение \"´\"."
      }
    },
    "DF-G3: Поле 500 не содержит кода подполя.": {
      "count": 18,
      "first": {
        "recordIndex": 1204660,
        "byteOffset": 1019856042,
        "rule": "DF-G3",
        "fieldIndex": 12,
        "tag": "500",
        "message": "Поле 500 не содержит кода подполя."
      }
    },
    "IN-G3: Индикатор 1 поля 504 имеет недопустимое значение \"Ð\".": {
      "count": 25,
      "first": {
        "recordIndex": 1204660,
        "byteOffset": 1019856042,
        "rule": "IN-G3",
        "fieldIndex": 13,
        "tag": "504",
        "indicatorIndex": 0,
        "message": "Индикатор 1 поля 504 имеет недопустимое значение \"Ð\"."
      }
    },
    "IN-G3: Индикатор 2 поля 504 имеет недопустимое значение \"µ\".": {
      "count": 4,
      "first": {
        "recordIndex": 1204660,
        "byteOffset": 1019856042,
        "rule": "IN-G3",
        "fieldIndex": 13,
        "tag": "504",
        "indicatorIndex": 1,
        "message": "Индикатор 2 поля 504 имеет недопустимое значение \"µ\"."
      }
    },
    "IN-G3: Индикатор 1 поля 650 имеет недопустимое значение \"º\".": {
      "count": 11,
      "first": {
        "recordIndex": 1204660,
        "byteOffset": 1019856042,
        "rule": "IN-G3",
        "fieldIndex": 16,
        "tag": "650",
        "indicatorIndex": 0,
        "message": "Индикатор 1 поля 650 имеет недопустимое значение \"º\"."
      }
    },
    "IN-G3: Индикатор 1 поля 650 имеет недопустимое значение \"¹\".": {
      "count": 7,
      "first": {
        "recordIndex": 1204660,
        "byteOffset": 1019856042,
        "rule": "IN-G3",
        "fieldIndex": 17,
        "tag": "650",
        "indicatorIndex": 0,
        "message": "Индикатор 1 поля 650 имеет недопустимое значение \"¹\"."
      }
    },
    "IN-G3: Индикатор 1 поля 700 имеет недопустимое значение \"\".": {
      "count": 11,
      "first": {
        "recordIndex": 1204660,
        "byteOffset": 1019856042,
        "rule": "IN-G3",
        "fieldIndex": 20,
        "tag": "700",
        "indicatorIndex": 0,
        "message": "Индикатор 1 поля 700 имеет недопустимое значение \"\"."
      }
    },
    "IN-G3: Индикатор 1 поля 700 имеет недопустимое значение \"½\".": {
      "count": 13,
      "first": {
        "recordIndex": 1204660,
        "byteOffset": 1019856042,
        "rule": "IN-G3",
        "fieldIndex": 21,
        "tag": "700",
        "indicatorIndex": 0,
        "message": "Индикатор 1 поля 700 имеет недопустимое значение \"½\"."
      }
    },
    "IN-G3: Индикатор 2 поля 700 имеет недопустимое значение \"Ñ\".": {
      "count": 58,
      "first": {
        "recordIndex": 1204660,
        "byteOffset": 1019856042,
        "rule": "IN-G3",
        "fieldIndex": 21,
        "tag": "700",
        "indicatorIndex": 1,
        "message": "Индикатор 2 поля 700 имеет недопустимое значение \"Ñ\"."
      }
    },
    "IN-G3: Индикатор 1 поля 710 имеет недопустимое значение \"Ð\".": {
      "count": 19,
      "first": {
        "recordIndex": 1204660,
        "byteOffset": 1019856042,
        "rule": "IN-G3",
        "fieldIndex": 22,
        "tag": "710",
        "indicatorIndex": 0,
        "message": "Индикатор 1 поля 710 имеет недопустимое значение \"Ð\"."
      }
    },
    "IN-G3: Индикатор 2 поля 710 имеет недопустимое значение \"°\".": {
      "count": 2,
      "first": {
        "recordIndex": 1204660,
        "byteOffset": 1019856042,
        "rule": "IN-G3",
        "fieldIndex": 22,
        "tag": "710",
        "indicatorIndex": 1,
        "message": "Индикатор 2 поля 710 имеет недопустимое значение \"°\"."
      }
    },
    "IN-G3: Индикатор 1 поля 912 имеет недопустимое значение \"Ñ\".": {
      "count": 57,
      "first": {
        "recordIndex": 1204660,
        "byteOffset": 1019856042,
        "rule": "IN-G3",
        "fieldIndex": 23,
        "tag": "912",
        "indicatorIndex": 0,
        "message": "Индикатор 1 поля 912 имеет недопустимое значение \"Ñ\"."
      }
    },
    "IN-G3: Индикатор 2 поля 912 имеет недопустимое значение \"\".": {
      "count": 12,
      "first": {
        "recordIndex": 1204660,
        "byteOffset": 1019856042,
        "rule": "IN-G3",
        "fieldIndex": 23,
        "tag": "912",
        "indicatorIndex": 1,
        "message": "Индикатор 2 поля 912 имеет недопустимое значение \"\"."
      }
    },
    "IN-G3: Индикатор 2 поля 336 имеет недопустимое значение \"[\".": {
      "count": 4,
      "first": {
        "recordIndex": 1204660,
        "byteOffset": 1019856042,
        "rule": "IN-G3",
        "fieldIndex": 25,
        "tag": "336",
        "indicatorIndex": 1,
        "message": "Индикатор 2 поля 336 имеет недопустимое значение \"[\"."
      }
    },
    "IN-G3: Индикатор 1 поля 245 имеет недопустимое значение \"¾\".": {
      "count": 7,
      "first": {
        "recordIndex": 1204661,
        "byteOffset": 1019857597,
        "rule": "IN-G3",
        "fieldIndex": 10,
        "tag": "245",
        "indicatorIndex": 0,
        "message": "Индикатор 1 поля 245 имеет недопустимое значение \"¾\"."
      }
    },
    "IN-G3: Индикатор 2 поля 245 имеет недопустимое значение \"Ñ\".": {
      "count": 36,
      "first": {
        "recordIndex": 1204661,
        "byteOffset": 1019857597,
        "rule": "IN-G3",
        "fieldIndex": 10,
        "tag": "245",
        "indicatorIndex": 1,
        "message": "Индикатор 2 поля 245 имеет недопустимое значение \"Ñ\"."
      }
    },
    "IN-G3: Индикатор 1 поля 260 имеет недопустимое значение \"[\".": {
      "count": 3,
      "first": {
        "recordIndex": 1204661,
        "byteOffset": 1019857597,
        "rule": "IN-G3",
        "fieldIndex": 11,
        "tag": "260",
        "indicatorIndex": 0,
        "message": "Индикатор 1 поля 260 имеет недопустимое значение \"[\"."
      }
    },
    "IN-G3: Индикатор 1 поля 650 имеет недопустимое значение \"\\u001e\".": {
      "count": 1,
      "first": {
        "recordIndex": 1204661,
        "byteOffset": 1019857597,
        "rule": "IN-G3",
        "fieldIndex": 15,
        "tag": "650",
        "indicatorIndex": 0,
        "message": "Индикатор 1 поля 650 имеет недопустимое значение \"\\u001e\"."
      }
    },
    "IN-G3: Индикатор 2 поля 912 имеет недопустимое значение \"¹\".": {
      "count": 10,
      "first": {
        "recordIndex": 1204661,
        "byteOffset": 1019857597,
        "rule": "IN-G3",
        "fieldIndex": 16,
        "tag": "912",
        "indicatorIndex": 1,
        "message": "Индикатор 2 поля 912 имеет недопустимое значение \"¹\"."
      }
    },
    "IN-G3: Индикатор 1 поля 337 имеет недопустимое значение \"\".": {
      "count": 10,
      "first": {
        "recordIndex": 1204661,
        "byteOffset": 1019857597,
        "rule": "IN-G3",
        "fieldIndex": 19,
        "tag": "337",
        "indicatorIndex": 0,
        "message": "Индикатор 1 поля 337 имеет недопустимое значение \"\"."
      }
    },
    "VF-G5: Подполе 2 поля 337 имеет недопустимый код \"\".": {
      "count": 9,
      "first": {
        "recordIndex": 1204661,
        "byteOffset": 1019857597,
        "rule": "VF-G5",
        "fieldIndex": 19,
        "tag": "337",
        "subfieldIndex": 1,
        "message": "Подполе 2 поля 337 имеет недопустимый код \"\"."
      }
    },
    "SF-G4: Подполе 2 поля 337 имеет недопустимый код \"\".": {
      "count": 9,
      "first": {
        "recordIndex": 1204661,
        "byteOffset": 1019857597,
        "rule": "SF-G4",
        "fieldIndex": 19,
        "tag": "337",
        "subfieldIndex": 1,
        "message": "Подполе 2 поля 337 имеет недопустимый код \"\"."
      }
    },
    "IN-G3: Индикатор 2 поля 245 имеет недопустимое значение \"º\".": {
      "count": 4,
      "first": {
        "recordIndex": 1204662,
        "byteOffset": 1019858352,
        "rule": "IN-G3",
        "fieldIndex": 10,
        "tag": "245",
        "indicatorIndex": 1,
        "message": "Индикатор 2 поля 245 имеет недопустимое значение \"º\"."
      }
    },
    "IN-G3: Индикатор 1 поля 260 имеет недопустимое значение \"\".": {
      "count": 1,
      "first": {
        "recordIndex": 1204662,
        "byteOffset": 1019858352,
        "rule": "IN-G3",
        "fieldIndex": 11,
        "tag": "260",
        "indicatorIndex": 0,
        "message": "Индикатор 1 поля 260 имеет недопустимое значение \"\"."
      }
    },
    "IN-G3: Индикатор 2 поля 300 имеет недопустимое значение \"\".": {
      "count": 8,
      "first": {
        "recordIndex": 1204662,
        "byteOffset": 1019858352,
        "rule": "IN-G3",
        "fieldIndex": 12,
        "tag": "300",
        "indicatorIndex": 1,
        "message": "Индикатор 2 поля 300 имеет недопустимое значение \"\"."
      }
    },
    "IN-G3: Индикатор 2 поля 650 имеет недопустимое значение \"¼\".": {
      "count": 10,
      "first": {
        "recordIndex": 1204662,
        "byteOffset": 1019858352,
        "rule": "IN-G3",
        "fieldIndex": 14,
        "tag": "650",
        "indicatorIndex": 1,
        "message": "Индикатор 2 поля 650 имеет недопустимое значение \"¼\"."
      }
    },
    "IN-G3: Индикатор 1 поля 912 имеет недопустимое значение \"\".": {
      "count": 12,
      "first": {
        "recordIndex": 1204662,
        "byteOffset": 1019858352,
        "rule": "IN-G3",
        "fieldIndex": 16,
        "tag": "912",
        "indicatorIndex": 0,
        "message": "Индикатор 1 поля 912 имеет недопустимое значение \"\"."
      }
    },
    "IN-G3: Индикатор 1 поля 336 имеет недопустимое значение \"¹\".": {
      "count": 8,
      "first": {
        "recordIndex": 1204662,
        "byteOffset": 1019858352,
        "rule": "IN-G3",
        "fieldIndex": 18,
        "tag": "336",
        "indicatorIndex": 0,
        "message": "Индикатор 1 поля 336 имеет недопустимое значение \"¹\"."
      }
    },
    "IN-G3: Индикатор 2 поля 260 имеет недопустимое значение \"\".": {
      "count": 9,
      "first": {
        "recordIndex": 1204663,
        "byteOffset": 1019859870,
        "rule": "IN-G3",
        "fieldIndex": 10,
        "tag": "260",
        "indicatorIndex": 1,
        "message": "Индикатор 2 поля 260 имеет недопустимое значение \"\"."
      }
    },
    "IN-G3: Индикатор 1 поля 300 имеет недопустимое значение \"»\".": {
      "count": 5,
      "first": {
        "recordIndex": 1204663,
        "byteOffset": 1019859870,
        "rule": "IN-G3",
        "fieldIndex": 11,
        "tag": "300",
        "indicatorIndex": 0,
        "message": "Индикатор 1 поля 300 имеет недопустимое значение \"»\"."
      }
    },
    "IN-G3: Индикатор 2 поля 520 имеет недопустимое значение \"\".": {
      "count": 1,
      "first": {
        "recordIndex": 1204663,
        "byteOffset": 1019859870,
        "rule": "IN-G3",
        "fieldIndex": 12,
        "tag": "520",
        "indicatorIndex": 1,
        "message": "Индикатор 2 поля 520 имеет недопустимое значение \"\"."
      }
    },
    "IN-G3: Индикатор 2 поля 650 имеет недопустимое значение \"º\".": {
      "count": 14,
      "first": {
        "recordIndex": 1204663,
        "byteOffset": 1019859870,
        "rule": "IN-G3",
        "fieldIndex": 13,
        "tag": "650",
        "indicatorIndex": 1,
        "message": "Индикатор 2 поля 650 имеет недопустимое значение \"º\"."
      }
    },
    "IN-G3: Индикатор 1 поля 700 имеет недопустимое значение \"¹\".": {
      "count": 4,
      "first": {
        "recordIndex": 1204663,
        "byteOffset": 1019859870,
        "rule": "IN-G3",
        "fieldIndex": 14,
        "tag": "700",
        "indicatorIndex": 0,
        "message": "Индикатор 1 поля 700 имеет недопустимое значение \"¹\"."
      }
    },
    "IN-G3: Индикатор 2 поля 700 имеет недопустимое значение \"¿\".": {
      "count": 5,
      "first": {
        "recordIndex": 1204663,
        "byteOffset": 1019859870,
        "rule": "IN-G3",
        "fieldIndex": 15,
        "tag": "700",
        "indicatorIndex": 1,
        "message": "Индикатор 2 поля 700 имеет недопустимое значение \"¿\"."
      }
    },
    "IN-G3: Индикатор 1 поля 912 имеет недопустимое значение \"º\".": {
      "count": 6,
      "first": {
        "recordIndex": 1204663,
        "byteOffset": 1019859870,
        "rule": "IN-G3",
        "fieldIndex": 16,
        "tag": "912",
        "indicatorIndex": 0,
        "message": "Индикатор 1 поля 912 имеет недопустимое значение \"º\"."
      }
    },
    "IN-G3: Индикатор 2 поля 336 имеет недопустимое значение \"¸\".": {
      "count": 11,
      "first": {
        "recordIndex": 1204663,
        "byteOffset": 1019859870,
        "rule": "IN-G3",
        "fieldIndex": 18,
        "tag": "336",
        "indicatorIndex": 1,
        "message": "Индикатор 2 поля 336 имеет недопустимое значение \"¸\"."
      }
    },
    "IN-G3: Индикатор 1 поля 337 имеет недопустимое значение \"µ\".": {
      "count": 21,
      "first": {
        "recordIndex": 1204663,
        "byteOffset": 1019859870,
        "rule": "IN-G3",
        "fieldIndex": 19,
        "tag": "337",
        "indicatorIndex": 0,
        "message": "Индикатор 1 поля 337 имеет недопустимое значение \"µ\"."
      }
    },
    "IN-G3: Индикатор 1 поля 245 имеет недопустимое значение \"º\".": {
      "count": 8,
      "first": {
        "recordIndex": 1204664,
        "byteOffset": 1019861153,
        "rule": "IN-G3",
        "fieldIndex": 10,
        "tag": "245",
        "indicatorIndex": 0,
        "message": "Индикатор 1 поля 245 имеет недопустимое значение \"º\"."
      }
    },
    "DF-G3: Поле 245 не содержит кода подполя.": {
      "count": 23,
      "first": {
        "recordIndex": 1204664,
        "byteOffset": 1019861153,
        "rule": "DF-G3",
        "fieldIndex": 10,
        "tag": "245",
        "message": "Поле 245 не содержит кода подполя."
      }
    },
    "IN-G3: Индикатор 1 поля 260 имеет недопустимое значение \"\\u001e\".": {
      "count": 1,
      "first": {
        "recordIndex": 1204664,
        "byteOffset": 1019861153,
        "rule": "IN-G3",
        "fieldIndex": 11,
        "tag": "260",
        "indicatorIndex": 0,
        "message": "Индикатор 1 поля 260 имеет недопустимое значение \"\\u001e\"."
      }
    },
    "IN-G3: Индикатор 1 поля 300 имеет недопустимое значение \"\".": {
      "count": 1,
      "first": {
        "recordIndex": 1204664,
        "byteOffset": 1019861153,
        "rule": "IN-G3",
        "fieldIndex": 12,
        "tag": "300",
        "indicatorIndex": 0,
        "message": "Индикатор 1 поля 300 имеет недопустимое значение \"\"."
      }
    },
    "DF-G2: Поле 520 содержит 0 индикатор(а), ожидалось 2.": {
      "count": 22,
      "first": {
        "recordIndex": 1204664,
        "byteOffset": 1019861153,
        "rule": "DF-G2",
        "fieldIndex": 13,
        "tag": "520",
        "message": "Поле 520 содержит 0 индикатор(а), ожидалось 2."
      }
    },
    "IN-G3: Индикатор 2 поля 650 имеет недопустимое значение \"°\".": {
      "count": 31,
      "first": {
        "recordIndex": 1204664,
        "byteOffset": 1019861153,
        "rule": "IN-G3",
        "fieldIndex": 14,
        "tag": "650",
        "indicatorIndex": 1,
        "message": "Индикатор 2 поля 650 имеет недопустимое значение \"°\"."
      }
    },
    "IN-G3: Индикатор 1 поля 650 имеет недопустимое значение \"´\".": {
      "count": 7,
      "first": {
        "recordIndex": 1204664,
        "byteOffset": 1019861153,
        "rule": "IN-G3",
        "fieldIndex": 15,
        "tag": "650",
        "indicatorIndex": 0,
        "message": "Индикатор 1 поля 650 имеет недопустимое значение \"´\"."
      }
    },
    "IN-G3: Индикатор 2 поля 336 имеет недопустимое значение \"º\".": {
      "count": 12,
      "first": {
        "recordIndex": 1204664,
        "byteOffset": 1019861153,
        "rule": "IN-G3",
        "fieldIndex": 18,
        "tag": "336",
        "indicatorIndex": 1,
        "message": "Индикатор 2 поля 336 имеет недопустимое значение \"º\"."
      }
    },
    "DF-G2: Поле 260 содержит 0 индикатор(а), ожидалось 2.": {
      "count": 15,
      "first": {
        "recordIndex": 1204665,
        "byteOffset": 1019861894,
        "rule": "DF-G2",
        "fieldIndex": 11,
        "tag": "260",
        "message": "Поле 260 содержит 0 индикатор(а), ожидалось 2."
      }
    },
    "IN-G3: Индикатор 1 поля 300 имеет недопустимое значение \"¢\".": {
      "count": 1,
      "first": {
        "recordIndex": 1204665,
        "byteOffset": 1019861894,
        "rule": "IN-G3",
        "fieldIndex": 12,
        "tag": "300",
        "indicatorIndex": 0,
        "message": "Индикатор 1 поля 300 имеет недопустимое значение \"¢\"."
      }
    },
    "DF-G2: Поле 520 содержит 1 индикатор(а), ожидалось 2.": {
      "count": 23,
      "first": {
        "recordIndex": 1204665,
        "byteOffset": 1019861894,
        "rule": "DF-G2",
        "fieldIndex": 13,
        "tag": "520",
        "message": "Поле 520 содержит 1 индикатор(а), ожидалось 2."
      }
    },
    "IN-G3: Индикатор 1 поля 520 имеет недопустимое значение \"¼\".": {
      "count": 3,
      "first": {
        "recordIndex": 1204665,
        "byteOffset": 1019861894,
        "rule": "IN-G3",
        "fieldIndex": 13,
        "tag": "520",
        "indicatorIndex": 0,
        "message": "Индикатор 1 поля 520 имеет недопустимое значение \"¼\"."
      }
    },
    "IN-G3: Индикатор 2 поля 650 имеет недопустимое значение \"\".": {
      "count": 9,
      "first": {
        "recordIndex": 1204665,
        "byteOffset": 1019861894,
        "rule": "IN-G3",
        "fieldIndex": 14,
        "tag": "650",
        "indicatorIndex": 1,
        "message": "Индикатор 2 поля 650 имеет недопустимое значение \"\"."
      }
    },
    "IN-G3: Индикатор 2 поля 650 имеет недопустимое значение \"·\".": {
      "count": 3,
      "first": {
        "recordIndex": 1204665,
        "byteOffset": 1019861894,
        "rule": "IN-G3",
        "fieldIndex": 15,
        "tag": "650",
        "indicatorIndex": 1,
        "message": "Индикатор 2 поля 650 имеет недопустимое значение \"·\"."
      }
    },
    "IN-G3: Индикатор 1 поля 336 имеет недопустимое значение \"¼\".": {
      "count": 3,
      "first": {
        "recordIndex": 1204665,
        "byteOffset": 1019861894,
        "rule": "IN-G3",
        "fieldIndex": 18,
        "tag": "336",
        "indicatorIndex": 0,
        "message": "Индикатор 1 поля 336 имеет недопустимое значение \"¼\"."
      }
    },
    "IN-G3: Индикатор 1 поля 337 имеет недопустимое значение \"\".": {
      "count": 13,
      "first": {
        "recordIndex": 1204665,
        "byteOffset": 1019861894,
        "rule": "IN-G3",
        "fieldIndex": 19,
        "tag": "337",
        "indicatorIndex": 0,
        "message": "Индикатор 1 поля 337 имеет недопустимое значение \"\"."
      }
    },
    "IN-G3: Индикатор 1 поля 300 имеет недопустимое значение \"²\".": {
      "count": 6,
      "first": {
        "recordIndex": 1204666,
        "byteOffset": 1019862650,
        "rule": "IN-G3",
        "fieldIndex": 11,
        "tag": "300",
        "indicatorIndex": 0,
        "message": "Индикатор 1 поля 300 имеет недопустимое значение \"²\"."
      }
    },
    "IN-G3: Индикатор 1 поля 500 имеет недопустимое значение \"Ñ\".": {
      "count": 5,
      "first": {
        "recordIndex": 1204666,
        "byteOffset": 1019862650,
        "rule": "IN-G3",
        "fieldIndex": 12,
        "tag": "500",
        "indicatorIndex": 0,
        "message": "Индикатор 1 поля 500 имеет недопустимое значение \"Ñ\"."
      }
    },
    "IN-G3: Индикатор 2 поля 500 имеет недопустимое значение \"\".": {
      "count": 2,
      "first": {
        "recordIndex": 1204666,
        "byteOffset": 1019862650,
        "rule": "IN-G3",
        "fieldIndex": 12,
        "tag": "500",
        "indicatorIndex": 1,
        "message": "Индикатор 2 поля 500 имеет недопустимое значение \"\"."
      }
    },
    "IN-G3: Индикатор 2 поля 710 имеет недопустимое значение \"¿\".": {
      "count": 1,
      "first": {
        "recordIndex": 1204666,
        "byteOffset": 1019862650,
        "rule": "IN-G3",
        "fieldIndex": 14,
        "tag": "710",
        "indicatorIndex": 1,
        "message": "Индикатор 2 поля 710 имеет недопустимое значение \"¿\"."
      }
    },
    "IN-G3: Индикатор 1 поля 912 имеет недопустимое значение \"°\".": {
      "count": 23,
      "first": {
        "recordIndex": 1204666,
        "byteOffset": 1019862650,
        "rule": "IN-G3",
        "fieldIndex": 15,
        "tag": "912",
        "indicatorIndex": 0,
        "message": "Индикатор 1 поля 912 имеет недопустимое значение \"°\"."
      }
    },
    "IN-G3: Индикатор 2 поля 336 имеет недопустимое значение \"\".": {
      "count": 13,
      "first": {
        "recordIndex": 1204666,
        "byteOffset": 1019862650,
        "rule": "IN-G3",
        "fieldIndex": 17,
        "tag": "336",
        "indicatorIndex": 1,
        "message": "Индикатор 2 поля 336 имеет недопустимое значение \"\"."
      }
    },
    "IN-G3: Индикатор 2 поля 337 имеет недопустимое значение \"½\".": {
      "count": 10,
      "first": {
        "recordIndex": 1204666,
        "byteOffset": 1019862650,
        "rule": "IN-G3",
        "fieldIndex": 18,
        "tag": "337",
        "indicatorIndex": 1,
        "message": "Индикатор 2 поля 337 имеет недопустимое значение \"½\"."
      }
    },
    "IN-G3: Индикатор 2 поля 520 имеет недопустимое значение \"¹\".": {
      "count": 9,
      "first": {
        "recordIndex": 1204667,
        "byteOffset": 1019863702,
        "rule": "IN-G3",
        "fieldIndex": 12,
        "tag": "520",
        "indicatorIndex": 1,
        "message": "Индикатор 2 поля 520 имеет недопустимое значение \"¹\"."
      }
    },
    "IN-G3: Индикатор 1 поля 650 имеет недопустимое значение \"¸\".": {
      "count": 20,
      "first": {
        "recordIndex": 1204667,
        "byteOffset": 1019863702,
        "rule": "IN-G3",
        "fieldIndex": 13,
        "tag": "650",
        "indicatorIndex": 0,
        "message": "Индикатор 1 поля 650 имеет недопустимое значение \"¸\"."
      }
    },
    "IN-G3: Индикатор 1 поля 710 имеет недопустимое значение \"\".": {
      "count": 1,
      "first": {
        "recordIndex": 1204667,
        "byteOffset": 1019863702,
        "rule": "IN-G3",
        "fieldIndex": 14,
        "tag": "710",
        "indicatorIndex": 0,
        "message": "Индикатор 1 поля 710 имеет недопустимое значение \"\"."
      }
    },
    "IN-G3: Индикатор 1 поля 773 имеет недопустимое значение \"Ð\".": {
      "count": 12,
      "first": {
        "recordIndex": 1204667,
        "byteOffset": 1019863702,
        "rule": "IN-G3",
        "fieldIndex": 15,
        "tag": "773",
        "indicatorIndex": 0,
        "message": "Индикатор 1 поля 773 имеет недопустимое значение \"Ð\"."
      }
    },
    "IN-G3: Индикатор 2 поля 773 имеет недопустимое значение \"´\".": {
      "count": 1,
      "first": {
        "recordIndex": 1204667,
        "byteOffset": 1019863702,
        "rule": "IN-G3",
        "fieldIndex": 15,
        "tag": "773",
        "indicatorIndex": 1,
        "message": "Индикатор 2 поля 773 имеет недопустимое значение \"´\"."
      }
    },
    "IN-G3: Индикатор 1 поля 912 имеет недопустимое значение \"¾\".": {
      "count": 25,
      "first": {
        "recordIndex": 1204667,
        "byteOffset": 1019863702,
        "rule": "IN-G3",
        "fieldIndex": 16,
        "tag": "912",
        "indicatorIndex": 0,
        "message": "Индикатор 1 поля 912 имеет недопустимое значение \"¾\"."
      }
    },
    "IN-G3: Индикатор 1 поля 336 имеет недопустимое значение \"\".": {
      "count": 21,
      "first": {
        "recordIndex": 1204667,
        "byteOffset": 1019863702,
        "rule": "IN-G3",
        "fieldIndex": 18,
        "tag": "336",
        "indicatorIndex": 0,
        "message": "Индикатор 1 поля 336 имеет недопустимое значение \"\"."
      }
    },
    "IN-G3: Индикатор 2 поля 336 имеет недопустимое значение \".\".": {
      "count": 20,
      "first": {
        "recordIndex": 1204667,
        "byteOffset": 1019863702,
        "rule": "IN-G3",
        "fieldIndex": 18,
        "tag": "336",
        "indicatorIndex": 1,
        "message": "Индикатор 2 поля 336 имеет недопустимое значение \".\"."
      }
    },
    "IN-G3: Индикатор 2 поля 260 имеет недопустимое значение \"°\".": {
      "count": 19,
      "first": {
        "recordIndex": 1204668,
        "byteOffset": 1019864881,
        "rule": "IN-G3",
        "fieldIndex": 10,
        "tag": "260",
        "indicatorIndex": 1,
        "message": "Индикатор 2 поля 260 имеет недопустимое значение \"°\"."
      }
    },
    "IN-G3: Индикатор 2 поля 300 имеет недопустимое значение \"\".": {
      "count": 7,
      "first": {
        "recordIndex": 1204668,
        "byteOffset": 1019864881,
        "rule": "IN-G3",
        "fieldIndex": 11,
        "tag": "300",
        "indicatorIndex": 1,
        "message": "Индикатор 2 поля 300 имеет недопустимое значение \"\"."
      }
    },
    "IN-G3: Индикатор 1 поля 504 имеет недопустимое значение \"¾\".": {
      "count": 4,
      "first": {
        "recordIndex": 1204668,
        "byteOffset": 1019864881,
        "rule": "IN-G3",
        "fieldIndex": 12,
        "tag": "504",
        "indicatorIndex": 0,
        "message": "Индикатор 1 поля 504 имеет недопустимое значение \"¾\"."
      }
    },
    "IN-G3: Индикатор 2 поля 520 имеет недопустимое значение \"\".": {
      "count": 4,
      "first": {
        "recordIndex": 1204668,
        "byteOffset": 1019864881,
        "rule": "IN-G3",
        "fieldIndex": 13,
        "tag": "520",
        "indicatorIndex": 1,
        "message": "Индикатор 2 поля 520 имеет недопустимое значение \"\"."
      }
    },
    "IN-G3: Индикатор 2 поля 650 имеет недопустимое значение \"\".": {
      "count": 9,
      "first": {
        "recordIndex": 1204668,
        "byteOffset": 1019864881,
        "rule": "IN-G3",
        "fieldIndex": 14,
        "tag": "650",
        "indicatorIndex": 1,
        "message": "Индикатор 2 поля 650 имеет недопустимое значение \"\"."
      }
    },
    "IN-G3: Индикатор 1 поля 700 имеет недопустимое значение \"¸\".": {
      "count": 20,
      "first": {
        "recordIndex": 1204668,
        "byteOffset": 1019864881,
        "rule": "IN-G3",
        "fieldIndex": 15,
        "tag": "700",
        "indicatorIndex": 0,
        "message": "Индикатор 1 поля 700 имеет недопустимое значение \"¸\"."
      }
    },
    "IN-G3: Индикатор 2 поля 710 имеет недопустимое значение \"\".": {
      "count": 1,
      "first": {
        "recordIndex": 1204668,
        "byteOffset": 1019864881,
        "rule": "IN-G3",
        "fieldIndex": 16,
        "tag": "710",
        "indicatorIndex": 1,
        "message": "Индикатор 2 поля 710 имеет недопустимое значение \"\"."
      }
    },
    "IN-G3: Индикатор 1 поля 912 имеет недопустимое значение \"¼\".": {
      "count": 4,
      "first": {
        "recordIndex": 1204668,
        "byteOffset": 1019864881,
        "rule": "IN-G3",
        "fieldIndex": 17,
        "tag": "912",
        "indicatorIndex": 0,
        "message": "Индикатор 1 поля 912 имеет недопустимое значение \"¼\"."
      }
    },
    "IN-G3: Индикатор 1 поля 336 имеет недопустимое значение \"³\".": {
      "count": 6,
      "first": {
        "recordIndex": 1204668,
        "byteOffset": 1019864881,
        "rule": "IN-G3",
        "fieldIndex": 19,
        "tag": "336",
        "indicatorIndex": 0,
        "message": "Индикатор 1 поля 336 имеет недопустимое значение \"³\"."
      }
    },
    "IN-G3: Индикатор 1 поля 337 имеет недопустимое значение \"²\".": {
      "count": 9,
      "first": {
        "recordIndex": 1204668,
        "byteOffset": 1019864881,
        "rule": "IN-G3",
        "fieldIndex": 20,
        "tag": "337",
        "indicatorIndex": 0,
        "message": "Индикатор 1 поля 337 имеет недопустимое значение \"²\"."
      }
    },
    "IN-G3: Индикатор 1 поля 260 имеет недопустимое значение \"¹\".": {
      "count": 5,
      "first": {
        "recordIndex": 1204669,
        "byteOffset": 1019866381,
        "rule": "IN-G3",
        "fieldIndex": 10,
        "tag": "260",
        "indicatorIndex": 0,
        "message": "Индикатор 1 поля 260 имеет недопустимое значение \"¹\"."
      }
    },
    "IN-G3: Индикатор 2 поля 260 имеет недопустимое значение \",\".": {
      "count": 3,
      "first": {
        "recordIndex": 1204669,
        "byteOffset": 1019866381,
        "rule": "IN-G3",
        "fieldIndex": 10,
        "tag": "260",
        "indicatorIndex": 1,
        "message": "Индикатор 2 поля 260 имеет недопустимое значение \",\"."
      }
    },
    "IN-G3: Индикатор 1 поля 300 имеет недопустимое значение \"¡\".": {
      "count": 2,
      "first": {
        "recordIndex": 1204669,
        "byteOffset": 1019866381,
        "rule": "IN-G3",
        "fieldIndex": 11,
        "tag": "300",
        "indicatorIndex": 0,
        "message": "Индикатор 1 поля 300 имеет недопустимое значение \"¡\"."
      }
    },
    "IN-G3: Индикатор 2 поля 300 имеет недопустимое значение \".\".": {
      "count": 5,
      "first": {
        "recordIndex": 1204669,
        "byteOffset": 1019866381,
        "rule": "IN-G3",
        "fieldIndex": 11,
        "tag": "300",
        "indicatorIndex": 1,
        "message": "Индикатор 2 поля 300 имеет недопустимое значение \".\"."
      }
    },
    "IN-G3: Индикатор 2 поля 504 имеет недопустимое значение \"\".": {
      "count": 1,
      "first": {
        "recordIndex": 1204669,
        "byteOffset": 1019866381,
        "rule": "IN-G3",
        "fieldIndex": 12,
        "tag": "504",
        "indicatorIndex": 1,
        "message": "Индикатор 2 поля 504 имеет недопустимое значение \"\"."
      }
    },
    "IN-G3: Индикатор 2 поля 700 имеет недопустимое значение \"¸\".": {
      "count": 18,
      "first": {
        "recordIndex": 1204669,
        "byteOffset": 1019866381,
        "rule": "IN-G3",
        "fieldIndex": 15,
        "tag": "700",
        "indicatorIndex": 1,
        "message": "Индикатор 2 поля 700 имеет недопустимое значение \"¸\"."
      }
    },
    "IN-G3: Индикатор 2 поля 700 имеет недопустимое значение \"\".": {
      "count": 1,
      "first": {
        "recordIndex": 1204669,
        "byteOffset": 1019866381,
        "rule": "IN-G3",
        "fieldIndex": 16,
        "tag": "700",
        "indicatorIndex": 1,
        "message": "Индикатор 2 поля 700 имеет недопустимое значение \"\"."
      }
    },
    "IN-G3: Индикатор 2 поля 700 имеет недопустимое значение \"³\".": {
      "count": 3,
      "first": {
        "recordIndex": 1204669,
        "byteOffset": 1019866381,
        "rule": "IN-G3",
        "fieldIndex": 17,
        "tag": "700",
        "indicatorIndex": 1,
        "message": "Индикатор 2 поля 700 имеет недопустимое значение \"³\"."
      }
    },
    "IN-G3: Индикатор 1 поля 336 имеет недопустимое значение \".\".": {
      "count": 9,
      "first": {
        "recordIndex": 1204669,
        "byteOffset": 1019866381,
        "rule": "IN-G3",
        "fieldIndex": 20,
        "tag": "336",
        "indicatorIndex": 0,
        "message": "Индикатор 1 поля 336 имеет недопустимое значение \".\"."
      }
    },
    "IN-G3: Индикатор 2 поля 336 имеет недопустимое значение \"]\".": {
      "count": 2,
      "first": {
        "recordIndex": 1204669,
        "byteOffset": 1019866381,
        "rule": "IN-G3",
        "fieldIndex": 20,
        "tag": "336",
        "indicatorIndex": 1,
        "message": "Индикатор 2 поля 336 имеет недопустимое значение \"]\"."
      }
    },
    "IN-G3: Индикатор 1 поля 260 имеет недопустимое значение \"\".": {
      "count": 7,
      "first": {
        "recordIndex": 1204670,
        "byteOffset": 1019868210,
        "rule": "IN-G3",
        "fieldIndex": 10,
        "tag": "260",
        "indicatorIndex": 0,
        "message": "Индикатор 1 поля 260 имеет недопустимое значение \"\"."
      }
    },
    "DF-G2: Поле 300 содержит 1 индикатор(а), ожидалось 2.": {
      "count": 11,
      "first": {
        "recordIndex": 1204670,
        "byteOffset": 1019868210,
        "rule": "DF-G2",
        "fieldIndex": 11,
        "tag": "300",
        "message": "Поле 300 содержит 1 индикатор(а), ожидалось 2."
      }
    },
    "IN-G3: Индикатор 1 поля 490 имеет недопустимое значение \"¾\".": {
      "count": 12,
      "first": {
        "recordIndex": 1204670,
        "byteOffset": 1019868210,
        "rule": "IN-G3",
        "fieldIndex": 12,
        "tag": "490",
        "indicatorIndex": 0,
        "message": "Индикатор 1 поля 490 имеет недопустимое значение \"¾\"."
      }
    },
    "IN-G3: Индикатор 2 поля 504 имеет недопустимое значение \"½\".": {
      "count": 3,
      "first": {
        "recordIndex": 1204670,
        "byteOffset": 1019868210,
        "rule": "IN-G3",
        "fieldIndex": 13,
        "tag": "504",
        "indicatorIndex": 1,
        "message": "Индикатор 2 поля 504 имеет недопустимое значение \"½\"."
      }
    },
    "IN-G3: Индикатор 2 поля 650 имеет недопустимое значение \">\".": {
      "count": 1,
      "first": {
        "recordIndex": 1204670,
        "byteOffset": 1019868210,
        "rule": "IN-G3",
        "fieldIndex": 15,
        "tag": "650",
        "indicatorIndex": 1,
        "message": "Индикатор 2 поля 650 имеет недопустимое значение \">\"."
      }
    },
    "IN-G3: Индикатор 1 поля 700 имеет недопустимое значение \"µ\".": {
      "count": 17,
      "first": {
        "recordIndex": 1204670,
        "byteOffset": 1019868210,
        "rule": "IN-G3",
        "fieldIndex": 16,
        "tag": "700",
        "indicatorIndex": 0,
        "message": "Индикатор 1 поля 700 имеет недопустимое значение \"µ\"."
      }
    },
    "IN-G3: Индикатор 2 поля 337 имеет недопустимое значение \"¾\".": {
      "count": 19,
      "first": {
        "recordIndex": 1204670,
        "byteOffset": 1019868210,
        "rule": "IN-G3",
        "fieldIndex": 21,
        "tag": "337",
        "indicatorIndex": 1,
        "message": "Индикатор 2 поля 337 имеет недопустимое значение \"¾\"."
      }
    },
    "IN-G3: Индикатор 1 поля 245 имеет недопустимое значение \"½\".": {
      "count": 8,
      "first": {
        "recordIndex": 1204671,
        "byteOffset": 1019869762,
        "rule": "IN-G3",
        "fieldIndex": 10,
        "tag": "245",
        "indicatorIndex": 0,
        "message": "Индикатор 1 поля 245 имеет недопустимое значение \"½\"."
      }
    },
    "IN-G3: Индикатор 2 поля 245 имеет недопустимое значение \",\".": {
      "count": 6,
      "first": {
        "recordIndex": 1204671,
        "byteOffset": 1019869762,
        "rule": "IN-G3",
        "fieldIndex": 10,
        "tag": "245",
        "indicatorIndex": 1,
        "message": "Индикатор 2 поля 245 имеет недопустимое значение \",\"."
      }
    },
    "IN-G3: Индикатор 2 поля 300 имеет недопустимое значение \"½\".": {
      "count": 18,
      "first": {
        "recordIndex": 1204671,
        "byteOffset": 1019869762,
        "rule": "IN-G3",
        "fieldIndex": 12,
        "tag": "300",
        "indicatorIndex": 1,
        "message": "Индикатор 2 поля 300 имеет недопустимое значение \"½\"."
      }
    },
    "IN-G3: Индикатор 1 поля 490 имеет недопустимое значение \"¹\".": {
      "count": 2,
      "first": {
        "recordIndex": 1204671,
        "byteOffset": 1019869762,
        "rule": "IN-G3",
        "fieldIndex": 13,
        "tag": "490",
        "indicatorIndex": 0,
        "message": "Индикатор 1 поля 490 имеет недопустимое значение \"¹\"."
      }
    },
    "IN-G3: Индикатор 1 поля 504 имеет недопустимое значение \"°\".": {
      "count": 2,
      "first": {
        "recordIndex": 1204671,
        "byteOffset": 1019869762,
        "rule": "IN-G3",
        "fieldIndex": 14,
        "tag": "504",
        "indicatorIndex": 0,
        "message": "Индикатор 1 поля 504 имеет недопустимое значение \"°\"."
      }
    },
    "IN-G3: Индикатор 2 поля 504 имеет недопустимое значение \"Ð\".": {
      "count": 23,
      "first": {
        "recordIndex": 1204671,
        "byteOffset": 1019869762,
        "rule": "IN-G3",
        "fieldIndex": 14,
        "tag": "504",
        "indicatorIndex": 1,
        "message": "Индикатор 2 поля 504 имеет недопустимое значение \"Ð\"."
      }
    },
    "IN-G3: Индикатор 2 поля 650 имеет недопустимое значение \"´\".": {
      "count": 13,
      "first": {
        "recordIndex": 1204671,
        "byteOffset": 1019869762,
        "rule": "IN-G3",
        "fieldIndex": 16,
        "tag": "650",
        "indicatorIndex": 1,
        "message": "Индикатор 2 поля 650 имеет недопустимое значение \"´\"."
      }
    },
    "IN-G3: Индикатор 2 поля 336 имеет недопустимое значение \"\".": {
      "count": 3,
      "first": {
        "recordIndex": 1204671,
        "byteOffset": 1019869762,
        "rule": "IN-G3",
        "fieldIndex": 19,
        "tag": "336",
        "indicatorIndex": 1,
        "message": "Индикатор 2 поля 336 имеет недопустимое значение \"\"."
      }
    },
    "IN-G3: Индикатор 1 поля 260 имеет недопустимое значение \"°\".": {
      "count": 19,
      "first": {
        "recordIndex": 1204672,
        "byteOffset": 1019871411,
        "rule": "IN-G3",
        "fieldIndex": 10,
        "tag": "260",
        "indicatorIndex": 0,
        "message": "Индикатор 1 поля 260 имеет недопустимое значение \"°\"."
      }
    },
    "IN-G3: Индикатор 1 поля 300 имеет недопустимое значение \"\".": {
      "count": 9,
      "first": {
        "recordIndex": 1204672,
        "byteOffset": 1019871411,
        "rule": "IN-G3",
        "fieldIndex": 11,
        "tag": "300",
        "indicatorIndex": 0,
        "message": "Индикатор 1 поля 300 имеет недопустимое значение \"\"."
      }
    },
    "IN-G3: Индикатор 2 поля 500 имеет недопустимое значение \"¾\".": {
      "count": 3,
      "first": {
        "recordIndex": 1204672,
        "byteOffset": 1019871411,
        "rule": "IN-G3",
        "fieldIndex": 12,
        "tag": "500",
        "indicatorIndex": 1,
        "message": "Индикатор 2 поля 500 имеет недопустимое значение \"¾\"."
      }
    },
    "IN-G3: Индикатор 1 поля 600 имеет недопустимое значение \"´\".": {
      "count": 1,
      "first": {
        "recordIndex": 1204672,
        "byteOffset": 1019871411,
        "rule": "IN-G3",
        "fieldIndex": 13,
        "tag": "600",
        "indicatorIndex": 0,
        "message": "Индикатор 1 поля 600 имеет недопустимое значение \"´\"."
      }
    },
    "IN-G3: Индикатор 2 поля 600 имеет недопустимое значение \"Ð\".": {
      "count": 2,
      "first": {
        "recordIndex": 1204672,
        "byteOffset": 1019871411,
        "rule": "IN-G3",
        "fieldIndex": 13,
        "tag": "600",
        "indicatorIndex": 1,
        "message": "Индикатор 2 поля 600 имеет недопустимое значение \"Ð\"."
      }
    },
    "DF-G3: Поле 600 не содержит кода подполя.": {
      "count": 18,
      "first": {
        "recordIndex": 1204672,
        "byteOffset": 1019871411,
        "rule": "DF-G3",
        "fieldIndex": 13,
        "tag": "600",
        "message": "Поле 600 не содержит кода подполя."
      }
    },
    "IN-G3: Индикатор 1 поля 700 имеет недопустимое значение \"\".": {
      "count": 4,
      "first": {
        "recordIndex": 1204672,
        "byteOffset": 1019871411,
        "rule": "IN-G3",
        "fieldIndex": 15,
        "tag": "700",
        "indicatorIndex": 0,
        "message": "Индикатор 1 поля 700 имеет недопустимое значение \"\"."
      }
    },
    "IN-G3: Индикатор 1 поля 710 имеет недопустимое значение \"¾\".": {
      "count": 3,
      "first": {
        "recordIndex": 1204672,
        "byteOffset": 1019871411,
        "rule": "IN-G3",
        "fieldIndex": 16,
        "tag": "710",
        "indicatorIndex": 0,
        "message": "Индикатор 1 поля 710 имеет недопустимое значение \"¾\"."
      }
    },
    "IN-G3: Индикатор 2 поля 710 имеет недопустимое значение \"Ð\".": {
      "count": 17,
      "first": {
        "recordIndex": 1204672,
        "byteOffset": 1019871411,
        "rule": "IN-G3",
        "fieldIndex": 16,
        "tag": "710",
        "indicatorIndex": 1,
        "message": "Индикатор 2 поля 710 имеет недопустимое значение \"Ð\"."
      }
    },
    "DF-G2: Поле 711 содержит 1 индикатор(а), ожидалось 2.": {
      "count": 1,
      "first": {
        "recordIndex": 1204672,
        "byteOffset": 1019871411,
        "rule": "DF-G2",
        "fieldIndex": 17,
        "tag": "711",
        "message": "Поле 711 содержит 1 индикатор(а), ожидалось 2."
      }
    },
    "IN-G3: Индикатор 1 поля 711 имеет недопустимое значение \"£\".": {
      "count": 1,
      "first": {
        "recordIndex": 1204672,
        "byteOffset": 1019871411,
        "rule": "IN-G3",
        "fieldIndex": 17,
        "tag": "711",
        "indicatorIndex": 0,
        "message": "Индикатор 1 поля 711 имеет недопустимое значение \"£\"."
      }
    },
    "IN-G3: Индикатор 1 поля 912 имеет недопустимое значение \"¶\".": {
      "count": 2,
      "first": {
        "recordIndex": 1204672,
        "byteOffset": 1019871411,
        "rule": "IN-G3",
        "fieldIndex": 18,
        "tag": "912",
        "indicatorIndex": 0,
        "message": "Индикатор 1 поля 912 имеет недопустимое значение \"¶\"."
      }
    },
    "IN-G3: Индикатор 2 поля 337 имеет недопустимое значение \"°\".": {
      "count": 18,
      "first": {
        "recordIndex": 1204672,
        "byteOffset": 1019871411,
        "rule": "IN-G3",
        "fieldIndex": 21,
        "tag": "337",
        "indicatorIndex": 1,
        "message": "Индикатор 2 поля 337 имеет недопустимое значение \"°\"."
      }
    },
    "IN-G3: Индикатор 2 поля 260 имеет недопустимое значение \"¢\".": {
      "count": 1,
      "first": {
        "recordIndex": 1204673,
        "byteOffset": 1019872732,
        "rule": "IN-G3",
        "fieldIndex": 10,
        "tag": "260",
        "indicatorIndex": 1,
        "message": "Индикатор 2 поля 260 имеет недопустимое значение \"¢\"."
      }
    },
    "IN-G3: Индикатор 1 поля 600 имеет недопустимое значение \"Ð\".": {
      "count": 11,
      "first": {
        "recordIndex": 1204673,
        "byteOffset": 1019872732,
        "rule": "IN-G3",
        "fieldIndex": 13,
        "tag": "600",
        "indicatorIndex": 0,
        "message": "Индикатор 1 поля 600 имеет недопустимое значение \"Ð\"."
      }
    },
    "IN-G3: Индикатор 2 поля 600 имеет недопустимое значение \"µ\".": {
      "count": 3,
      "first": {
        "recordIndex": 1204673,
        "byteOffset": 1019872732,
        "rule": "IN-G3",
        "fieldIndex": 13,
        "tag": "600",
        "indicatorIndex": 1,
        "message": "Индикатор 2 поля 600 имеет недопустимое значение \"µ\"."
      }
    },
    "IN-G3: Индикатор 2 поля 710 имеет недопустимое значение \"\".": {
      "count": 1,
      "first": {
        "recordIndex": 1204673,
        "byteOffset": 1019872732,
        "rule": "IN-G3",
        "fieldIndex": 16,
        "tag": "710",
        "indicatorIndex": 1,
        "message": "Индикатор 2 поля 710 имеет недопустимое значение \"\"."
      }
    },
    "IN-G3: Индикатор 1 поля 711 имеет недопустимое значение \"Ð\".": {
      "count": 3,
      "first": {
        "recordIndex": 1204673,
        "byteOffset": 1019872732,
        "rule": "IN-G3",
        "fieldIndex": 17,
        "tag": "711",
        "indicatorIndex": 0,
        "message": "Индикатор 1 поля 711 имеет недопустимое значение \"Ð\"."
      }
    },
    "IN-G3: Индикатор 2 поля 711 имеет недопустимое значение \"¸\".": {
      "count": 2,
      "first": {
        "recordIndex": 1204673,
        "byteOffset": 1019872732,
        "rule": "IN-G3",
        "fieldIndex": 17,
        "tag": "711",
        "indicatorIndex": 1,
        "message": "Индикатор 2 поля 711 имеет недопустимое значение \"¸\"."
      }
    },
    "IN-G3: Индикатор 1 поля 773 имеет недопустимое значение \"°\".": {
      "count": 1,
      "first": {
        "recordIndex": 1204673,
        "byteOffset": 1019872732,
        "rule": "IN-G3",
        "fieldIndex": 18,
        "tag": "773",
        "indicatorIndex": 0,
        "message": "Индикатор 1 поля 773 имеет недопустимое значение \"°\"."
      }
    },
    "IN-G3: Индикатор 2 поля 773 имеет недопустимое значение \"Ð\".": {
      "count": 13,
      "first": {
        "recordIndex": 1204673,
        "byteOffset": 1019872732,
        "rule": "IN-G3",
        "fieldIndex": 18,
        "tag": "773",
        "indicatorIndex": 1,
        "message": "Индикатор 2 поля 773 имеет недопустимое значение \"Ð\"."
      }
    },
    "IN-G3: Индикатор 1 поля 912 имеет недопустимое значение \"\".": {
      "count": 1,
      "first": {
        "recordIndex": 1204673,
        "byteOffset": 1019872732,
        "rule": "IN-G3",
        "fieldIndex": 19,
        "tag": "912",
        "indicatorIndex": 0,
        "message": "Индикатор 1 поля 912 имеет недопустимое значение \"\"."
      }
    },
    "IN-G3: Индикатор 2 поля 245 имеет недопустимое значение \"°\".": {
      "count": 12,
      "first": {
        "recordIndex": 1204674,
        "byteOffset": 1019873918,
        "rule": "IN-G3",
        "fieldIndex": 9,
        "tag": "245",
        "indicatorIndex": 1,
        "message": "Индикатор 2 поля 245 имеет недопустимое значение \"°\"."
      }
    },
    "IN-G3: Индикатор 2 поля 260 имеет недопустимое значение \"\".": {
      "count": 6,
      "first": {
        "recordIndex": 1204674,
        "byteOffset": 1019873918,
        "rule": "IN-G3",
        "fieldIndex": 10,
        "tag": "260",
        "indicatorIndex": 1,
        "message": "Индикатор 2 поля 260 имеет недопустимое значение \"\"."
      }
    },
    "IN-G3: Индикатор 1 поля 700 имеет недопустимое значение \"\\u001e\".": {
      "count": 1,
      "first": {
        "recordIndex": 1204674,
        "byteOffset": 1019873918,
        "rule": "IN-G3",
        "fieldIndex": 14,
        "tag": "700",
        "indicatorIndex": 0,
        "message": "Индикатор 1 поля 700 имеет недопустимое значение \"\\u001e\"."
      }
    },
    "IN-G3: Индикатор 2 поля 700 имеет недопустимое значение \"¹\".": {
      "count": 4,
      "first": {
        "recordIndex": 1204674,
        "byteOffset": 1019873918,
        "rule": "IN-G3",
        "fieldIndex": 15,
        "tag": "700",
        "indicatorIndex": 1,
        "message": "Индикатор 2 поля 700 имеет недопустимое значение \"¹\"."
      }
    },
    "IN-G3: Индикатор 1 поля 336 имеет недопустимое значение \":\".": {
      "count": 1,
      "first": {
        "recordIndex": 1204674,
        "byteOffset": 1019873918,
        "rule": "IN-G3",
        "fieldIndex": 18,
        "tag": "336",
        "indicatorIndex": 0,
        "message": "Индикатор 1 поля 336 имеет недопустимое значение \":\"."
      }
    },
    "DF-G2: Поле 260 содержит 1 индикатор(а), ожидалось 2.": {
      "count": 11,
      "first": {
        "recordIndex": 1204675,
        "byteOffset": 1019874832,
        "rule": "DF-G2",
        "fieldIndex": 10,
        "tag": "260",
        "message": "Поле 260 содержит 1 индикатор(а), ожидалось 2."
      }
    },
    "IN-G3: Индикатор 1 поля 650 имеет недопустимое значение \"¿\".": {
      "count": 15,
      "first": {
        "recordIndex": 1204675,
        "byteOffset": 1019874832,
        "rule": "IN-G3",
        "fieldIndex": 13,
        "tag": "650",
        "indicatorIndex": 0,
        "message": "Индикатор 1 поля 650 имеет недопустимое значение \"¿\"."
      }
    },
    "IN-G3: Индикатор 1 поля 773 имеет недопустимое значение \"Ñ\".": {
      "count": 5,
      "first": {
        "recordIndex": 1204675,
        "byteOffset": 1019874832,
        "rule": "IN-G3",
        "fieldIndex": 17,
        "tag": "773",
        "indicatorIndex": 0,
        "message": "Индикатор 1 поля 773 имеет недопустимое значение \"Ñ\"."
      }
    },
    "IN-G3: Индикатор 2 поля 773 имеет недопустимое значение \"\".": {
      "count": 1,
      "first": {
        "recordIndex": 1204675,
        "byteOffset": 1019874832,
        "rule": "IN-G3",
        "fieldIndex": 17,
        "tag": "773",
        "indicatorIndex": 1,
        "message": "Индикатор 2 поля 773 имеет недопустимое значение \"\"."
      }
    },
    "IN-G3: Индикатор 2 поля 912 имеет недопустимое значение \"²\".": {
      "count": 9,
      "first": {
        "recordIndex": 1204675,
        "byteOffset": 1019874832,
        "rule": "IN-G3",
        "fieldIndex": 18,
        "tag": "912",
        "indicatorIndex": 1,
        "message": "Индикатор 2 поля 912 имеет недопустимое значение \"²\"."
      }
    },
    "IN-G3: Индикатор 2 поля 260 имеет недопустимое значение \"\".": {
      "count": 5,
      "first": {
        "recordIndex": 1204676,
        "byteOffset": 1019876184,
        "rule": "IN-G3",
        "fieldIndex": 10,
        "tag": "260",
        "indicatorIndex": 1,
        "message": "Индикатор 2 поля 260 имеет недопустимое значение \"\"."
      }
    },
    "IN-G3: Индикатор 1 поля 300 имеет недопустимое значение \"½\".": {
      "count": 17,
      "first": {
        "recordIndex": 1204676,
        "byteOffset": 1019876184,
        "rule": "IN-G3",
        "fieldIndex": 11,
        "tag": "300",
        "indicatorIndex": 0,
        "message": "Индикатор 1 поля 300 имеет недопустимое значение \"½\"."
      }
    },
    "IN-G3: Индикатор 2 поля 500 имеет недопустимое значение \"\".": {
      "count": 3,
      "first": {
        "recordIndex": 1204676,
        "byteOffset": 1019876184,
        "rule": "IN-G3",
        "fieldIndex": 12,
        "tag": "500",
        "indicatorIndex": 1,
        "message": "Индикатор 2 поля 500 имеет недопустимое значение \"\"."
      }
    },
    "IN-G3: Индикатор 1 поля 504 имеет недопустимое значение \"\\u001e\".": {
      "count": 2,
      "first": {
        "recordIndex": 1204676,
        "byteOffset": 1019876184,
        "rule": "IN-G3",
        "fieldIndex": 13,
        "tag": "504",
        "indicatorIndex": 0,
        "message": "Индикатор 1 поля 504 имеет недопустимое значение \"\\u001e\"."
      }
    },
    "IN-G3: Индикатор 1 поля 520 имеет недопустимое значение \"°\".": {
      "count": 8,
      "first": {
        "recordIndex": 1204676,
        "byteOffset": 1019876184,
        "rule": "IN-G3",
        "fieldIndex": 14,
        "tag": "520",
        "indicatorIndex": 0,
        "message": "Индикатор 1 поля 520 имеет недопустимое значение \"°\"."
      }
    },
    "IN-G3: Индикатор 1 поля 555 имеет недопустимое значение \"Ñ\".": {
      "count": 3,
      "first": {
        "recordIndex": 1204676,
        "byteOffset": 1019876184,
        "rule": "IN-G3",
        "fieldIndex": 15,
        "tag": "555",
        "indicatorIndex": 0,
        "message": "Индикатор 1 поля 555 имеет недопустимое значение \"Ñ\"."
      }
    },
    "IN-G3: Индикатор 2 поля 555 имеет недопустимое значение \"\".": {
      "count": 1,
      "first": {
        "recordIndex": 1204676,
        "byteOffset": 1019876184,
        "rule": "IN-G3",
        "fieldIndex": 15,
        "tag": "555",
        "indicatorIndex": 1,
        "message": "Индикатор 2 поля 555 имеет недопустимое значение \"\"."
      }
    },
    "DF-G3: Поле 555 не содержит кода подполя.": {
      "count": 9,
      "first": {
        "recordIndex": 1204676,
        "byteOffset": 1019876184,
        "rule": "DF-G3",
        "fieldIndex": 15,
        "tag": "555",
        "message": "Поле 555 не содержит кода подполя."
      }
    },
    "IN-G3: Индикатор 2 поля 650 имеет недопустимое значение \"\".": {
      "count": 1,
      "first": {
        "recordIndex": 1204676,
        "byteOffset": 1019876184,
        "rule": "IN-G3",
        "fieldIndex": 16,
        "tag": "650",
        "indicatorIndex": 1,
        "message": "Индикатор 2 поля 650 имеет недопустимое значение \"\"."
      }
    },
    "IN-G3: Индикатор 1 поля 700 имеет недопустимое значение \".\".": {
      "count": 3,
      "first": {
        "recordIndex": 1204676,
        "byteOffset": 1019876184,
        "rule": "IN-G3",
        "fieldIndex": 17,
        "tag": "700",
        "indicatorIndex": 0,
        "message": "Индикатор 1 поля 700 имеет недопустимое значение \".\"."
      }
    },
    "IN-G3: Индикатор 2 поля 700 имеет недопустимое значение \"\\u001e\".": {
      "count": 2,
      "first": {
        "recordIndex": 1204676,
        "byteOffset": 1019876184,
        "rule": "IN-G3",
        "fieldIndex": 17,
        "tag": "700",
        "indicatorIndex": 1,
        "message": "Индикатор 2 поля 700 имеет недопустимое значение \"\\u001e\"."
      }
    },
    "IN-G3: Индикатор 2 поля 710 имеет недопустимое значение \"½\".": {
      "count": 2,
      "first": {
        "recordIndex": 1204676,
        "byteOffset": 1019876184,
        "rule": "IN-G3",
        "fieldIndex": 18,
        "tag": "710",
        "indicatorIndex": 1,
        "message": "Индикатор 2 поля 710 имеет недопустимое значение \"½\"."
      }
    },
    "IN-G3: Индикатор 2 поля 711 имеет недопустимое значение \"¾\".": {
      "count": 1,
      "first": {
        "recordIndex": 1204676,
        "byteOffset": 1019876184,
        "rule": "IN-G3",
        "fieldIndex": 19,
        "tag": "711",
        "indicatorIndex": 1,
        "message": "Индикатор 2 поля 711 имеет недопустимое значение \"¾\"."
      }
    },
    "DF-G3: Поле 711 не содержит кода подполя.": {
      "count": 2,
      "first": {
        "recordIndex": 1204676,
        "byteOffset": 1019876184,
        "rule": "DF-G3",
        "fieldIndex": 19,
        "tag": "711",
        "message": "Поле 711 не содержит кода подполя."
      }
    },
    "IN-G3: Индикатор 1 поля 912 имеет недопустимое значение \"\".": {
      "count": 4,
      "first": {
        "recordIndex": 1204676,
        "byteOffset": 1019876184,
        "rule": "IN-G3",
        "fieldIndex": 20,
        "tag": "912",
        "indicatorIndex": 0,
        "message": "Индикатор 1 поля 912 имеет недопустимое значение \"\"."
      }
    },
    "IN-G3: Индикатор 2 поля 245 имеет недопустимое значение \"´\".": {
      "count": 2,
      "first": {
        "recordIndex": 1204677,
        "byteOffset": 1019877712,
        "rule": "IN-G3",
        "fieldIndex": 10,
        "tag": "245",
        "indicatorIndex": 1,
        "message": "Индикатор 2 поля 245 имеет недопустимое значение \"´\"."
      }
    },
    "IN-G3: Индикатор 2 поля 260 имеет недопустимое значение \"´\".": {
      "count": 7,
      "first": {
        "recordIndex": 1204677,
        "byteOffset": 1019877712,
        "rule": "IN-G3",
        "fieldIndex": 11,
        "tag": "260",
        "indicatorIndex": 1,
        "message": "Индикатор 2 поля 260 имеет недопустимое значение \"´\"."
      }
    },
    "IN-G3: Индикатор 1 поля 504 имеет недопустимое значение \"µ\".": {
      "count": 3,
      "first": {
        "recordIndex": 1204677,
        "byteOffset": 1019877712,
        "rule": "IN-G3",
        "fieldIndex": 14,
        "tag": "504",
        "indicatorIndex": 0,
        "message": "Индикатор 1 поля 504 имеет недопустимое значение \"µ\"."
      }
    },
    "IN-G3: Индикатор 2 поля 520 имеет недопустимое значение \"\".": {
      "count": 7,
      "first": {
        "recordIndex": 1204677,
        "byteOffset": 1019877712,
        "rule": "IN-G3",
        "fieldIndex": 15,
        "tag": "520",
        "indicatorIndex": 1,
        "message": "Индикатор 2 поля 520 имеет недопустимое значение \"\"."
      }
    },
    "IN-G3: Индикатор 1 поля 700 имеет недопустимое значение \"»\".": {
      "count": 8,
      "first": {
        "recordIndex": 1204677,
        "byteOffset": 1019877712,
        "rule": "IN-G3",
        "fieldIndex": 18,
        "tag": "700",
        "indicatorIndex": 0,
        "message": "Индикатор 1 поля 700 имеет недопустимое значение \"»\"."
      }
    },
    "IN-G3: Индикатор 2 поля 700 имеет недопустимое значение \"¶\".": {
      "count": 1,
      "first": {
        "recordIndex": 1204677,
        "byteOffset": 1019877712,
        "rule": "IN-G3",
        "fieldIndex": 19,
        "tag": "700",
        "indicatorIndex": 1,
        "message": "Индикатор 2 поля 700 имеет недопустимое значение \"¶\"."
      }
    },
    "IN-G3: Индикатор 2 поля 912 имеет недопустимое значение \"µ\".": {
      "count": 14,
      "first": {
        "recordIndex": 1204677,
        "byteOffset": 1019877712,
        "rule": "IN-G3",
        "fieldIndex": 20,
        "tag": "912",
        "indicatorIndex": 1,
        "message": "Индикатор 2 поля 912 имеет недопустимое значение \"µ\"."
      }
    },
    "IN-G3: Индикатор 2 поля 337 имеет недопустимое значение \"´\".": {
      "count": 3,
      "first": {
        "recordIndex": 1204677,
        "byteOffset": 1019877712,
        "rule": "IN-G3",
        "fieldIndex": 23,
        "tag": "337",
        "indicatorIndex": 1,
        "message": "Индикатор 2 поля 337 имеет недопустимое значение \"´\"."
      }
    },
    "IN-G3: Индикатор 2 поля 245 имеет недопустимое значение \"\".": {
      "count": 2,
      "first": {
        "recordIndex": 1204678,
        "byteOffset": 1019879642,
        "rule": "IN-G3",
        "fieldIndex": 10,
        "tag": "245",
        "indicatorIndex": 1,
        "message": "Индикатор 2 поля 245 имеет недопустимое значение \"\"."
      }
    },
    "IN-G3: Индикатор 1 поля 260 имеет недопустимое значение \"\".": {
      "count": 1,
      "first": {
        "recordIndex": 1204678,
        "byteOffset": 1019879642,
        "rule": "IN-G3",
        "fieldIndex": 11,
        "tag": "260",
        "indicatorIndex": 0,
        "message": "Индикатор 1 поля 260 имеет недопустимое значение \"\"."
      }
    },
    "IN-G3: Индикатор 2 поля 260 имеет недопустимое значение \".\".": {
      "count": 5,
      "first": {
        "recordIndex": 1204678,
        "byteOffset": 1019879642,
        "rule": "IN-G3",
        "fieldIndex": 11,
        "tag": "260",
        "indicatorIndex": 1,
        "message": "Индикатор 2 поля 260 имеет недопустимое значение \".\"."
      }
    },
    "IN-G3: Индикатор 2 поля 300 имеет недопустимое значение \" \".": {
      "count": 3,
      "first": {
        "recordIndex": 1204678,
        "byteOffset": 1019879642,
        "rule": "IN-G3",
        "fieldIndex": 12,
        "tag": "300",
        "indicatorIndex": 1,
        "message": "Индикатор 2 поля 300 имеет недопустимое значение \" \"."
      }
    },
    "IN-G3: Индикатор 1 поля 490 имеет недопустимое значение \"Ñ\".": {
      "count": 21,
      "first": {
        "recordIndex": 1204678,
        "byteOffset": 1019879642,
        "rule": "IN-G3",
        "fieldIndex": 13,
        "tag": "490",
        "indicatorIndex": 0,
        "message": "Индикатор 1 поля 490 имеет недопустимое значение \"Ñ\"."
      }
    },
    "IN-G3: Индикатор 2 поля 490 имеет недопустимое значение \"\".": {
      "count": 5,
      "first": {
        "recordIndex": 1204678,
        "byteOffset": 1019879642,
        "rule": "IN-G3",
        "fieldIndex": 13,
        "tag": "490",
        "indicatorIndex": 1,
        "message": "Индикатор 2 поля 490 имеет недопустимое значение \"\"."
      }
    },
    "IN-G3: Индикатор 2 поля 504 имеет недопустимое значение \"\".": {
      "count": 1,
      "first": {
        "recordIndex": 1204678,
        "byteOffset": 1019879642,
        "rule": "IN-G3",
        "fieldIndex": 14,
        "tag": "504",
        "indicatorIndex": 1,
        "message": "Индикатор 2 поля 504 имеет недопустимое значение \"\"."
      }
    },
    "IN-G3: Индикатор 2 поля 700 имеет недопустимое значение \"¼\".": {
      "count": 7,
      "first": {
        "recordIndex": 1204678,
        "byteOffset": 1019879642,
        "rule": "IN-G3",
        "fieldIndex": 17,
        "tag": "700",
        "indicatorIndex": 1,
        "message": "Индикатор 2 поля 700 имеет недопустимое значение \"¼\"."
      }
    },
    "IN-G3: Индикатор 2 поля 912 имеет недопустимое значение \"¾\".": {
      "count": 21,
      "first": {
        "recordIndex": 1204678,
        "byteOffset": 1019879642,
        "rule": "IN-G3",
        "fieldIndex": 19,
        "tag": "912",
        "indicatorIndex": 1,
        "message": "Индикатор 2 поля 912 имеет недопустимое значение \"¾\"."
      }
    },
    "IN-G3: Индикатор 2 поля 245 имеет недопустимое значение \"\".": {
      "count": 12,
      "first": {
        "recordIndex": 1204679,
        "byteOffset": 1019881333,
        "rule": "IN-G3",
        "fieldIndex": 10,
        "tag": "245",
        "indicatorIndex": 1,
        "message": "Индикатор 2 поля 245 имеет недопустимое значение \"\"."
      }
    },
    "IN-G3: Индикатор 2 поля 260 имеет недопустимое значение \"¼\".": {
      "count": 4,
      "first": {
        "recordIndex": 1204679,
        "byteOffset": 1019881333,
        "rule": "IN-G3",
        "fieldIndex": 11,
        "tag": "260",
        "indicatorIndex": 1,
        "message": "Индикатор 2 поля 260 имеет недопустимое значение \"¼\"."
      }
    },
    "IN-G3: Индикатор 2 поля 300 имеет недопустимое значение \"\".": {
      "count": 1,
      "first": {
        "recordIndex": 1204679,
        "byteOffset": 1019881333,
        "rule": "IN-G3",
        "fieldIndex": 12,
        "tag": "300",
        "indicatorIndex": 1,
        "message": "Индикатор 2 поля 300 имеет недопустимое значение \"\"."
      }
    },
    "IN-G3: Индикатор 2 поля 520 имеет недопустимое значение \"¾\".": {
      "count": 13,
      "first": {
        "recordIndex": 1204679,
        "byteOffset": 1019881333,
        "rule": "IN-G3",
        "fieldIndex": 14,
        "tag": "520",
        "indicatorIndex": 1,
        "message": "Индикатор 2 поля 520 имеет недопустимое значение \"¾\"."
      }
    },
    "IN-G3: Индикатор 2 поля 700 имеет недопустимое значение \"\".": {
      "count": 5,
      "first": {
        "recordIndex": 1204679,
        "byteOffset": 1019881333,
        "rule": "IN-G3",
        "fieldIndex": 18,
        "tag": "700",
        "indicatorIndex": 1,
        "message": "Индикатор 2 поля 700 имеет недопустимое значение \"\"."
      }
    },
    "IN-G3: Индикатор 2 поля 336 имеет недопустимое значение \"¾\".": {
      "count": 19,
      "first": {
        "recordIndex": 1204679,
        "byteOffset": 1019881333,
        "rule": "IN-G3",
        "fieldIndex": 21,
        "tag": "336",
        "indicatorIndex": 1,
        "message": "Индикатор 2 поля 336 имеет недопустимое значение \"¾\"."
      }
    },
    "IN-G3: Индикатор 1 поля 337 имеет недопустимое значение \"\".": {
      "count": 3,
      "first": {
        "recordIndex": 1204679,
        "byteOffset": 1019881333,
        "rule": "IN-G3",
        "fieldIndex": 22,
        "tag": "337",
        "indicatorIndex": 0,
        "message": "Индикатор 1 поля 337 имеет недопустимое значение \"\"."
      }
    },
    "IN-G3: Индикатор 1 поля 245 имеет недопустимое значение \"\".": {
      "count": 3,
      "first": {
        "recordIndex": 1204680,
        "byteOffset": 1019883257,
        "rule": "IN-G3",
        "fieldIndex": 10,
        "tag": "245",
        "indicatorIndex": 0,
        "message": "Индикатор 1 поля 245 имеет недопустимое значение \"\"."
      }
    },
    "IN-G3: Индикатор 1 поля 520 имеет недопустимое значение \"\".": {
      "count": 6,
      "first": {
        "recordIndex": 1204680,
        "byteOffset": 1019883257,
        "rule": "IN-G3",
        "fieldIndex": 13,
        "tag": "520",
        "indicatorIndex": 0,
        "message": "Индикатор 1 поля 520 имеет недопустимое значение \"\"."
      }
    },
    "IN-G3: Индикатор 2 поля 650 имеет недопустимое значение \",\".": {
      "count": 6,
      "first": {
        "recordIndex": 1204680,
        "byteOffset": 1019883257,
        "rule": "IN-G3",
        "fieldIndex": 14,
        "tag": "650",
        "indicatorIndex": 1,
        "message": "Индикатор 2 поля 650 имеет недопустимое значение \",\"."
      }
    },
    "IN-G3: Индикатор 1 поля 650 имеет недопустимое значение \"²\".": {
      "count": 14,
      "first": {
        "recordIndex": 1204680,
        "byteOffset": 1019883257,
        "rule": "IN-G3",
        "fieldIndex": 15,
        "tag": "650",
        "indicatorIndex": 0,
        "message": "Индикатор 1 поля 650 имеет недопустимое значение \"²\"."
      }
    },
    "IN-G3: Индикатор 2 поля 650 имеет недопустимое значение \"»\".": {
      "count": 12,
      "first": {
        "recordIndex": 1204680,
        "byteOffset": 1019883257,
        "rule": "IN-G3",
        "fieldIndex": 16,
        "tag": "650",
        "indicatorIndex": 1,
        "message": "Индикатор 2 поля 650 имеет недопустимое значение \"»\"."
      }
    },
    "IN-G3: Индикатор 1 поля 912 имеет недопустимое значение \"\".": {
      "count": 7,
      "first": {
        "recordIndex": 1204680,
        "byteOffset": 1019883257,
        "rule": "IN-G3",
        "fieldIndex": 17,
        "tag": "912",
        "indicatorIndex": 0,
        "message": "Индикатор 1 поля 912 имеет недопустимое значение \"\"."
      }
    },
    "IN-G3: Индикатор 1 поля 336 имеет недопустимое значение \"¸\".": {
      "count": 15,
      "first": {
        "recordIndex": 1204680,
        "byteOffset": 1019883257,
        "rule": "IN-G3",
        "fieldIndex": 19,
        "tag": "336",
        "indicatorIndex": 0,
        "message": "Индикатор 1 поля 336 имеет недопустимое значение \"¸\"."
      }
    },
    "IN-G3: Индикатор 2 поля 337 имеет недопустимое значение \"\".": {
      "count": 2,
      "first": {
        "recordIndex": 1204680,
        "byteOffset": 1019883257,
        "rule": "IN-G3",
        "fieldIndex": 20,
        "tag": "337",
        "indicatorIndex": 1,
        "message": "Индикатор 2 поля 337 имеет недопустимое значение \"\"."
      }
    },
    "IN-G3: Индикатор 2 поля 245 имеет недопустимое значение \"¸\".": {
      "count": 8,
      "first": {
        "recordIndex": 1204681,
        "byteOffset": 1019884469,
        "rule": "IN-G3",
        "fieldIndex": 11,
        "tag": "245",
        "indicatorIndex": 1,
        "message": "Индикатор 2 поля 245 имеет недопустимое значение \"¸\"."
      }
    },
    "IN-G3: Индикатор 1 поля 504 имеет недопустимое значение \"¹\".": {
      "count": 1,
      "first": {
        "recordIndex": 1204681,
        "byteOffset": 1019884469,
        "rule": "IN-G3",
        "fieldIndex": 15,
        "tag": "504",
        "indicatorIndex": 0,
        "message": "Индикатор 1 поля 504 имеет недопустимое значение \"¹\"."
      }
    },
    "IN-G3: Индикатор 2 поля 520 имеет недопустимое значение \"µ\".": {
      "count": 6,
      "first": {
        "recordIndex": 1204681,
        "byteOffset": 1019884469,
        "rule": "IN-G3",
        "fieldIndex": 16,
        "tag": "520",
        "indicatorIndex": 1,
        "message": "Индикатор 2 поля 520 имеет недопустимое значение \"µ\"."
      }
    },
    "IN-G3: Индикатор 1 поля 912 имеет недопустимое значение \"\".": {
      "count": 11,
      "first": {
        "recordIndex": 1204681,
        "byteOffset": 1019884469,
        "rule": "IN-G3",
        "fieldIndex": 19,
        "tag": "912",
        "indicatorIndex": 0,
        "message": "Индикатор 1 поля 912 имеет недопустимое значение \"\"."
      }
    },
    "IN-G3: Индикатор 1 поля 336 имеет недопустимое значение \",\".": {
      "count": 4,
      "first": {
        "recordIndex": 1204681,
        "byteOffset": 1019884469,
        "rule": "IN-G3",
        "fieldIndex": 21,
        "tag": "336",
        "indicatorIndex": 0,
        "message": "Индикатор 1 поля 336 имеет недопустимое значение \",\"."
      }
    },
    "IN-G3: Индикатор 2 поля 260 имеет недопустимое значение \"¸\".": {
      "count": 14,
      "first": {
        "recordIndex": 1204682,
        "byteOffset": 1019886222,
        "rule": "IN-G3",
        "fieldIndex": 11,
        "tag": "260",
        "indicatorIndex": 1,
        "message": "Индикатор 2 поля 260 имеет недопустимое значение \"¸\"."
      }
    },
    "IN-G3: Индикатор 1 поля 300 имеет недопустимое значение \"¹\".": {
      "count": 4,
      "first": {
        "recordIndex": 1204682,
        "byteOffset": 1019886222,
        "rule": "IN-G3",
        "fieldIndex": 12,
        "tag": "300",
        "indicatorIndex": 0,
        "message": "Индикатор 1 поля 300 имеет недопустимое значение \"¹\"."
      }
    },
    "IN-G3: Индикатор 2 поля 504 имеет недопустимое значение \"¹\".": {
      "count": 1,
      "first": {
        "recordIndex": 1204682,
        "byteOffset": 1019886222,
        "rule": "IN-G3",
        "fieldIndex": 14,
        "tag": "504",
        "indicatorIndex": 1,
        "message": "Индикатор 2 поля 504 имеет недопустимое значение \"¹\"."
      }
    },
    "IN-G3: Индикатор 1 поля 520 имеет недопустимое значение \"½\".": {
      "count": 8,
      "first": {
        "recordIndex": 1204682,
        "byteOffset": 1019886222,
        "rule": "IN-G3",
        "fieldIndex": 15,
        "tag": "520",
        "indicatorIndex": 0,
        "message": "Индикатор 1 поля 520 имеет недопустимое значение \"½\"."
      }
    },
    "IN-G3: Индикатор 2 поля 700 имеет недопустимое значение \"°\".": {
      "count": 13,
      "first": {
        "recordIndex": 1204682,
        "byteOffset": 1019886222,
        "rule": "IN-G3",
        "fieldIndex": 18,
        "tag": "700",
        "indicatorIndex": 1,
        "message": "Индикатор 2 поля 700 имеет недопустимое значение \"°\"."
      }
    },
    "IN-G3: Индикатор 1 поля 336 имеет недопустимое значение \"¤\".": {
      "count": 2,
      "first": {
        "recordIndex": 1204682,
        "byteOffset": 1019886222,
        "rule": "IN-G3",
        "fieldIndex": 21,
        "tag": "336",
        "indicatorIndex": 0,
        "message": "Индикатор 1 поля 336 имеет недопустимое значение \"¤\"."
      }
    },
    "IN-G3: Индикатор 1 поля 260 имеет недопустимое значение \"²\".": {
      "count": 5,
      "first": {
        "recordIndex": 1204683,
        "byteOffset": 1019888264,
        "rule": "IN-G3",
        "fieldIndex": 10,
        "tag": "260",
        "indicatorIndex": 0,
        "message": "Индикатор 1 поля 260 имеет недопустимое значение \"²\"."
      }
    },
    "IN-G3: Индикатор 2 поля 300 имеет недопустимое значение \"»\".": {
      "count": 11,
      "first": {
        "recordIndex": 1204683,
        "byteOffset": 1019888264,
        "rule": "IN-G3",
        "fieldIndex": 11,
        "tag": "300",
        "indicatorIndex": 1,
        "message": "Индикатор 2 поля 300 имеет недопустимое значение \"»\"."
      }
    },
    "IN-G3: Индикатор 1 поля 504 имеет недопустимое значение \"\".": {
      "count": 2,
      "first": {
        "recordIndex": 1204683,
        "byteOffset": 1019888264,
        "rule": "IN-G3",
        "fieldIndex": 12,
        "tag": "504",
        "indicatorIndex": 0,
        "message": "Индикатор 1 поля 504 имеет недопустимое значение \"\"."
      }
    },
    "IN-G3: Индикатор 1 поля 520 имеет недопустимое значение \".\".": {
      "count": 8,
      "first": {
        "recordIndex": 1204683,
        "byteOffset": 1019888264,
        "rule": "IN-G3",
        "fieldIndex": 13,
        "tag": "520",
        "indicatorIndex": 0,
        "message": "Индикатор 1 поля 520 имеет недопустимое значение \".\"."
      }
    },
    "IN-G3: Индикатор 2 поля 650 имеет недопустимое значение \"½\".": {
      "count": 29,
      "first": {
        "recordIndex": 1204683,
        "byteOffset": 1019888264,
        "rule": "IN-G3",
        "fieldIndex": 15,
        "tag": "650",
        "indicatorIndex": 1,
        "message": "Индикатор 2 поля 650 имеет недопустимое значение \"½\"."
      }
    },
    "IN-G3: Индикатор 2 поля 710 имеет недопустимое значение \"µ\".": {
      "count": 4,
      "first": {
        "recordIndex": 1204683,
        "byteOffset": 1019888264,
        "rule": "IN-G3",
        "fieldIndex": 18,
        "tag": "710",
        "indicatorIndex": 1,
        "message": "Индикатор 2 поля 710 имеет недопустимое значение \"µ\"."
      }
    },
    "IN-G3: Индикатор 2 поля 912 имеет недопустимое значение \"\".": {
      "count": 9,
      "first": {
        "recordIndex": 1204683,
        "byteOffset": 1019888264,
        "rule": "IN-G3",
        "fieldIndex": 19,
        "tag": "912",
        "indicatorIndex": 1,
        "message": "Индикатор 2 поля 912 имеет недопустимое значение \"\"."
      }
    },
    "IN-G3: Индикатор 2 поля 336 имеет недопустимое значение \"´\".": {
      "count": 3,
      "first": {
        "recordIndex": 1204683,
        "byteOffset": 1019888264,
        "rule": "IN-G3",
        "fieldIndex": 21,
        "tag": "336",
        "indicatorIndex": 1,
        "message": "Индикатор 2 поля 336 имеет недопустимое значение \"´\"."
      }
    },
    "IN-G3: Индикатор 1 поля 337 имеет недопустимое значение \"°\".": {
      "count": 19,
      "first": {
        "recordIndex": 1204683,
        "byteOffset": 1019888264,
        "rule": "IN-G3",
        "fieldIndex": 22,
        "tag": "337",
        "indicatorIndex": 0,
        "message": "Индикатор 1 поля 337 имеет недопустимое значение \"°\"."
      }
    },
    "IN-G3: Индикатор 1 поля 300 имеет недопустимое значение \"¾\".": {
      "count": 15,
      "first": {
        "recordIndex": 1204684,
        "byteOffset": 1019890270,
        "rule": "IN-G3",
        "fieldIndex": 11,
        "tag": "300",
        "indicatorIndex": 0,
        "message": "Индикатор 1 поля 300 имеет недопустимое значение \"¾\"."
      }
    },
    "IN-G3: Индикатор 2 поля 500 имеет недопустимое значение \"²\".": {
      "count": 2,
      "first": {
        "recordIndex": 1204684,
        "byteOffset": 1019890270,
        "rule": "IN-G3",
        "fieldIndex": 12,
        "tag": "500",
        "indicatorIndex": 1,
        "message": "Индикатор 2 поля 500 имеет недопустимое значение \"²\"."
      }
    },
    "IN-G3: Индикатор 2 поля 500 имеет недопустимое значение \"Ñ\".": {
      "count": 8,
      "first": {
        "recordIndex": 1204684,
        "byteOffset": 1019890270,
        "rule": "IN-G3",
        "fieldIndex": 13,
        "tag": "500",
        "indicatorIndex": 1,
        "message": "Индикатор 2 поля 500 имеет недопустимое значение \"Ñ\"."
      }
    },
    "IN-G3: Индикатор 1 поля 504 имеет недопустимое значение \"½\".": {
      "count": 4,
      "first": {
        "recordIndex": 1204684,
        "byteOffset": 1019890270,
        "rule": "IN-G3",
        "fieldIndex": 14,
        "tag": "504",
        "indicatorIndex": 0,
        "message": "Индикатор 1 поля 504 имеет недопустимое значение \"½\"."
      }
    },
    "IN-G3: Индикатор 2 поля 650 имеет недопустимое значение \"\".": {
      "count": 13,
      "first": {
        "recordIndex": 1204684,
        "byteOffset": 1019890270,
        "rule": "IN-G3",
        "fieldIndex": 16,
        "tag": "650",
        "indicatorIndex": 1,
        "message": "Индикатор 2 поля 650 имеет недопустимое значение \"\"."
      }
    },
    "IN-G3: Индикатор 2 поля 700 имеет недопустимое значение \"\".": {
      "count": 3,
      "first": {
        "recordIndex": 1204684,
        "byteOffset": 1019890270,
        "rule": "IN-G3",
        "fieldIndex": 20,
        "tag": "700",
        "indicatorIndex": 1,
        "message": "Индикатор 2 поля 700 имеет недопустимое значение \"\"."
      }
    },
    "IN-G3: Индикатор 2 поля 710 имеет недопустимое значение \"\".": {
      "count": 3,
      "first": {
        "recordIndex": 1204684,
        "byteOffset": 1019890270,
        "rule": "IN-G3",
        "fieldIndex": 21,
        "tag": "710",
        "indicatorIndex": 1,
        "message": "Индикатор 2 поля 710 имеет недопустимое значение \"\"."
      }
    },
    "IN-G3: Индикатор 1 поля 500 имеет недопустимое значение \".\".": {
      "count": 2,
      "first": {
        "recordIndex": 1204685,
        "byteOffset": 1019892498,
        "rule": "IN-G3",
        "fieldIndex": 11,
        "tag": "500",
        "indicatorIndex": 0,
        "message": "Индикатор 1 поля 500 имеет недопустимое значение \".\"."
      }
    },
    "IN-G3: Индикатор 1 поля 710 имеет недопустимое значение \"µ\".": {
      "count": 4,
      "first": {
        "recordIndex": 1204685,
        "byteOffset": 1019892498,
        "rule": "IN-G3",
        "fieldIndex": 15,
        "tag": "710",
        "indicatorIndex": 0,
        "message": "Индикатор 1 поля 710 имеет недопустимое значение \"µ\"."
      }
    },
    "IN-G3: Индикатор 1 поля 336 имеет недопустимое значение \"\".": {
      "count": 10,
      "first": {
        "recordIndex": 1204685,
        "byteOffset": 1019892498,
        "rule": "IN-G3",
        "fieldIndex": 18,
        "tag": "336",
        "indicatorIndex": 0,
        "message": "Индикатор 1 поля 336 имеет недопустимое значение \"\"."
      }
    },
    "IN-G3: Индикатор 2 поля 260 имеет недопустимое значение \"§\".": {
      "count": 2,
      "first": {
        "recordIndex": 1204686,
        "byteOffset": 1019893456,
        "rule": "IN-G3",
        "fieldIndex": 10,
        "tag": "260",
        "indicatorIndex": 1,
        "message": "Индикатор 2 поля 260 имеет недопустимое значение \"§\"."
      }
    },
    "IN-G3: Индикатор 2 поля 710 имеет недопустимое значение \"»\".": {
      "count": 1,
      "first": {
        "recordIndex": 1204686,
        "byteOffset": 1019893456,
        "rule": "IN-G3",
        "fieldIndex": 16,
        "tag": "710",
        "indicatorIndex": 1,
        "message": "Индикатор 2 поля 710 имеет недопустимое значение \"»\"."
      }
    },
    "IN-G3: Индикатор 1 поля 773 имеет недопустимое значение \"·\".": {
      "count": 1,
      "first": {
        "recordIndex": 1204686,
        "byteOffset": 1019893456,
        "rule": "IN-G3",
        "fieldIndex": 17,
        "tag": "773",
        "indicatorIndex": 0,
        "message": "Индикатор 1 поля 773 имеет недопустимое значение \"·\"."
      }
    },
    "IN-G3: Индикатор 1 поля 912 имеет недопустимое значение \"·\".": {
      "count": 6,
      "first": {
        "recordIndex": 1204686,
        "byteOffset": 1019893456,
        "rule": "IN-G3",
        "fieldIndex": 18,
        "tag": "912",
        "indicatorIndex": 0,
        "message": "Индикатор 1 поля 912 имеет недопустимое значение \"·\"."
      }
    },
    "IN-G3: Индикатор 2 поля 245 имеет недопустимое значение \"½\".": {
      "count": 11,
      "first": {
        "recordIndex": 1204687,
        "byteOffset": 1019894512,
        "rule": "IN-G3",
        "fieldIndex": 9,
        "tag": "245",
        "indicatorIndex": 1,
        "message": "Индикатор 2 поля 245 имеет недопустимое значение \"½\"."
      }
    },
    "IN-G3: Индикатор 1 поля 260 имеет недопустимое значение \"¢\".": {
      "count": 2,
      "first": {
        "recordIndex": 1204687,
        "byteOffset": 1019894512,
        "rule": "IN-G3",
        "fieldIndex": 10,
        "tag": "260",
        "indicatorIndex": 0,
        "message": "Индикатор 1 поля 260 имеет недопустимое значение \"¢\"."
      }
    },
    "IN-G3: Индикатор 1 поля 336 имеет недопустимое значение \"µ\".": {
      "count": 13,
      "first": {
        "recordIndex": 1204687,
        "byteOffset": 1019894512,
        "rule": "IN-G3",
        "fieldIndex": 14,
        "tag": "336",
        "indicatorIndex": 0,
        "message": "Индикатор 1 поля 336 имеет недопустимое значение \"µ\"."
      }
    },
    "IN-G3: Индикатор 1 поля 337 имеет недопустимое значение \")\".": {
      "count": 3,
      "first": {
        "recordIndex": 1204687,
        "byteOffset": 1019894512,
        "rule": "IN-G3",
        "fieldIndex": 15,
        "tag": "337",
        "indicatorIndex": 0,
        "message": "Индикатор 1 поля 337 имеет недопустимое значение \")\"."
      }
    },
    "IN-G3: Индикатор 2 поля 337 имеет недопустимое значение \"\\u001e\".": {
      "count": 8,
      "first": {
        "recordIndex": 1204687,
        "byteOffset": 1019894512,
        "rule": "IN-G3",
        "fieldIndex": 15,
        "tag": "337",
        "indicatorIndex": 1,
        "message": "Индикатор 2 поля 337 имеет недопустимое значение \"\\u001e\"."
      }
    },
    "DF-G2: Поле 300 содержит 0 индикатор(а), ожидалось 2.": {
      "count": 10,
      "first": {
        "recordIndex": 1204688,
        "byteOffset": 1019895101,
        "rule": "DF-G2",
        "fieldIndex": 11,
        "tag": "300",
        "message": "Поле 300 содержит 0 индикатор(а), ожидалось 2."
      }
    },
    "IN-G3: Индикатор 2 поля 773 имеет недопустимое значение \"»\".": {
      "count": 1,
      "first": {
        "recordIndex": 1204688,
        "byteOffset": 1019895101,
        "rule": "IN-G3",
        "fieldIndex": 13,
        "tag": "773",
        "indicatorIndex": 1,
        "message": "Индикатор 2 поля 773 имеет недопустимое значение \"»\"."
      }
    },
    "IN-G3: Индикатор 2 поля 912 имеет недопустимое значение \"\".": {
      "count": 6,
      "first": {
        "recordIndex": 1204688,
        "byteOffset": 1019895101,
        "rule": "IN-G3",
        "fieldIndex": 14,
        "tag": "912",
        "indicatorIndex": 1,
        "message": "Индикатор 2 поля 912 имеет недопустимое значение \"\"."
      }
    },
    "IN-G3: Индикатор 2 поля 300 имеет недопустимое значение \"+\".": {
      "count": 1,
      "first": {
        "recordIndex": 1204689,
        "byteOffset": 1019896675,
        "rule": "IN-G3",
        "fieldIndex": 12,
        "tag": "300",
        "indicatorIndex": 1,
        "message": "Индикатор 2 поля 300 имеет недопустимое значение \"+\"."
      }
    },
    "IN-G3: Индикатор 2 поля 520 имеет недопустимое значение \"\".": {
      "count": 1,
      "first": {
        "recordIndex": 1204689,
        "byteOffset": 1019896675,
        "rule": "IN-G3",
        "fieldIndex": 13,
        "tag": "520",
        "indicatorIndex": 1,
        "message": "Индикатор 2 поля 520 имеет недопустимое значение \"\"."
      }
    },
    "IN-G3: Индикатор 1 поля 337 имеет недопустимое значение \"¾\".": {
      "count": 16,
      "first": {
        "recordIndex": 1204689,
        "byteOffset": 1019896675,
        "rule": "IN-G3",
        "fieldIndex": 18,
        "tag": "337",
        "indicatorIndex": 0,
        "message": "Индикатор 1 поля 337 имеет недопустимое значение \"¾\"."
      }
    },
    "IN-G3: Индикатор 2 поля 245 имеет недопустимое значение \"¾\".": {
      "count": 9,
      "first": {
        "recordIndex": 1204690,
        "byteOffset": 1019897693,
        "rule": "IN-G3",
        "fieldIndex": 10,
        "tag": "245",
        "indicatorIndex": 1,
        "message": "Индикатор 2 поля 245 имеет недопустимое значение \"¾\"."
      }
    },
    "IN-G3: Индикатор 2 поля 250 имеет недопустимое значение \"¶\".": {
      "count": 1,
      "first": {
        "recordIndex": 1204690,
        "byteOffset": 1019897693,
        "rule": "IN-G3",
        "fieldIndex": 11,
        "tag": "250",
        "indicatorIndex": 1,
        "message": "Индикатор 2 поля 250 имеет недопустимое значение \"¶\"."
      }
    },
    "IN-G3: Индикатор 2 поля 300 имеет недопустимое значение \"\".": {
      "count": 6,
      "first": {
        "recordIndex": 1204690,
        "byteOffset": 1019897693,
        "rule": "IN-G3",
        "fieldIndex": 13,
        "tag": "300",
        "indicatorIndex": 1,
        "message": "Индикатор 2 поля 300 имеет недопустимое значение \"\"."
      }
    },
    "IN-G3: Индикатор 2 поля 500 имеет недопустимое значение \"¸\".": {
      "count": 3,
      "first": {
        "recordIndex": 1204690,
        "byteOffset": 1019897693,
        "rule": "IN-G3",
        "fieldIndex": 14,
        "tag": "500",
        "indicatorIndex": 1,
        "message": "Индикатор 2 поля 500 имеет недопустимое значение \"¸\"."
      }
    },
    "IN-G3: Индикатор 1 поля 245 имеет недопустимое значение \"\".": {
      "count": 11,
      "first": {
        "recordIndex": 1204691,
        "byteOffset": 1019898890,
        "rule": "IN-G3",
        "fieldIndex": 10,
        "tag": "245",
        "indicatorIndex": 0,
        "message": "Индикатор 1 поля 245 имеет недопустимое значение \"\"."
      }
    },
    "IN-G3: Индикатор 1 поля 260 имеет недопустимое значение \"+\".": {
      "count": 5,
      "first": {
        "recordIndex": 1204691,
        "byteOffset": 1019898890,
        "rule": "IN-G3",
        "fieldIndex": 11,
        "tag": "260",
        "indicatorIndex": 0,
        "message": "Индикатор 1 поля 260 имеет недопустимое значение \"+\"."
      }
    },
    "VF-G5: Подполе 2 поля 300 имеет недопустимый код \"\".": {
      "count": 2,
      "first": {
        "recordIndex": 1204691,
        "byteOffset": 1019898890,
        "rule": "VF-G5",
        "fieldIndex": 12,
        "tag": "300",
        "subfieldIndex": 1,
        "message": "Подполе 2 поля 300 имеет недопустимый код \"\"."
      }
    },
    "SF-G4: Подполе 2 поля 300 имеет недопустимый код \"\".": {
      "count": 2,
      "first": {
        "recordIndex": 1204691,
        "byteOffset": 1019898890,
        "rule": "SF-G4",
        "fieldIndex": 12,
        "tag": "300",
        "subfieldIndex": 1,
        "message": "Подполе 2 поля 300 имеет недопустимый код \"\"."
      }
    },
    "IN-G3: Индикатор 2 поля 520 имеет недопустимое значение \"´\".": {
      "count": 1,
      "first": {
        "recordIndex": 1204691,
        "byteOffset": 1019898890,
        "rule": "IN-G3",
        "fieldIndex": 13,
        "tag": "520",
        "indicatorIndex": 1,
        "message": "Индикатор 2 поля 520 имеет недопустимое значение \"´\"."
      }
    },
    "IN-G3: Индикатор 1 поля 700 имеет недопустимое значение \"²\".": {
      "count": 7,
      "first": {
        "recordIndex": 1204691,
        "byteOffset": 1019898890,
        "rule": "IN-G3",
        "fieldIndex": 18,
        "tag": "700",
        "indicatorIndex": 0,
        "message": "Индикатор 1 поля 700 имеет недопустимое значение \"²\"."
      }
    },
    "IN-G3: Индикатор 1 поля 912 имеет недопустимое значение \"\".": {
      "count": 5,
      "first": {
        "recordIndex": 1204691,
        "byteOffset": 1019898890,
        "rule": "IN-G3",
        "fieldIndex": 19,
        "tag": "912",
        "indicatorIndex": 0,
        "message": "Индикатор 1 поля 912 имеет недопустимое значение \"\"."
      }
    },
    "IN-G3: Индикатор 2 поля 336 имеет недопустимое значение \"¢\".": {
      "count": 1,
      "first": {
        "recordIndex": 1204691,
        "byteOffset": 1019898890,
        "rule": "IN-G3",
        "fieldIndex": 21,
        "tag": "336",
        "indicatorIndex": 1,
        "message": "Индикатор 2 поля 336 имеет недопустимое значение \"¢\"."
      }
    },
    "IN-G3: Индикатор 2 поля 245 имеет недопустимое значение \"¼\".": {
      "count": 5,
      "first": {
        "recordIndex": 1204692,
        "byteOffset": 1019900543,
        "rule": "IN-G3",
        "fieldIndex": 10,
        "tag": "245",
        "indicatorIndex": 1,
        "message": "Индикатор 2 поля 245 имеет недопустимое значение \"¼\"."
      }
    },
    "IN-G3: Индикатор 1 поля 260 имеет недопустимое значение \"\".": {
      "count": 4,
      "first": {
        "recordIndex": 1204692,
        "byteOffset": 1019900543,
        "rule": "IN-G3",
        "fieldIndex": 11,
        "tag": "260",
        "indicatorIndex": 0,
        "message": "Индикатор 1 поля 260 имеет недопустимое значение \"\"."
      }
    },
    "IN-G3: Индикатор 1 поля 300 имеет недопустимое значение \"\".": {
      "count": 9,
      "first": {
        "recordIndex": 1204692,
        "byteOffset": 1019900543,
        "rule": "IN-G3",
        "fieldIndex": 12,
        "tag": "300",
        "indicatorIndex": 0,
        "message": "Индикатор 1 поля 300 имеет недопустимое значение \"\"."
      }
    },
    "IN-G3: Индикатор 1 поля 650 имеет недопустимое значение \"\".": {
      "count": 1,
      "first": {
        "recordIndex": 1204692,
        "byteOffset": 1019900543,
        "rule": "IN-G3",
        "fieldIndex": 15,
        "tag": "650",
        "indicatorIndex": 0,
        "message": "Индикатор 1 поля 650 имеет недопустимое значение \"\"."
      }
    },
    "IN-G3: Индикатор 1 поля 336 имеет недопустимое значение \"\".": {
      "count": 6,
      "first": {
        "recordIndex": 1204692,
        "byteOffset": 1019900543,
        "rule": "IN-G3",
        "fieldIndex": 18,
        "tag": "336",
        "indicatorIndex": 0,
        "message": "Индикатор 1 поля 336 имеет недопустимое значение \"\"."
      }
    },
    "IN-G3: Индикатор 2 поля 337 имеет недопустимое значение \"¡\".": {
      "count": 3,
      "first": {
        "recordIndex": 1204692,
        "byteOffset": 1019900543,
        "rule": "IN-G3",
        "fieldIndex": 19,
        "tag": "337",
        "indicatorIndex": 1,
        "message": "Индикатор 2 поля 337 имеет недопустимое значение \"¡\"."
      }
    },
    "IN-G3: Индикатор 2 поля 773 имеет недопустимое значение \"¾\".": {
      "count": 5,
      "first": {
        "recordIndex": 1204694,
        "byteOffset": 1019902203,
        "rule": "IN-G3",
        "fieldIndex": 13,
        "tag": "773",
        "indicatorIndex": 1,
        "message": "Индикатор 2 поля 773 имеет недопустимое значение \"¾\"."
      }
    },
    "IN-G3: Индикатор 1 поля 300 имеет недопустимое значение \"\".": {
      "count": 1,
      "first": {
        "recordIndex": 1204695,
        "byteOffset": 1019903821,
        "rule": "IN-G3",
        "fieldIndex": 11,
        "tag": "300",
        "indicatorIndex": 0,
        "message": "Индикатор 1 поля 300 имеет недопустимое значение \"\"."
      }
    },
    "IN-G3: Индикатор 2 поля 500 имеет недопустимое значение \"´\".": {
      "count": 1,
      "first": {
        "recordIndex": 1204695,
        "byteOffset": 1019903821,
        "rule": "IN-G3",
        "fieldIndex": 12,
        "tag": "500",
        "indicatorIndex": 1,
        "message": "Индикатор 2 поля 500 имеет недопустимое значение \"´\"."
      }
    },
    "IN-G3: Индикатор 1 поля 504 имеет недопустимое значение \".\".": {
      "count": 1,
      "first": {
        "recordIndex": 1204695,
        "byteOffset": 1019903821,
        "rule": "IN-G3",
        "fieldIndex": 13,
        "tag": "504",
        "indicatorIndex": 0,
        "message": "Индикатор 1 поля 504 имеет недопустимое значение \".\"."
      }
    },
    "IN-G3: Индикатор 1 поля 520 имеет недопустимое значение \"º\".": {
      "count": 3,
      "first": {
        "recordIndex": 1204695,
        "byteOffset": 1019903821,
        "rule": "IN-G3",
        "fieldIndex": 14,
        "tag": "520",
        "indicatorIndex": 0,
        "message": "Индикатор 1 поля 520 имеет недопустимое значение \"º\"."
      }
    },
    "IN-G3: Индикатор 1 поля 700 имеет недопустимое значение \"¼\".": {
      "count": 4,
      "first": {
        "recordIndex": 1204695,
        "byteOffset": 1019903821,
        "rule": "IN-G3",
        "fieldIndex": 16,
        "tag": "700",
        "indicatorIndex": 0,
        "message": "Индикатор 1 поля 700 имеет недопустимое значение \"¼\"."
      }
    },
    "IN-G3: Индикатор 2 поля 700 имеет недопустимое значение \"\".": {
      "count": 10,
      "first": {
        "recordIndex": 1204695,
        "byteOffset": 1019903821,
        "rule": "IN-G3",
        "fieldIndex": 17,
        "tag": "700",
        "indicatorIndex": 1,
        "message": "Индикатор 2 поля 700 имеет недопустимое значение \"\"."
      }
    },
    "IN-G3: Индикатор 1 поля 700 имеет недопустимое значение \"º\".": {
      "count": 8,
      "first": {
        "recordIndex": 1204695,
        "byteOffset": 1019903821,
        "rule": "IN-G3",
        "fieldIndex": 18,
        "tag": "700",
        "indicatorIndex": 0,
        "message": "Индикатор 1 поля 700 имеет недопустимое значение \"º\"."
      }
    },
    "IN-G3: Индикатор 1 поля 337 имеет недопустимое значение \"¿\".": {
      "count": 4,
      "first": {
        "recordIndex": 1204695,
        "byteOffset": 1019903821,
        "rule": "IN-G3",
        "fieldIndex": 23,
        "tag": "337",
        "indicatorIndex": 0,
        "message": "Индикатор 1 поля 337 имеет недопустимое значение \"¿\"."
      }
    },
    "IN-G3: Индикатор 2 поля 245 имеет недопустимое значение \"\".": {
      "count": 9,
      "first": {
        "recordIndex": 1204696,
        "byteOffset": 1019905137,
        "rule": "IN-G3",
        "fieldIndex": 10,
        "tag": "245",
        "indicatorIndex": 1,
        "message": "Индикатор 2 поля 245 имеет недопустимое значение \"\"."
      }
    },
    "IN-G3: Индикатор 1 поля 700 имеет недопустимое значение \"¾\".": {
      "count": 20,
      "first": {
        "recordIndex": 1204696,
        "byteOffset": 1019905137,
        "rule": "IN-G3",
        "fieldIndex": 18,
        "tag": "700",
        "indicatorIndex": 0,
        "message": "Индикатор 1 поля 700 имеет недопустимое значение \"¾\"."
      }
    },
    "IN-G3: Индикатор 2 поля 336 имеет недопустимое значение \"\".": {
      "count": 1,
      "first": {
        "recordIndex": 1204696,
        "byteOffset": 1019905137,
        "rule": "IN-G3",
        "fieldIndex": 21,
        "tag": "336",
        "indicatorIndex": 1,
        "message": "Индикатор 2 поля 336 имеет недопустимое значение \"\"."
      }
    },
    "IN-G3: Индикатор 1 поля 337 имеет недопустимое значение \"\".": {
      "count": 6,
      "first": {
        "recordIndex": 1204696,
        "byteOffset": 1019905137,
        "rule": "IN-G3",
        "fieldIndex": 22,
        "tag": "337",
        "indicatorIndex": 0,
        "message": "Индикатор 1 поля 337 имеет недопустимое значение \"\"."
      }
    },
    "IN-G3: Индикатор 2 поля 245 имеет недопустимое значение \"»\".": {
      "count": 15,
      "first": {
        "recordIndex": 1204697,
        "byteOffset": 1019906955,
        "rule": "IN-G3",
        "fieldIndex": 10,
        "tag": "245",
        "indicatorIndex": 1,
        "message": "Индикатор 2 поля 245 имеет недопустимое значение \"»\"."
      }
    },
    "IN-G3: Индикатор 1 поля 260 имеет недопустимое значение \"¾\".": {
      "count": 28,
      "first": {
        "recordIndex": 1204697,
        "byteOffset": 1019906955,
        "rule": "IN-G3",
        "fieldIndex": 11,
        "tag": "260",
        "indicatorIndex": 0,
        "message": "Индикатор 1 поля 260 имеет недопустимое значение \"¾\"."
      }
    },
    "IN-G3: Индикатор 2 поля 300 имеет недопустимое значение \"¾\".": {
      "count": 12,
      "first": {
        "recordIndex": 1204697,
        "byteOffset": 1019906955,
        "rule": "IN-G3",
        "fieldIndex": 12,
        "tag": "300",
        "indicatorIndex": 1,
        "message": "Индикатор 2 поля 300 имеет недопустимое значение \"¾\"."
      }
    },
    "VF-G5: Подполе 1 поля 300 имеет недопустимый код \"\".": {
      "count": 6,
      "first": {
        "recordIndex": 1204697,
        "byteOffset": 1019906955,
        "rule": "VF-G5",
        "fieldIndex": 12,
        "tag": "300",
        "subfieldIndex": 0,
        "message": "Подполе 1 поля 300 имеет недопустимый код \"\"."
      }
    },
    "SF-G4: Подполе 1 поля 300 имеет недопустимый код \"\".": {
      "count": 6,
      "first": {
        "recordIndex": 1204697,
        "byteOffset": 1019906955,
        "rule": "SF-G4",
        "fieldIndex": 12,
        "tag": "300",
        "subfieldIndex": 0,
        "message": "Подполе 1 поля 300 имеет недопустимый код \"\"."
      }
    },
    "IN-G3: Индикатор 2 поля 700 имеет недопустимое значение \"¾\".": {
      "count": 16,
      "first": {
        "recordIndex": 1204697,
        "byteOffset": 1019906955,
        "rule": "IN-G3",
        "fieldIndex": 15,
        "tag": "700",
        "indicatorIndex": 1,
        "message": "Индикатор 2 поля 700 имеет недопустимое значение \"¾\"."
      }
    },
    "IN-G3: Индикатор 2 поля 336 имеет недопустимое значение \"\".": {
      "count": 1,
      "first": {
        "recordIndex": 1204697,
        "byteOffset": 1019906955,
        "rule": "IN-G3",
        "fieldIndex": 18,
        "tag": "336",
        "indicatorIndex": 1,
        "message": "Индикатор 2 поля 336 имеет недопустимое значение \"\"."
      }
    },
    "VF-G5: Подполе 2 поля 490 имеет недопустимый код \"\".": {
      "count": 1,
      "first": {
        "recordIndex": 1204698,
        "byteOffset": 1019908397,
        "rule": "VF-G5",
        "fieldIndex": 13,
        "tag": "490",
        "subfieldIndex": 1,
        "message": "Подполе 2 поля 490 имеет недопустимый код \"\"."
      }
    },
    "SF-G4: Подполе 2 поля 490 имеет недопустимый код \"\".": {
      "count": 1,
      "first": {
        "recordIndex": 1204698,
        "byteOffset": 1019908397,
        "rule": "SF-G4",
        "fieldIndex": 13,
        "tag": "490",
        "subfieldIndex": 1,
        "message": "Подполе 2 поля 490 имеет недопустимый код \"\"."
      }
    },
    "IN-G3: Индикатор 1 поля 700 имеет недопустимое значение \"\".": {
      "count": 1,
      "first": {
        "recordIndex": 1204698,
        "byteOffset": 1019908397,
        "rule": "IN-G3",
        "fieldIndex": 16,
        "tag": "700",
        "indicatorIndex": 0,
        "message": "Индикатор 1 поля 700 имеет недопустимое значение \"\"."
      }
    },
    "DF-G2: Поле 336 содержит 1 индикатор(а), ожидалось 2.": {
      "count": 8,
      "first": {
        "recordIndex": 1204698,
        "byteOffset": 1019908397,
        "rule": "DF-G2",
        "fieldIndex": 19,
        "tag": "336",
        "message": "Поле 336 содержит 1 индикатор(а), ожидалось 2."
      }
    },
    "IN-G3: Индикатор 1 поля 260 имеет недопустимое значение \"µ\".": {
      "count": 11,
      "first": {
        "recordIndex": 1204699,
        "byteOffset": 1019909765,
        "rule": "IN-G3",
        "fieldIndex": 10,
        "tag": "260",
        "indicatorIndex": 0,
        "message": "Индикатор 1 поля 260 имеет недопустимое значение \"µ\"."
      }
    },
    "IN-G3: Индикатор 2 поля 520 имеет недопустимое значение \"\".": {
      "count": 2,
      "first": {
        "recordIndex": 1204699,
        "byteOffset": 1019909765,
        "rule": "IN-G3",
        "fieldIndex": 12,
        "tag": "520",
        "indicatorIndex": 1,
        "message": "Индикатор 2 поля 520 имеет недопустимое значение \"\"."
      }
    },
    "IN-G3: Индикатор 2 поля 650 имеет недопустимое значение \"±\".": {
      "count": 9,
      "first": {
        "recordIndex": 1204699,
        "byteOffset": 1019909765,
        "rule": "IN-G3",
        "fieldIndex": 14,
        "tag": "650",
        "indicatorIndex": 1,
        "message": "Индикатор 2 поля 650 имеет недопустимое значение \"±\"."
      }
    },
    "IN-G3: Индикатор 1 поля 700 имеет недопустимое значение \"\".": {
      "count": 3,
      "first": {
        "recordIndex": 1204699,
        "byteOffset": 1019909765,
        "rule": "IN-G3",
        "fieldIndex": 18,
        "tag": "700",
        "indicatorIndex": 0,
        "message": "Индикатор 1 поля 700 имеет недопустимое значение \"\"."
      }
    },
    "IN-G3: Индикатор 1 поля 912 имеет недопустимое значение \"»\".": {
      "count": 8,
      "first": {
        "recordIndex": 1204699,
        "byteOffset": 1019909765,
        "rule": "IN-G3",
        "fieldIndex": 19,
        "tag": "912",
        "indicatorIndex": 0,
        "message": "Индикатор 1 поля 912 имеет недопустимое значение \"»\"."
      }
    },
    "IN-G3: Индикатор 1 поля 337 имеет недопустимое значение \"\\u001e\".": {
      "count": 12,
      "first": {
        "recordIndex": 1204699,
        "byteOffset": 1019909765,
        "rule": "IN-G3",
        "fieldIndex": 22,
        "tag": "337",
        "indicatorIndex": 0,
        "message": "Индикатор 1 поля 337 имеет недопустимое значение \"\\u001e\"."
      }
    },
    "IN-G3: Индикатор 1 поля 260 имеет недопустимое значение \"-\".": {
      "count": 1,
      "first": {
        "recordIndex": 1204700,
        "byteOffset": 1019911808,
        "rule": "IN-G3",
        "fieldIndex": 9,
        "tag": "260",
        "indicatorIndex": 0,
        "message": "Индикатор 1 поля 260 имеет недопустимое значение \"-\"."
      }
    },
    "DF-G2: Поле 500 содержит 1 индикатор(а), ожидалось 2.": {
      "count": 3,
      "first": {
        "recordIndex": 1204700,
        "byteOffset": 1019911808,
        "rule": "DF-G2",
        "fieldIndex": 11,
        "tag": "500",
        "message": "Поле 500 содержит 1 индикатор(а), ожидалось 2."
      }
    },
    "IN-G3: Индикатор 1 поля 500 имеет недопустимое значение \"°\".": {
      "count": 7,
      "first": {
        "recordIndex": 1204700,
        "byteOffset": 1019911808,
        "rule": "IN-G3",
        "fieldIndex": 11,
        "tag": "500",
        "indicatorIndex": 0,
        "message": "Индикатор 1 поля 500 имеет недопустимое значение \"°\"."
      }
    },
    "IN-G3: Индикатор 2 поля 650 имеет недопустимое значение \"\".": {
      "count": 2,
      "first": {
        "recordIndex": 1204700,
        "byteOffset": 1019911808,
        "rule": "IN-G3",
        "fieldIndex": 12,
        "tag": "650",
        "indicatorIndex": 1,
        "message": "Индикатор 2 поля 650 имеет недопустимое значение \"\"."
      }
    },
    "IN-G3: Индикатор 1 поля 710 имеет недопустимое значение \"²\".": {
      "count": 3,
      "first": {
        "recordIndex": 1204700,
        "byteOffset": 1019911808,
        "rule": "IN-G3",
        "fieldIndex": 16,
        "tag": "710",
        "indicatorIndex": 0,
        "message": "Индикатор 1 поля 710 имеет недопустимое значение \"²\"."
      }
    },
    "IN-G3: Индикатор 2 поля 336 имеет недопустимое значение \"µ\".": {
      "count": 7,
      "first": {
        "recordIndex": 1204700,
        "byteOffset": 1019911808,
        "rule": "IN-G3",
        "fieldIndex": 19,
        "tag": "336",
        "indicatorIndex": 1,
        "message": "Индикатор 2 поля 336 имеет недопустимое значение \"µ\"."
      }
    },
    "VF-G5: Подполе 3 поля 300 имеет недопустимый код \"\".": {
      "count": 1,
      "first": {
        "recordIndex": 1204701,
        "byteOffset": 1019912862,
        "rule": "VF-G5",
        "fieldIndex": 11,
        "tag": "300",
        "subfieldIndex": 2,
        "message": "Подполе 3 поля 300 имеет недопустимый код \"\"."
      }
    },
    "SF-G4: Подполе 3 поля 300 имеет недопустимый код \"\".": {
      "count": 1,
      "first": {
        "recordIndex": 1204701,
        "byteOffset": 1019912862,
        "rule": "SF-G4",
        "fieldIndex": 11,
        "tag": "300",
        "subfieldIndex": 2,
        "message": "Подполе 3 поля 300 имеет недопустимый код \"\"."
      }
    },
    "IN-G3: Индикатор 2 поля 520 имеет недопустимое значение \"\".": {
      "count": 5,
      "first": {
        "recordIndex": 1204701,
        "byteOffset": 1019912862,
        "rule": "IN-G3",
        "fieldIndex": 12,
        "tag": "520",
        "indicatorIndex": 1,
        "message": "Индикатор 2 поля 520 имеет недопустимое значение \"\"."
      }
    },
    "IN-G3: Индикатор 1 поля 650 имеет недопустимое значение \"½\".": {
      "count": 25,
      "first": {
        "recordIndex": 1204701,
        "byteOffset": 1019912862,
        "rule": "IN-G3",
        "fieldIndex": 14,
        "tag": "650",
        "indicatorIndex": 0,
        "message": "Индикатор 1 поля 650 имеет недопустимое значение \"½\"."
      }
    },
    "IN-G3: Индикатор 1 поля 710 имеет недопустимое значение \"º\".": {
      "count": 1,
      "first": {
        "recordIndex": 1204701,
        "byteOffset": 1019912862,
        "rule": "IN-G3",
        "fieldIndex": 17,
        "tag": "710",
        "indicatorIndex": 0,
        "message": "Индикатор 1 поля 710 имеет недопустимое значение \"º\"."
      }
    },
    "IN-G3: Индикатор 2 поля 773 имеет недопустимое значение \"¼\".": {
      "count": 1,
      "first": {
        "recordIndex": 1204701,
        "byteOffset": 1019912862,
        "rule": "IN-G3",
        "fieldIndex": 18,
        "tag": "773",
        "indicatorIndex": 1,
        "message": "Индикатор 2 поля 773 имеет недопустимое значение \"¼\"."
      }
    },
    "IN-G3: Индикатор 2 поля 336 имеет недопустимое значение \"\".": {
      "count": 3,
      "first": {
        "recordIndex": 1204701,
        "byteOffset": 1019912862,
        "rule": "IN-G3",
        "fieldIndex": 21,
        "tag": "336",
        "indicatorIndex": 1,
        "message": "Индикатор 2 поля 336 имеет недопустимое значение \"\"."
      }
    },
    "IN-G3: Индикатор 1 поля 300 имеет недопустимое значение \"\".": {
      "count": 1,
      "first": {
        "recordIndex": 1204702,
        "byteOffset": 1019914106,
        "rule": "IN-G3",
        "fieldIndex": 11,
        "tag": "300",
        "indicatorIndex": 0,
        "message": "Индикатор 1 поля 300 имеет недопустимое значение \"\"."
      }
    },
    "VF-G5: Подполе 8 поля 500 имеет недопустимый код \"\".": {
      "count": 1,
      "first": {
        "recordIndex": 1204702,
        "byteOffset": 1019914106,
        "rule": "VF-G5",
        "fieldIndex": 12,
        "tag": "500",
        "subfieldIndex": 7,
        "message": "Подполе 8 поля 500 имеет недопустимый код \"\"."
      }
    },
    "SF-G4: Подполе 8 поля 500 имеет недопустимый код \"\".": {
      "count": 1,
      "first": {
        "recordIndex": 1204702,
        "byteOffset": 1019914106,
        "rule": "SF-G4",
        "fieldIndex": 12,
        "tag": "500",
        "subfieldIndex": 7,
        "message": "Подполе 8 поля 500 имеет недопустимый код \"\"."
      }
    },
    "IN-G3: Индикатор 2 поля 504 имеет недопустимое значение \"¢\".": {
      "count": 1,
      "first": {
        "recordIndex": 1204702,
        "byteOffset": 1019914106,
        "rule": "IN-G3",
        "fieldIndex": 13,
        "tag": "504",
        "indicatorIndex": 1,
        "message": "Индикатор 2 поля 504 имеет недопустимое значение \"¢\"."
      }
    },
    "DF-G2: Поле 546 содержит 1 индикатор(а), ожидалось 2.": {
      "count": 1,
      "first": {
        "recordIndex": 1204702,
        "byteOffset": 1019914106,
        "rule": "DF-G2",
        "fieldIndex": 15,
        "tag": "546",
        "message": "Поле 546 содержит 1 индикатор(а), ожидалось 2."
      }
    },
    "IN-G3: Индикатор 1 поля 710 имеет недопустимое значение \"°\".": {
      "count": 1,
      "first": {
        "recordIndex": 1204702,
        "byteOffset": 1019914106,
        "rule": "IN-G3",
        "fieldIndex": 18,
        "tag": "710",
        "indicatorIndex": 0,
        "message": "Индикатор 1 поля 710 имеет недопустимое значение \"°\"."
      }
    },
    "IN-G3: Индикатор 1 поля 337 имеет недопустимое значение \"¼\".": {
      "count": 1,
      "first": {
        "recordIndex": 1204702,
        "byteOffset": 1019914106,
        "rule": "IN-G3",
        "fieldIndex": 22,
        "tag": "337",
        "indicatorIndex": 0,
        "message": "Индикатор 1 поля 337 имеет недопустимое значение \"¼\"."
      }
    },
    "IN-G3: Индикатор 2 поля 260 имеет недопустимое значение \"\".": {
      "count": 3,
      "first": {
        "recordIndex": 1204703,
        "byteOffset": 1019915498,
        "rule": "IN-G3",
        "fieldIndex": 11,
        "tag": "260",
        "indicatorIndex": 1,
        "message": "Индикатор 2 поля 260 имеет недопустимое значение \"\"."
      }
    },
    "IN-G3: Индикатор 2 поля 912 имеет недопустимое значение \"°\".": {
      "count": 12,
      "first": {
        "recordIndex": 1204703,
        "byteOffset": 1019915498,
        "rule": "IN-G3",
        "fieldIndex": 15,
        "tag": "912",
        "indicatorIndex": 1,
        "message": "Индикатор 2 поля 912 имеет недопустимое значение \"°\"."
      }
    },
    "IN-G3: Индикатор 2 поля 336 имеет недопустимое значение \"\".": {
      "count": 7,
      "first": {
        "recordIndex": 1204703,
        "byteOffset": 1019915498,
        "rule": "IN-G3",
        "fieldIndex": 17,
        "tag": "336",
        "indicatorIndex": 1,
        "message": "Индикатор 2 поля 336 имеет недопустимое значение \"\"."
      }
    },
    "IN-G3: Индикатор 1 поля 245 имеет недопустимое значение \"\".": {
      "count": 3,
      "first": {
        "recordIndex": 1204704,
        "byteOffset": 1019916758,
        "rule": "IN-G3",
        "fieldIndex": 10,
        "tag": "245",
        "indicatorIndex": 0,
        "message": "Индикатор 1 поля 245 имеет недопустимое значение \"\"."
      }
    },
    "IN-G3: Индикатор 1 поля 520 имеет недопустимое значение \"\".": {
      "count": 9,
      "first": {
        "recordIndex": 1204704,
        "byteOffset": 1019916758,
        "rule": "IN-G3",
        "fieldIndex": 13,
        "tag": "520",
        "indicatorIndex": 0,
        "message": "Индикатор 1 поля 520 имеет недопустимое значение \"\"."
      }
    },
    "IN-G3: Индикатор 2 поля 912 имеет недопустимое значение \"¸\".": {
      "count": 14,
      "first": {
        "recordIndex": 1204704,
        "byteOffset": 1019916758,
        "rule": "IN-G3",
        "fieldIndex": 15,
        "tag": "912",
        "indicatorIndex": 1,
        "message": "Индикатор 2 поля 912 имеет недопустимое значение \"¸\"."
      }
    },
    "IN-G3: Индикатор 1 поля 546 имеет недопустимое значение \"¢\".": {
      "count": 1,
      "first": {
        "recordIndex": 1204705,
        "byteOffset": 1019917662,
        "rule": "IN-G3",
        "fieldIndex": 14,
        "tag": "546",
        "indicatorIndex": 0,
        "message": "Индикатор 1 поля 546 имеет недопустимое значение \"¢\"."
      }
    },
    "IN-G3: Индикатор 2 поля 546 имеет недопустимое значение \"Ð\".": {
      "count": 5,
      "first": {
        "recordIndex": 1204705,
        "byteOffset": 1019917662,
        "rule": "IN-G3",
        "fieldIndex": 14,
        "tag": "546",
        "indicatorIndex": 1,
        "message": "Индикатор 2 поля 546 имеет недопустимое значение \"Ð\"."
      }
    },
    "DF-G3: Поле 546 не содержит кода подполя.": {
      "count": 20,
      "first": {
        "recordIndex": 1204705,
        "byteOffset": 1019917662,
        "rule": "DF-G3",
        "fieldIndex": 14,
        "tag": "546",
        "message": "Поле 546 не содержит кода подполя."
      }
    },
    "IN-G3: Индикатор 1 поля 650 имеет недопустимое значение \"·\".": {
      "count": 7,
      "first": {
        "recordIndex": 1204705,
        "byteOffset": 1019917662,
        "rule": "IN-G3",
        "fieldIndex": 15,
        "tag": "650",
        "indicatorIndex": 0,
        "message": "Индикатор 1 поля 650 имеет недопустимое значение \"·\"."
      }
    },
    "IN-G3: Индикатор 1 поля 245 имеет недопустимое значение \"\".": {
      "count": 4,
      "first": {
        "recordIndex": 1204706,
        "byteOffset": 1019918796,
        "rule": "IN-G3",
        "fieldIndex": 10,
        "tag": "245",
        "indicatorIndex": 0,
        "message": "Индикатор 1 поля 245 имеет недопустимое значение \"\"."
      }
    },
    "IN-G3: Индикатор 2 поля 260 имеет недопустимое значение \"½\".": {
      "count": 11,
      "first": {
        "recordIndex": 1204706,
        "byteOffset": 1019918796,
        "rule": "IN-G3",
        "fieldIndex": 11,
        "tag": "260",
        "indicatorIndex": 1,
        "message": "Индикатор 2 поля 260 имеет недопустимое значение \"½\"."
      }
    },
    "IN-G3: Индикатор 1 поля 300 имеет недопустимое значение \"¼\".": {
      "count": 2,
      "first": {
        "recordIndex": 1204706,
        "byteOffset": 1019918796,
        "rule": "IN-G3",
        "fieldIndex": 12,
        "tag": "300",
        "indicatorIndex": 0,
        "message": "Индикатор 1 поля 300 имеет недопустимое значение \"¼\"."
      }
    },
    "IN-G3: Индикатор 2 поля 504 имеет недопустимое значение \"\".": {
      "count": 1,
      "first": {
        "recordIndex": 1204706,
        "byteOffset": 1019918796,
        "rule": "IN-G3",
        "fieldIndex": 13,
        "tag": "504",
        "indicatorIndex": 1,
        "message": "Индикатор 2 поля 504 имеет недопустимое значение \"\"."
      }
    },
    "VF-G5: Подполе 1 поля 504 имеет недопустимый код \"\".": {
      "count": 2,
      "first": {
        "recordIndex": 1204706,
        "byteOffset": 1019918796,
        "rule": "VF-G5",
        "fieldIndex": 13,
        "tag": "504",
        "subfieldIndex": 0,
        "message": "Подполе 1 поля 504 имеет недопустимый код \"\"."
      }
    },
    "SF-G4: Подполе 1 поля 504 имеет недопустимый код \"\".": {
      "count": 2,
      "first": {
        "recordIndex": 1204706,
        "byteOffset": 1019918796,
        "rule": "SF-G4",
        "fieldIndex": 13,
        "tag": "504",
        "subfieldIndex": 0,
        "message": "Подполе 1 поля 504 имеет недопустимый код \"\"."
      }
    },
    "IN-G3: Индикатор 2 поля 520 имеет недопустимое значение \"\".": {
      "count": 1,
      "first": {
        "recordIndex": 1204706,
        "byteOffset": 1019918796,
        "rule": "IN-G3",
        "fieldIndex": 14,
        "tag": "520",
        "indicatorIndex": 1,
        "message": "Индикатор 2 поля 520 имеет недопустимое значение \"\"."
      }
    },
    "IN-G3: Индикатор 2 поля 912 имеет недопустимое значение \"º\".": {
      "count": 9,
      "first": {
        "recordIndex": 1204706,
        "byteOffset": 1019918796,
        "rule": "IN-G3",
        "fieldIndex": 18,
        "tag": "912",
        "indicatorIndex": 1,
        "message": "Индикатор 2 поля 912 имеет недопустимое значение \"º\"."
      }
    },
    "IN-G3: Индикатор 1 поля 245 имеет недопустимое значение \"»\".": {
      "count": 10,
      "first": {
        "recordIndex": 1204707,
        "byteOffset": 1019920273,
        "rule": "IN-G3",
        "fieldIndex": 10,
        "tag": "245",
        "indicatorIndex": 0,
        "message": "Индикатор 1 поля 245 имеет недопустимое значение \"»\"."
      }
    },
    "IN-G3: Индикатор 2 поля 260 имеет недопустимое значение \"²\".": {
      "count": 10,
      "first": {
        "recordIndex": 1204707,
        "byteOffset": 1019920273,
        "rule": "IN-G3",
        "fieldIndex": 11,
        "tag": "260",
        "indicatorIndex": 1,
        "message": "Индикатор 2 поля 260 имеет недопустимое значение \"²\"."
      }
    },
    "IN-G3: Индикатор 1 поля 300 имеет недопустимое значение \"\".": {
      "count": 1,
      "first": {
        "recordIndex": 1204707,
        "byteOffset": 1019920273,
        "rule": "IN-G3",
        "fieldIndex": 12,
        "tag": "300",
        "indicatorIndex": 0,
        "message": "Индикатор 1 поля 300 имеет недопустимое значение \"\"."
      }
    },
    "IN-G3: Индикатор 1 поля 546 имеет недопустимое значение \"\".": {
      "count": 1,
      "first": {
        "recordIndex": 1204707,
        "byteOffset": 1019920273,
        "rule": "IN-G3",
        "fieldIndex": 13,
        "tag": "546",
        "indicatorIndex": 0,
        "message": "Индикатор 1 поля 546 имеет недопустимое значение \"\"."
      }
    },
    "IN-G3: Индикатор 2 поля 336 имеет недопустимое значение \"¼\".": {
      "count": 2,
      "first": {
        "recordIndex": 1204707,
        "byteOffset": 1019920273,
        "rule": "IN-G3",
        "fieldIndex": 17,
        "tag": "336",
        "indicatorIndex": 1,
        "message": "Индикатор 2 поля 336 имеет недопустимое значение \"¼\"."
      }
    },
    "IN-G3: Индикатор 2 поля 337 имеет недопустимое значение \"\".": {
      "count": 5,
      "first": {
        "recordIndex": 1204707,
        "byteOffset": 1019920273,
        "rule": "IN-G3",
        "fieldIndex": 18,
        "tag": "337",
        "indicatorIndex": 1,
        "message": "Индикатор 2 поля 337 имеет недопустимое значение \"\"."
      }
    },
    "IN-G3: Индикатор 1 поля 520 имеет недопустимое значение \"¹\".": {
      "count": 5,
      "first": {
        "recordIndex": 1204708,
        "byteOffset": 1019921099,
        "rule": "IN-G3",
        "fieldIndex": 12,
        "tag": "520",
        "indicatorIndex": 0,
        "message": "Индикатор 1 поля 520 имеет недопустимое значение \"¹\"."
      }
    },
    "IN-G3: Индикатор 2 поля 520 имеет недопустимое значение \")\".": {
      "count": 4,
      "first": {
        "recordIndex": 1204708,
        "byteOffset": 1019921099,
        "rule": "IN-G3",
        "fieldIndex": 12,
        "tag": "520",
        "indicatorIndex": 1,
        "message": "Индикатор 2 поля 520 имеет недопустимое значение \")\"."
      }
    },
    "IN-G3: Индикатор 2 поля 912 имеет недопустимое значение \"·\".": {
      "count": 6,
      "first": {
        "recordIndex": 1204708,
        "byteOffset": 1019921099,
        "rule": "IN-G3",
        "fieldIndex": 15,
        "tag": "912",
        "indicatorIndex": 1,
        "message": "Индикатор 2 поля 912 имеет недопустимое значение \"·\"."
      }
    },
    "IN-G3: Индикатор 2 поля 337 имеет недопустимое значение \"(\".": {
      "count": 3,
      "first": {
        "recordIndex": 1204708,
        "byteOffset": 1019921099,
        "rule": "IN-G3",
        "fieldIndex": 18,
        "tag": "337",
        "indicatorIndex": 1,
        "message": "Индикатор 2 поля 337 имеет недопустимое значение \"(\"."
      }
    },
    "IN-G3: Индикатор 2 поля 245 имеет недопустимое значение \"²\".": {
      "count": 4,
      "first": {
        "recordIndex": 1204709,
        "byteOffset": 1019922108,
        "rule": "IN-G3",
        "fieldIndex": 10,
        "tag": "245",
        "indicatorIndex": 1,
        "message": "Индикатор 2 поля 245 имеет недопустимое значение \"²\"."
      }
    },
    "IN-G3: Индикатор 2 поля 300 имеет недопустимое значение \"µ\".": {
      "count": 13,
      "first": {
        "recordIndex": 1204709,
        "byteOffset": 1019922108,
        "rule": "IN-G3",
        "fieldIndex": 12,
        "tag": "300",
        "indicatorIndex": 1,
        "message": "Индикатор 2 поля 300 имеет недопустимое значение \"µ\"."
      }
    },
    "IN-G3: Индикатор 1 поля 300 имеет недопустимое значение \"\".": {
      "count": 3,
      "first": {
        "recordIndex": 1204710,
        "byteOffset": 1019922829,
        "rule": "IN-G3",
        "fieldIndex": 12,
        "tag": "300",
        "indicatorIndex": 0,
        "message": "Индикатор 1 поля 300 имеет недопустимое значение \"\"."
      }
    },
    "IN-G3: Индикатор 1 поля 336 имеет недопустимое значение \"º\".": {
      "count": 7,
      "first": {
        "recordIndex": 1204710,
        "byteOffset": 1019922829,
        "rule": "IN-G3",
        "fieldIndex": 17,
        "tag": "336",
        "indicatorIndex": 0,
        "message": "Индикатор 1 поля 336 имеет недопустимое значение \"º\"."
      }
    },
    "IN-G3: Индикатор 2 поля 245 имеет недопустимое значение \"\".": {
      "count": 1,
      "first": {
        "recordIndex": 1204711,
        "byteOffset": 1019924176,
        "rule": "IN-G3",
        "fieldIndex": 10,
        "tag": "245",
        "indicatorIndex": 1,
        "message": "Индикатор 2 поля 245 имеет недопустимое значение \"\"."
      }
    },
    "IN-G3: Индикатор 1 поля 912 имеет недопустимое значение \"±\".": {
      "count": 3,
      "first": {
        "recordIndex": 1204711,
        "byteOffset": 1019924176,
        "rule": "IN-G3",
        "fieldIndex": 17,
        "tag": "912",
        "indicatorIndex": 0,
        "message": "Индикатор 1 поля 912 имеет недопустимое значение \"±\"."
      }
    },
    "IN-G3: Индикатор 1 поля 336 имеет недопустимое значение \"[\".": {
      "count": 2,
      "first": {
        "recordIndex": 1204711,
        "byteOffset": 1019924176,
        "rule": "IN-G3",
        "fieldIndex": 19,
        "tag": "336",
        "indicatorIndex": 0,
        "message": "Индикатор 1 поля 336 имеет недопустимое значение \"[\"."
      }
    },
    "IN-G3: Индикатор 2 поля 337 имеет недопустимое значение \"³\".": {
      "count": 9,
      "first": {
        "recordIndex": 1204711,
        "byteOffset": 1019924176,
        "rule": "IN-G3",
        "fieldIndex": 20,
        "tag": "337",
        "indicatorIndex": 1,
        "message": "Индикатор 2 поля 337 имеет недопустимое значение \"³\"."
      }
    },
    "IN-G3: Индикатор 1 поля 245 имеет недопустимое значение \"¹\".": {
      "count": 1,
      "first": {
        "recordIndex": 1204712,
        "byteOffset": 1019925557,
        "rule": "IN-G3",
        "fieldIndex": 10,
        "tag": "245",
        "indicatorIndex": 0,
        "message": "Индикатор 1 поля 245 имеет недопустимое значение \"¹\"."
      }
    },
    "IN-G3: Индикатор 2 поля 300 имеет недопустимое значение \"º\".": {
      "count": 9,
      "first": {
        "recordIndex": 1204712,
        "byteOffset": 1019925557,
        "rule": "IN-G3",
        "fieldIndex": 12,
        "tag": "300",
        "indicatorIndex": 1,
        "message": "Индикатор 2 поля 300 имеет недопустимое значение \"º\"."
      }
    },
    "IN-G3: Индикатор 2 поля 504 имеет недопустимое значение \"²\".": {
      "count": 1,
      "first": {
        "recordIndex": 1204712,
        "byteOffset": 1019925557,
        "rule": "IN-G3",
        "fieldIndex": 13,
        "tag": "504",
        "indicatorIndex": 1,
        "message": "Индикатор 2 поля 504 имеет недопустимое значение \"²\"."
      }
    },
    "IN-G3: Индикатор 2 поля 520 имеет недопустимое значение \"±\".": {
      "count": 3,
      "first": {
        "recordIndex": 1204712,
        "byteOffset": 1019925557,
        "rule": "IN-G3",
        "fieldIndex": 14,
        "tag": "520",
        "indicatorIndex": 1,
        "message": "Индикатор 2 поля 520 имеет недопустимое значение \"±\"."
      }
    },
    "IN-G3: Индикатор 1 поля 912 имеет недопустимое значение \"µ\".": {
      "count": 11,
      "first": {
        "recordIndex": 1204712,
        "byteOffset": 1019925557,
        "rule": "IN-G3",
        "fieldIndex": 16,
        "tag": "912",
        "indicatorIndex": 0,
        "message": "Индикатор 1 поля 912 имеет недопустимое значение \"µ\"."
      }
    },
    "IN-G3: Индикатор 2 поля 336 имеет недопустимое значение \"+\".": {
      "count": 1,
      "first": {
        "recordIndex": 1204712,
        "byteOffset": 1019925557,
        "rule": "IN-G3",
        "fieldIndex": 18,
        "tag": "336",
        "indicatorIndex": 1,
        "message": "Индикатор 2 поля 336 имеет недопустимое значение \"+\"."
      }
    },
    "IN-G3: Индикатор 1 поля 245 имеет недопустимое значение \"°\".": {
      "count": 14,
      "first": {
        "recordIndex": 1204713,
        "byteOffset": 1019926805,
        "rule": "IN-G3",
        "fieldIndex": 10,
        "tag": "245",
        "indicatorIndex": 0,
        "message": "Индикатор 1 поля 245 имеет недопустимое значение \"°\"."
      }
    },
    "IN-G3: Индикатор 2 поля 300 имеет недопустимое значение \"\".": {
      "count": 8,
      "first": {
        "recordIndex": 1204713,
        "byteOffset": 1019926805,
        "rule": "IN-G3",
        "fieldIndex": 12,
        "tag": "300",
        "indicatorIndex": 1,
        "message": "Индикатор 2 поля 300 имеет недопустимое значение \"\"."
      }
    },
    "IN-G3: Индикатор 2 поля 336 имеет недопустимое значение \"\".": {
      "count": 2,
      "first": {
        "recordIndex": 1204713,
        "byteOffset": 1019926805,
        "rule": "IN-G3",
        "fieldIndex": 17,
        "tag": "336",
        "indicatorIndex": 1,
        "message": "Индикатор 2 поля 336 имеет недопустимое значение \"\"."
      }
    },
    "IN-G3: Индикатор 1 поля 650 имеет недопустимое значение \"\".": {
      "count": 3,
      "first": {
        "recordIndex": 1204714,
        "byteOffset": 1019927713,
        "rule": "IN-G3",
        "fieldIndex": 14,
        "tag": "650",
        "indicatorIndex": 0,
        "message": "Индикатор 1 поля 650 имеет недопустимое значение \"\"."
      }
    },
    "IN-G3: Индикатор 1 поля 710 имеет недопустимое значение \"¶\".": {
      "count": 2,
      "first": {
        "recordIndex": 1204714,
        "byteOffset": 1019927713,
        "rule": "IN-G3",
        "fieldIndex": 16,
        "tag": "710",
        "indicatorIndex": 0,
        "message": "Индикатор 1 поля 710 имеет недопустимое значение \"¶\"."
      }
    },
    "IN-G3: Индикатор 2 поля 336 имеет недопустимое значение \"\".": {
      "count": 2,
      "first": {
        "recordIndex": 1204714,
        "byteOffset": 1019927713,
        "rule": "IN-G3",
        "fieldIndex": 19,
        "tag": "336",
        "indicatorIndex": 1,
        "message": "Индикатор 2 поля 336 имеет недопустимое значение \"\"."
      }
    },
    "IN-G3: Индикатор 2 поля 245 имеет недопустимое значение \"\".": {
      "count": 1,
      "first": {
        "recordIndex": 1204715,
        "byteOffset": 1019929552,
        "rule": "IN-G3",
        "fieldIndex": 10,
        "tag": "245",
        "indicatorIndex": 1,
        "message": "Индикатор 2 поля 245 имеет недопустимое значение \"\"."
      }
    },
    "IN-G3: Индикатор 2 поля 336 имеет недопустимое значение \"²\".": {
      "count": 8,
      "first": {
        "recordIndex": 1204715,
        "byteOffset": 1019929552,
        "rule": "IN-G3",
        "fieldIndex": 18,
        "tag": "336",
        "indicatorIndex": 1,
        "message": "Индикатор 2 поля 336 имеет недопустимое значение \"²\"."
      }
    },
    "IN-G3: Индикатор 1 поля 650 имеет недопустимое значение \"\".": {
      "count": 23,
      "first": {
        "recordIndex": 1204716,
        "byteOffset": 1019931031,
        "rule": "IN-G3",
        "fieldIndex": 14,
        "tag": "650",
        "indicatorIndex": 0,
        "message": "Индикатор 1 поля 650 имеет недопустимое значение \"\"."
      }
    },
    "IN-G3: Индикатор 1 поля 700 имеет недопустимое значение \",\".": {
      "count": 2,
      "first": {
        "recordIndex": 1204716,
        "byteOffset": 1019931031,
        "rule": "IN-G3",
        "fieldIndex": 15,
        "tag": "700",
        "indicatorIndex": 0,
        "message": "Индикатор 1 поля 700 имеет недопустимое значение \",\"."
      }
    },
    "IN-G3: Индикатор 2 поля 710 имеет недопустимое значение \"·\".": {
      "count": 1,
      "first": {
        "recordIndex": 1204716,
        "byteOffset": 1019931031,
        "rule": "IN-G3",
        "fieldIndex": 16,
        "tag": "710",
        "indicatorIndex": 1,
        "message": "Индикатор 2 поля 710 имеет недопустимое значение \"·\"."
      }
    },
    "IN-G3: Индикатор 2 поля 650 имеет недопустимое значение \"¹\".": {
      "count": 6,
      "first": {
        "recordIndex": 1204717,
        "byteOffset": 1019932464,
        "rule": "IN-G3",
        "fieldIndex": 15,
        "tag": "650",
        "indicatorIndex": 1,
        "message": "Индикатор 2 поля 650 имеет недопустимое значение \"¹\"."
      }
    },
    "IN-G3: Индикатор 1 поля 700 имеет недопустимое значение \"´\".": {
      "count": 5,
      "first": {
        "recordIndex": 1204717,
        "byteOffset": 1019932464,
        "rule": "IN-G3",
        "fieldIndex": 16,
        "tag": "700",
        "indicatorIndex": 0,
        "message": "Индикатор 1 поля 700 имеет недопустимое значение \"´\"."
      }
    },
    "IN-G3: Индикатор 1 поля 336 имеет недопустимое значение \"°\".": {
      "count": 7,
      "first": {
        "recordIndex": 1204717,
        "byteOffset": 1019932464,
        "rule": "IN-G3",
        "fieldIndex": 20,
        "tag": "336",
        "indicatorIndex": 0,
        "message": "Индикатор 1 поля 336 имеет недопустимое значение \"°\"."
      }
    },
    "IN-G3: Индикатор 1 поля 080 имеет недопустимое значение \"\\u001e\".": {
      "count": 6,
      "first": {
        "recordIndex": 1204718,
        "byteOffset": 1019934211,
        "rule": "IN-G3",
        "fieldIndex": 8,
        "tag": "080",
        "indicatorIndex": 0,
        "message": "Индикатор 1 поля 080 имеет недопустимое значение \"\\u001e\"."
      }
    },
    "DF-G2: Поле 100 содержит 1 индикатор(а), ожидалось 2.": {
      "count": 1,
      "first": {
        "recordIndex": 1204718,
        "byteOffset": 1019934211,
        "rule": "DF-G2",
        "fieldIndex": 9,
        "tag": "100",
        "message": "Поле 100 содержит 1 индикатор(а), ожидалось 2."
      }
    },
    "IN-G3: Индикатор 2 поля 245 имеет недопустимое значение \"­\".": {
      "count": 1,
      "first": {
        "recordIndex": 1204718,
        "byteOffset": 1019934211,
        "rule": "IN-G3",
        "fieldIndex": 10,
        "tag": "245",
        "indicatorIndex": 1,
        "message": "Индикатор 2 поля 245 имеет недопустимое значение \"­\"."
      }
    },
    "IN-G3: Индикатор 1 поля 250 имеет недопустимое значение \"\".": {
      "count": 2,
      "first": {
        "recordIndex": 1204718,
        "byteOffset": 1019934211,
        "rule": "IN-G3",
        "fieldIndex": 11,
        "tag": "250",
        "indicatorIndex": 0,
        "message": "Индикатор 1 поля 250 имеет недопустимое значение \"\"."
      }
    },
    "IN-G3: Индикатор 2 поля 250 имеет недопустимое значение \"Ñ\".": {
      "count": 8,
      "first": {
        "recordIndex": 1204718,
        "byteOffset": 1019934211,
        "rule": "IN-G3",
        "fieldIndex": 11,
        "tag": "250",
        "indicatorIndex": 1,
        "message": "Индикатор 2 поля 250 имеет недопустимое значение \"Ñ\"."
      }
    },
    "IN-G3: Индикатор 1 поля 260 имеет недопустимое значение \"\".": {
      "count": 4,
      "first": {
        "recordIndex": 1204718,
        "byteOffset": 1019934211,
        "rule": "IN-G3",
        "fieldIndex": 12,
        "tag": "260",
        "indicatorIndex": 0,
        "message": "Индикатор 1 поля 260 имеет недопустимое значение \"\"."
      }
    },
    "IN-G3: Индикатор 2 поля 520 имеет недопустимое значение \"\".": {
      "count": 7,
      "first": {
        "recordIndex": 1204718,
        "byteOffset": 1019934211,
        "rule": "IN-G3",
        "fieldIndex": 14,
        "tag": "520",
        "indicatorIndex": 1,
        "message": "Индикатор 2 поля 520 имеет недопустимое значение \"\"."
      }
    },
    "IN-G3: Индикатор 2 поля 336 имеет недопустимое значение \"¹\".": {
      "count": 3,
      "first": {
        "recordIndex": 1204718,
        "byteOffset": 1019934211,
        "rule": "IN-G3",
        "fieldIndex": 19,
        "tag": "336",
        "indicatorIndex": 1,
        "message": "Индикатор 2 поля 336 имеет недопустимое значение \"¹\"."
      }
    },
    "IN-G3: Индикатор 2 поля 300 имеет недопустимое значение \"\".": {
      "count": 3,
      "first": {
        "recordIndex": 1204719,
        "byteOffset": 1019935550,
        "rule": "IN-G3",
        "fieldIndex": 12,
        "tag": "300",
        "indicatorIndex": 1,
        "message": "Индикатор 2 поля 300 имеет недопустимое значение \"\"."
      }
    },
    "IN-G3: Индикатор 2 поля 520 имеет недопустимое значение \"²\".": {
      "count": 11,
      "first": {
        "recordIndex": 1204719,
        "byteOffset": 1019935550,
        "rule": "IN-G3",
        "fieldIndex": 14,
        "tag": "520",
        "indicatorIndex": 1,
        "message": "Индикатор 2 поля 520 имеет недопустимое значение \"²\"."
      }
    },
    "IN-G3: Индикатор 2 поля 336 имеет недопустимое значение \"\".": {
      "count": 1,
      "first": {
        "recordIndex": 1204719,
        "byteOffset": 1019935550,
        "rule": "IN-G3",
        "fieldIndex": 18,
        "tag": "336",
        "indicatorIndex": 1,
        "message": "Индикатор 2 поля 336 имеет недопустимое значение \"\"."
      }
    },
    "IN-G3: Индикатор 1 поля 337 имеет недопустимое значение \"»\".": {
      "count": 2,
      "first": {
        "recordIndex": 1204719,
        "byteOffset": 1019935550,
        "rule": "IN-G3",
        "fieldIndex": 19,
        "tag": "337",
        "indicatorIndex": 0,
        "message": "Индикатор 1 поля 337 имеет недопустимое значение \"»\"."
      }
    },
    "IN-G3: Индикатор 2 поля 300 имеет недопустимое значение \"´\".": {
      "count": 6,
      "first": {
        "recordIndex": 1204720,
        "byteOffset": 1019936903,
        "rule": "IN-G3",
        "fieldIndex": 11,
        "tag": "300",
        "indicatorIndex": 1,
        "message": "Индикатор 2 поля 300 имеет недопустимое значение \"´\"."
      }
    },
    "IN-G3: Индикатор 2 поля 500 имеет недопустимое значение \"\".": {
      "count": 1,
      "first": {
        "recordIndex": 1204720,
        "byteOffset": 1019936903,
        "rule": "IN-G3",
        "fieldIndex": 12,
        "tag": "500",
        "indicatorIndex": 1,
        "message": "Индикатор 2 поля 500 имеет недопустимое значение \"\"."
      }
    },
    "IN-G3: Индикатор 2 поля 504 имеет недопустимое значение \"¾\".": {
      "count": 3,
      "first": {
        "recordIndex": 1204720,
        "byteOffset": 1019936903,
        "rule": "IN-G3",
        "fieldIndex": 13,
        "tag": "504",
        "indicatorIndex": 1,
        "message": "Индикатор 2 поля 504 имеет недопустимое значение \"¾\"."
      }
    },
    "IN-G3: Индикатор 1 поля 546 имеет недопустимое значение \"»\".": {
      "count": 1,
      "first": {
        "recordIndex": 1204720,
        "byteOffset": 1019936903,
        "rule": "IN-G3",
        "fieldIndex": 15,
        "tag": "546",
        "indicatorIndex": 0,
        "message": "Индикатор 1 поля 546 имеет недопустимое значение \"»\"."
      }
    },
    "IN-G3: Индикатор 2 поля 546 имеет недопустимое значение \"Ñ\".": {
      "count": 2,
      "first": {
        "recordIndex": 1204720,
        "byteOffset": 1019936903,
        "rule": "IN-G3",
        "fieldIndex": 15,
        "tag": "546",
        "indicatorIndex": 1,
        "message": "Индикатор 2 поля 546 имеет недопустимое значение \"Ñ\"."
      }
    },
    "IN-G3: Индикатор 2 поля 337 имеет недопустимое значение \"»\".": {
      "count": 5,
      "first": {
        "recordIndex": 1204720,
        "byteOffset": 1019936903,
        "rule": "IN-G3",
        "fieldIndex": 21,
        "tag": "337",
        "indicatorIndex": 1,
        "message": "Индикатор 2 поля 337 имеет недопустимое значение \"»\"."
      }
    },
    "IN-G3: Индикатор 1 поля 500 имеет недопустимое значение \"¾\".": {
      "count": 3,
      "first": {
        "recordIndex": 1204721,
        "byteOffset": 1019938147,
        "rule": "IN-G3",
        "fieldIndex": 12,
        "tag": "500",
        "indicatorIndex": 0,
        "message": "Индикатор 1 поля 500 имеет недопустимое значение \"¾\"."
      }
    },
    "IN-G3: Индикатор 1 поля 650 имеет недопустимое значение \")\".": {
      "count": 2,
      "first": {
        "recordIndex": 1204721,
        "byteOffset": 1019938147,
        "rule": "IN-G3",
        "fieldIndex": 16,
        "tag": "650",
        "indicatorIndex": 0,
        "message": "Индикатор 1 поля 650 имеет недопустимое значение \")\"."
      }
    },
    "IN-G3: Индикатор 2 поля 700 имеет недопустимое значение \"»\".": {
      "count": 6,
      "first": {
        "recordIndex": 1204721,
        "byteOffset": 1019938147,
        "rule": "IN-G3",
        "fieldIndex": 19,
        "tag": "700",
        "indicatorIndex": 1,
        "message": "Индикатор 2 поля 700 имеет недопустимое значение \"»\"."
      }
    },
    "IN-G3: Индикатор 1 поля 336 имеет недопустимое значение \"\".": {
      "count": 1,
      "first": {
        "recordIndex": 1204721,
        "byteOffset": 1019938147,
        "rule": "IN-G3",
        "fieldIndex": 24,
        "tag": "336",
        "indicatorIndex": 0,
        "message": "Индикатор 1 поля 336 имеет недопустимое значение \"\"."
      }
    },
    "IN-G3: Индикатор 1 поля 245 имеет недопустимое значение \"\".": {
      "count": 1,
      "first": {
        "recordIndex": 1204722,
        "byteOffset": 1019939703,
        "rule": "IN-G3",
        "fieldIndex": 10,
        "tag": "245",
        "indicatorIndex": 0,
        "message": "Индикатор 1 поля 245 имеет недопустимое значение \"\"."
      }
    },
    "IN-G3: Индикатор 2 поля 504 имеет недопустимое значение \"\".": {
      "count": 1,
      "first": {
        "recordIndex": 1204722,
        "byteOffset": 1019939703,
        "rule": "IN-G3",
        "fieldIndex": 13,
        "tag": "504",
        "indicatorIndex": 1,
        "message": "Индикатор 2 поля 504 имеет недопустимое значение \"\"."
      }
    },
    "IN-G3: Индикатор 1 поля 337 имеет недопустимое значение \"\".": {
      "count": 8,
      "first": {
        "recordIndex": 1204722,
        "byteOffset": 1019939703,
        "rule": "IN-G3",
        "fieldIndex": 20,
        "tag": "337",
        "indicatorIndex": 0,
        "message": "Индикатор 1 поля 337 имеет недопустимое значение \"\"."
      }
    },
    "IN-G3: Индикатор 1 поля 260 имеет недопустимое значение \"º\".": {
      "count": 6,
      "first": {
        "recordIndex": 1204723,
        "byteOffset": 1019941062,
        "rule": "IN-G3",
        "fieldIndex": 10,
        "tag": "260",
        "indicatorIndex": 0,
        "message": "Индикатор 1 поля 260 имеет недопустимое значение \"º\"."
      }
    },
    "IN-G3: Индикатор 1 поля 300 имеет недопустимое значение \"¸\".": {
      "count": 14,
      "first": {
        "recordIndex": 1204723,
        "byteOffset": 1019941062,
        "rule": "IN-G3",
        "fieldIndex": 11,
        "tag": "300",
        "indicatorIndex": 0,
        "message": "Индикатор 1 поля 300 имеет недопустимое значение \"¸\"."
      }
    },
    "IN-G3: Индикатор 1 поля 500 имеет недопустимое значение \"\".": {
      "count": 2,
      "first": {
        "recordIndex": 1204723,
        "byteOffset": 1019941062,
        "rule": "IN-G3",
        "fieldIndex": 12,
        "tag": "500",
        "indicatorIndex": 0,
        "message": "Индикатор 1 поля 500 имеет недопустимое значение \"\"."
      }
    },
    "IN-G3: Индикатор 2 поля 504 имеет недопустимое значение \"°\".": {
      "count": 2,
      "first": {
        "recordIndex": 1204723,
        "byteOffset": 1019941062,
        "rule": "IN-G3",
        "fieldIndex": 13,
        "tag": "504",
        "indicatorIndex": 1,
        "message": "Индикатор 2 поля 504 имеет недопустимое значение \"°\"."
      }
    },
    "IN-G3: Индикатор 1 поля 546 имеет недопустимое значение \".\".": {
      "count": 1,
      "first": {
        "recordIndex": 1204723,
        "byteOffset": 1019941062,
        "rule": "IN-G3",
        "fieldIndex": 15,
        "tag": "546",
        "indicatorIndex": 0,
        "message": "Индикатор 1 поля 546 имеет недопустимое значение \".\"."
      }
    },
    "IN-G3: Индикатор 2 поля 546 имеет недопустимое значение \"\\u001e\".": {
      "count": 1,
      "first": {
        "recordIndex": 1204723,
        "byteOffset": 1019941062,
        "rule": "IN-G3",
        "fieldIndex": 15,
        "tag": "546",
        "indicatorIndex": 1,
        "message": "Индикатор 2 поля 546 имеет недопустимое значение \"\\u001e\"."
      }
    },
    "IN-G3: Индикатор 1 поля 337 имеет недопустимое значение \"±\".": {
      "count": 7,
      "first": {
        "recordIndex": 1204723,
        "byteOffset": 1019941062,
        "rule": "IN-G3",
        "fieldIndex": 23,
        "tag": "337",
        "indicatorIndex": 0,
        "message": "Индикатор 1 поля 337 имеет недопустимое значение \"±\"."
      }
    },
    "IN-G3: Индикатор 1 поля 260 имеет недопустимое значение \"½\".": {
      "count": 5,
      "first": {
        "recordIndex": 1204724,
        "byteOffset": 1019942712,
        "rule": "IN-G3",
        "fieldIndex": 10,
        "tag": "260",
        "indicatorIndex": 0,
        "message": "Индикатор 1 поля 260 имеет недопустимое значение \"½\"."
      }
    },
    "IN-G3: Индикатор 2 поля 300 имеет недопустимое значение \"\".": {
      "count": 5,
      "first": {
        "recordIndex": 1204724,
        "byteOffset": 1019942712,
        "rule": "IN-G3",
        "fieldIndex": 11,
        "tag": "300",
        "indicatorIndex": 1,
        "message": "Индикатор 2 поля 300 имеет недопустимое значение \"\"."
      }
    },
    "IN-G3: Индикатор 1 поля 504 имеет недопустимое значение \"º\".": {
      "count": 1,
      "first": {
        "recordIndex": 1204724,
        "byteOffset": 1019942712,
        "rule": "IN-G3",
        "fieldIndex": 13,
        "tag": "504",
        "indicatorIndex": 0,
        "message": "Индикатор 1 поля 504 имеет недопустимое значение \"º\"."
      }
    },
    "IN-G3: Индикатор 2 поля 700 имеет недопустимое значение \"\".": {
      "count": 4,
      "first": {
        "recordIndex": 1204724,
        "byteOffset": 1019942712,
        "rule": "IN-G3",
        "fieldIndex": 18,
        "tag": "700",
        "indicatorIndex": 1,
        "message": "Индикатор 2 поля 700 имеет недопустимое значение \"\"."
      }
    },
    "IN-G3: Индикатор 2 поля 710 имеет недопустимое значение \"º\".": {
      "count": 2,
      "first": {
        "recordIndex": 1204724,
        "byteOffset": 1019942712,
        "rule": "IN-G3",
        "fieldIndex": 19,
        "tag": "710",
        "indicatorIndex": 1,
        "message": "Индикатор 2 поля 710 имеет недопустимое значение \"º\"."
      }
    },
    "IN-G3: Индикатор 1 поля 336 имеет недопустимое значение \"¾\".": {
      "count": 12,
      "first": {
        "recordIndex": 1204724,
        "byteOffset": 1019942712,
        "rule": "IN-G3",
        "fieldIndex": 22,
        "tag": "336",
        "indicatorIndex": 0,
        "message": "Индикатор 1 поля 336 имеет недопустимое значение \"¾\"."
      }
    },
    "IN-G3: Индикатор 2 поля 337 имеет недопустимое значение \"\".": {
      "count": 1,
      "first": {
        "recordIndex": 1204724,
        "byteOffset": 1019942712,
        "rule": "IN-G3",
        "fieldIndex": 23,
        "tag": "337",
        "indicatorIndex": 1,
        "message": "Индикатор 2 поля 337 имеет недопустимое значение \"\"."
      }
    },
    "IN-G3: Индикатор 1 поля 650 имеет недопустимое значение \",\".": {
      "count": 5,
      "first": {
        "recordIndex": 1204725,
        "byteOffset": 1019944303,
        "rule": "IN-G3",
        "fieldIndex": 16,
        "tag": "650",
        "indicatorIndex": 0,
        "message": "Индикатор 1 поля 650 имеет недопустимое значение \",\"."
      }
    },
    "IN-G3: Индикатор 1 поля 336 имеет недопустимое значение \"²\".": {
      "count": 8,
      "first": {
        "recordIndex": 1204725,
        "byteOffset": 1019944303,
        "rule": "IN-G3",
        "fieldIndex": 20,
        "tag": "336",
        "indicatorIndex": 0,
        "message": "Индикатор 1 поля 336 имеет недопустимое значение \"²\"."
      }
    },
    "IN-G3: Индикатор 1 поля 250 имеет недопустимое значение \"´\".": {
      "count": 1,
      "first": {
        "recordIndex": 1204726,
        "byteOffset": 1019945782,
        "rule": "IN-G3",
        "fieldIndex": 11,
        "tag": "250",
        "indicatorIndex": 0,
        "message": "Индикатор 1 поля 250 имеет недопустимое значение \"´\"."
      }
    },
    "IN-G3: Индикатор 1 поля 300 имеет недопустимое значение \"]\".": {
      "count": 2,
      "first": {
        "recordIndex": 1204726,
        "byteOffset": 1019945782,
        "rule": "IN-G3",
        "fieldIndex": 13,
        "tag": "300",
        "indicatorIndex": 0,
        "message": "Индикатор 1 поля 300 имеет недопустимое значение \"]\"."
      }
    },
    "IN-G3: Индикатор 1 поля 700 имеет недопустимое значение \"\".": {
      "count": 8,
      "first": {
        "recordIndex": 1204726,
        "byteOffset": 1019945782,
        "rule": "IN-G3",
        "fieldIndex": 19,
        "tag": "700",
        "indicatorIndex": 0,
        "message": "Индикатор 1 поля 700 имеет недопустимое значение \"\"."
      }
    },
    "IN-G3: Индикатор 1 поля 250 имеет недопустимое значение \"¾\".": {
      "count": 2,
      "first": {
        "recordIndex": 1204727,
        "byteOffset": 1019946924,
        "rule": "IN-G3",
        "fieldIndex": 11,
        "tag": "250",
        "indicatorIndex": 0,
        "message": "Индикатор 1 поля 250 имеет недопустимое значение \"¾\"."
      }
    },
    "IN-G3: Индикатор 2 поля 260 имеет недопустимое значение \"\".": {
      "count": 12,
      "first": {
        "recordIndex": 1204727,
        "byteOffset": 1019946924,
        "rule": "IN-G3",
        "fieldIndex": 12,
        "tag": "260",
        "indicatorIndex": 1,
        "message": "Индикатор 2 поля 260 имеет недопустимое значение \"\"."
      }
    },
    "IN-G3: Индикатор 1 поля 300 имеет недопустимое значение \"\".": {
      "count": 7,
      "first": {
        "recordIndex": 1204727,
        "byteOffset": 1019946924,
        "rule": "IN-G3",
        "fieldIndex": 13,
        "tag": "300",
        "indicatorIndex": 0,
        "message": "Индикатор 1 поля 300 имеет недопустимое значение \"\"."
      }
    },
    "IN-G3: Индикатор 1 поля 504 имеет недопустимое значение \"\".": {
      "count": 4,
      "first": {
        "recordIndex": 1204727,
        "byteOffset": 1019946924,
        "rule": "IN-G3",
        "fieldIndex": 14,
        "tag": "504",
        "indicatorIndex": 0,
        "message": "Индикатор 1 поля 504 имеет недопустимое значение \"\"."
      }
    },
    "IN-G3: Индикатор 2 поля 504 имеет недопустимое значение \".\".": {
      "count": 4,
      "first": {
        "recordIndex": 1204727,
        "byteOffset": 1019946924,
        "rule": "IN-G3",
        "fieldIndex": 14,
        "tag": "504",
        "indicatorIndex": 1,
        "message": "Индикатор 2 поля 504 имеет недопустимое значение \".\"."
      }
    },
    "IN-G3: Индикатор 1 поля 520 имеет недопустимое значение \"·\".": {
      "count": 1,
      "first": {
        "recordIndex": 1204727,
        "byteOffset": 1019946924,
        "rule": "IN-G3",
        "fieldIndex": 15,
        "tag": "520",
        "indicatorIndex": 0,
        "message": "Индикатор 1 поля 520 имеет недопустимое значение \"·\"."
      }
    },
    "IN-G3: Индикатор 2 поля 912 имеет недопустимое значение \"\".": {
      "count": 2,
      "first": {
        "recordIndex": 1204727,
        "byteOffset": 1019946924,
        "rule": "IN-G3",
        "fieldIndex": 18,
        "tag": "912",
        "indicatorIndex": 1,
        "message": "Индикатор 2 поля 912 имеет недопустимое значение \"\"."
      }
    },
    "IN-G3: Индикатор 1 поля 336 имеет недопустимое значение \"\".": {
      "count": 4,
      "first": {
        "recordIndex": 1204727,
        "byteOffset": 1019946924,
        "rule": "IN-G3",
        "fieldIndex": 20,
        "tag": "336",
        "indicatorIndex": 0,
        "message": "Индикатор 1 поля 336 имеет недопустимое значение \"\"."
      }
    },
    "IN-G3: Индикатор 1 поля 337 имеет недопустимое значение \"´\".": {
      "count": 6,
      "first": {
        "recordIndex": 1204727,
        "byteOffset": 1019946924,
        "rule": "IN-G3",
        "fieldIndex": 21,
        "tag": "337",
        "indicatorIndex": 0,
        "message": "Индикатор 1 поля 337 имеет недопустимое значение \"´\"."
      }
    },
    "IN-G3: Индикатор 2 поля 500 имеет недопустимое значение \"(\".": {
      "count": 1,
      "first": {
        "recordIndex": 1204728,
        "byteOffset": 1019948695,
        "rule": "IN-G3",
        "fieldIndex": 12,
        "tag": "500",
        "indicatorIndex": 1,
        "message": "Индикатор 2 поля 500 имеет недопустимое значение \"(\"."
      }
    },
    "IN-G3: Индикатор 2 поля 504 имеет недопустимое значение \"\".": {
      "count": 2,
      "first": {
        "recordIndex": 1204728,
        "byteOffset": 1019948695,
        "rule": "IN-G3",
        "fieldIndex": 13,
        "tag": "504",
        "indicatorIndex": 1,
        "message": "Индикатор 2 поля 504 имеет недопустимое значение \"\"."
      }
    },
    "IN-G3: Индикатор 1 поля 520 имеет недопустимое значение \"\".": {
      "count": 1,
      "first": {
        "recordIndex": 1204728,
        "byteOffset": 1019948695,
        "rule": "IN-G3",
        "fieldIndex": 14,
        "tag": "520",
        "indicatorIndex": 0,
        "message": "Индикатор 1 поля 520 имеет недопустимое значение \"\"."
      }
    },
    "IN-G3: Индикатор 1 поля 546 имеет недопустимое значение \"\".": {
      "count": 1,
      "first": {
        "recordIndex": 1204728,
        "byteOffset": 1019948695,
        "rule": "IN-G3",
        "fieldIndex": 15,
        "tag": "546",
        "indicatorIndex": 0,
        "message": "Индикатор 1 поля 546 имеет недопустимое значение \"\"."
      }
    },
    "IN-G3: Индикатор 2 поля 710 имеет недопустимое значение \"\".": {
      "count": 1,
      "first": {
        "recordIndex": 1204728,
        "byteOffset": 1019948695,
        "rule": "IN-G3",
        "fieldIndex": 19,
        "tag": "710",
        "indicatorIndex": 1,
        "message": "Индикатор 2 поля 710 имеет недопустимое значение \"\"."
      }
    },
    "IN-G3: Индикатор 1 поля 336 имеет недопустимое значение \"\".": {
      "count": 4,
      "first": {
        "recordIndex": 1204728,
        "byteOffset": 1019948695,
        "rule": "IN-G3",
        "fieldIndex": 22,
        "tag": "336",
        "indicatorIndex": 0,
        "message": "Индикатор 1 поля 336 имеет недопустимое значение \"\"."
      }
    },
    "IN-G3: Индикатор 1 поля 504 имеет недопустимое значение \"\".": {
      "count": 2,
      "first": {
        "recordIndex": 1204729,
        "byteOffset": 1019951015,
        "rule": "IN-G3",
        "fieldIndex": 13,
        "tag": "504",
        "indicatorIndex": 0,
        "message": "Индикатор 1 поля 504 имеет недопустимое значение \"\"."
      }
    },
    "IN-G3: Индикатор 1 поля 337 имеет недопустимое значение \"¹\".": {
      "count": 1,
      "first": {
        "recordIndex": 1204729,
        "byteOffset": 1019951015,
        "rule": "IN-G3",
        "fieldIndex": 25,
        "tag": "337",
        "indicatorIndex": 0,
        "message": "Индикатор 1 поля 337 имеет недопустимое значение \"¹\"."
      }
    },
    "IN-G3: Индикатор 2 поля 337 имеет недопустимое значение \",\".": {
      "count": 3,
      "first": {
        "recordIndex": 1204729,
        "byteOffset": 1019951015,
        "rule": "IN-G3",
        "fieldIndex": 25,
        "tag": "337",
        "indicatorIndex": 1,
        "message": "Индикатор 2 поля 337 имеет недопустимое значение \",\"."
      }
    },
    "IN-G3: Индикатор 1 поля 245 имеет недопустимое значение \",\".": {
      "count": 7,
      "first": {
        "recordIndex": 1204730,
        "byteOffset": 1019953122,
        "rule": "IN-G3",
        "fieldIndex": 10,
        "tag": "245",
        "indicatorIndex": 0,
        "message": "Индикатор 1 поля 245 имеет недопустимое значение \",\"."
      }
    },
    "IN-G3: Индикатор 2 поля 300 имеет недопустимое значение \"³\".": {
      "count": 4,
      "first": {
        "recordIndex": 1204730,
        "byteOffset": 1019953122,
        "rule": "IN-G3",
        "fieldIndex": 12,
        "tag": "300",
        "indicatorIndex": 1,
        "message": "Индикатор 2 поля 300 имеет недопустимое значение \"³\"."
      }
    },
    "IN-G3: Индикатор 1 поля 490 имеет недопустимое значение \"\".": {
      "count": 3,
      "first": {
        "recordIndex": 1204730,
        "byteOffset": 1019953122,
        "rule": "IN-G3",
        "fieldIndex": 13,
        "tag": "490",
        "indicatorIndex": 0,
        "message": "Индикатор 1 поля 490 имеет недопустимое значение \"\"."
      }
    },
    "IN-G3: Индикатор 2 поля 490 имеет недопустимое значение \"Ñ\".": {
      "count": 26,
      "first": {
        "recordIndex": 1204730,
        "byteOffset": 1019953122,
        "rule": "IN-G3",
        "fieldIndex": 13,
        "tag": "490",
        "indicatorIndex": 1,
        "message": "Индикатор 2 поля 490 имеет недопустимое значение \"Ñ\"."
      }
    },
    "IN-G3: Индикатор 1 поля 650 имеет недопустимое значение \"³\".": {
      "count": 4,
      "first": {
        "recordIndex": 1204730,
        "byteOffset": 1019953122,
        "rule": "IN-G3",
        "fieldIndex": 18,
        "tag": "650",
        "indicatorIndex": 0,
        "message": "Индикатор 1 поля 650 имеет недопустимое значение \"³\"."
      }
    },
    "IN-G3: Индикатор 2 поля 337 имеет недопустимое значение \"\".": {
      "count": 11,
      "first": {
        "recordIndex": 1204730,
        "byteOffset": 1019953122,
        "rule": "IN-G3",
        "fieldIndex": 22,
        "tag": "337",
        "indicatorIndex": 1,
        "message": "Индикатор 2 поля 337 имеет недопустимое значение \"\"."
      }
    },
    "IN-G3: Индикатор 1 поля 300 имеет недопустимое значение \"\".": {
      "count": 5,
      "first": {
        "recordIndex": 1204731,
        "byteOffset": 1019955051,
        "rule": "IN-G3",
        "fieldIndex": 11,
        "tag": "300",
        "indicatorIndex": 0,
        "message": "Индикатор 1 поля 300 имеет недопустимое значение \"\"."
      }
    },
    "IN-G3: Индикатор 2 поля 500 имеет недопустимое значение \"µ\".": {
      "count": 5,
      "first": {
        "recordIndex": 1204731,
        "byteOffset": 1019955051,
        "rule": "IN-G3",
        "fieldIndex": 12,
        "tag": "500",
        "indicatorIndex": 1,
        "message": "Индикатор 2 поля 500 имеет недопустимое значение \"µ\"."
      }
    },
    "IN-G3: Индикатор 2 поля 504 имеет недопустимое значение \"¿\".": {
      "count": 1,
      "first": {
        "recordIndex": 1204731,
        "byteOffset": 1019955051,
        "rule": "IN-G3",
        "fieldIndex": 13,
        "tag": "504",
        "indicatorIndex": 1,
        "message": "Индикатор 2 поля 504 имеет недопустимое значение \"¿\"."
      }
    },
    "IN-G3: Индикатор 1 поля 700 имеет недопустимое значение \"-\".": {
      "count": 1,
      "first": {
        "recordIndex": 1204731,
        "byteOffset": 1019955051,
        "rule": "IN-G3",
        "fieldIndex": 17,
        "tag": "700",
        "indicatorIndex": 0,
        "message": "Индикатор 1 поля 700 имеет недопустимое значение \"-\"."
      }
    },
    "IN-G3: Индикатор 2 поля 710 имеет недопустимое значение \"\".": {
      "count": 1,
      "first": {
        "recordIndex": 1204731,
        "byteOffset": 1019955051,
        "rule": "IN-G3",
        "fieldIndex": 19,
        "tag": "710",
        "indicatorIndex": 1,
        "message": "Индикатор 2 поля 710 имеет недопустимое значение \"\"."
      }
    },
    "IN-G3: Индикатор 2 поля 336 имеет недопустимое значение \"\".": {
      "count": 8,
      "first": {
        "recordIndex": 1204731,
        "byteOffset": 1019955051,
        "rule": "IN-G3",
        "fieldIndex": 22,
        "tag": "336",
        "indicatorIndex": 1,
        "message": "Индикатор 2 поля 336 имеет недопустимое значение \"\"."
      }
    },
    "IN-G3: Индикатор 1 поля 260 имеет недопустимое значение \" \".": {
      "count": 1,
      "first": {
        "recordIndex": 1204732,
        "byteOffset": 1019957261,
        "rule": "IN-G3",
        "fieldIndex": 10,
        "tag": "260",
        "indicatorIndex": 0,
        "message": "Индикатор 1 поля 260 имеет недопустимое значение \" \"."
      }
    },
    "IN-G3: Индикатор 2 поля 500 имеет недопустимое значение \"¿\".": {
      "count": 1,
      "first": {
        "recordIndex": 1204732,
        "byteOffset": 1019957261,
        "rule": "IN-G3",
        "fieldIndex": 13,
        "tag": "500",
        "indicatorIndex": 1,
        "message": "Индикатор 2 поля 500 имеет недопустимое значение \"¿\"."
      }
    },
    "IN-G3: Индикатор 2 поля 504 имеет недопустимое значение \"\".": {
      "count": 1,
      "first": {
        "recordIndex": 1204732,
        "byteOffset": 1019957261,
        "rule": "IN-G3",
        "fieldIndex": 14,
        "tag": "504",
        "indicatorIndex": 1,
        "message": "Индикатор 2 поля 504 имеет недопустимое значение \"\"."
      }
    },
    "IN-G3: Индикатор 2 поля 700 имеет недопустимое значение \"\".": {
      "count": 11,
      "first": {
        "recordIndex": 1204732,
        "byteOffset": 1019957261,
        "rule": "IN-G3",
        "fieldIndex": 21,
        "tag": "700",
        "indicatorIndex": 1,
        "message": "Индикатор 2 поля 700 имеет недопустимое значение \"\"."
      }
    },
    "IN-G3: Индикатор 2 поля 700 имеет недопустимое значение \"\".": {
      "count": 2,
      "first": {
        "recordIndex": 1204732,
        "byteOffset": 1019957261,
        "rule": "IN-G3",
        "fieldIndex": 22,
        "tag": "700",
        "indicatorIndex": 1,
        "message": "Индикатор 2 поля 700 имеет недопустимое значение \"\"."
      }
    },
    "IN-G3: Индикатор 2 поля 710 имеет недопустимое значение \"¾\".": {
      "count": 2,
      "first": {
        "recordIndex": 1204732,
        "byteOffset": 1019957261,
        "rule": "IN-G3",
        "fieldIndex": 23,
        "tag": "710",
        "indicatorIndex": 1,
        "message": "Индикатор 2 поля 710 имеет недопустимое значение \"¾\"."
      }
    },
    "IN-G3: Индикатор 1 поля 260 имеет недопустимое значение \".\".": {
      "count": 6,
      "first": {
        "recordIndex": 1204733,
        "byteOffset": 1019959380,
        "rule": "IN-G3",
        "fieldIndex": 11,
        "tag": "260",
        "indicatorIndex": 0,
        "message": "Индикатор 1 поля 260 имеет недопустимое значение \".\"."
      }
    },
    "IN-G3: Индикатор 2 поля 520 имеет недопустимое значение \"¸\".": {
      "count": 11,
      "first": {
        "recordIndex": 1204733,
        "byteOffset": 1019959380,
        "rule": "IN-G3",
        "fieldIndex": 14,
        "tag": "520",
        "indicatorIndex": 1,
        "message": "Индикатор 2 поля 520 имеет недопустимое значение \"¸\"."
      }
    },
    "IN-G3: Индикатор 1 поля 245 имеет недопустимое значение \"®\".": {
      "count": 1,
      "first": {
        "recordIndex": 1204734,
        "byteOffset": 1019961090,
        "rule": "IN-G3",
        "fieldIndex": 10,
        "tag": "245",
        "indicatorIndex": 0,
        "message": "Индикатор 1 поля 245 имеет недопустимое значение \"®\"."
      }
    },
    "IN-G3: Индикатор 1 поля 504 имеет недопустимое значение \"\".": {
      "count": 1,
      "first": {
        "recordIndex": 1204734,
        "byteOffset": 1019961090,
        "rule": "IN-G3",
        "fieldIndex": 13,
        "tag": "504",
        "indicatorIndex": 0,
        "message": "Индикатор 1 поля 504 имеет недопустимое значение \"\"."
      }
    },
    "IN-G3: Индикатор 1 поля 555 имеет недопустимое значение \"Ð\".": {
      "count": 4,
      "first": {
        "recordIndex": 1204734,
        "byteOffset": 1019961090,
        "rule": "IN-G3",
        "fieldIndex": 15,
        "tag": "555",
        "indicatorIndex": 0,
        "message": "Индикатор 1 поля 555 имеет недопустимое значение \"Ð\"."
      }
    },
    "IN-G3: Индикатор 2 поля 555 имеет недопустимое значение \"µ\".": {
      "count": 1,
      "first": {
        "recordIndex": 1204734,
        "byteOffset": 1019961090,
        "rule": "IN-G3",
        "fieldIndex": 15,
        "tag": "555",
        "indicatorIndex": 1,
        "message": "Индикатор 2 поля 555 имеет недопустимое значение \"µ\"."
      }
    },
    "IN-G3: Индикатор 2 поля 260 имеет недопустимое значение \"¹\".": {
      "count": 5,
      "first": {
        "recordIndex": 1204735,
        "byteOffset": 1019962676,
        "rule": "IN-G3",
        "fieldIndex": 10,
        "tag": "260",
        "indicatorIndex": 1,
        "message": "Индикатор 2 поля 260 имеет недопустимое значение \"¹\"."
      }
    },
    "IN-G3: Индикатор 1 поля 700 имеет недопустимое значение \"\".": {
      "count": 2,
      "first": {
        "recordIndex": 1204735,
        "byteOffset": 1019962676,
        "rule": "IN-G3",
        "fieldIndex": 14,
        "tag": "700",
        "indicatorIndex": 0,
        "message": "Индикатор 1 поля 700 имеет недопустимое значение \"\"."
      }
    },
    "IN-G3: Индикатор 2 поля 700 имеет недопустимое значение \",\".": {
      "count": 2,
      "first": {
        "recordIndex": 1204735,
        "byteOffset": 1019962676,
        "rule": "IN-G3",
        "fieldIndex": 14,
        "tag": "700",
        "indicatorIndex": 1,
        "message": "Индикатор 2 поля 700 имеет недопустимое значение \",\"."
      }
    },
    "VF-G5: Подполе 1 поля 336 имеет недопустимый код \"\".": {
      "count": 7,
      "first": {
        "recordIndex": 1204735,
        "byteOffset": 1019962676,
        "rule": "VF-G5",
        "fieldIndex": 17,
        "tag": "336",
        "subfieldIndex": 0,
        "message": "Подполе 1 поля 336 имеет недопустимый код \"\"."
      }
    },
    "SF-G4: Подполе 1 поля 336 имеет недопустимый код \"\".": {
      "count": 7,
      "first": {
        "recordIndex": 1204735,
        "byteOffset": 1019962676,
        "rule": "SF-G4",
        "fieldIndex": 17,
        "tag": "336",
        "subfieldIndex": 0,
        "message": "Подполе 1 поля 336 имеет недопустимый код \"\"."
      }
    },
    "IN-G3: Индикатор 2 поля 337 имеет недопустимое значение \"\".": {
      "count": 1,
      "first": {
        "recordIndex": 1204735,
        "byteOffset": 1019962676,
        "rule": "IN-G3",
        "fieldIndex": 18,
        "tag": "337",
        "indicatorIndex": 1,
        "message": "Индикатор 2 поля 337 имеет недопустимое значение \"\"."
      }
    },
    "IN-G3: Индикатор 1 поля 100 имеет недопустимое значение \"Ð\".": {
      "count": 2,
      "first": {
        "recordIndex": 1204736,
        "byteOffset": 1019963566,
        "rule": "IN-G3",
        "fieldIndex": 9,
        "tag": "100",
        "indicatorIndex": 0,
        "message": "Индикатор 1 поля 100 имеет недопустимое значение \"Ð\"."
      }
    },
    "IN-G3: Индикатор 2 поля 100 имеет недопустимое значение \"²\".": {
      "count": 1,
      "first": {
        "recordIndex": 1204736,
        "byteOffset": 1019963566,
        "rule": "IN-G3",
        "fieldIndex": 9,
        "tag": "100",
        "indicatorIndex": 1,
        "message": "Индикатор 2 поля 100 имеет недопустимое значение \"²\"."
      }
    },
    "IN-G3: Индикатор 2 поля 700 имеет недопустимое значение \"±\".": {
      "count": 4,
      "first": {
        "recordIndex": 1204736,
        "byteOffset": 1019963566,
        "rule": "IN-G3",
        "fieldIndex": 16,
        "tag": "700",
        "indicatorIndex": 1,
        "message": "Индикатор 2 поля 700 имеет недопустимое значение \"±\"."
      }
    },
    "IN-G3: Индикатор 2 поля 260 имеет недопустимое значение \"(\".": {
      "count": 1,
      "first": {
        "recordIndex": 1204737,
        "byteOffset": 1019964945,
        "rule": "IN-G3",
        "fieldIndex": 11,
        "tag": "260",
        "indicatorIndex": 1,
        "message": "Индикатор 2 поля 260 имеет недопустимое значение \"(\"."
      }
    },
    "IN-G3: Индикатор 2 поля 520 имеет недопустимое значение \"\".": {
      "count": 1,
      "first": {
        "recordIndex": 1204738,
        "byteOffset": 1019966438,
        "rule": "IN-G3",
        "fieldIndex": 14,
        "tag": "520",
        "indicatorIndex": 1,
        "message": "Индикатор 2 поля 520 имеет недопустимое значение \"\"."
      }
    },
    "IN-G3: Индикатор 1 поля 710 имеет недопустимое значение \"\".": {
      "count": 1,
      "first": {
        "recordIndex": 1204738,
        "byteOffset": 1019966438,
        "rule": "IN-G3",
        "fieldIndex": 20,
        "tag": "710",
        "indicatorIndex": 0,
        "message": "Индикатор 1 поля 710 имеет недопустимое значение \"\"."
      }
    },
    "IN-G3: Индикатор 2 поля 912 имеет недопустимое значение \"\".": {
      "count": 8,
      "first": {
        "recordIndex": 1204738,
        "byteOffset": 1019966438,
        "rule": "IN-G3",
        "fieldIndex": 21,
        "tag": "912",
        "indicatorIndex": 1,
        "message": "Индикатор 2 поля 912 имеет недопустимое значение \"\"."
      }
    },
    "IN-G3: Индикатор 2 поля 337 имеет недопустимое значение \"\".": {
      "count": 1,
      "first": {
        "recordIndex": 1204738,
        "byteOffset": 1019966438,
        "rule": "IN-G3",
        "fieldIndex": 24,
        "tag": "337",
        "indicatorIndex": 1,
        "message": "Индикатор 2 поля 337 имеет недопустимое значение \"\"."
      }
    },
    "IN-G3: Индикатор 1 поля 020 имеет недопустимое значение \"Ð\".": {
      "count": 4,
      "first": {
        "recordIndex": 1204739,
        "byteOffset": 1019967979,
        "rule": "IN-G3",
        "fieldIndex": 6,
        "tag": "020",
        "indicatorIndex": 0,
        "message": "Индикатор 1 поля 020 имеет недопустимое значение \"Ð\"."
      }
    },
    "IN-G3: Индикатор 2 поля 020 имеет недопустимое значение \"º\".": {
      "count": 4,
      "first": {
        "recordIndex": 1204739,
        "byteOffset": 1019967979,
        "rule": "IN-G3",
        "fieldIndex": 6,
        "tag": "020",
        "indicatorIndex": 1,
        "message": "Индикатор 2 поля 020 имеет недопустимое значение \"º\"."
      }
    },
    "IN-G3: Индикатор 2 поля 080 имеет недопустимое значение \".\".": {
      "count": 1,
      "first": {
        "recordIndex": 1204739,
        "byteOffset": 1019967979,
        "rule": "IN-G3",
        "fieldIndex": 11,
        "tag": "080",
        "indicatorIndex": 1,
        "message": "Индикатор 2 поля 080 имеет недопустимое значение \".\"."
      }
    },
    "DF-G2: Поле 100 содержит 0 индикатор(а), ожидалось 2.": {
      "count": 40,
      "first": {
        "recordIndex": 1204739,
        "byteOffset": 1019967979,
        "rule": "DF-G2",
        "fieldIndex": 12,
        "tag": "100",
        "message": "Поле 100 содержит 0 индикатор(а), ожидалось 2."
      }
    },
    "IN-G3: Индикатор 1 поля 245 имеет недопустимое значение \"µ\".": {
      "count": 4,
      "first": {
        "recordIndex": 1204739,
        "byteOffset": 1019967979,
        "rule": "IN-G3",
        "fieldIndex": 13,
        "tag": "245",
        "indicatorIndex": 0,
        "message": "Индикатор 1 поля 245 имеет недопустимое значение \"µ\"."
      }
    },
    "IN-G3: Индикатор 1 поля 490 имеет недопустимое значение \"Ð\".": {
      "count": 75,
      "first": {
        "recordIndex": 1204739,
        "byteOffset": 1019967979,
        "rule": "IN-G3",
        "fieldIndex": 16,
        "tag": "490",
        "indicatorIndex": 0,
        "message": "Индикатор 1 поля 490 имеет недопустимое значение \"Ð\"."
      }
    },
    "IN-G3: Индикатор 2 поля 490 имеет недопустимое значение \"²\".": {
      "count": 8,
      "first": {
        "recordIndex": 1204739,
        "byteOffset": 1019967979,
        "rule": "IN-G3",
        "fieldIndex": 16,
        "tag": "490",
        "indicatorIndex": 1,
        "message": "Индикатор 2 поля 490 имеет недопустимое значение \"²\"."
      }
    },
    "IN-G3: Индикатор 1 поля 500 имеет недопустимое значение \"²\".": {
      "count": 1,
      "first": {
        "recordIndex": 1204739,
        "byteOffset": 1019967979,
        "rule": "IN-G3",
        "fieldIndex": 17,
        "tag": "500",
        "indicatorIndex": 0,
        "message": "Индикатор 1 поля 500 имеет недопустимое значение \"²\"."
      }
    },
    "IN-G3: Индикатор 1 поля 520 имеет недопустимое значение \"\".": {
      "count": 6,
      "first": {
        "recordIndex": 1204739,
        "byteOffset": 1019967979,
        "rule": "IN-G3",
        "fieldIndex": 18,
        "tag": "520",
        "indicatorIndex": 0,
        "message": "Индикатор 1 поля 520 имеет недопустимое значение \"\"."
      }
    },
    "IN-G3: Индикатор 2 поля 600 имеет недопустимое значение \"¼\".": {
      "count": 2,
      "first": {
        "recordIndex": 1204739,
        "byteOffset": 1019967979,
        "rule": "IN-G3",
        "fieldIndex": 19,
        "tag": "600",
        "indicatorIndex": 1,
        "message": "Индикатор 2 поля 600 имеет недопустимое значение \"¼\"."
      }
    },
    "IN-G3: Индикатор 1 поля 700 имеет недопустимое значение \"\".": {
      "count": 8,
      "first": {
        "recordIndex": 1204739,
        "byteOffset": 1019967979,
        "rule": "IN-G3",
        "fieldIndex": 24,
        "tag": "700",
        "indicatorIndex": 0,
        "message": "Индикатор 1 поля 700 имеет недопустимое значение \"\"."
      }
    },
    "IN-G3: Индикатор 2 поля 912 имеет недопустимое значение \"¼\".": {
      "count": 5,
      "first": {
        "recordIndex": 1204739,
        "byteOffset": 1019967979,
        "rule": "IN-G3",
        "fieldIndex": 25,
        "tag": "912",
        "indicatorIndex": 1,
        "message": "Индикатор 2 поля 912 имеет недопустимое значение \"¼\"."
      }
    },
    "IN-G3: Индикатор 1 поля 337 имеет недопустимое значение \"\".": {
      "count": 2,
      "first": {
        "recordIndex": 1204739,
        "byteOffset": 1019967979,
        "rule": "IN-G3",
        "fieldIndex": 28,
        "tag": "337",
        "indicatorIndex": 0,
        "message": "Индикатор 1 поля 337 имеет недопустимое значение \"\"."
      }
    },
    "IN-G3: Индикатор 1 поля 710 имеет недопустимое значение \"\".": {
      "count": 1,
      "first": {
        "recordIndex": 1204740,
        "byteOffset": 1019969846,
        "rule": "IN-G3",
        "fieldIndex": 16,
        "tag": "710",
        "indicatorIndex": 0,
        "message": "Индикатор 1 поля 710 имеет недопустимое значение \"\"."
      }
    },
    "IN-G3: Индикатор 2 поля 337 имеет недопустимое значение \"º\".": {
      "count": 9,
      "first": {
        "recordIndex": 1204741,
        "byteOffset": 1019971427,
        "rule": "IN-G3",
        "fieldIndex": 22,
        "tag": "337",
        "indicatorIndex": 1,
        "message": "Индикатор 2 поля 337 имеет недопустимое значение \"º\"."
      }
    },
    "IN-G3: Индикатор 1 поля 336 имеет недопустимое значение \"§\".": {
      "count": 1,
      "first": {
        "recordIndex": 1204742,
        "byteOffset": 1019972725,
        "rule": "IN-G3",
        "fieldIndex": 15,
        "tag": "336",
        "indicatorIndex": 0,
        "message": "Индикатор 1 поля 336 имеет недопустимое значение \"§\"."
      }
    },
    "IN-G3: Индикатор 1 поля 650 имеет недопустимое значение \"\".": {
      "count": 15,
      "first": {
        "recordIndex": 1204743,
        "byteOffset": 1019973540,
        "rule": "IN-G3",
        "fieldIndex": 13,
        "tag": "650",
        "indicatorIndex": 0,
        "message": "Индикатор 1 поля 650 имеет недопустимое значение \"\"."
      }
    },
    "IN-G3: Индикатор 2 поля 773 имеет недопустимое значение \"\".": {
      "count": 1,
      "first": {
        "recordIndex": 1204743,
        "byteOffset": 1019973540,
        "rule": "IN-G3",
        "fieldIndex": 14,
        "tag": "773",
        "indicatorIndex": 1,
        "message": "Индикатор 2 поля 773 имеет недопустимое значение \"\"."
      }
    },
    "IN-G3: Индикатор 2 поля 912 имеет недопустимое значение \"±\".": {
      "count": 2,
      "first": {
        "recordIndex": 1204743,
        "byteOffset": 1019973540,
        "rule": "IN-G3",
        "fieldIndex": 15,
        "tag": "912",
        "indicatorIndex": 1,
        "message": "Индикатор 2 поля 912 имеет недопустимое значение \"±\"."
      }
    },
    "IN-G3: Индикатор 1 поля 505 имеет недопустимое значение \"»\".": {
      "count": 1,
      "first": {
        "recordIndex": 1204744,
        "byteOffset": 1019975302,
        "rule": "IN-G3",
        "fieldIndex": 13,
        "tag": "505",
        "indicatorIndex": 0,
        "message": "Индикатор 1 поля 505 имеет недопустимое значение \"»\"."
      }
    },
    "IN-G3: Индикатор 2 поля 505 имеет недопустимое значение \"Ð\".": {
      "count": 10,
      "first": {
        "recordIndex": 1204744,
        "byteOffset": 1019975302,
        "rule": "IN-G3",
        "fieldIndex": 13,
        "tag": "505",
        "indicatorIndex": 1,
        "message": "Индикатор 2 поля 505 имеет недопустимое значение \"Ð\"."
      }
    },
    "IN-G3: Индикатор 2 поля 700 имеет недопустимое значение \"½\".": {
      "count": 13,
      "first": {
        "recordIndex": 1204744,
        "byteOffset": 1019975302,
        "rule": "IN-G3",
        "fieldIndex": 15,
        "tag": "700",
        "indicatorIndex": 1,
        "message": "Индикатор 2 поля 700 имеет недопустимое значение \"½\"."
      }
    },
    "IN-G3: Индикатор 2 поля 337 имеет недопустимое значение \"\".": {
      "count": 2,
      "first": {
        "recordIndex": 1204744,
        "byteOffset": 1019975302,
        "rule": "IN-G3",
        "fieldIndex": 19,
        "tag": "337",
        "indicatorIndex": 1,
        "message": "Индикатор 2 поля 337 имеет недопустимое значение \"\"."
      }
    },
    "IN-G3: Индикатор 1 поля 260 имеет недопустимое значение \"»\".": {
      "count": 6,
      "first": {
        "recordIndex": 1204745,
        "byteOffset": 1019977159,
        "rule": "IN-G3",
        "fieldIndex": 11,
        "tag": "260",
        "indicatorIndex": 0,
        "message": "Индикатор 1 поля 260 имеет недопустимое значение \"»\"."
      }
    },
    "IN-G3: Индикатор 2 поля 504 имеет недопустимое значение \"´\".": {
      "count": 1,
      "first": {
        "recordIndex": 1204745,
        "byteOffset": 1019977159,
        "rule": "IN-G3",
        "fieldIndex": 13,
        "tag": "504",
        "indicatorIndex": 1,
        "message": "Индикатор 2 поля 504 имеет недопустимое значение \"´\"."
      }
    },
    "IN-G3: Индикатор 1 поля 520 имеет недопустимое значение \"¾\".": {
      "count": 9,
      "first": {
        "recordIndex": 1204745,
        "byteOffset": 1019977159,
        "rule": "IN-G3",
        "fieldIndex": 14,
        "tag": "520",
        "indicatorIndex": 0,
        "message": "Индикатор 1 поля 520 имеет недопустимое значение \"¾\"."
      }
    },
    "IN-G3: Индикатор 1 поля 650 имеет недопустимое значение \"\".": {
      "count": 7,
      "first": {
        "recordIndex": 1204745,
        "byteOffset": 1019977159,
        "rule": "IN-G3",
        "fieldIndex": 18,
        "tag": "650",
        "indicatorIndex": 0,
        "message": "Индикатор 1 поля 650 имеет недопустимое значение \"\"."
      }
    },
    "IN-G3: Индикатор 1 поля 260 имеет недопустимое значение \"¿\".": {
      "count": 1,
      "first": {
        "recordIndex": 1204746,
        "byteOffset": 1019979385,
        "rule": "IN-G3",
        "fieldIndex": 11,
        "tag": "260",
        "indicatorIndex": 0,
        "message": "Индикатор 1 поля 260 имеет недопустимое значение \"¿\"."
      }
    },
    "IN-G3: Индикатор 1 поля 300 имеет недопустимое значение \";\".": {
      "count": 3,
      "first": {
        "recordIndex": 1204746,
        "byteOffset": 1019979385,
        "rule": "IN-G3",
        "fieldIndex": 12,
        "tag": "300",
        "indicatorIndex": 0,
        "message": "Индикатор 1 поля 300 имеет недопустимое значение \";\"."
      }
    },
    "IN-G3: Индикатор 1 поля 500 имеет недопустимое значение \"\".": {
      "count": 1,
      "first": {
        "recordIndex": 1204746,
        "byteOffset": 1019979385,
        "rule": "IN-G3",
        "fieldIndex": 13,
        "tag": "500",
        "indicatorIndex": 0,
        "message": "Индикатор 1 поля 500 имеет недопустимое значение \"\"."
      }
    },
    "DF-G2: Поле 337 содержит 0 индикатор(а), ожидалось 2.": {
      "count": 7,
      "first": {
        "recordIndex": 1204746,
        "byteOffset": 1019979385,
        "rule": "DF-G2",
        "fieldIndex": 20,
        "tag": "337",
        "message": "Поле 337 содержит 0 индикатор(а), ожидалось 2."
      }
    },
    "IN-G3: Индикатор 1 поля 260 имеет недопустимое значение \"¼\".": {
      "count": 2,
      "first": {
        "recordIndex": 1204747,
        "byteOffset": 1019980810,
        "rule": "IN-G3",
        "fieldIndex": 11,
        "tag": "260",
        "indicatorIndex": 0,
        "message": "Индикатор 1 поля 260 имеет недопустимое значение \"¼\"."
      }
    },
    "IN-G3: Индикатор 1 поля 520 имеет недопустимое значение \"´\".": {
      "count": 5,
      "first": {
        "recordIndex": 1204747,
        "byteOffset": 1019980810,
        "rule": "IN-G3",
        "fieldIndex": 14,
        "tag": "520",
        "indicatorIndex": 0,
        "message": "Индикатор 1 поля 520 имеет недопустимое значение \"´\"."
      }
    },
    "IN-G3: Индикатор 1 поля 912 имеет недопустимое значение \",\".": {
      "count": 7,
      "first": {
        "recordIndex": 1204747,
        "byteOffset": 1019980810,
        "rule": "IN-G3",
        "fieldIndex": 19,
        "tag": "912",
        "indicatorIndex": 0,
        "message": "Индикатор 1 поля 912 имеет недопустимое значение \",\"."
      }
    },
    "DF-G2: Поле 504 содержит 1 индикатор(а), ожидалось 2.": {
      "count": 1,
      "first": {
        "recordIndex": 1204748,
        "byteOffset": 1019982544,
        "rule": "DF-G2",
        "fieldIndex": 13,
        "tag": "504",
        "message": "Поле 504 содержит 1 индикатор(а), ожидалось 2."
      }
    },
    "IN-G3: Индикатор 1 поля 520 имеет недопустимое значение \"\".": {
      "count": 2,
      "first": {
        "recordIndex": 1204748,
        "byteOffset": 1019982544,
        "rule": "IN-G3",
        "fieldIndex": 14,
        "tag": "520",
        "indicatorIndex": 0,
        "message": "Индикатор 1 поля 520 имеет недопустимое значение \"\"."
      }
    },
    "IN-G3: Индикатор 1 поля 546 имеет недопустимое значение \"Ð\".": {
      "count": 6,
      "first": {
        "recordIndex": 1204748,
        "byteOffset": 1019982544,
        "rule": "IN-G3",
        "fieldIndex": 15,
        "tag": "546",
        "indicatorIndex": 0,
        "message": "Индикатор 1 поля 546 имеет недопустимое значение \"Ð\"."
      }
    },
    "IN-G3: Индикатор 2 поля 546 имеет недопустимое значение \"»\".": {
      "count": 1,
      "first": {
        "recordIndex": 1204748,
        "byteOffset": 1019982544,
        "rule": "IN-G3",
        "fieldIndex": 15,
        "tag": "546",
        "indicatorIndex": 1,
        "message": "Индикатор 2 поля 546 имеет недопустимое значение \"»\"."
      }
    },
    "IN-G3: Индикатор 2 поля 260 имеет недопустимое значение \"¿\".": {
      "count": 2,
      "first": {
        "recordIndex": 1204749,
        "byteOffset": 1019984231,
        "rule": "IN-G3",
        "fieldIndex": 10,
        "tag": "260",
        "indicatorIndex": 1,
        "message": "Индикатор 2 поля 260 имеет недопустимое значение \"¿\"."
      }
    },
    "IN-G3: Индикатор 1 поля 520 имеет недопустимое значение \"»\".": {
      "count": 7,
      "first": {
        "recordIndex": 1204749,
        "byteOffset": 1019984231,
        "rule": "IN-G3",
        "fieldIndex": 14,
        "tag": "520",
        "indicatorIndex": 0,
        "message": "Индикатор 1 поля 520 имеет недопустимое значение \"»\"."
      }
    },
    "IN-G3: Индикатор 1 поля 600 имеет недопустимое значение \"Ñ\".": {
      "count": 4,
      "first": {
        "recordIndex": 1204749,
        "byteOffset": 1019984231,
        "rule": "IN-G3",
        "fieldIndex": 15,
        "tag": "600",
        "indicatorIndex": 0,
        "message": "Индикатор 1 поля 600 имеет недопустимое значение \"Ñ\"."
      }
    },
    "IN-G3: Индикатор 2 поля 600 имеет недопустимое значение \"\".": {
      "count": 1,
      "first": {
        "recordIndex": 1204749,
        "byteOffset": 1019984231,
        "rule": "IN-G3",
        "fieldIndex": 15,
        "tag": "600",
        "indicatorIndex": 1,
        "message": "Индикатор 2 поля 600 имеет недопустимое значение \"\"."
      }
    },
    "IN-G3: Индикатор 2 поля 650 имеет недопустимое значение \"¶\".": {
      "count": 2,
      "first": {
        "recordIndex": 1204749,
        "byteOffset": 1019984231,
        "rule": "IN-G3",
        "fieldIndex": 16,
        "tag": "650",
        "indicatorIndex": 1,
        "message": "Индикатор 2 поля 650 имеет недопустимое значение \"¶\"."
      }
    },
    "IN-G3: Индикатор 2 поля 336 имеет недопустимое значение \"¨\".": {
      "count": 1,
      "first": {
        "recordIndex": 1204749,
        "byteOffset": 1019984231,
        "rule": "IN-G3",
        "fieldIndex": 22,
        "tag": "336",
        "indicatorIndex": 1,
        "message": "Индикатор 2 поля 336 имеет недопустимое значение \"¨\"."
      }
    },
    "IN-G3: Индикатор 1 поля 337 имеет недопустимое значение \"\".": {
      "count": 4,
      "first": {
        "recordIndex": 1204749,
        "byteOffset": 1019984231,
        "rule": "IN-G3",
        "fieldIndex": 23,
        "tag": "337",
        "indicatorIndex": 0,
        "message": "Индикатор 1 поля 337 имеет недопустимое значение \"\"."
      }
    },
    "IN-G3: Индикатор 2 поля 490 имеет недопустимое значение \"[\".": {
      "count": 1,
      "first": {
        "recordIndex": 1204750,
        "byteOffset": 1019986137,
        "rule": "IN-G3",
        "fieldIndex": 12,
        "tag": "490",
        "indicatorIndex": 1,
        "message": "Индикатор 2 поля 490 имеет недопустимое значение \"[\"."
      }
    },
    "IN-G3: Индикатор 2 поля 520 имеет недопустимое значение \"»\".": {
      "count": 9,
      "first": {
        "recordIndex": 1204750,
        "byteOffset": 1019986137,
        "rule": "IN-G3",
        "fieldIndex": 13,
        "tag": "520",
        "indicatorIndex": 1,
        "message": "Индикатор 2 поля 520 имеет недопустимое значение \"»\"."
      }
    },
    "IN-G3: Индикатор 2 поля 650 имеет недопустимое значение \".\".": {
      "count": 1,
      "first": {
        "recordIndex": 1204750,
        "byteOffset": 1019986137,
        "rule": "IN-G3",
        "fieldIndex": 14,
        "tag": "650",
        "indicatorIndex": 1,
        "message": "Индикатор 2 поля 650 имеет недопустимое значение \".\"."
      }
    },
    "IN-G3: Индикатор 1 поля 336 имеет недопустимое значение \"´\".": {
      "count": 5,
      "first": {
        "recordIndex": 1204750,
        "byteOffset": 1019986137,
        "rule": "IN-G3",
        "fieldIndex": 19,
        "tag": "336",
        "indicatorIndex": 0,
        "message": "Индикатор 1 поля 336 имеет недопустимое значение \"´\"."
      }
    },
    "IN-G3: Индикатор 1 поля 546 имеет недопустимое значение \"\".": {
      "count": 1,
      "first": {
        "recordIndex": 1204751,
        "byteOffset": 1019987354,
        "rule": "IN-G3",
        "fieldIndex": 15,
        "tag": "546",
        "indicatorIndex": 0,
        "message": "Индикатор 1 поля 546 имеет недопустимое значение \"\"."
      }
    },
    "IN-G3: Индикатор 2 поля 245 имеет недопустимое значение \"³\".": {
      "count": 4,
      "first": {
        "recordIndex": 1204752,
        "byteOffset": 1019988939,
        "rule": "IN-G3",
        "fieldIndex": 10,
        "tag": "245",
        "indicatorIndex": 1,
        "message": "Индикатор 2 поля 245 имеет недопустимое значение \"³\"."
      }
    },
    "IN-G3: Индикатор 2 поля 520 имеет недопустимое значение \"°\".": {
      "count": 8,
      "first": {
        "recordIndex": 1204752,
        "byteOffset": 1019988939,
        "rule": "IN-G3",
        "fieldIndex": 14,
        "tag": "520",
        "indicatorIndex": 1,
        "message": "Индикатор 2 поля 520 имеет недопустимое значение \"°\"."
      }
    },
    "IN-G3: Индикатор 1 поля 650 имеет недопустимое значение \"±\".": {
      "count": 7,
      "first": {
        "recordIndex": 1204752,
        "byteOffset": 1019988939,
        "rule": "IN-G3",
        "fieldIndex": 16,
        "tag": "650",
        "indicatorIndex": 0,
        "message": "Индикатор 1 поля 650 имеет недопустимое значение \"±\"."
      }
    },
    "IN-G3: Индикатор 2 поля 700 имеет недопустимое значение \"\".": {
      "count": 5,
      "first": {
        "recordIndex": 1204752,
        "byteOffset": 1019988939,
        "rule": "IN-G3",
        "fieldIndex": 18,
        "tag": "700",
        "indicatorIndex": 1,
        "message": "Индикатор 2 поля 700 имеет недопустимое значение \"\"."
      }
    },
    "IN-G3: Индикатор 2 поля 245 имеет недопустимое значение \"\".": {
      "count": 2,
      "first": {
        "recordIndex": 1204753,
        "byteOffset": 1019990384,
        "rule": "IN-G3",
        "fieldIndex": 10,
        "tag": "245",
        "indicatorIndex": 1,
        "message": "Индикатор 2 поля 245 имеет недопустимое значение \"\"."
      }
    },
    "IN-G3: Индикатор 1 поля 505 имеет недопустимое значение \"Ñ\".": {
      "count": 3,
      "first": {
        "recordIndex": 1204753,
        "byteOffset": 1019990384,
        "rule": "IN-G3",
        "fieldIndex": 13,
        "tag": "505",
        "indicatorIndex": 0,
        "message": "Индикатор 1 поля 505 имеет недопустимое значение \"Ñ\"."
      }
    },
    "IN-G3: Индикатор 2 поля 505 имеет недопустимое значение \"\".": {
      "count": 2,
      "first": {
        "recordIndex": 1204753,
        "byteOffset": 1019990384,
        "rule": "IN-G3",
        "fieldIndex": 13,
        "tag": "505",
        "indicatorIndex": 1,
        "message": "Индикатор 2 поля 505 имеет недопустимое значение \"\"."
      }
    },
    "IN-G3: Индикатор 1 поля 260 имеет недопустимое значение \"\".": {
      "count": 12,
      "first": {
        "recordIndex": 1204754,
        "byteOffset": 1019991457,
        "rule": "IN-G3",
        "fieldIndex": 10,
        "tag": "260",
        "indicatorIndex": 0,
        "message": "Индикатор 1 поля 260 имеет недопустимое значение \"\"."
      }
    },
    "IN-G3: Индикатор 1 поля 520 имеет недопустимое значение \")\".": {
      "count": 3,
      "first": {
        "recordIndex": 1204755,
        "byteOffset": 1019992082,
        "rule": "IN-G3",
        "fieldIndex": 12,
        "tag": "520",
        "indicatorIndex": 0,
        "message": "Индикатор 1 поля 520 имеет недопустимое значение \")\"."
      }
    },
    "IN-G3: Индикатор 2 поля 520 имеет недопустимое значение \"\\u001e\".": {
      "count": 10,
      "first": {
        "recordIndex": 1204755,
        "byteOffset": 1019992082,
        "rule": "IN-G3",
        "fieldIndex": 12,
        "tag": "520",
        "indicatorIndex": 1,
        "message": "Индикатор 2 поля 520 имеет недопустимое значение \"\\u001e\"."
      }
    },
    "IN-G3: Индикатор 2 поля 650 имеет недопустимое значение \"¿\".": {
      "count": 8,
      "first": {
        "recordIndex": 1204755,
        "byteOffset": 1019992082,
        "rule": "IN-G3",
        "fieldIndex": 13,
        "tag": "650",
        "indicatorIndex": 1,
        "message": "Индикатор 2 поля 650 имеет недопустимое значение \"¿\"."
      }
    },
    "IN-G3: Индикатор 1 поля 773 имеет недопустимое значение \"\".": {
      "count": 2,
      "first": {
        "recordIndex": 1204755,
        "byteOffset": 1019992082,
        "rule": "IN-G3",
        "fieldIndex": 14,
        "tag": "773",
        "indicatorIndex": 0,
        "message": "Индикатор 1 поля 773 имеет недопустимое значение \"\"."
      }
    },
    "IN-G3: Индикатор 1 поля 337 имеет недопустимое значение \"(\".": {
      "count": 1,
      "first": {
        "recordIndex": 1204755,
        "byteOffset": 1019992082,
        "rule": "IN-G3",
        "fieldIndex": 18,
        "tag": "337",
        "indicatorIndex": 0,
        "message": "Индикатор 1 поля 337 имеет недопустимое значение \"(\"."
      }
    },
    "IN-G3: Индикатор 2 поля 245 имеет недопустимое значение \"¹\".": {
      "count": 3,
      "first": {
        "recordIndex": 1204756,
        "byteOffset": 1019993299,
        "rule": "IN-G3",
        "fieldIndex": 10,
        "tag": "245",
        "indicatorIndex": 1,
        "message": "Индикатор 2 поля 245 имеет недопустимое значение \"¹\"."
      }
    },
    "IN-G3: Индикатор 2 поля 337 имеет недопустимое значение \"\".": {
      "count": 5,
      "first": {
        "recordIndex": 1204756,
        "byteOffset": 1019993299,
        "rule": "IN-G3",
        "fieldIndex": 18,
        "tag": "337",
        "indicatorIndex": 1,
        "message": "Индикатор 2 поля 337 имеет недопустимое значение \"\"."
      }
    },
    "IN-G3: Индикатор 2 поля 504 имеет недопустимое значение \" \".": {
      "count": 1,
      "first": {
        "recordIndex": 1204757,
        "byteOffset": 1019994554,
        "rule": "IN-G3",
        "fieldIndex": 13,
        "tag": "504",
        "indicatorIndex": 1,
        "message": "Индикатор 2 поля 504 имеет недопустимое значение \" \"."
      }
    },
    "IN-G3: Индикатор 2 поля 337 имеет недопустимое значение \"±\".": {
      "count": 3,
      "first": {
        "recordIndex": 1204757,
        "byteOffset": 1019994554,
        "rule": "IN-G3",
        "fieldIndex": 22,
        "tag": "337",
        "indicatorIndex": 1,
        "message": "Индикатор 2 поля 337 имеет недопустимое значение \"±\"."
      }
    },
    "VF-G5: Подполе 1 поля 260 имеет недопустимый код \"\".": {
      "count": 7,
      "first": {
        "recordIndex": 1204758,
        "byteOffset": 1019996112,
        "rule": "VF-G5",
        "fieldIndex": 10,
        "tag": "260",
        "subfieldIndex": 0,
        "message": "Подполе 1 поля 260 имеет недопустимый код \"\"."
      }
    },
    "SF-G4: Подполе 1 поля 260 имеет недопустимый код \"\".": {
      "count": 7,
      "first": {
        "recordIndex": 1204758,
        "byteOffset": 1019996112,
        "rule": "SF-G4",
        "fieldIndex": 10,
        "tag": "260",
        "subfieldIndex": 0,
        "message": "Подполе 1 поля 260 имеет недопустимый код \"\"."
      }
    },
    "IN-G3: Индикатор 2 поля 300 имеет недопустимое значение \"\".": {
      "count": 1,
      "first": {
        "recordIndex": 1204758,
        "byteOffset": 1019996112,
        "rule": "IN-G3",
        "fieldIndex": 11,
        "tag": "300",
        "indicatorIndex": 1,
        "message": "Индикатор 2 поля 300 имеет недопустимое значение \"\"."
      }
    },
    "DF-G2: Поле 650 содержит 0 индикатор(а), ожидалось 2.": {
      "count": 5,
      "first": {
        "recordIndex": 1204758,
        "byteOffset": 1019996112,
        "rule": "DF-G2",
        "fieldIndex": 14,
        "tag": "650",
        "message": "Поле 650 содержит 0 индикатор(а), ожидалось 2."
      }
    },
    "IN-G3: Индикатор 1 поля 912 имеет недопустимое значение \"¹\".": {
      "count": 3,
      "first": {
        "recordIndex": 1204758,
        "byteOffset": 1019996112,
        "rule": "IN-G3",
        "fieldIndex": 17,
        "tag": "912",
        "indicatorIndex": 0,
        "message": "Индикатор 1 поля 912 имеет недопустимое значение \"¹\"."
      }
    },
    "IN-G3: Индикатор 2 поля 912 имеет недопустимое значение \"\\u001e\".": {
      "count": 3,
      "first": {
        "recordIndex": 1204758,
        "byteOffset": 1019996112,
        "rule": "IN-G3",
        "fieldIndex": 17,
        "tag": "912",
        "indicatorIndex": 1,
        "message": "Индикатор 2 поля 912 имеет недопустимое значение \"\\u001e\"."
      }
    },
    "IN-G3: Индикатор 1 поля 300 имеет недопустимое значение \"¿\".": {
      "count": 5,
      "first": {
        "recordIndex": 1204760,
        "byteOffset": 1019998177,
        "rule": "IN-G3",
        "fieldIndex": 12,
        "tag": "300",
        "indicatorIndex": 0,
        "message": "Индикатор 1 поля 300 имеет недопустимое значение \"¿\"."
      }
    },
    "IN-G3: Индикатор 1 поля 773 имеет недопустимое значение \"¸\".": {
      "count": 1,
      "first": {
        "recordIndex": 1204760,
        "byteOffset": 1019998177,
        "rule": "IN-G3",
        "fieldIndex": 17,
        "tag": "773",
        "indicatorIndex": 0,
        "message": "Индикатор 1 поля 773 имеет недопустимое значение \"¸\"."
      }
    },
    "IN-G3: Индикатор 2 поля 773 имеет недопустимое значение \",\".": {
      "count": 1,
      "first": {
        "recordIndex": 1204760,
        "byteOffset": 1019998177,
        "rule": "IN-G3",
        "fieldIndex": 17,
        "tag": "773",
        "indicatorIndex": 1,
        "message": "Индикатор 2 поля 773 имеет недопустимое значение \",\"."
      }
    },
    "IN-G3: Индикатор 2 поля 912 имеет недопустимое значение \"»\".": {
      "count": 7,
      "first": {
        "recordIndex": 1204760,
        "byteOffset": 1019998177,
        "rule": "IN-G3",
        "fieldIndex": 18,
        "tag": "912",
        "indicatorIndex": 1,
        "message": "Индикатор 2 поля 912 имеет недопустимое значение \"»\"."
      }
    },
    "DF-G2: Поле 041 содержит 1 индикатор(а), ожидалось 2.": {
      "count": 2,
      "first": {
        "recordIndex": 1204761,
        "byteOffset": 1019999154,
        "rule": "DF-G2",
        "fieldIndex": 8,
        "tag": "041",
        "message": "Поле 041 содержит 1 индикатор(а), ожидалось 2."
      }
    },
    "IN-G3: Индикатор 1 поля 041 имеет недопустимое значение \"P\".": {
      "count": 2,
      "first": {
        "recordIndex": 1204761,
        "byteOffset": 1019999154,
        "rule": "IN-G3",
        "fieldIndex": 8,
        "tag": "041",
        "indicatorIndex": 0,
        "message": "Индикатор 1 поля 041 имеет недопустимое значение \"P\"."
      }
    },
    "VF-G5: Подполе 2 поля 041 имеет недопустимый код \"\".": {
      "count": 2,
      "first": {
        "recordIndex": 1204761,
        "byteOffset": 1019999154,
        "rule": "VF-G5",
        "fieldIndex": 8,
        "tag": "041",
        "subfieldIndex": 1,
        "message": "Подполе 2 поля 041 имеет недопустимый код \"\"."
      }
    },
    "SF-G4: Подполе 2 поля 041 имеет недопустимый код \"\".": {
      "count": 2,
      "first": {
        "recordIndex": 1204761,
        "byteOffset": 1019999154,
        "rule": "SF-G4",
        "fieldIndex": 8,
        "tag": "041",
        "subfieldIndex": 1,
        "message": "Подполе 2 поля 041 имеет недопустимый код \"\"."
      }
    },
    "IN-G3: Индикатор 1 поля 080 имеет недопустимое значение \"P\".": {
      "count": 2,
      "first": {
        "recordIndex": 1204761,
        "byteOffset": 1019999154,
        "rule": "IN-G3",
        "fieldIndex": 9,
        "tag": "080",
        "indicatorIndex": 0,
        "message": "Индикатор 1 поля 080 имеет недопустимое значение \"P\"."
      }
    },
    "IN-G3: Индикатор 2 поля 080 имеет недопустимое значение \"S\".": {
      "count": 2,
      "first": {
        "recordIndex": 1204761,
        "byteOffset": 1019999154,
        "rule": "IN-G3",
        "fieldIndex": 9,
        "tag": "080",
        "indicatorIndex": 1,
        "message": "Индикатор 2 поля 080 имеет недопустимое значение \"S\"."
      }
    },
    "IN-G3: Индикатор 1 поля 100 имеет недопустимое значение \".\".": {
      "count": 1,
      "first": {
        "recordIndex": 1204761,
        "byteOffset": 1019999154,
        "rule": "IN-G3",
        "fieldIndex": 10,
        "tag": "100",
        "indicatorIndex": 0,
        "message": "Индикатор 1 поля 100 имеет недопустимое значение \".\"."
      }
    },
    "IN-G3: Индикатор 2 поля 245 имеет недопустимое значение \"¿\".": {
      "count": 1,
      "first": {
        "recordIndex": 1204761,
        "byteOffset": 1019999154,
        "rule": "IN-G3",
        "fieldIndex": 11,
        "tag": "245",
        "indicatorIndex": 1,
        "message": "Индикатор 2 поля 245 имеет недопустимое значение \"¿\"."
      }
    },
    "IN-G3: Индикатор 1 поля 534 имеет недопустимое значение \"¹\".": {
      "count": 1,
      "first": {
        "recordIndex": 1204761,
        "byteOffset": 1019999154,
        "rule": "IN-G3",
        "fieldIndex": 16,
        "tag": "534",
        "indicatorIndex": 0,
        "message": "Индикатор 1 поля 534 имеет недопустимое значение \"¹\"."
      }
    },
    "DF-G3: Поле 534 не содержит кода подполя.": {
      "count": 1,
      "first": {
        "recordIndex": 1204761,
        "byteOffset": 1019999154,
        "rule": "DF-G3",
        "fieldIndex": 16,
        "tag": "534",
        "message": "Поле 534 не содержит кода подполя."
      }
    },
    "IN-G3: Индикатор 2 поля 650 имеет недопустимое значение \"\".": {
      "count": 2,
      "first": {
        "recordIndex": 1204761,
        "byteOffset": 1019999154,
        "rule": "IN-G3",
        "fieldIndex": 19,
        "tag": "650",
        "indicatorIndex": 1,
        "message": "Индикатор 2 поля 650 имеет недопустимое значение \"\"."
      }
    },
    "IN-G3: Индикатор 2 поля 337 имеет недопустимое значение \"¿\".": {
      "count": 1,
      "first": {
        "recordIndex": 1204761,
        "byteOffset": 1019999154,
        "rule": "IN-G3",
        "fieldIndex": 24,
        "tag": "337",
        "indicatorIndex": 1,
        "message": "Индикатор 2 поля 337 имеет недопустимое значение \"¿\"."
      }
    },
    "IN-G3: Индикатор 1 поля 250 имеет недопустимое значение \"Ñ\".": {
      "count": 7,
      "first": {
        "recordIndex": 1204762,
        "byteOffset": 1020000789,
        "rule": "IN-G3",
        "fieldIndex": 11,
        "tag": "250",
        "indicatorIndex": 0,
        "message": "Индикатор 1 поля 250 имеет недопустимое значение \"Ñ\"."
      }
    },
    "IN-G3: Индикатор 2 поля 250 имеет недопустимое значение \"\".": {
      "count": 1,
      "first": {
        "recordIndex": 1204762,
        "byteOffset": 1020000789,
        "rule": "IN-G3",
        "fieldIndex": 11,
        "tag": "250",
        "indicatorIndex": 1,
        "message": "Индикатор 2 поля 250 имеет недопустимое значение \"\"."
      }
    },
    "IN-G3: Индикатор 2 поля 490 имеет недопустимое значение \"¾\".": {
      "count": 9,
      "first": {
        "recordIndex": 1204762,
        "byteOffset": 1020000789,
        "rule": "IN-G3",
        "fieldIndex": 14,
        "tag": "490",
        "indicatorIndex": 1,
        "message": "Индикатор 2 поля 490 имеет недопустимое значение \"¾\"."
      }
    },
    "IN-G3: Индикатор 2 поля 555 имеет недопустимое значение \"\".": {
      "count": 1,
      "first": {
        "recordIndex": 1204762,
        "byteOffset": 1020000789,
        "rule": "IN-G3",
        "fieldIndex": 16,
        "tag": "555",
        "indicatorIndex": 1,
        "message": "Индикатор 2 поля 555 имеет недопустимое значение \"\"."
      }
    },
    "IN-G3: Индикатор 1 поля 260 имеет недопустимое значение \"\".": {
      "count": 2,
      "first": {
        "recordIndex": 1204763,
        "byteOffset": 1020002671,
        "rule": "IN-G3",
        "fieldIndex": 11,
        "tag": "260",
        "indicatorIndex": 0,
        "message": "Индикатор 1 поля 260 имеет недопустимое значение \"\"."
      }
    },
    "IN-G3: Индикатор 1 поля 520 имеет недопустимое значение \"µ\".": {
      "count": 5,
      "first": {
        "recordIndex": 1204763,
        "byteOffset": 1020002671,
        "rule": "IN-G3",
        "fieldIndex": 14,
        "tag": "520",
        "indicatorIndex": 0,
        "message": "Индикатор 1 поля 520 имеет недопустимое значение \"µ\"."
      }
    },
    "IN-G3: Индикатор 2 поля 650 имеет недопустимое значение \"\".": {
      "count": 3,
      "first": {
        "recordIndex": 1204763,
        "byteOffset": 1020002671,
        "rule": "IN-G3",
        "fieldIndex": 15,
        "tag": "650",
        "indicatorIndex": 1,
        "message": "Индикатор 2 поля 650 имеет недопустимое значение \"\"."
      }
    },
    "IN-G3: Индикатор 2 поля 260 имеет недопустимое значение \"º\".": {
      "count": 3,
      "first": {
        "recordIndex": 1204764,
        "byteOffset": 1020003728,
        "rule": "IN-G3",
        "fieldIndex": 11,
        "tag": "260",
        "indicatorIndex": 1,
        "message": "Индикатор 2 поля 260 имеет недопустимое значение \"º\"."
      }
    },
    "IN-G3: Индикатор 1 поля 300 имеет недопустимое значение \"³\".": {
      "count": 2,
      "first": {
        "recordIndex": 1204764,
        "byteOffset": 1020003728,
        "rule": "IN-G3",
        "fieldIndex": 12,
        "tag": "300",
        "indicatorIndex": 0,
        "message": "Индикатор 1 поля 300 имеет недопустимое значение \"³\"."
      }
    },
    "DF-G2: Поле 490 содержит 1 индикатор(а), ожидалось 2.": {
      "count": 20,
      "first": {
        "recordIndex": 1204764,
        "byteOffset": 1020003728,
        "rule": "DF-G2",
        "fieldIndex": 13,
        "tag": "490",
        "message": "Поле 490 содержит 1 индикатор(а), ожидалось 2."
      }
    },
    "IN-G3: Индикатор 2 поля 336 имеет недопустимое значение \"¿\".": {
      "count": 3,
      "first": {
        "recordIndex": 1204764,
        "byteOffset": 1020003728,
        "rule": "IN-G3",
        "fieldIndex": 20,
        "tag": "336",
        "indicatorIndex": 1,
        "message": "Индикатор 2 поля 336 имеет недопустимое значение \"¿\"."
      }
    },
    "IN-G3: Индикатор 1 поля 337 имеет недопустимое значение \"¡\".": {
      "count": 6,
      "first": {
        "recordIndex": 1204764,
        "byteOffset": 1020003728,
        "rule": "IN-G3",
        "fieldIndex": 21,
        "tag": "337",
        "indicatorIndex": 0,
        "message": "Индикатор 1 поля 337 имеет недопустимое значение \"¡\"."
      }
    },
    "VF-G5: Подполе 2 поля 080 имеет недопустимый код \"\".": {
      "count": 3,
      "first": {
        "recordIndex": 1204765,
        "byteOffset": 1020004944,
        "rule": "VF-G5",
        "fieldIndex": 8,
        "tag": "080",
        "subfieldIndex": 1,
        "message": "Подполе 2 поля 080 имеет недопустимый код \"\"."
      }
    },
    "SF-G4: Подполе 2 поля 080 имеет недопустимый код \"\".": {
      "count": 3,
      "first": {
        "recordIndex": 1204765,
        "byteOffset": 1020004944,
        "rule": "SF-G4",
        "fieldIndex": 8,
        "tag": "080",
        "subfieldIndex": 1,
        "message": "Подполе 2 поля 080 имеет недопустимый код \"\"."
      }
    },
    "IN-G3: Индикатор 1 поля 245 имеет недопустимое значение \"¯\".": {
      "count": 1,
      "first": {
        "recordIndex": 1204765,
        "byteOffset": 1020004944,
        "rule": "IN-G3",
        "fieldIndex": 10,
        "tag": "245",
        "indicatorIndex": 0,
        "message": "Индикатор 1 поля 245 имеет недопустимое значение \"¯\"."
      }
    },
    "DF-G2: Поле 490 содержит 0 индикатор(а), ожидалось 2.": {
      "count": 19,
      "first": {
        "recordIndex": 1204765,
        "byteOffset": 1020004944,
        "rule": "DF-G2",
        "fieldIndex": 13,
        "tag": "490",
        "message": "Поле 490 содержит 0 индикатор(а), ожидалось 2."
      }
    },
    "IN-G3: Индикатор 2 поля 520 имеет недопустимое значение \".\".": {
      "count": 5,
      "first": {
        "recordIndex": 1204765,
        "byteOffset": 1020004944,
        "rule": "IN-G3",
        "fieldIndex": 14,
        "tag": "520",
        "indicatorIndex": 1,
        "message": "Индикатор 2 поля 520 имеет недопустимое значение \".\"."
      }
    },
    "IN-G3: Индикатор 2 поля 260 имеет недопустимое значение \"»\".": {
      "count": 7,
      "first": {
        "recordIndex": 1204766,
        "byteOffset": 1020006059,
        "rule": "IN-G3",
        "fieldIndex": 11,
        "tag": "260",
        "indicatorIndex": 1,
        "message": "Индикатор 2 поля 260 имеет недопустимое значение \"»\"."
      }
    },
    "IN-G3: Индикатор 1 поля 490 имеет недопустимое значение \"½\".": {
      "count": 5,
      "first": {
        "recordIndex": 1204766,
        "byteOffset": 1020006059,
        "rule": "IN-G3",
        "fieldIndex": 13,
        "tag": "490",
        "indicatorIndex": 0,
        "message": "Индикатор 1 поля 490 имеет недопустимое значение \"½\"."
      }
    },
    "IN-G3: Индикатор 2 поля 490 имеет недопустимое значение \"±\".": {
      "count": 2,
      "first": {
        "recordIndex": 1204766,
        "byteOffset": 1020006059,
        "rule": "IN-G3",
        "fieldIndex": 14,
        "tag": "490",
        "indicatorIndex": 1,
        "message": "Индикатор 2 поля 490 имеет недопустимое значение \"±\"."
      }
    },
    "IN-G3: Индикатор 2 поля 520 имеет недопустимое значение \"]\".": {
      "count": 5,
      "first": {
        "recordIndex": 1204766,
        "byteOffset": 1020006059,
        "rule": "IN-G3",
        "fieldIndex": 15,
        "tag": "520",
        "indicatorIndex": 1,
        "message": "Индикатор 2 поля 520 имеет недопустимое значение \"]\"."
      }
    },
    "IN-G3: Индикатор 1 поля 650 имеет недопустимое значение \"¶\".": {
      "count": 2,
      "first": {
        "recordIndex": 1204766,
        "byteOffset": 1020006059,
        "rule": "IN-G3",
        "fieldIndex": 16,
        "tag": "650",
        "indicatorIndex": 0,
        "message": "Индикатор 1 поля 650 имеет недопустимое значение \"¶\"."
      }
    },
    "IN-G3: Индикатор 1 поля 700 имеет недопустимое значение \"\".": {
      "count": 4,
      "first": {
        "recordIndex": 1204766,
        "byteOffset": 1020006059,
        "rule": "IN-G3",
        "fieldIndex": 19,
        "tag": "700",
        "indicatorIndex": 0,
        "message": "Индикатор 1 поля 700 имеет недопустимое значение \"\"."
      }
    },
    "IN-G3: Индикатор 2 поля 300 имеет недопустимое значение \"\".": {
      "count": 4,
      "first": {
        "recordIndex": 1204767,
        "byteOffset": 1020007644,
        "rule": "IN-G3",
        "fieldIndex": 12,
        "tag": "300",
        "indicatorIndex": 1,
        "message": "Индикатор 2 поля 300 имеет недопустимое значение \"\"."
      }
    },
    "IN-G3: Индикатор 2 поля 504 имеет недопустимое значение \"¼\".": {
      "count": 1,
      "first": {
        "recordIndex": 1204767,
        "byteOffset": 1020007644,
        "rule": "IN-G3",
        "fieldIndex": 14,
        "tag": "504",
        "indicatorIndex": 1,
        "message": "Индикатор 2 поля 504 имеет недопустимое значение \"¼\"."
      }
    },
    "IN-G3: Индикатор 2 поля 505 имеет недопустимое значение \"\".": {
      "count": 1,
      "first": {
        "recordIndex": 1204767,
        "byteOffset": 1020007644,
        "rule": "IN-G3",
        "fieldIndex": 15,
        "tag": "505",
        "indicatorIndex": 1,
        "message": "Индикатор 2 поля 505 имеет недопустимое значение \"\"."
      }
    },
    "IN-G3: Индикатор 1 поля 555 имеет недопустимое значение \"³\".": {
      "count": 1,
      "first": {
        "recordIndex": 1204767,
        "byteOffset": 1020007644,
        "rule": "IN-G3",
        "fieldIndex": 17,
        "tag": "555",
        "indicatorIndex": 0,
        "message": "Индикатор 1 поля 555 имеет недопустимое значение \"³\"."
      }
    },
    "IN-G3: Индикатор 2 поля 555 имеет недопустимое значение \"Ð\".": {
      "count": 1,
      "first": {
        "recordIndex": 1204767,
        "byteOffset": 1020007644,
        "rule": "IN-G3",
        "fieldIndex": 17,
        "tag": "555",
        "indicatorIndex": 1,
        "message": "Индикатор 2 поля 555 имеет недопустимое значение \"Ð\"."
      }
    },
    "IN-G3: Индикатор 1 поля 336 имеет недопустимое значение \"¡\".": {
      "count": 5,
      "first": {
        "recordIndex": 1204767,
        "byteOffset": 1020007644,
        "rule": "IN-G3",
        "fieldIndex": 22,
        "tag": "336",
        "indicatorIndex": 0,
        "message": "Индикатор 1 поля 336 имеет недопустимое значение \"¡\"."
      }
    },
    "IN-G3: Индикатор 2 поля 300 имеет недопустимое значение \"¹\".": {
      "count": 7,
      "first": {
        "recordIndex": 1204768,
        "byteOffset": 1020008817,
        "rule": "IN-G3",
        "fieldIndex": 12,
        "tag": "300",
        "indicatorIndex": 1,
        "message": "Индикатор 2 поля 300 имеет недопустимое значение \"¹\"."
      }
    },
    "IN-G3: Индикатор 1 поля 490 имеет недопустимое значение \"µ\".": {
      "count": 7,
      "first": {
        "recordIndex": 1204768,
        "byteOffset": 1020008817,
        "rule": "IN-G3",
        "fieldIndex": 13,
        "tag": "490",
        "indicatorIndex": 0,
        "message": "Индикатор 1 поля 490 имеет недопустимое значение \"µ\"."
      }
    },
    "IN-G3: Индикатор 1 поля 505 имеет недопустимое значение \"·\".": {
      "count": 1,
      "first": {
        "recordIndex": 1204768,
        "byteOffset": 1020008817,
        "rule": "IN-G3",
        "fieldIndex": 14,
        "tag": "505",
        "indicatorIndex": 0,
        "message": "Индикатор 1 поля 505 имеет недопустимое значение \"·\"."
      }
    },
    "IN-G3: Индикатор 2 поля 700 имеет недопустимое значение \"\".": {
      "count": 1,
      "first": {
        "recordIndex": 1204768,
        "byteOffset": 1020008817,
        "rule": "IN-G3",
        "fieldIndex": 19,
        "tag": "700",
        "indicatorIndex": 1,
        "message": "Индикатор 2 поля 700 имеет недопустимое значение \"\"."
      }
    },
    "IN-G3: Индикатор 1 поля 912 имеет недопустимое значение \">\".": {
      "count": 1,
      "first": {
        "recordIndex": 1204768,
        "byteOffset": 1020008817,
        "rule": "IN-G3",
        "fieldIndex": 20,
        "tag": "912",
        "indicatorIndex": 0,
        "message": "Индикатор 1 поля 912 имеет недопустимое значение \">\"."
      }
    },
    "IN-G3: Индикатор 1 поля 336 имеет недопустимое значение \"\".": {
      "count": 2,
      "first": {
        "recordIndex": 1204768,
        "byteOffset": 1020008817,
        "rule": "IN-G3",
        "fieldIndex": 22,
        "tag": "336",
        "indicatorIndex": 0,
        "message": "Индикатор 1 поля 336 имеет недопустимое значение \"\"."
      }
    },
    "IN-G3: Индикатор 1 поля 245 имеет недопустимое значение \"´\".": {
      "count": 6,
      "first": {
        "recordIndex": 1204769,
        "byteOffset": 1020010180,
        "rule": "IN-G3",
        "fieldIndex": 10,
        "tag": "245",
        "indicatorIndex": 0,
        "message": "Индикатор 1 поля 245 имеет недопустимое значение \"´\"."
      }
    },
    "IN-G3: Индикатор 2 поля 300 имеет недопустимое значение \"¼\".": {
      "count": 3,
      "first": {
        "recordIndex": 1204769,
        "byteOffset": 1020010180,
        "rule": "IN-G3",
        "fieldIndex": 12,
        "tag": "300",
        "indicatorIndex": 1,
        "message": "Индикатор 2 поля 300 имеет недопустимое значение \"¼\"."
      }
    },
    "IN-G3: Индикатор 2 поля 336 имеет недопустимое значение \"¡\".": {
      "count": 3,
      "first": {
        "recordIndex": 1204769,
        "byteOffset": 1020010180,
        "rule": "IN-G3",
        "fieldIndex": 18,
        "tag": "336",
        "indicatorIndex": 1,
        "message": "Индикатор 2 поля 336 имеет недопустимое значение \"¡\"."
      }
    },
    "IN-G3: Индикатор 2 поля 490 имеет недопустимое значение \"¡\".": {
      "count": 2,
      "first": {
        "recordIndex": 1204770,
        "byteOffset": 1020011548,
        "rule": "IN-G3",
        "fieldIndex": 13,
        "tag": "490",
        "indicatorIndex": 1,
        "message": "Индикатор 2 поля 490 имеет недопустимое значение \"¡\"."
      }
    },
    "IN-G3: Индикатор 2 поля 520 имеет недопустимое значение \"¼\".": {
      "count": 8,
      "first": {
        "recordIndex": 1204771,
        "byteOffset": 1020012922,
        "rule": "IN-G3",
        "fieldIndex": 14,
        "tag": "520",
        "indicatorIndex": 1,
        "message": "Индикатор 2 поля 520 имеет недопустимое значение \"¼\"."
      }
    },
    "IN-G3: Индикатор 1 поля 260 имеет недопустимое значение \"´\".": {
      "count": 5,
      "first": {
        "recordIndex": 1204772,
        "byteOffset": 1020013959,
        "rule": "IN-G3",
        "fieldIndex": 12,
        "tag": "260",
        "indicatorIndex": 0,
        "message": "Индикатор 1 поля 260 имеет недопустимое значение \"´\"."
      }
    },
    "IN-G3: Индикатор 1 поля 490 имеет недопустимое значение \".\".": {
      "count": 13,
      "first": {
        "recordIndex": 1204772,
        "byteOffset": 1020013959,
        "rule": "IN-G3",
        "fieldIndex": 14,
        "tag": "490",
        "indicatorIndex": 0,
        "message": "Индикатор 1 поля 490 имеет недопустимое значение \".\"."
      }
    },
    "IN-G3: Индикатор 1 поля 546 имеет недопустимое значение \"¼\".": {
      "count": 1,
      "first": {
        "recordIndex": 1204772,
        "byteOffset": 1020013959,
        "rule": "IN-G3",
        "fieldIndex": 17,
        "tag": "546",
        "indicatorIndex": 0,
        "message": "Индикатор 1 поля 546 имеет недопустимое значение \"¼\"."
      }
    },
    "IN-G3: Индикатор 2 поля 650 имеет недопустимое значение \"\".": {
      "count": 4,
      "first": {
        "recordIndex": 1204772,
        "byteOffset": 1020013959,
        "rule": "IN-G3",
        "fieldIndex": 18,
        "tag": "650",
        "indicatorIndex": 1,
        "message": "Индикатор 2 поля 650 имеет недопустимое значение \"\"."
      }
    },
    "IN-G3: Индикатор 2 поля 700 имеет недопустимое значение \".\".": {
      "count": 2,
      "first": {
        "recordIndex": 1204772,
        "byteOffset": 1020013959,
        "rule": "IN-G3",
        "fieldIndex": 20,
        "tag": "700",
        "indicatorIndex": 1,
        "message": "Индикатор 2 поля 700 имеет недопустимое значение \".\"."
      }
    },
    "IN-G3: Индикатор 2 поля 250 имеет недопустимое значение \"º\".": {
      "count": 4,
      "first": {
        "recordIndex": 1204773,
        "byteOffset": 1020015592,
        "rule": "IN-G3",
        "fieldIndex": 12,
        "tag": "250",
        "indicatorIndex": 1,
        "message": "Индикатор 2 поля 250 имеет недопустимое значение \"º\"."
      }
    },
    "IN-G3: Индикатор 2 поля 490 имеет недопустимое значение \"\".": {
      "count": 5,
      "first": {
        "recordIndex": 1204773,
        "byteOffset": 1020015592,
        "rule": "IN-G3",
        "fieldIndex": 15,
        "tag": "490",
        "indicatorIndex": 1,
        "message": "Индикатор 2 поля 490 имеет недопустимое значение \"\"."
      }
    },
    "IN-G3: Индикатор 2 поля 490 имеет недопустимое значение \"\".": {
      "count": 4,
      "first": {
        "recordIndex": 1204773,
        "byteOffset": 1020015592,
        "rule": "IN-G3",
        "fieldIndex": 16,
        "tag": "490",
        "indicatorIndex": 1,
        "message": "Индикатор 2 поля 490 имеет недопустимое значение \"\"."
      }
    },
    "IN-G3: Индикатор 1 поля 336 имеет недопустимое значение \"\".": {
      "count": 2,
      "first": {
        "recordIndex": 1204773,
        "byteOffset": 1020015592,
        "rule": "IN-G3",
        "fieldIndex": 20,
        "tag": "336",
        "indicatorIndex": 0,
        "message": "Индикатор 1 поля 336 имеет недопустимое значение \"\"."
      }
    },
    "IN-G3: Индикатор 1 поля 773 имеет недопустимое значение \"¾\".": {
      "count": 3,
      "first": {
        "recordIndex": 1204774,
        "byteOffset": 1020016517,
        "rule": "IN-G3",
        "fieldIndex": 15,
        "tag": "773",
        "indicatorIndex": 0,
        "message": "Индикатор 1 поля 773 имеет недопустимое значение \"¾\"."
      }
    },
    "IN-G3: Индикатор 1 поля 490 имеет недопустимое значение \"\".": {
      "count": 12,
      "first": {
        "recordIndex": 1204777,
        "byteOffset": 1020020315,
        "rule": "IN-G3",
        "fieldIndex": 14,
        "tag": "490",
        "indicatorIndex": 0,
        "message": "Индикатор 1 поля 490 имеет недопустимое значение \"\"."
      }
    },
    "IN-G3: Индикатор 2 поля 300 имеет недопустимое значение \"²\".": {
      "count": 6,
      "first": {
        "recordIndex": 1204778,
        "byteOffset": 1020022061,
        "rule": "IN-G3",
        "fieldIndex": 11,
        "tag": "300",
        "indicatorIndex": 1,
        "message": "Индикатор 2 поля 300 имеет недопустимое значение \"²\"."
      }
    },
    "IN-G3: Индикатор 1 поля 250 имеет недопустимое значение \"±\".": {
      "count": 1,
      "first": {
        "recordIndex": 1204779,
        "byteOffset": 1020022990,
        "rule": "IN-G3",
        "fieldIndex": 12,
        "tag": "250",
        "indicatorIndex": 0,
        "message": "Индикатор 1 поля 250 имеет недопустимое значение \"±\"."
      }
    },
    "IN-G3: Индикатор 2 поля 260 имеет недопустимое значение \"\".": {
      "count": 2,
      "first": {
        "recordIndex": 1204779,
        "byteOffset": 1020022990,
        "rule": "IN-G3",
        "fieldIndex": 13,
        "tag": "260",
        "indicatorIndex": 1,
        "message": "Индикатор 2 поля 260 имеет недопустимое значение \"\"."
      }
    },
    "IN-G3: Индикатор 2 поля 490 имеет недопустимое значение \"\".": {
      "count": 3,
      "first": {
        "recordIndex": 1204779,
        "byteOffset": 1020022990,
        "rule": "IN-G3",
        "fieldIndex": 15,
        "tag": "490",
        "indicatorIndex": 1,
        "message": "Индикатор 2 поля 490 имеет недопустимое значение \"\"."
      }
    },
    "IN-G3: Индикатор 1 поля 700 имеет недопустимое значение \"°\".": {
      "count": 11,
      "first": {
        "recordIndex": 1204779,
        "byteOffset": 1020022990,
        "rule": "IN-G3",
        "fieldIndex": 19,
        "tag": "700",
        "indicatorIndex": 0,
        "message": "Индикатор 1 поля 700 имеет недопустимое значение \"°\"."
      }
    },
    "IN-G3: Индикатор 2 поля 250 имеет недопустимое значение \"\".": {
      "count": 1,
      "first": {
        "recordIndex": 1204780,
        "byteOffset": 1020024167,
        "rule": "IN-G3",
        "fieldIndex": 11,
        "tag": "250",
        "indicatorIndex": 1,
        "message": "Индикатор 2 поля 250 имеет недопустимое значение \"\"."
      }
    },
    "IN-G3: Индикатор 2 поля 300 имеет недопустимое значение \"¡\".": {
      "count": 1,
      "first": {
        "recordIndex": 1204780,
        "byteOffset": 1020024167,
        "rule": "IN-G3",
        "fieldIndex": 13,
        "tag": "300",
        "indicatorIndex": 1,
        "message": "Индикатор 2 поля 300 имеет недопустимое значение \"¡\"."
      }
    },
    "IN-G3: Индикатор 1 поля 490 имеет недопустимое значение \"°\".": {
      "count": 6,
      "first": {
        "recordIndex": 1204780,
        "byteOffset": 1020024167,
        "rule": "IN-G3",
        "fieldIndex": 14,
        "tag": "490",
        "indicatorIndex": 0,
        "message": "Индикатор 1 поля 490 имеет недопустимое значение \"°\"."
      }
    },
    "IN-G3: Индикатор 2 поля 490 имеет недопустимое значение \"\\u001e\".": {
      "count": 6,
      "first": {
        "recordIndex": 1204780,
        "byteOffset": 1020024167,
        "rule": "IN-G3",
        "fieldIndex": 14,
        "tag": "490",
        "indicatorIndex": 1,
        "message": "Индикатор 2 поля 490 имеет недопустимое значение \"\\u001e\"."
      }
    },
    "IN-G3: Индикатор 1 поля 500 имеет недопустимое значение \"µ\".": {
      "count": 1,
      "first": {
        "recordIndex": 1204780,
        "byteOffset": 1020024167,
        "rule": "IN-G3",
        "fieldIndex": 15,
        "tag": "500",
        "indicatorIndex": 0,
        "message": "Индикатор 1 поля 500 имеет недопустимое значение \"µ\"."
      }
    },
    "IN-G3: Индикатор 1 поля 700 имеет недопустимое значение \"\".": {
      "count": 4,
      "first": {
        "recordIndex": 1204780,
        "byteOffset": 1020024167,
        "rule": "IN-G3",
        "fieldIndex": 19,
        "tag": "700",
        "indicatorIndex": 0,
        "message": "Индикатор 1 поля 700 имеет недопустимое значение \"\"."
      }
    },
    "IN-G3: Индикатор 1 поля 700 имеет недопустимое значение \"\".": {
      "count": 2,
      "first": {
        "recordIndex": 1204780,
        "byteOffset": 1020024167,
        "rule": "IN-G3",
        "fieldIndex": 20,
        "tag": "700",
        "indicatorIndex": 0,
        "message": "Индикатор 1 поля 700 имеет недопустимое значение \"\"."
      }
    },
    "IN-G3: Индикатор 1 поля 337 имеет недопустимое значение \".\".": {
      "count": 9,
      "first": {
        "recordIndex": 1204780,
        "byteOffset": 1020024167,
        "rule": "IN-G3",
        "fieldIndex": 25,
        "tag": "337",
        "indicatorIndex": 0,
        "message": "Индикатор 1 поля 337 имеет недопустимое значение \".\"."
      }
    },
    "IN-G3: Индикатор 2 поля 245 имеет недопустимое значение \"\".": {
      "count": 11,
      "first": {
        "recordIndex": 1204782,
        "byteOffset": 1020026621,
        "rule": "IN-G3",
        "fieldIndex": 11,
        "tag": "245",
        "indicatorIndex": 1,
        "message": "Индикатор 2 поля 245 имеет недопустимое значение \"\"."
      }
    },
    "IN-G3: Индикатор 2 поля 250 имеет недопустимое значение \"¿\".": {
      "count": 1,
      "first": {
        "recordIndex": 1204782,
        "byteOffset": 1020026621,
        "rule": "IN-G3",
        "fieldIndex": 12,
        "tag": "250",
        "indicatorIndex": 1,
        "message": "Индикатор 2 поля 250 имеет недопустимое значение \"¿\"."
      }
    },
    "IN-G3: Индикатор 1 поля 260 имеет недопустимое значение \"\".": {
      "count": 2,
      "first": {
        "recordIndex": 1204782,
        "byteOffset": 1020026621,
        "rule": "IN-G3",
        "fieldIndex": 13,
        "tag": "260",
        "indicatorIndex": 0,
        "message": "Индикатор 1 поля 260 имеет недопустимое значение \"\"."
      }
    },
    "IN-G3: Индикатор 1 поля 490 имеет недопустимое значение \",\".": {
      "count": 2,
      "first": {
        "recordIndex": 1204782,
        "byteOffset": 1020026621,
        "rule": "IN-G3",
        "fieldIndex": 15,
        "tag": "490",
        "indicatorIndex": 0,
        "message": "Индикатор 1 поля 490 имеет недопустимое значение \",\"."
      }
    },
    "VF-G5: Подполе 1 поля 490 имеет недопустимый код \"\".": {
      "count": 3,
      "first": {
        "recordIndex": 1204782,
        "byteOffset": 1020026621,
        "rule": "VF-G5",
        "fieldIndex": 15,
        "tag": "490",
        "subfieldIndex": 0,
        "message": "Подполе 1 поля 490 имеет недопустимый код \"\"."
      }
    },
    "SF-G4: Подполе 1 поля 490 имеет недопустимый код \"\".": {
      "count": 3,
      "first": {
        "recordIndex": 1204782,
        "byteOffset": 1020026621,
        "rule": "SF-G4",
        "fieldIndex": 15,
        "tag": "490",
        "subfieldIndex": 0,
        "message": "Подполе 1 поля 490 имеет недопустимый код \"\"."
      }
    },
    "IN-G3: Индикатор 2 поля 490 имеет недопустимое значение \"\".": {
      "count": 4,
      "first": {
        "recordIndex": 1204782,
        "byteOffset": 1020026621,
        "rule": "IN-G3",
        "fieldIndex": 16,
        "tag": "490",
        "indicatorIndex": 1,
        "message": "Индикатор 2 поля 490 имеет недопустимое значение \"\"."
      }
    },
    "IN-G3: Индикатор 2 поля 337 имеет недопустимое значение \"²\".": {
      "count": 9,
      "first": {
        "recordIndex": 1204782,
        "byteOffset": 1020026621,
        "rule": "IN-G3",
        "fieldIndex": 22,
        "tag": "337",
        "indicatorIndex": 1,
        "message": "Индикатор 2 поля 337 имеет недопустимое значение \"²\"."
      }
    },
    "IN-G3: Индикатор 1 поля 490 имеет недопустимое значение \"º\".": {
      "count": 3,
      "first": {
        "recordIndex": 1204783,
        "byteOffset": 1020027807,
        "rule": "IN-G3",
        "fieldIndex": 12,
        "tag": "490",
        "indicatorIndex": 0,
        "message": "Индикатор 1 поля 490 имеет недопустимое значение \"º\"."
      }
    },
    "IN-G3: Индикатор 2 поля 336 имеет недопустимое значение \"¶\".": {
      "count": 2,
      "first": {
        "recordIndex": 1204783,
        "byteOffset": 1020027807,
        "rule": "IN-G3",
        "fieldIndex": 18,
        "tag": "336",
        "indicatorIndex": 1,
        "message": "Индикатор 2 поля 336 имеет недопустимое значение \"¶\"."
      }
    },
    "IN-G3: Индикатор 1 поля 260 имеет недопустимое значение \"³\".": {
      "count": 2,
      "first": {
        "recordIndex": 1204784,
        "byteOffset": 1020028651,
        "rule": "IN-G3",
        "fieldIndex": 10,
        "tag": "260",
        "indicatorIndex": 0,
        "message": "Индикатор 1 поля 260 имеет недопустимое значение \"³\"."
      }
    },
    "IN-G3: Индикатор 2 поля 700 имеет недопустимое значение \"º\".": {
      "count": 7,
      "first": {
        "recordIndex": 1204785,
        "byteOffset": 1020029590,
        "rule": "IN-G3",
        "fieldIndex": 16,
        "tag": "700",
        "indicatorIndex": 1,
        "message": "Индикатор 2 поля 700 имеет недопустимое значение \"º\"."
      }
    },
    "IN-G3: Индикатор 2 поля 700 имеет недопустимое значение \"´\".": {
      "count": 5,
      "first": {
        "recordIndex": 1204785,
        "byteOffset": 1020029590,
        "rule": "IN-G3",
        "fieldIndex": 17,
        "tag": "700",
        "indicatorIndex": 1,
        "message": "Индикатор 2 поля 700 имеет недопустимое значение \"´\"."
      }
    },
    "IN-G3: Индикатор 1 поля 490 имеет недопустимое значение \"¼\".": {
      "count": 6,
      "first": {
        "recordIndex": 1204786,
        "byteOffset": 1020030855,
        "rule": "IN-G3",
        "fieldIndex": 12,
        "tag": "490",
        "indicatorIndex": 0,
        "message": "Индикатор 1 поля 490 имеет недопустимое значение \"¼\"."
      }
    },
    "IN-G3: Индикатор 1 поля 912 имеет недопустимое значение \"\".": {
      "count": 1,
      "first": {
        "recordIndex": 1204787,
        "byteOffset": 1020031808,
        "rule": "IN-G3",
        "fieldIndex": 16,
        "tag": "912",
        "indicatorIndex": 0,
        "message": "Индикатор 1 поля 912 имеет недопустимое значение \"\"."
      }
    },
    "IN-G3: Индикатор 2 поля 337 имеет недопустимое значение \"\".": {
      "count": 5,
      "first": {
        "recordIndex": 1204788,
        "byteOffset": 1020032654,
        "rule": "IN-G3",
        "fieldIndex": 21,
        "tag": "337",
        "indicatorIndex": 1,
        "message": "Индикатор 2 поля 337 имеет недопустимое значение \"\"."
      }
    },
    "IN-G3: Индикатор 1 поля 490 имеет недопустимое значение \"¸\".": {
      "count": 10,
      "first": {
        "recordIndex": 1204790,
        "byteOffset": 1020034754,
        "rule": "IN-G3",
        "fieldIndex": 12,
        "tag": "490",
        "indicatorIndex": 0,
        "message": "Индикатор 1 поля 490 имеет недопустимое значение \"¸\"."
      }
    },
    "VF-G5: Подполе 6 поля 520 имеет недопустимый код \"\".": {
      "count": 2,
      "first": {
        "recordIndex": 1204790,
        "byteOffset": 1020034754,
        "rule": "VF-G5",
        "fieldIndex": 13,
        "tag": "520",
        "subfieldIndex": 5,
        "message": "Подполе 6 поля 520 имеет недопустимый код \"\"."
      }
    },
    "SF-G4: Подполе 6 поля 520 имеет недопустимый код \"\".": {
      "count": 2,
      "first": {
        "recordIndex": 1204790,
        "byteOffset": 1020034754,
        "rule": "SF-G4",
        "fieldIndex": 13,
        "tag": "520",
        "subfieldIndex": 5,
        "message": "Подполе 6 поля 520 имеет недопустимый код \"\"."
      }
    },
    "IN-G3: Индикатор 2 поля 250 имеет недопустимое значение \"°\".": {
      "count": 2,
      "first": {
        "recordIndex": 1204793,
        "byteOffset": 1020037277,
        "rule": "IN-G3",
        "fieldIndex": 12,
        "tag": "250",
        "indicatorIndex": 1,
        "message": "Индикатор 2 поля 250 имеет недопустимое значение \"°\"."
      }
    },
    "IN-G3: Индикатор 1 поля 490 имеет недопустимое значение \"³\".": {
      "count": 4,
      "first": {
        "recordIndex": 1204795,
        "byteOffset": 1020039542,
        "rule": "IN-G3",
        "fieldIndex": 12,
        "tag": "490",
        "indicatorIndex": 0,
        "message": "Индикатор 1 поля 490 имеет недопустимое значение \"³\"."
      }
    },
    "IN-G3: Индикатор 1 поля 300 имеет недопустимое значение \"\".": {
      "count": 1,
      "first": {
        "recordIndex": 1204796,
        "byteOffset": 1020040415,
        "rule": "IN-G3",
        "fieldIndex": 12,
        "tag": "300",
        "indicatorIndex": 0,
        "message": "Индикатор 1 поля 300 имеет недопустимое значение \"\"."
      }
    },
    "IN-G3: Индикатор 2 поля 245 имеет недопустимое значение \"\".": {
      "count": 1,
      "first": {
        "recordIndex": 1204797,
        "byteOffset": 1020041559,
        "rule": "IN-G3",
        "fieldIndex": 10,
        "tag": "245",
        "indicatorIndex": 1,
        "message": "Индикатор 2 поля 245 имеет недопустимое значение \"\"."
      }
    },
    "IN-G3: Индикатор 2 поля 520 имеет недопустимое значение \"³\".": {
      "count": 3,
      "first": {
        "recordIndex": 1204797,
        "byteOffset": 1020041559,
        "rule": "IN-G3",
        "fieldIndex": 15,
        "tag": "520",
        "indicatorIndex": 1,
        "message": "Индикатор 2 поля 520 имеет недопустимое значение \"³\"."
      }
    },
    "IN-G3: Индикатор 1 поля 245 имеет недопустимое значение \"\".": {
      "count": 5,
      "first": {
        "recordIndex": 1204798,
        "byteOffset": 1020043112,
        "rule": "IN-G3",
        "fieldIndex": 10,
        "tag": "245",
        "indicatorIndex": 0,
        "message": "Индикатор 1 поля 245 имеет недопустимое значение \"\"."
      }
    },
    "IN-G3: Индикатор 1 поля 490 имеет недопустимое значение \"±\".": {
      "count": 2,
      "first": {
        "recordIndex": 1204798,
        "byteOffset": 1020043112,
        "rule": "IN-G3",
        "fieldIndex": 13,
        "tag": "490",
        "indicatorIndex": 0,
        "message": "Индикатор 1 поля 490 имеет недопустимое значение \"±\"."
      }
    },
    "VF-G5: Подполе 2 поля 650 имеет недопустимый код \"\".": {
      "count": 1,
      "first": {
        "recordIndex": 1204798,
        "byteOffset": 1020043112,
        "rule": "VF-G5",
        "fieldIndex": 17,
        "tag": "650",
        "subfieldIndex": 1,
        "message": "Подполе 2 поля 650 имеет недопустимый код \"\"."
      }
    },
    "SF-G4: Подполе 2 поля 650 имеет недопустимый код \"\".": {
      "count": 1,
      "first": {
        "recordIndex": 1204798,
        "byteOffset": 1020043112,
        "rule": "SF-G4",
        "fieldIndex": 17,
        "tag": "650",
        "subfieldIndex": 1,
        "message": "Подполе 2 поля 650 имеет недопустимый код \"\"."
      }
    },
    "IN-G3: Индикатор 2 поля 700 имеет недопустимое значение \"\".": {
      "count": 1,
      "first": {
        "recordIndex": 1204798,
        "byteOffset": 1020043112,
        "rule": "IN-G3",
        "fieldIndex": 18,
        "tag": "700",
        "indicatorIndex": 1,
        "message": "Индикатор 2 поля 700 имеет недопустимое значение \"\"."
      }
    },
    "IN-G3: Индикатор 1 поля 912 имеет недопустимое значение \"\".": {
      "count": 1,
      "first": {
        "recordIndex": 1204799,
        "byteOffset": 1020044060,
        "rule": "IN-G3",
        "fieldIndex": 15,
        "tag": "912",
        "indicatorIndex": 0,
        "message": "Индикатор 1 поля 912 имеет недопустимое значение \"\"."
      }
    },
    "IN-G3: Индикатор 1 поля 245 имеет недопустимое значение \"³\".": {
      "count": 1,
      "first": {
        "recordIndex": 1204800,
        "byteOffset": 1020044972,
        "rule": "IN-G3",
        "fieldIndex": 10,
        "tag": "245",
        "indicatorIndex": 0,
        "message": "Индикатор 1 поля 245 имеет недопустимое значение \"³\"."
      }
    },
    "IN-G3: Индикатор 2 поля 490 имеет недопустимое значение \"°\".": {
      "count": 6,
      "first": {
        "recordIndex": 1204800,
        "byteOffset": 1020044972,
        "rule": "IN-G3",
        "fieldIndex": 13,
        "tag": "490",
        "indicatorIndex": 1,
        "message": "Индикатор 2 поля 490 имеет недопустимое значение \"°\"."
      }
    },
    "DF-G2: Поле 505 содержит 0 индикатор(а), ожидалось 2.": {
      "count": 3,
      "first": {
        "recordIndex": 1204800,
        "byteOffset": 1020044972,
        "rule": "DF-G2",
        "fieldIndex": 14,
        "tag": "505",
        "message": "Поле 505 содержит 0 индикатор(а), ожидалось 2."
      }
    },
    "IN-G3: Индикатор 1 поля 260 имеет недопустимое значение \":\".": {
      "count": 6,
      "first": {
        "recordIndex": 1204801,
        "byteOffset": 1020046301,
        "rule": "IN-G3",
        "fieldIndex": 11,
        "tag": "260",
        "indicatorIndex": 0,
        "message": "Индикатор 1 поля 260 имеет недопустимое значение \":\"."
      }
    },
    "IN-G3: Индикатор 1 поля 520 имеет недопустимое значение \"¶\".": {
      "count": 2,
      "first": {
        "recordIndex": 1204801,
        "byteOffset": 1020046301,
        "rule": "IN-G3",
        "fieldIndex": 15,
        "tag": "520",
        "indicatorIndex": 0,
        "message": "Индикатор 1 поля 520 имеет недопустимое значение \"¶\"."
      }
    },
    "IN-G3: Индикатор 2 поля 600 имеет недопустимое значение \"\".": {
      "count": 2,
      "first": {
        "recordIndex": 1204801,
        "byteOffset": 1020046301,
        "rule": "IN-G3",
        "fieldIndex": 16,
        "tag": "600",
        "indicatorIndex": 1,
        "message": "Индикатор 2 поля 600 имеет недопустимое значение \"\"."
      }
    },
    "DF-G2: Поле 600 содержит 1 индикатор(а), ожидалось 2.": {
      "count": 1,
      "first": {
        "recordIndex": 1204801,
        "byteOffset": 1020046301,
        "rule": "DF-G2",
        "fieldIndex": 17,
        "tag": "600",
        "message": "Поле 600 содержит 1 индикатор(а), ожидалось 2."
      }
    },
    "IN-G3: Индикатор 1 поля 700 имеет недопустимое значение \" \".": {
      "count": 1,
      "first": {
        "recordIndex": 1204801,
        "byteOffset": 1020046301,
        "rule": "IN-G3",
        "fieldIndex": 20,
        "tag": "700",
        "indicatorIndex": 0,
        "message": "Индикатор 1 поля 700 имеет недопустимое значение \" \"."
      }
    },
    "IN-G3: Индикатор 2 поля 700 имеет недопустимое значение \"\".": {
      "count": 6,
      "first": {
        "recordIndex": 1204801,
        "byteOffset": 1020046301,
        "rule": "IN-G3",
        "fieldIndex": 21,
        "tag": "700",
        "indicatorIndex": 1,
        "message": "Индикатор 2 поля 700 имеет недопустимое значение \"\"."
      }
    },
    "IN-G3: Индикатор 1 поля 505 имеет недопустимое значение \"Ð\".": {
      "count": 5,
      "first": {
        "recordIndex": 1204802,
        "byteOffset": 1020047916,
        "rule": "IN-G3",
        "fieldIndex": 14,
        "tag": "505",
        "indicatorIndex": 0,
        "message": "Индикатор 1 поля 505 имеет недопустимое значение \"Ð\"."
      }
    },
    "IN-G3: Индикатор 2 поля 505 имеет недопустимое значение \"º\".": {
      "count": 2,
      "first": {
        "recordIndex": 1204802,
        "byteOffset": 1020047916,
        "rule": "IN-G3",
        "fieldIndex": 14,
        "tag": "505",
        "indicatorIndex": 1,
        "message": "Индикатор 2 поля 505 имеет недопустимое значение \"º\"."
      }
    },
    "IN-G3: Индикатор 2 поля 912 имеет недопустимое значение \"\".": {
      "count": 3,
      "first": {
        "recordIndex": 1204802,
        "byteOffset": 1020047916,
        "rule": "IN-G3",
        "fieldIndex": 19,
        "tag": "912",
        "indicatorIndex": 1,
        "message": "Индикатор 2 поля 912 имеет недопустимое значение \"\"."
      }
    },
    "IN-G3: Индикатор 1 поля 337 имеет недопустимое значение \"\".": {
      "count": 3,
      "first": {
        "recordIndex": 1204802,
        "byteOffset": 1020047916,
        "rule": "IN-G3",
        "fieldIndex": 22,
        "tag": "337",
        "indicatorIndex": 0,
        "message": "Индикатор 1 поля 337 имеет недопустимое значение \"\"."
      }
    },
    "IN-G3: Индикатор 2 поля 505 имеет недопустимое значение \"¾\".": {
      "count": 1,
      "first": {
        "recordIndex": 1204803,
        "byteOffset": 1020049179,
        "rule": "IN-G3",
        "fieldIndex": 14,
        "tag": "505",
        "indicatorIndex": 1,
        "message": "Индикатор 2 поля 505 имеет недопустимое значение \"¾\"."
      }
    },
    "IN-G3: Индикатор 2 поля 700 имеет недопустимое значение \"\".": {
      "count": 1,
      "first": {
        "recordIndex": 1204803,
        "byteOffset": 1020049179,
        "rule": "IN-G3",
        "fieldIndex": 16,
        "tag": "700",
        "indicatorIndex": 1,
        "message": "Индикатор 2 поля 700 имеет недопустимое значение \"\"."
      }
    },
    "IN-G3: Индикатор 1 поля 336 имеет недопустимое значение \"\".": {
      "count": 1,
      "first": {
        "recordIndex": 1204803,
        "byteOffset": 1020049179,
        "rule": "IN-G3",
        "fieldIndex": 20,
        "tag": "336",
        "indicatorIndex": 0,
        "message": "Индикатор 1 поля 336 имеет недопустимое значение \"\"."
      }
    },
    "IN-G3: Индикатор 1 поля 260 имеет недопустимое значение \"¶\".": {
      "count": 2,
      "first": {
        "recordIndex": 1204804,
        "byteOffset": 1020050423,
        "rule": "IN-G3",
        "fieldIndex": 11,
        "tag": "260",
        "indicatorIndex": 0,
        "message": "Индикатор 1 поля 260 имеет недопустимое значение \"¶\"."
      }
    },
    "IN-G3: Индикатор 1 поля 490 имеет недопустимое значение \"\".": {
      "count": 6,
      "first": {
        "recordIndex": 1204804,
        "byteOffset": 1020050423,
        "rule": "IN-G3",
        "fieldIndex": 13,
        "tag": "490",
        "indicatorIndex": 0,
        "message": "Индикатор 1 поля 490 имеет недопустимое значение \"\"."
      }
    },
    "IN-G3: Индикатор 2 поля 490 имеет недопустимое значение \"¸\".": {
      "count": 7,
      "first": {
        "recordIndex": 1204804,
        "byteOffset": 1020050423,
        "rule": "IN-G3",
        "fieldIndex": 14,
        "tag": "490",
        "indicatorIndex": 1,
        "message": "Индикатор 2 поля 490 имеет недопустимое значение \"¸\"."
      }
    },
    "IN-G3: Индикатор 2 поля 300 имеет недопустимое значение \"\".": {
      "count": 3,
      "first": {
        "recordIndex": 1204805,
        "byteOffset": 1020051244,
        "rule": "IN-G3",
        "fieldIndex": 12,
        "tag": "300",
        "indicatorIndex": 1,
        "message": "Индикатор 2 поля 300 имеет недопустимое значение \"\"."
      }
    },
    "IN-G3: Индикатор 1 поля 520 имеет недопустимое значение \"(\".": {
      "count": 2,
      "first": {
        "recordIndex": 1204805,
        "byteOffset": 1020051244,
        "rule": "IN-G3",
        "fieldIndex": 14,
        "tag": "520",
        "indicatorIndex": 0,
        "message": "Индикатор 1 поля 520 имеет недопустимое значение \"(\"."
      }
    },
    "IN-G3: Индикатор 1 поля 580 имеет недопустимое значение \"Ð\".": {
      "count": 2,
      "first": {
        "recordIndex": 1204805,
        "byteOffset": 1020051244,
        "rule": "IN-G3",
        "fieldIndex": 15,
        "tag": "580",
        "indicatorIndex": 0,
        "message": "Индикатор 1 поля 580 имеет недопустимое значение \"Ð\"."
      }
    },
    "IN-G3: Индикатор 2 поля 580 имеет недопустимое значение \"µ\".": {
      "count": 1,
      "first": {
        "recordIndex": 1204805,
        "byteOffset": 1020051244,
        "rule": "IN-G3",
        "fieldIndex": 15,
        "tag": "580",
        "indicatorIndex": 1,
        "message": "Индикатор 2 поля 580 имеет недопустимое значение \"µ\"."
      }
    },
    "DF-G3: Поле 580 не содержит кода подполя.": {
      "count": 2,
      "first": {
        "recordIndex": 1204805,
        "byteOffset": 1020051244,
        "rule": "DF-G3",
        "fieldIndex": 15,
        "tag": "580",
        "message": "Поле 580 не содержит кода подполя."
      }
    },
    "IN-G3: Индикатор 2 поля 490 имеет недопустимое значение \"\".": {
      "count": 2,
      "first": {
        "recordIndex": 1204806,
        "byteOffset": 1020052128,
        "rule": "IN-G3",
        "fieldIndex": 13,
        "tag": "490",
        "indicatorIndex": 1,
        "message": "Индикатор 2 поля 490 имеет недопустимое значение \"\"."
      }
    },
    "DF-G2: Поле 912 содержит 1 индикатор(а), ожидалось 2.": {
      "count": 2,
      "first": {
        "recordIndex": 1204806,
        "byteOffset": 1020052128,
        "rule": "DF-G2",
        "fieldIndex": 16,
        "tag": "912",
        "message": "Поле 912 содержит 1 индикатор(а), ожидалось 2."
      }
    },
    "DF-G2: Поле 505 содержит 1 индикатор(а), ожидалось 2.": {
      "count": 1,
      "first": {
        "recordIndex": 1204807,
        "byteOffset": 1020052902,
        "rule": "DF-G2",
        "fieldIndex": 13,
        "tag": "505",
        "message": "Поле 505 содержит 1 индикатор(а), ожидалось 2."
      }
    },
    "IN-G3: Индикатор 1 поля 505 имеет недопустимое значение \"°\".": {
      "count": 2,
      "first": {
        "recordIndex": 1204807,
        "byteOffset": 1020052902,
        "rule": "IN-G3",
        "fieldIndex": 13,
        "tag": "505",
        "indicatorIndex": 0,
        "message": "Индикатор 1 поля 505 имеет недопустимое значение \"°\"."
      }
    },
    "IN-G3: Индикатор 2 поля 336 имеет недопустимое значение \"·\".": {
      "count": 3,
      "first": {
        "recordIndex": 1204807,
        "byteOffset": 1020052902,
        "rule": "IN-G3",
        "fieldIndex": 17,
        "tag": "336",
        "indicatorIndex": 1,
        "message": "Индикатор 2 поля 336 имеет недопустимое значение \"·\"."
      }
    },
    "IN-G3: Индикатор 1 поля 337 имеет недопустимое значение \"½\".": {
      "count": 4,
      "first": {
        "recordIndex": 1204807,
        "byteOffset": 1020052902,
        "rule": "IN-G3",
        "fieldIndex": 18,
        "tag": "337",
        "indicatorIndex": 0,
        "message": "Индикатор 1 поля 337 имеет недопустимое значение \"½\"."
      }
    },
    "IN-G3: Индикатор 1 поля 912 имеет недопустимое значение \"³\".": {
      "count": 3,
      "first": {
        "recordIndex": 1204808,
        "byteOffset": 1020054196,
        "rule": "IN-G3",
        "fieldIndex": 14,
        "tag": "912",
        "indicatorIndex": 0,
        "message": "Индикатор 1 поля 912 имеет недопустимое значение \"³\"."
      }
    },
    "DF-G2: Поле 650 содержит 1 индикатор(а), ожидалось 2.": {
      "count": 3,
      "first": {
        "recordIndex": 1204809,
        "byteOffset": 1020054903,
        "rule": "DF-G2",
        "fieldIndex": 13,
        "tag": "650",
        "message": "Поле 650 содержит 1 индикатор(а), ожидалось 2."
      }
    },
    "IN-G3: Индикатор 1 поля 710 имеет недопустимое значение \"¸\".": {
      "count": 1,
      "first": {
        "recordIndex": 1204809,
        "byteOffset": 1020054903,
        "rule": "IN-G3",
        "fieldIndex": 15,
        "tag": "710",
        "indicatorIndex": 0,
        "message": "Индикатор 1 поля 710 имеет недопустимое значение \"¸\"."
      }
    },
    "IN-G3: Индикатор 1 поля 337 имеет недопустимое значение \"³\".": {
      "count": 3,
      "first": {
        "recordIndex": 1204809,
        "byteOffset": 1020054903,
        "rule": "IN-G3",
        "fieldIndex": 19,
        "tag": "337",
        "indicatorIndex": 0,
        "message": "Индикатор 1 поля 337 имеет недопустимое значение \"³\"."
      }
    },
    "IN-G3: Индикатор 1 поля 300 имеет недопустимое значение \".\".": {
      "count": 4,
      "first": {
        "recordIndex": 1204810,
        "byteOffset": 1020055995,
        "rule": "IN-G3",
        "fieldIndex": 11,
        "tag": "300",
        "indicatorIndex": 0,
        "message": "Индикатор 1 поля 300 имеет недопустимое значение \".\"."
      }
    },
    "IN-G3: Индикатор 2 поля 700 имеет недопустимое значение \"\".": {
      "count": 5,
      "first": {
        "recordIndex": 1204810,
        "byteOffset": 1020055995,
        "rule": "IN-G3",
        "fieldIndex": 16,
        "tag": "700",
        "indicatorIndex": 1,
        "message": "Индикатор 2 поля 700 имеет недопустимое значение \"\"."
      }
    },
    "IN-G3: Индикатор 1 поля 773 имеет недопустимое значение \"\".": {
      "count": 1,
      "first": {
        "recordIndex": 1204810,
        "byteOffset": 1020055995,
        "rule": "IN-G3",
        "fieldIndex": 18,
        "tag": "773",
        "indicatorIndex": 0,
        "message": "Индикатор 1 поля 773 имеет недопустимое значение \"\"."
      }
    },
    "IN-G3: Индикатор 1 поля 520 имеет недопустимое значение \"\\u001e\".": {
      "count": 6,
      "first": {
        "recordIndex": 1204812,
        "byteOffset": 1020058395,
        "rule": "IN-G3",
        "fieldIndex": 11,
        "tag": "520",
        "indicatorIndex": 0,
        "message": "Индикатор 1 поля 520 имеет недопустимое значение \"\\u001e\"."
      }
    },
    "IN-G3: Индикатор 2 поля 710 имеет недопустимое значение \"¹\".": {
      "count": 1,
      "first": {
        "recordIndex": 1204812,
        "byteOffset": 1020058395,
        "rule": "IN-G3",
        "fieldIndex": 15,
        "tag": "710",
        "indicatorIndex": 1,
        "message": "Индикатор 2 поля 710 имеет недопустимое значение \"¹\"."
      }
    },
    "IN-G3: Индикатор 1 поля 260 имеет недопустимое значение \"\".": {
      "count": 2,
      "first": {
        "recordIndex": 1204813,
        "byteOffset": 1020059427,
        "rule": "IN-G3",
        "fieldIndex": 12,
        "tag": "260",
        "indicatorIndex": 0,
        "message": "Индикатор 1 поля 260 имеет недопустимое значение \"\"."
      }
    },
    "IN-G3: Индикатор 2 поля 490 имеет недопустимое значение \"\".": {
      "count": 1,
      "first": {
        "recordIndex": 1204813,
        "byteOffset": 1020059427,
        "rule": "IN-G3",
        "fieldIndex": 14,
        "tag": "490",
        "indicatorIndex": 1,
        "message": "Индикатор 2 поля 490 имеет недопустимое значение \"\"."
      }
    },
    "IN-G3: Индикатор 1 поля 250 имеет недопустимое значение \"µ\".": {
      "count": 3,
      "first": {
        "recordIndex": 1204814,
        "byteOffset": 1020061036,
        "rule": "IN-G3",
        "fieldIndex": 11,
        "tag": "250",
        "indicatorIndex": 0,
        "message": "Индикатор 1 поля 250 имеет недопустимое значение \"µ\"."
      }
    },
    "VF-G5: Подполе 5 поля 650 имеет недопустимый код \"\".": {
      "count": 2,
      "first": {
        "recordIndex": 1204814,
        "byteOffset": 1020061036,
        "rule": "VF-G5",
        "fieldIndex": 14,
        "tag": "650",
        "subfieldIndex": 4,
        "message": "Подполе 5 поля 650 имеет недопустимый код \"\"."
      }
    },
    "SF-G4: Подполе 5 поля 650 имеет недопустимый код \"\".": {
      "count": 2,
      "first": {
        "recordIndex": 1204814,
        "byteOffset": 1020061036,
        "rule": "SF-G4",
        "fieldIndex": 14,
        "tag": "650",
        "subfieldIndex": 4,
        "message": "Подполе 5 поля 650 имеет недопустимый код \"\"."
      }
    },
    "IN-G3: Индикатор 2 поля 912 имеет недопустимое значение \".\".": {
      "count": 1,
      "first": {
        "recordIndex": 1204815,
        "byteOffset": 1020061838,
        "rule": "IN-G3",
        "fieldIndex": 18,
        "tag": "912",
        "indicatorIndex": 1,
        "message": "Индикатор 2 поля 912 имеет недопустимое значение \".\"."
      }
    },
    "IN-G3: Индикатор 1 поля 250 имеет недопустимое значение \"°\".": {
      "count": 3,
      "first": {
        "recordIndex": 1204816,
        "byteOffset": 1020062878,
        "rule": "IN-G3",
        "fieldIndex": 11,
        "tag": "250",
        "indicatorIndex": 0,
        "message": "Индикатор 1 поля 250 имеет недопустимое значение \"°\"."
      }
    },
    "IN-G3: Индикатор 1 поля 490 имеет недопустимое значение \"\".": {
      "count": 1,
      "first": {
        "recordIndex": 1204816,
        "byteOffset": 1020062878,
        "rule": "IN-G3",
        "fieldIndex": 14,
        "tag": "490",
        "indicatorIndex": 0,
        "message": "Индикатор 1 поля 490 имеет недопустимое значение \"\"."
      }
    },
    "IN-G3: Индикатор 2 поля 490 имеет недопустимое значение \"µ\".": {
      "count": 3,
      "first": {
        "recordIndex": 1204816,
        "byteOffset": 1020062878,
        "rule": "IN-G3",
        "fieldIndex": 15,
        "tag": "490",
        "indicatorIndex": 1,
        "message": "Индикатор 2 поля 490 имеет недопустимое значение \"µ\"."
      }
    },
    "IN-G3: Индикатор 2 поля 490 имеет недопустимое значение \"º\".": {
      "count": 7,
      "first": {
        "recordIndex": 1204817,
        "byteOffset": 1020064337,
        "rule": "IN-G3",
        "fieldIndex": 13,
        "tag": "490",
        "indicatorIndex": 1,
        "message": "Индикатор 2 поля 490 имеет недопустимое значение \"º\"."
      }
    },
    "IN-G3: Индикатор 2 поля 336 имеет недопустимое значение \"\".": {
      "count": 2,
      "first": {
        "recordIndex": 1204817,
        "byteOffset": 1020064337,
        "rule": "IN-G3",
        "fieldIndex": 19,
        "tag": "336",
        "indicatorIndex": 1,
        "message": "Индикатор 2 поля 336 имеет недопустимое значение \"\"."
      }
    },
    "IN-G3: Индикатор 1 поля 337 имеет недопустимое значение \"\".": {
      "count": 1,
      "first": {
        "recordIndex": 1204817,
        "byteOffset": 1020064337,
        "rule": "IN-G3",
        "fieldIndex": 20,
        "tag": "337",
        "indicatorIndex": 0,
        "message": "Индикатор 1 поля 337 имеет недопустимое значение \"\"."
      }
    },
    "IN-G3: Индикатор 2 поля 773 имеет недопустимое значение \"\".": {
      "count": 2,
      "first": {
        "recordIndex": 1204818,
        "byteOffset": 1020065222,
        "rule": "IN-G3",
        "fieldIndex": 15,
        "tag": "773",
        "indicatorIndex": 1,
        "message": "Индикатор 2 поля 773 имеет недопустимое значение \"\"."
      }
    },
    "IN-G3: Индикатор 1 поля 336 имеет недопустимое значение \")\".": {
      "count": 1,
      "first": {
        "recordIndex": 1204818,
        "byteOffset": 1020065222,
        "rule": "IN-G3",
        "fieldIndex": 18,
        "tag": "336",
        "indicatorIndex": 0,
        "message": "Индикатор 1 поля 336 имеет недопустимое значение \")\"."
      }
    },
    "IN-G3: Индикатор 1 поля 245 имеет недопустимое значение \"\".": {
      "count": 2,
      "first": {
        "recordIndex": 1204819,
        "byteOffset": 1020066668,
        "rule": "IN-G3",
        "fieldIndex": 11,
        "tag": "245",
        "indicatorIndex": 0,
        "message": "Индикатор 1 поля 245 имеет недопустимое значение \"\"."
      }
    },
    "IN-G3: Индикатор 2 поля 250 имеет недопустимое значение \"\".": {
      "count": 1,
      "first": {
        "recordIndex": 1204819,
        "byteOffset": 1020066668,
        "rule": "IN-G3",
        "fieldIndex": 12,
        "tag": "250",
        "indicatorIndex": 1,
        "message": "Индикатор 2 поля 250 имеет недопустимое значение \"\"."
      }
    },
    "IN-G3: Индикатор 2 поля 245 имеет недопустимое значение \"\".": {
      "count": 1,
      "first": {
        "recordIndex": 1204821,
        "byteOffset": 1020069423,
        "rule": "IN-G3",
        "fieldIndex": 11,
        "tag": "245",
        "indicatorIndex": 1,
        "message": "Индикатор 2 поля 245 имеет недопустимое значение \"\"."
      }
    },
    "IN-G3: Индикатор 1 поля 250 имеет недопустимое значение \"\".": {
      "count": 1,
      "first": {
        "recordIndex": 1204821,
        "byteOffset": 1020069423,
        "rule": "IN-G3",
        "fieldIndex": 12,
        "tag": "250",
        "indicatorIndex": 0,
        "message": "Индикатор 1 поля 250 имеет недопустимое значение \"\"."
      }
    },
    "IN-G3: Индикатор 2 поля 260 имеет недопустимое значение \"·\".": {
      "count": 1,
      "first": {
        "recordIndex": 1204821,
        "byteOffset": 1020069423,
        "rule": "IN-G3",
        "fieldIndex": 13,
        "tag": "260",
        "indicatorIndex": 1,
        "message": "Индикатор 2 поля 260 имеет недопустимое значение \"·\"."
      }
    },
    "IN-G3: Индикатор 2 поля 300 имеет недопустимое значение \"±\".": {
      "count": 4,
      "first": {
        "recordIndex": 1204821,
        "byteOffset": 1020069423,
        "rule": "IN-G3",
        "fieldIndex": 14,
        "tag": "300",
        "indicatorIndex": 1,
        "message": "Индикатор 2 поля 300 имеет недопустимое значение \"±\"."
      }
    },
    "IN-G3: Индикатор 2 поля 490 имеет недопустимое значение \"\".": {
      "count": 1,
      "first": {
        "recordIndex": 1204821,
        "byteOffset": 1020069423,
        "rule": "IN-G3",
        "fieldIndex": 15,
        "tag": "490",
        "indicatorIndex": 1,
        "message": "Индикатор 2 поля 490 имеет недопустимое значение \"\"."
      }
    },
    "IN-G3: Индикатор 2 поля 546 имеет недопустимое значение \"¼\".": {
      "count": 1,
      "first": {
        "recordIndex": 1204821,
        "byteOffset": 1020069423,
        "rule": "IN-G3",
        "fieldIndex": 18,
        "tag": "546",
        "indicatorIndex": 1,
        "message": "Индикатор 2 поля 546 имеет недопустимое значение \"¼\"."
      }
    },
    "IN-G3: Индикатор 2 поля 650 имеет недопустимое значение \"\".": {
      "count": 1,
      "first": {
        "recordIndex": 1204821,
        "byteOffset": 1020069423,
        "rule": "IN-G3",
        "fieldIndex": 19,
        "tag": "650",
        "indicatorIndex": 1,
        "message": "Индикатор 2 поля 650 имеет недопустимое значение \"\"."
      }
    },
    "IN-G3: Индикатор 2 поля 520 имеет недопустимое значение \"¿\".": {
      "count": 2,
      "first": {
        "recordIndex": 1204823,
        "byteOffset": 1020071794,
        "rule": "IN-G3",
        "fieldIndex": 14,
        "tag": "520",
        "indicatorIndex": 1,
        "message": "Индикатор 2 поля 520 имеет недопустимое значение \"¿\"."
      }
    },
    "IN-G3: Индикатор 2 поля 650 имеет недопустимое значение \"\".": {
      "count": 1,
      "first": {
        "recordIndex": 1204824,
        "byteOffset": 1020074034,
        "rule": "IN-G3",
        "fieldIndex": 15,
        "tag": "650",
        "indicatorIndex": 1,
        "message": "Индикатор 2 поля 650 имеет недопустимое значение \"\"."
      }
    },
    "IN-G3: Индикатор 1 поля 650 имеет недопустимое значение \"\".": {
      "count": 1,
      "first": {
        "recordIndex": 1204824,
        "byteOffset": 1020074034,
        "rule": "IN-G3",
        "fieldIndex": 17,
        "tag": "650",
        "indicatorIndex": 0,
        "message": "Индикатор 1 поля 650 имеет недопустимое значение \"\"."
      }
    },
    "IN-G3: Индикатор 1 поля 710 имеет недопустимое значение \"½\".": {
      "count": 1,
      "first": {
        "recordIndex": 1204824,
        "byteOffset": 1020074034,
        "rule": "IN-G3",
        "fieldIndex": 19,
        "tag": "710",
        "indicatorIndex": 0,
        "message": "Индикатор 1 поля 710 имеет недопустимое значение \"½\"."
      }
    },
    "IN-G3: Индикатор 1 поля 336 имеет недопустимое значение \"±\".": {
      "count": 2,
      "first": {
        "recordIndex": 1204825,
        "byteOffset": 1020076069,
        "rule": "IN-G3",
        "fieldIndex": 21,
        "tag": "336",
        "indicatorIndex": 0,
        "message": "Индикатор 1 поля 336 имеет недопустимое значение \"±\"."
      }
    },
    "IN-G3: Индикатор 1 поля 337 имеет недопустимое значение \"\".": {
      "count": 2,
      "first": {
        "recordIndex": 1204826,
        "byteOffset": 1020077449,
        "rule": "IN-G3",
        "fieldIndex": 17,
        "tag": "337",
        "indicatorIndex": 0,
        "message": "Индикатор 1 поля 337 имеет недопустимое значение \"\"."
      }
    },
    "IN-G3: Индикатор 2 поля 520 имеет недопустимое значение \"\".": {
      "count": 2,
      "first": {
        "recordIndex": 1204827,
        "byteOffset": 1020078714,
        "rule": "IN-G3",
        "fieldIndex": 13,
        "tag": "520",
        "indicatorIndex": 1,
        "message": "Индикатор 2 поля 520 имеет недопустимое значение \"\"."
      }
    },
    "IN-G3: Индикатор 2 поля 490 имеет недопустимое значение \"¹\".": {
      "count": 4,
      "first": {
        "recordIndex": 1204829,
        "byteOffset": 1020080794,
        "rule": "IN-G3",
        "fieldIndex": 13,
        "tag": "490",
        "indicatorIndex": 1,
        "message": "Индикатор 2 поля 490 имеет недопустимое значение \"¹\"."
      }
    },
    "IN-G3: Индикатор 2 поля 260 имеет недопустимое значение \"¡\".": {
      "count": 1,
      "first": {
        "recordIndex": 1204830,
        "byteOffset": 1020081685,
        "rule": "IN-G3",
        "fieldIndex": 10,
        "tag": "260",
        "indicatorIndex": 1,
        "message": "Индикатор 2 поля 260 имеет недопустимое значение \"¡\"."
      }
    },
    "IN-G3: Индикатор 1 поля 700 имеет недопустимое значение \"·\".": {
      "count": 3,
      "first": {
        "recordIndex": 1204830,
        "byteOffset": 1020081685,
        "rule": "IN-G3",
        "fieldIndex": 14,
        "tag": "700",
        "indicatorIndex": 0,
        "message": "Индикатор 1 поля 700 имеет недопустимое значение \"·\"."
      }
    },
    "IN-G3: Индикатор 1 поля 773 имеет недопустимое значение \"¿\".": {
      "count": 2,
      "first": {
        "recordIndex": 1204830,
        "byteOffset": 1020081685,
        "rule": "IN-G3",
        "fieldIndex": 16,
        "tag": "773",
        "indicatorIndex": 0,
        "message": "Индикатор 1 поля 773 имеет недопустимое значение \"¿\"."
      }
    },
    "IN-G3: Индикатор 2 поля 912 имеет недопустимое значение \"\".": {
      "count": 1,
      "first": {
        "recordIndex": 1204830,
        "byteOffset": 1020081685,
        "rule": "IN-G3",
        "fieldIndex": 17,
        "tag": "912",
        "indicatorIndex": 1,
        "message": "Индикатор 2 поля 912 имеет недопустимое значение \"\"."
      }
    },
    "IN-G3: Индикатор 1 поля 337 имеет недопустимое значение \"\".": {
      "count": 2,
      "first": {
        "recordIndex": 1204830,
        "byteOffset": 1020081685,
        "rule": "IN-G3",
        "fieldIndex": 20,
        "tag": "337",
        "indicatorIndex": 0,
        "message": "Индикатор 1 поля 337 имеет недопустимое значение \"\"."
      }
    },
    "IN-G3: Индикатор 2 поля 300 имеет недопустимое значение \":\".": {
      "count": 5,
      "first": {
        "recordIndex": 1204831,
        "byteOffset": 1020083152,
        "rule": "IN-G3",
        "fieldIndex": 11,
        "tag": "300",
        "indicatorIndex": 1,
        "message": "Индикатор 2 поля 300 имеет недопустимое значение \":\"."
      }
    },
    "VF-G5: Подполе 3 поля 490 имеет недопустимый код \"\".": {
      "count": 4,
      "first": {
        "recordIndex": 1204831,
        "byteOffset": 1020083152,
        "rule": "VF-G5",
        "fieldIndex": 12,
        "tag": "490",
        "subfieldIndex": 2,
        "message": "Подполе 3 поля 490 имеет недопустимый код \"\"."
      }
    },
    "SF-G4: Подполе 3 поля 490 имеет недопустимый код \"\".": {
      "count": 4,
      "first": {
        "recordIndex": 1204831,
        "byteOffset": 1020083152,
        "rule": "SF-G4",
        "fieldIndex": 12,
        "tag": "490",
        "subfieldIndex": 2,
        "message": "Подполе 3 поля 490 имеет недопустимый код \"\"."
      }
    },
    "IN-G3: Индикатор 2 поля 490 имеет недопустимое значение \"\".": {
      "count": 1,
      "first": {
        "recordIndex": 1204831,
        "byteOffset": 1020083152,
        "rule": "IN-G3",
        "fieldIndex": 13,
        "tag": "490",
        "indicatorIndex": 1,
        "message": "Индикатор 2 поля 490 имеет недопустимое значение \"\"."
      }
    },
    "IN-G3: Индикатор 2 поля 336 имеет недопустимое значение \"±\".": {
      "count": 3,
      "first": {
        "recordIndex": 1204831,
        "byteOffset": 1020083152,
        "rule": "IN-G3",
        "fieldIndex": 19,
        "tag": "336",
        "indicatorIndex": 1,
        "message": "Индикатор 2 поля 336 имеет недопустимое значение \"±\"."
      }
    },
    "IN-G3: Индикатор 2 поля 650 имеет недопустимое значение \"¡\".": {
      "count": 1,
      "first": {
        "recordIndex": 1204832,
        "byteOffset": 1020084080,
        "rule": "IN-G3",
        "fieldIndex": 14,
        "tag": "650",
        "indicatorIndex": 1,
        "message": "Индикатор 2 поля 650 имеет недопустимое значение \"¡\"."
      }
    },
    "IN-G3: Индикатор 2 поля 773 имеет недопустимое значение \"²\".": {
      "count": 1,
      "first": {
        "recordIndex": 1204832,
        "byteOffset": 1020084080,
        "rule": "IN-G3",
        "fieldIndex": 15,
        "tag": "773",
        "indicatorIndex": 1,
        "message": "Индикатор 2 поля 773 имеет недопустимое значение \"²\"."
      }
    },
    "IN-G3: Индикатор 1 поля 260 имеет недопустимое значение \"\".": {
      "count": 1,
      "first": {
        "recordIndex": 1204833,
        "byteOffset": 1020085208,
        "rule": "IN-G3",
        "fieldIndex": 13,
        "tag": "260",
        "indicatorIndex": 0,
        "message": "Индикатор 1 поля 260 имеет недопустимое значение \"\"."
      }
    },
    "IN-G3: Индикатор 2 поля 300 имеет недопустимое значение \"\".": {
      "count": 5,
      "first": {
        "recordIndex": 1204833,
        "byteOffset": 1020085208,
        "rule": "IN-G3",
        "fieldIndex": 14,
        "tag": "300",
        "indicatorIndex": 1,
        "message": "Индикатор 2 поля 300 имеет недопустимое значение \"\"."
      }
    },
    "IN-G3: Индикатор 1 поля 336 имеет недопустимое значение \"\\u001e\".": {
      "count": 3,
      "first": {
        "recordIndex": 1204833,
        "byteOffset": 1020085208,
        "rule": "IN-G3",
        "fieldIndex": 21,
        "tag": "336",
        "indicatorIndex": 0,
        "message": "Индикатор 1 поля 336 имеет недопустимое значение \"\\u001e\"."
      }
    },
    "IN-G3: Индикатор 1 поля 912 имеет недопустимое значение \"´\".": {
      "count": 4,
      "first": {
        "recordIndex": 1204834,
        "byteOffset": 1020086482,
        "rule": "IN-G3",
        "fieldIndex": 20,
        "tag": "912",
        "indicatorIndex": 0,
        "message": "Индикатор 1 поля 912 имеет недопустимое значение \"´\"."
      }
    },
    "IN-G3: Индикатор 1 поля 490 имеет недопустимое значение \"[\".": {
      "count": 1,
      "first": {
        "recordIndex": 1204835,
        "byteOffset": 1020088181,
        "rule": "IN-G3",
        "fieldIndex": 13,
        "tag": "490",
        "indicatorIndex": 0,
        "message": "Индикатор 1 поля 490 имеет недопустимое значение \"[\"."
      }
    },
    "IN-G3: Индикатор 2 поля 260 имеет недопустимое значение \"³\".": {
      "count": 4,
      "first": {
        "recordIndex": 1204836,
        "byteOffset": 1020089034,
        "rule": "IN-G3",
        "fieldIndex": 10,
        "tag": "260",
        "indicatorIndex": 1,
        "message": "Индикатор 2 поля 260 имеет недопустимое значение \"³\"."
      }
    },
    "IN-G3: Индикатор 2 поля 300 имеет недопустимое значение \"\".": {
      "count": 1,
      "first": {
        "recordIndex": 1204836,
        "byteOffset": 1020089034,
        "rule": "IN-G3",
        "fieldIndex": 11,
        "tag": "300",
        "indicatorIndex": 1,
        "message": "Индикатор 2 поля 300 имеет недопустимое значение \"\"."
      }
    },
    "IN-G3: Индикатор 2 поля 912 имеет недопустимое значение \"\".": {
      "count": 7,
      "first": {
        "recordIndex": 1204837,
        "byteOffset": 1020089963,
        "rule": "IN-G3",
        "fieldIndex": 17,
        "tag": "912",
        "indicatorIndex": 1,
        "message": "Индикатор 2 поля 912 имеет недопустимое значение \"\"."
      }
    },
    "IN-G3: Индикатор 2 поля 490 имеет недопустимое значение \"\".": {
      "count": 2,
      "first": {
        "recordIndex": 1204838,
        "byteOffset": 1020091116,
        "rule": "IN-G3",
        "fieldIndex": 12,
        "tag": "490",
        "indicatorIndex": 1,
        "message": "Индикатор 2 поля 490 имеет недопустимое значение \"\"."
      }
    },
    "IN-G3: Индикатор 1 поля 337 имеет недопустимое значение \"+\".": {
      "count": 1,
      "first": {
        "recordIndex": 1204838,
        "byteOffset": 1020091116,
        "rule": "IN-G3",
        "fieldIndex": 20,
        "tag": "337",
        "indicatorIndex": 0,
        "message": "Индикатор 1 поля 337 имеет недопустимое значение \"+\"."
      }
    },
    "IN-G3: Индикатор 2 поля 337 имеет недопустимое значение \"]\".": {
      "count": 3,
      "first": {
        "recordIndex": 1204838,
        "byteOffset": 1020091116,
        "rule": "IN-G3",
        "fieldIndex": 20,
        "tag": "337",
        "indicatorIndex": 1,
        "message": "Индикатор 2 поля 337 имеет недопустимое значение \"]\"."
      }
    },
    "IN-G3: Индикатор 2 поля 336 имеет недопустимое значение \"³\".": {
      "count": 4,
      "first": {
        "recordIndex": 1204840,
        "byteOffset": 1020093224,
        "rule": "IN-G3",
        "fieldIndex": 19,
        "tag": "336",
        "indicatorIndex": 1,
        "message": "Индикатор 2 поля 336 имеет недопустимое значение \"³\"."
      }
    },
    "IN-G3: Индикатор 1 поля 520 имеет недопустимое значение \"\".": {
      "count": 4,
      "first": {
        "recordIndex": 1204841,
        "byteOffset": 1020094386,
        "rule": "IN-G3",
        "fieldIndex": 15,
        "tag": "520",
        "indicatorIndex": 0,
        "message": "Индикатор 1 поля 520 имеет недопустимое значение \"\"."
      }
    },
    "IN-G3: Индикатор 1 поля 912 имеет недопустимое значение \"\".": {
      "count": 1,
      "first": {
        "recordIndex": 1204841,
        "byteOffset": 1020094386,
        "rule": "IN-G3",
        "fieldIndex": 17,
        "tag": "912",
        "indicatorIndex": 0,
        "message": "Индикатор 1 поля 912 имеет недопустимое значение \"\"."
      }
    },
    "IN-G3: Индикатор 1 поля 336 имеет недопустимое значение \"·\".": {
      "count": 3,
      "first": {
        "recordIndex": 1204841,
        "byteOffset": 1020094386,
        "rule": "IN-G3",
        "fieldIndex": 19,
        "tag": "336",
        "indicatorIndex": 0,
        "message": "Индикатор 1 поля 336 имеет недопустимое значение \"·\"."
      }
    },
    "IN-G3: Индикатор 2 поля 300 имеет недопустимое значение \"§\".": {
      "count": 1,
      "first": {
        "recordIndex": 1204842,
        "byteOffset": 1020095537,
        "rule": "IN-G3",
        "fieldIndex": 11,
        "tag": "300",
        "indicatorIndex": 1,
        "message": "Индикатор 2 поля 300 имеет недопустимое значение \"§\"."
      }
    },
    "IN-G3: Индикатор 2 поля 520 имеет недопустимое значение \"(\".": {
      "count": 4,
      "first": {
        "recordIndex": 1204842,
        "byteOffset": 1020095537,
        "rule": "IN-G3",
        "fieldIndex": 14,
        "tag": "520",
        "indicatorIndex": 1,
        "message": "Индикатор 2 поля 520 имеет недопустимое значение \"(\"."
      }
    },
    "IN-G3: Индикатор 2 поля 337 имеет недопустимое значение \"\".": {
      "count": 1,
      "first": {
        "recordIndex": 1204842,
        "byteOffset": 1020095537,
        "rule": "IN-G3",
        "fieldIndex": 21,
        "tag": "337",
        "indicatorIndex": 1,
        "message": "Индикатор 2 поля 337 имеет недопустимое значение \"\"."
      }
    },
    "IN-G3: Индикатор 1 поля 300 имеет недопустимое значение \"\".": {
      "count": 2,
      "first": {
        "recordIndex": 1204843,
        "byteOffset": 1020096675,
        "rule": "IN-G3",
        "fieldIndex": 11,
        "tag": "300",
        "indicatorIndex": 0,
        "message": "Индикатор 1 поля 300 имеет недопустимое значение \"\"."
      }
    },
    "IN-G3: Индикатор 1 поля 912 имеет недопустимое значение \"\".": {
      "count": 2,
      "first": {
        "recordIndex": 1204843,
        "byteOffset": 1020096675,
        "rule": "IN-G3",
        "fieldIndex": 15,
        "tag": "912",
        "indicatorIndex": 0,
        "message": "Индикатор 1 поля 912 имеет недопустимое значение \"\"."
      }
    },
    "IN-G3: Индикатор 2 поля 260 имеет недопустимое значение \"±\".": {
      "count": 2,
      "first": {
        "recordIndex": 1204844,
        "byteOffset": 1020097526,
        "rule": "IN-G3",
        "fieldIndex": 10,
        "tag": "260",
        "indicatorIndex": 1,
        "message": "Индикатор 2 поля 260 имеет недопустимое значение \"±\"."
      }
    },
    "IN-G3: Индикатор 2 поля 260 имеет недопустимое значение \"\".": {
      "count": 4,
      "first": {
        "recordIndex": 1204846,
        "byteOffset": 1020099801,
        "rule": "IN-G3",
        "fieldIndex": 10,
        "tag": "260",
        "indicatorIndex": 1,
        "message": "Индикатор 2 поля 260 имеет недопустимое значение \"\"."
      }
    },
    "IN-G3: Индикатор 2 поля 490 имеет недопустимое значение \"¼\".": {
      "count": 6,
      "first": {
        "recordIndex": 1204846,
        "byteOffset": 1020099801,
        "rule": "IN-G3",
        "fieldIndex": 12,
        "tag": "490",
        "indicatorIndex": 1,
        "message": "Индикатор 2 поля 490 имеет недопустимое значение \"¼\"."
      }
    },
    "IN-G3: Индикатор 1 поля 260 имеет недопустимое значение \"\".": {
      "count": 1,
      "first": {
        "recordIndex": 1204850,
        "byteOffset": 1020103914,
        "rule": "IN-G3",
        "fieldIndex": 11,
        "tag": "260",
        "indicatorIndex": 0,
        "message": "Индикатор 1 поля 260 имеет недопустимое значение \"\"."
      }
    },
    "IN-G3: Индикатор 2 поля 650 имеет недопустимое значение \"\".": {
      "count": 4,
      "first": {
        "recordIndex": 1204850,
        "byteOffset": 1020103914,
        "rule": "IN-G3",
        "fieldIndex": 15,
        "tag": "650",
        "indicatorIndex": 1,
        "message": "Индикатор 2 поля 650 имеет недопустимое значение \"\"."
      }
    },
    "IN-G3: Индикатор 2 поля 337 имеет недопустимое значение \"\".": {
      "count": 1,
      "first": {
        "recordIndex": 1204850,
        "byteOffset": 1020103914,
        "rule": "IN-G3",
        "fieldIndex": 19,
        "tag": "337",
        "indicatorIndex": 1,
        "message": "Индикатор 2 поля 337 имеет недопустимое значение \"\"."
      }
    },
    "IN-G3: Индикатор 2 поля 250 имеет недопустимое значение \"¸\".": {
      "count": 1,
      "first": {
        "recordIndex": 1204851,
        "byteOffset": 1020104962,
        "rule": "IN-G3",
        "fieldIndex": 12,
        "tag": "250",
        "indicatorIndex": 1,
        "message": "Индикатор 2 поля 250 имеет недопустимое значение \"¸\"."
      }
    },
    "IN-G3: Индикатор 1 поля 490 имеет недопустимое значение \"\".": {
      "count": 3,
      "first": {
        "recordIndex": 1204851,
        "byteOffset": 1020104962,
        "rule": "IN-G3",
        "fieldIndex": 15,
        "tag": "490",
        "indicatorIndex": 0,
        "message": "Индикатор 1 поля 490 имеет недопустимое значение \"\"."
      }
    },
    "IN-G3: Индикатор 1 поля 505 имеет недопустимое значение \"¼\".": {
      "count": 1,
      "first": {
        "recordIndex": 1204854,
        "byteOffset": 1020109201,
        "rule": "IN-G3",
        "fieldIndex": 14,
        "tag": "505",
        "indicatorIndex": 0,
        "message": "Индикатор 1 поля 505 имеет недопустимое значение \"¼\"."
      }
    },
    "IN-G3: Индикатор 2 поля 520 имеет недопустимое значение \"\".": {
      "count": 1,
      "first": {
        "recordIndex": 1204854,
        "byteOffset": 1020109201,
        "rule": "IN-G3",
        "fieldIndex": 15,
        "tag": "520",
        "indicatorIndex": 1,
        "message": "Индикатор 2 поля 520 имеет недопустимое значение \"\"."
      }
    },
    "IN-G3: Индикатор 1 поля 260 имеет недопустимое значение \"\".": {
      "count": 1,
      "first": {
        "recordIndex": 1204855,
        "byteOffset": 1020110526,
        "rule": "IN-G3",
        "fieldIndex": 10,
        "tag": "260",
        "indicatorIndex": 0,
        "message": "Индикатор 1 поля 260 имеет недопустимое значение \"\"."
      }
    },
    "IN-G3: Индикатор 2 поля 520 имеет недопустимое значение \"º\".": {
      "count": 8,
      "first": {
        "recordIndex": 1204856,
        "byteOffset": 1020111822,
        "rule": "IN-G3",
        "fieldIndex": 14,
        "tag": "520",
        "indicatorIndex": 1,
        "message": "Индикатор 2 поля 520 имеет недопустимое значение \"º\"."
      }
    },
    "IN-G3: Индикатор 1 поля 700 имеет недопустимое значение \"\".": {
      "count": 1,
      "first": {
        "recordIndex": 1204857,
        "byteOffset": 1020113123,
        "rule": "IN-G3",
        "fieldIndex": 16,
        "tag": "700",
        "indicatorIndex": 0,
        "message": "Индикатор 1 поля 700 имеет недопустимое значение \"\"."
      }
    },
    "IN-G3: Индикатор 2 поля 700 имеет недопустимое значение \"\".": {
      "count": 3,
      "first": {
        "recordIndex": 1204858,
        "byteOffset": 1020114362,
        "rule": "IN-G3",
        "fieldIndex": 14,
        "tag": "700",
        "indicatorIndex": 1,
        "message": "Индикатор 2 поля 700 имеет недопустимое значение \"\"."
      }
    },
    "IN-G3: Индикатор 2 поля 336 имеет недопустимое значение \"¤\".": {
      "count": 3,
      "first": {
        "recordIndex": 1204858,
        "byteOffset": 1020114362,
        "rule": "IN-G3",
        "fieldIndex": 18,
        "tag": "336",
        "indicatorIndex": 1,
        "message": "Индикатор 2 поля 336 имеет недопустимое значение \"¤\"."
      }
    },
    "IN-G3: Индикатор 1 поля 260 имеет недопустимое значение \"\".": {
      "count": 1,
      "first": {
        "recordIndex": 1204863,
        "byteOffset": 1020119613,
        "rule": "IN-G3",
        "fieldIndex": 10,
        "tag": "260",
        "indicatorIndex": 0,
        "message": "Индикатор 1 поля 260 имеет недопустимое значение \"\"."
      }
    },
    "IN-G3: Индикатор 1 поля 700 имеет недопустимое значение \"\".": {
      "count": 2,
      "first": {
        "recordIndex": 1204863,
        "byteOffset": 1020119613,
        "rule": "IN-G3",
        "fieldIndex": 14,
        "tag": "700",
        "indicatorIndex": 0,
        "message": "Индикатор 1 поля 700 имеет недопустимое значение \"\"."
      }
    },
    "IN-G3: Индикатор 2 поля 504 имеет недопустимое значение \"³\".": {
      "count": 1,
      "first": {
        "recordIndex": 1204864,
        "byteOffset": 1020121063,
        "rule": "IN-G3",
        "fieldIndex": 13,
        "tag": "504",
        "indicatorIndex": 1,
        "message": "Индикатор 2 поля 504 имеет недопустимое значение \"³\"."
      }
    },
    "DF-G2: Поле 245 содержит 0 индикатор(а), ожидалось 2.": {
      "count": 4,
      "first": {
        "recordIndex": 1204865,
        "byteOffset": 1020123449,
        "rule": "DF-G2",
        "fieldIndex": 11,
        "tag": "245",
        "message": "Поле 245 содержит 0 индикатор(а), ожидалось 2."
      }
    },
    "IN-G3: Индикатор 1 поля 546 имеет недопустимое значение \";\".": {
      "count": 1,
      "first": {
        "recordIndex": 1204865,
        "byteOffset": 1020123449,
        "rule": "IN-G3",
        "fieldIndex": 16,
        "tag": "546",
        "indicatorIndex": 0,
        "message": "Индикатор 1 поля 546 имеет недопустимое значение \";\"."
      }
    },
    "IN-G3: Индикатор 2 поля 650 имеет недопустимое значение \"\".": {
      "count": 1,
      "first": {
        "recordIndex": 1204865,
        "byteOffset": 1020123449,
        "rule": "IN-G3",
        "fieldIndex": 17,
        "tag": "650",
        "indicatorIndex": 1,
        "message": "Индикатор 2 поля 650 имеет недопустимое значение \"\"."
      }
    },
    "IN-G3: Индикатор 1 поля 650 имеет недопустимое значение \"\".": {
      "count": 1,
      "first": {
        "recordIndex": 1204865,
        "byteOffset": 1020123449,
        "rule": "IN-G3",
        "fieldIndex": 18,
        "tag": "650",
        "indicatorIndex": 0,
        "message": "Индикатор 1 поля 650 имеет недопустимое значение \"\"."
      }
    },
    "IN-G3: Индикатор 1 поля 650 имеет недопустимое значение \"\".": {
      "count": 2,
      "first": {
        "recordIndex": 1204865,
        "byteOffset": 1020123449,
        "rule": "IN-G3",
        "fieldIndex": 19,
        "tag": "650",
        "indicatorIndex": 0,
        "message": "Индикатор 1 поля 650 имеет недопустимое значение \"\"."
      }
    },
    "IN-G3: Индикатор 2 поля 912 имеет недопустимое значение \"\".": {
      "count": 3,
      "first": {
        "recordIndex": 1204865,
        "byteOffset": 1020123449,
        "rule": "IN-G3",
        "fieldIndex": 22,
        "tag": "912",
        "indicatorIndex": 1,
        "message": "Индикатор 2 поля 912 имеет недопустимое значение \"\"."
      }
    },
    "IN-G3: Индикатор 1 поля 490 имеет недопустимое значение \"\".": {
      "count": 6,
      "first": {
        "recordIndex": 1204869,
        "byteOffset": 1020128532,
        "rule": "IN-G3",
        "fieldIndex": 14,
        "tag": "490",
        "indicatorIndex": 0,
        "message": "Индикатор 1 поля 490 имеет недопустимое значение \"\"."
      }
    },
    "IN-G3: Индикатор 2 поля 250 имеет недопустимое значение \"\".": {
      "count": 1,
      "first": {
        "recordIndex": 1204870,
        "byteOffset": 1020130321,
        "rule": "IN-G3",
        "fieldIndex": 11,
        "tag": "250",
        "indicatorIndex": 1,
        "message": "Индикатор 2 поля 250 имеет недопустимое значение \"\"."
      }
    },
    "IN-G3: Индикатор 2 поля 912 имеет недопустимое значение \"¿\".": {
      "count": 5,
      "first": {
        "recordIndex": 1204870,
        "byteOffset": 1020130321,
        "rule": "IN-G3",
        "fieldIndex": 21,
        "tag": "912",
        "indicatorIndex": 1,
        "message": "Индикатор 2 поля 912 имеет недопустимое значение \"¿\"."
      }
    },
    "IN-G3: Индикатор 1 поля 337 имеет недопустимое значение \"\".": {
      "count": 1,
      "first": {
        "recordIndex": 1204871,
        "byteOffset": 1020131762,
        "rule": "IN-G3",
        "fieldIndex": 21,
        "tag": "337",
        "indicatorIndex": 0,
        "message": "Индикатор 1 поля 337 имеет недопустимое значение \"\"."
      }
    },
    "IN-G3: Индикатор 1 поля 080 имеет недопустимое значение \"/\".": {
      "count": 1,
      "first": {
        "recordIndex": 1204872,
        "byteOffset": 1020132770,
        "rule": "IN-G3",
        "fieldIndex": 9,
        "tag": "080",
        "indicatorIndex": 0,
        "message": "Индикатор 1 поля 080 имеет недопустимое значение \"/\"."
      }
    },
    "IN-G3: Индикатор 1 поля 080 имеет недопустимое значение \":\".": {
      "count": 2,
      "first": {
        "recordIndex": 1204874,
        "byteOffset": 1020134953,
        "rule": "IN-G3",
        "fieldIndex": 9,
        "tag": "080",
        "indicatorIndex": 0,
        "message": "Индикатор 1 поля 080 имеет недопустимое значение \":\"."
      }
    },
    "IN-G3: Индикатор 2 поля 250 имеет недопустимое значение \"¹\".": {
      "count": 1,
      "first": {
        "recordIndex": 1204874,
        "byteOffset": 1020134953,
        "rule": "IN-G3",
        "fieldIndex": 11,
        "tag": "250",
        "indicatorIndex": 1,
        "message": "Индикатор 2 поля 250 имеет недопустимое значение \"¹\"."
      }
    },
    "IN-G3: Индикатор 1 поля 336 имеет недопустимое значение \"¶\".": {
      "count": 1,
      "first": {
        "recordIndex": 1204877,
        "byteOffset": 1020138686,
        "rule": "IN-G3",
        "fieldIndex": 20,
        "tag": "336",
        "indicatorIndex": 0,
        "message": "Индикатор 1 поля 336 имеет недопустимое значение \"¶\"."
      }
    },
    "IN-G3: Индикатор 2 поля 336 имеет недопустимое значение \"\".": {
      "count": 3,
      "first": {
        "recordIndex": 1204878,
        "byteOffset": 1020139718,
        "rule": "IN-G3",
        "fieldIndex": 20,
        "tag": "336",
        "indicatorIndex": 1,
        "message": "Индикатор 2 поля 336 имеет недопустимое значение \"\"."
      }
    },
    "IN-G3: Индикатор 1 поля 300 имеет недопустимое значение \"+\".": {
      "count": 3,
      "first": {
        "recordIndex": 1204879,
        "byteOffset": 1020140728,
        "rule": "IN-G3",
        "fieldIndex": 12,
        "tag": "300",
        "indicatorIndex": 0,
        "message": "Индикатор 1 поля 300 имеет недопустимое значение \"+\"."
      }
    },
    "IN-G3: Индикатор 1 поля 520 имеет недопустимое значение \",\".": {
      "count": 2,
      "first": {
        "recordIndex": 1204879,
        "byteOffset": 1020140728,
        "rule": "IN-G3",
        "fieldIndex": 14,
        "tag": "520",
        "indicatorIndex": 0,
        "message": "Индикатор 1 поля 520 имеет недопустимое значение \",\"."
      }
    },
    "VF-G5: Подполе 1 поля 650 имеет недопустимый код \"\".": {
      "count": 1,
      "first": {
        "recordIndex": 1204879,
        "byteOffset": 1020140728,
        "rule": "VF-G5",
        "fieldIndex": 15,
        "tag": "650",
        "subfieldIndex": 0,
        "message": "Подполе 1 поля 650 имеет недопустимый код \"\"."
      }
    },
    "SF-G4: Подполе 1 поля 650 имеет недопустимый код \"\".": {
      "count": 1,
      "first": {
        "recordIndex": 1204879,
        "byteOffset": 1020140728,
        "rule": "SF-G4",
        "fieldIndex": 15,
        "tag": "650",
        "subfieldIndex": 0,
        "message": "Подполе 1 поля 650 имеет недопустимый код \"\"."
      }
    },
    "IN-G3: Индикатор 2 поля 336 имеет недопустимое значение \"\".": {
      "count": 1,
      "first": {
        "recordIndex": 1204879,
        "byteOffset": 1020140728,
        "rule": "IN-G3",
        "fieldIndex": 19,
        "tag": "336",
        "indicatorIndex": 1,
        "message": "Индикатор 2 поля 336 имеет недопустимое значение \"\"."
      }
    },
    "IN-G3: Индикатор 2 поля 300 имеет недопустимое значение \"\".": {
      "count": 3,
      "first": {
        "recordIndex": 1204880,
        "byteOffset": 1020141664,
        "rule": "IN-G3",
        "fieldIndex": 11,
        "tag": "300",
        "indicatorIndex": 1,
        "message": "Индикатор 2 поля 300 имеет недопустимое значение \"\"."
      }
    },
    "IN-G3: Индикатор 1 поля 912 имеет недопустимое значение \"¿\".": {
      "count": 7,
      "first": {
        "recordIndex": 1204880,
        "byteOffset": 1020141664,
        "rule": "IN-G3",
        "fieldIndex": 15,
        "tag": "912",
        "indicatorIndex": 0,
        "message": "Индикатор 1 поля 912 имеет недопустимое значение \"¿\"."
      }
    },
    "IN-G3: Индикатор 2 поля 912 имеет недопустимое значение \"\".": {
      "count": 4,
      "first": {
        "recordIndex": 1204882,
        "byteOffset": 1020143649,
        "rule": "IN-G3",
        "fieldIndex": 16,
        "tag": "912",
        "indicatorIndex": 1,
        "message": "Индикатор 2 поля 912 имеет недопустимое значение \"\"."
      }
    },
    "IN-G3: Индикатор 1 поля 650 имеет недопустимое значение \"]\".": {
      "count": 1,
      "first": {
        "recordIndex": 1204883,
        "byteOffset": 1020144607,
        "rule": "IN-G3",
        "fieldIndex": 11,
        "tag": "650",
        "indicatorIndex": 0,
        "message": "Индикатор 1 поля 650 имеет недопустимое значение \"]\"."
      }
    },
    "IN-G3: Индикатор 2 поля 336 имеет недопустимое значение \"»\".": {
      "count": 5,
      "first": {
        "recordIndex": 1204883,
        "byteOffset": 1020144607,
        "rule": "IN-G3",
        "fieldIndex": 14,
        "tag": "336",
        "indicatorIndex": 1,
        "message": "Индикатор 2 поля 336 имеет недопустимое значение \"»\"."
      }
    },
    "IN-G3: Индикатор 2 поля 520 имеет недопустимое значение \"\".": {
      "count": 4,
      "first": {
        "recordIndex": 1204884,
        "byteOffset": 1020145259,
        "rule": "IN-G3",
        "fieldIndex": 12,
        "tag": "520",
        "indicatorIndex": 1,
        "message": "Индикатор 2 поля 520 имеет недопустимое значение \"\"."
      }
    },
    "IN-G3: Индикатор 2 поля 773 имеет недопустимое значение \"\".": {
      "count": 1,
      "first": {
        "recordIndex": 1204884,
        "byteOffset": 1020145259,
        "rule": "IN-G3",
        "fieldIndex": 14,
        "tag": "773",
        "indicatorIndex": 1,
        "message": "Индикатор 2 поля 773 имеет недопустимое значение \"\"."
      }
    },
    "IN-G3: Индикатор 2 поля 336 имеет недопустимое значение \"\\u001e\".": {
      "count": 3,
      "first": {
        "recordIndex": 1204886,
        "byteOffset": 1020146825,
        "rule": "IN-G3",
        "fieldIndex": 18,
        "tag": "336",
        "indicatorIndex": 1,
        "message": "Индикатор 2 поля 336 имеет недопустимое значение \"\\u001e\"."
      }
    },
    "IN-G3: Индикатор 1 поля 337 имеет недопустимое значение \"\".": {
      "count": 1,
      "first": {
        "recordIndex": 1204887,
        "byteOffset": 1020148008,
        "rule": "IN-G3",
        "fieldIndex": 22,
        "tag": "337",
        "indicatorIndex": 0,
        "message": "Индикатор 1 поля 337 имеет недопустимое значение \"\"."
      }
    },
    "IN-G3: Индикатор 1 поля 300 имеет недопустимое значение \"º\".": {
      "count": 5,
      "first": {
        "recordIndex": 1204888,
        "byteOffset": 1020149440,
        "rule": "IN-G3",
        "fieldIndex": 11,
        "tag": "300",
        "indicatorIndex": 0,
        "message": "Индикатор 1 поля 300 имеет недопустимое значение \"º\"."
      }
    },
    "IN-G3: Индикатор 1 поля 500 имеет недопустимое значение \"\".": {
      "count": 1,
      "first": {
        "recordIndex": 1204888,
        "byteOffset": 1020149440,
        "rule": "IN-G3",
        "fieldIndex": 12,
        "tag": "500",
        "indicatorIndex": 0,
        "message": "Индикатор 1 поля 500 имеет недопустимое значение \"\"."
      }
    },
    "IN-G3: Индикатор 2 поля 504 имеет недопустимое значение \"\".": {
      "count": 1,
      "first": {
        "recordIndex": 1204888,
        "byteOffset": 1020149440,
        "rule": "IN-G3",
        "fieldIndex": 13,
        "tag": "504",
        "indicatorIndex": 1,
        "message": "Индикатор 2 поля 504 имеет недопустимое значение \"\"."
      }
    },
    "IN-G3: Индикатор 1 поля 546 имеет недопустимое значение \"Ñ\".": {
      "count": 3,
      "first": {
        "recordIndex": 1204888,
        "byteOffset": 1020149440,
        "rule": "IN-G3",
        "fieldIndex": 15,
        "tag": "546",
        "indicatorIndex": 0,
        "message": "Индикатор 1 поля 546 имеет недопустимое значение \"Ñ\"."
      }
    },
    "IN-G3: Индикатор 2 поля 546 имеет недопустимое значение \"\".": {
      "count": 1,
      "first": {
        "recordIndex": 1204888,
        "byteOffset": 1020149440,
        "rule": "IN-G3",
        "fieldIndex": 15,
        "tag": "546",
        "indicatorIndex": 1,
        "message": "Индикатор 2 поля 546 имеет недопустимое значение \"\"."
      }
    },
    "IN-G3: Индикатор 1 поля 337 имеет недопустимое значение \",\".": {
      "count": 2,
      "first": {
        "recordIndex": 1204888,
        "byteOffset": 1020149440,
        "rule": "IN-G3",
        "fieldIndex": 21,
        "tag": "337",
        "indicatorIndex": 0,
        "message": "Индикатор 1 поля 337 имеет недопустимое значение \",\"."
      }
    },
    "IN-G3: Индикатор 1 поля 336 имеет недопустимое значение \"-\".": {
      "count": 1,
      "first": {
        "recordIndex": 1204890,
        "byteOffset": 1020151790,
        "rule": "IN-G3",
        "fieldIndex": 22,
        "tag": "336",
        "indicatorIndex": 0,
        "message": "Индикатор 1 поля 336 имеет недопустимое значение \"-\"."
      }
    },
    "IN-G3: Индикатор 1 поля 250 имеет недопустимое значение \"¿\".": {
      "count": 3,
      "first": {
        "recordIndex": 1204891,
        "byteOffset": 1020153352,
        "rule": "IN-G3",
        "fieldIndex": 12,
        "tag": "250",
        "indicatorIndex": 0,
        "message": "Индикатор 1 поля 250 имеет недопустимое значение \"¿\"."
      }
    },
    "IN-G3: Индикатор 2 поля 650 имеет недопустимое значение \"¢\".": {
      "count": 1,
      "first": {
        "recordIndex": 1204892,
        "byteOffset": 1020154799,
        "rule": "IN-G3",
        "fieldIndex": 16,
        "tag": "650",
        "indicatorIndex": 1,
        "message": "Индикатор 2 поля 650 имеет недопустимое значение \"¢\"."
      }
    },
    "IN-G3: Индикатор 2 поля 337 имеет недопустимое значение \":\".": {
      "count": 1,
      "first": {
        "recordIndex": 1204892,
        "byteOffset": 1020154799,
        "rule": "IN-G3",
        "fieldIndex": 21,
        "tag": "337",
        "indicatorIndex": 1,
        "message": "Индикатор 2 поля 337 имеет недопустимое значение \":\"."
      }
    },
    "IN-G3: Индикатор 1 поля 245 имеет недопустимое значение \"²\".": {
      "count": 12,
      "first": {
        "recordIndex": 1204893,
        "byteOffset": 1020155724,
        "rule": "IN-G3",
        "fieldIndex": 10,
        "tag": "245",
        "indicatorIndex": 0,
        "message": "Индикатор 1 поля 245 имеет недопустимое значение \"²\"."
      }
    },
    "IN-G3: Индикатор 2 поля 490 имеет недопустимое значение \"»\".": {
      "count": 2,
      "first": {
        "recordIndex": 1204894,
        "byteOffset": 1020156442,
        "rule": "IN-G3",
        "fieldIndex": 12,
        "tag": "490",
        "indicatorIndex": 1,
        "message": "Индикатор 2 поля 490 имеет недопустимое значение \"»\"."
      }
    },
    "IN-G3: Индикатор 1 поля 520 имеет недопустимое значение \"\".": {
      "count": 1,
      "first": {
        "recordIndex": 1204894,
        "byteOffset": 1020156442,
        "rule": "IN-G3",
        "fieldIndex": 13,
        "tag": "520",
        "indicatorIndex": 0,
        "message": "Индикатор 1 поля 520 имеет недопустимое значение \"\"."
      }
    },
    "IN-G3: Индикатор 1 поля 912 имеет недопустимое значение \"\".": {
      "count": 1,
      "first": {
        "recordIndex": 1204894,
        "byteOffset": 1020156442,
        "rule": "IN-G3",
        "fieldIndex": 16,
        "tag": "912",
        "indicatorIndex": 0,
        "message": "Индикатор 1 поля 912 имеет недопустимое значение \"\"."
      }
    },
    "IN-G3: Индикатор 2 поля 336 имеет недопустимое значение \"\".": {
      "count": 1,
      "first": {
        "recordIndex": 1204894,
        "byteOffset": 1020156442,
        "rule": "IN-G3",
        "fieldIndex": 18,
        "tag": "336",
        "indicatorIndex": 1,
        "message": "Индикатор 2 поля 336 имеет недопустимое значение \"\"."
      }
    },
    "IN-G3: Индикатор 2 поля 337 имеет недопустимое значение \"¶\".": {
      "count": 1,
      "first": {
        "recordIndex": 1204896,
        "byteOffset": 1020158507,
        "rule": "IN-G3",
        "fieldIndex": 19,
        "tag": "337",
        "indicatorIndex": 1,
        "message": "Индикатор 2 поля 337 имеет недопустимое значение \"¶\"."
      }
    },
    "IN-G3: Индикатор 1 поля 520 имеет недопустимое значение \"³\".": {
      "count": 1,
      "first": {
        "recordIndex": 1204897,
        "byteOffset": 1020159514,
        "rule": "IN-G3",
        "fieldIndex": 13,
        "tag": "520",
        "indicatorIndex": 0,
        "message": "Индикатор 1 поля 520 имеет недопустимое значение \"³\"."
      }
    },
    "IN-G3: Индикатор 1 поля 336 имеет недопустимое значение \"\".": {
      "count": 3,
      "first": {
        "recordIndex": 1204898,
        "byteOffset": 1020160511,
        "rule": "IN-G3",
        "fieldIndex": 19,
        "tag": "336",
        "indicatorIndex": 0,
        "message": "Индикатор 1 поля 336 имеет недопустимое значение \"\"."
      }
    },
    "IN-G3: Индикатор 1 поля 500 имеет недопустимое значение \"\".": {
      "count": 1,
      "first": {
        "recordIndex": 1204899,
        "byteOffset": 1020161497,
        "rule": "IN-G3",
        "fieldIndex": 14,
        "tag": "500",
        "indicatorIndex": 0,
        "message": "Индикатор 1 поля 500 имеет недопустимое значение \"\"."
      }
    },
    "IN-G3: Индикатор 1 поля 505 имеет недопустимое значение \",\".": {
      "count": 1,
      "first": {
        "recordIndex": 1204899,
        "byteOffset": 1020161497,
        "rule": "IN-G3",
        "fieldIndex": 15,
        "tag": "505",
        "indicatorIndex": 0,
        "message": "Индикатор 1 поля 505 имеет недопустимое значение \",\"."
      }
    },
    "IN-G3: Индикатор 2 поля 700 имеет недопустимое значение \">\".": {
      "count": 1,
      "first": {
        "recordIndex": 1204899,
        "byteOffset": 1020161497,
        "rule": "IN-G3",
        "fieldIndex": 18,
        "tag": "700",
        "indicatorIndex": 1,
        "message": "Индикатор 2 поля 700 имеет недопустимое значение \">\"."
      }
    },
    "IN-G3: Индикатор 2 поля 336 имеет недопустимое значение \";\".": {
      "count": 3,
      "first": {
        "recordIndex": 1204899,
        "byteOffset": 1020161497,
        "rule": "IN-G3",
        "fieldIndex": 21,
        "tag": "336",
        "indicatorIndex": 1,
        "message": "Индикатор 2 поля 336 имеет недопустимое значение \";\"."
      }
    },
    "IN-G3: Индикатор 2 поля 100 имеет недопустимое значение \"º\".": {
      "count": 1,
      "first": {
        "recordIndex": 1204900,
        "byteOffset": 1020162834,
        "rule": "IN-G3",
        "fieldIndex": 9,
        "tag": "100",
        "indicatorIndex": 1,
        "message": "Индикатор 2 поля 100 имеет недопустимое значение \"º\"."
      }
    },
    "IN-G3: Индикатор 1 поля 710 имеет недопустимое значение \"´\".": {
      "count": 1,
      "first": {
        "recordIndex": 1204902,
        "byteOffset": 1020166586,
        "rule": "IN-G3",
        "fieldIndex": 17,
        "tag": "710",
        "indicatorIndex": 0,
        "message": "Индикатор 1 поля 710 имеет недопустимое значение \"´\"."
      }
    },
    "VF-G5: Подполе 1 поля 337 имеет недопустимый код \"\".": {
      "count": 6,
      "first": {
        "recordIndex": 1204904,
        "byteOffset": 1020168824,
        "rule": "VF-G5",
        "fieldIndex": 20,
        "tag": "337",
        "subfieldIndex": 0,
        "message": "Подполе 1 поля 337 имеет недопустимый код \"\"."
      }
    },
    "SF-G4: Подполе 1 поля 337 имеет недопустимый код \"\".": {
      "count": 6,
      "first": {
        "recordIndex": 1204904,
        "byteOffset": 1020168824,
        "rule": "SF-G4",
        "fieldIndex": 20,
        "tag": "337",
        "subfieldIndex": 0,
        "message": "Подполе 1 поля 337 имеет недопустимый код \"\"."
      }
    },
    "IN-G3: Индикатор 1 поля 250 имеет недопустимое значение \"³\".": {
      "count": 1,
      "first": {
        "recordIndex": 1204905,
        "byteOffset": 1020169790,
        "rule": "IN-G3",
        "fieldIndex": 11,
        "tag": "250",
        "indicatorIndex": 0,
        "message": "Индикатор 1 поля 250 имеет недопустимое значение \"³\"."
      }
    },
    "IN-G3: Индикатор 2 поля 490 имеет недопустимое значение \"½\".": {
      "count": 1,
      "first": {
        "recordIndex": 1204906,
        "byteOffset": 1020171013,
        "rule": "IN-G3",
        "fieldIndex": 13,
        "tag": "490",
        "indicatorIndex": 1,
        "message": "Индикатор 2 поля 490 имеет недопустимое значение \"½\"."
      }
    },
    "DF-G2: Поле 700 содержит 0 индикатор(а), ожидалось 2.": {
      "count": 1,
      "first": {
        "recordIndex": 1204906,
        "byteOffset": 1020171013,
        "rule": "DF-G2",
        "fieldIndex": 16,
        "tag": "700",
        "message": "Поле 700 содержит 0 индикатор(а), ожидалось 2."
      }
    },
    "IN-G3: Индикатор 1 поля 260 имеет недопустимое значение \"\".": {
      "count": 4,
      "first": {
        "recordIndex": 1204908,
        "byteOffset": 1020173359,
        "rule": "IN-G3",
        "fieldIndex": 11,
        "tag": "260",
        "indicatorIndex": 0,
        "message": "Индикатор 1 поля 260 имеет недопустимое значение \"\"."
      }
    },
    "IN-G3: Индикатор 2 поля 490 имеет недопустимое значение \"\".": {
      "count": 2,
      "first": {
        "recordIndex": 1204908,
        "byteOffset": 1020173359,
        "rule": "IN-G3",
        "fieldIndex": 13,
        "tag": "490",
        "indicatorIndex": 1,
        "message": "Индикатор 2 поля 490 имеет недопустимое значение \"\"."
      }
    },
    "VF-G5: Подполе 4 поля 490 имеет недопустимый код \"\".": {
      "count": 2,
      "first": {
        "recordIndex": 1204908,
        "byteOffset": 1020173359,
        "rule": "VF-G5",
        "fieldIndex": 13,
        "tag": "490",
        "subfieldIndex": 3,
        "message": "Подполе 4 поля 490 имеет недопустимый код \"\"."
      }
    },
    "SF-G4: Подполе 4 поля 490 имеет недопустимый код \"\".": {
      "count": 2,
      "first": {
        "recordIndex": 1204908,
        "byteOffset": 1020173359,
        "rule": "SF-G4",
        "fieldIndex": 13,
        "tag": "490",
        "subfieldIndex": 3,
        "message": "Подполе 4 поля 490 имеет недопустимый код \"\"."
      }
    },
    "IN-G3: Индикатор 1 поля 337 имеет недопустимое значение \"\".": {
      "count": 1,
      "first": {
        "recordIndex": 1204908,
        "byteOffset": 1020173359,
        "rule": "IN-G3",
        "fieldIndex": 25,
        "tag": "337",
        "indicatorIndex": 0,
        "message": "Индикатор 1 поля 337 имеет недопустимое значение \"\"."
      }
    },
    "IN-G3: Индикатор 1 поля 490 имеет недопустимое значение \"²\".": {
      "count": 7,
      "first": {
        "recordIndex": 1204909,
        "byteOffset": 1020175330,
        "rule": "IN-G3",
        "fieldIndex": 13,
        "tag": "490",
        "indicatorIndex": 0,
        "message": "Индикатор 1 поля 490 имеет недопустимое значение \"²\"."
      }
    },
    "IN-G3: Индикатор 2 поля 500 имеет недопустимое значение \"½\".": {
      "count": 1,
      "first": {
        "recordIndex": 1204909,
        "byteOffset": 1020175330,
        "rule": "IN-G3",
        "fieldIndex": 15,
        "tag": "500",
        "indicatorIndex": 1,
        "message": "Индикатор 2 поля 500 имеет недопустимое значение \"½\"."
      }
    },
    "IN-G3: Индикатор 1 поля 490 имеет недопустимое значение \"\".": {
      "count": 2,
      "first": {
        "recordIndex": 1204910,
        "byteOffset": 1020177199,
        "rule": "IN-G3",
        "fieldIndex": 13,
        "tag": "490",
        "indicatorIndex": 0,
        "message": "Индикатор 1 поля 490 имеет недопустимое значение \"\"."
      }
    },
    "IN-G3: Индикатор 2 поля 520 имеет недопустимое значение \"\".": {
      "count": 1,
      "first": {
        "recordIndex": 1204910,
        "byteOffset": 1020177199,
        "rule": "IN-G3",
        "fieldIndex": 14,
        "tag": "520",
        "indicatorIndex": 1,
        "message": "Индикатор 2 поля 520 имеет недопустимое значение \"\"."
      }
    },
    "IN-G3: Индикатор 2 поля 337 имеет недопустимое значение \";\".": {
      "count": 1,
      "first": {
        "recordIndex": 1204910,
        "byteOffset": 1020177199,
        "rule": "IN-G3",
        "fieldIndex": 22,
        "tag": "337",
        "indicatorIndex": 1,
        "message": "Индикатор 2 поля 337 имеет недопустимое значение \";\"."
      }
    },
    "IN-G3: Индикатор 2 поля 700 имеет недопустимое значение \"¡\".": {
      "count": 1,
      "first": {
        "recordIndex": 1204911,
        "byteOffset": 1020178307,
        "rule": "IN-G3",
        "fieldIndex": 19,
        "tag": "700",
        "indicatorIndex": 1,
        "message": "Индикатор 2 поля 700 имеет недопустимое значение \"¡\"."
      }
    },
    "IN-G3: Индикатор 1 поля 500 имеет недопустимое значение \",\".": {
      "count": 1,
      "first": {
        "recordIndex": 1204914,
        "byteOffset": 1020181904,
        "rule": "IN-G3",
        "fieldIndex": 14,
        "tag": "500",
        "indicatorIndex": 0,
        "message": "Индикатор 1 поля 500 имеет недопустимое значение \",\"."
      }
    },
    "IN-G3: Индикатор 1 поля 245 имеет недопустимое значение \"\".": {
      "count": 2,
      "first": {
        "recordIndex": 1204916,
        "byteOffset": 1020184407,
        "rule": "IN-G3",
        "fieldIndex": 10,
        "tag": "245",
        "indicatorIndex": 0,
        "message": "Индикатор 1 поля 245 имеет недопустимое значение \"\"."
      }
    },
    "IN-G3: Индикатор 1 поля 505 имеет недопустимое значение \"¶\".": {
      "count": 1,
      "first": {
        "recordIndex": 1204916,
        "byteOffset": 1020184407,
        "rule": "IN-G3",
        "fieldIndex": 14,
        "tag": "505",
        "indicatorIndex": 0,
        "message": "Индикатор 1 поля 505 имеет недопустимое значение \"¶\"."
      }
    },
    "IN-G3: Индикатор 1 поля 245 имеет недопустимое значение \"\".": {
      "count": 2,
      "first": {
        "recordIndex": 1204917,
        "byteOffset": 1020185587,
        "rule": "IN-G3",
        "fieldIndex": 10,
        "tag": "245",
        "indicatorIndex": 0,
        "message": "Индикатор 1 поля 245 имеет недопустимое значение \"\"."
      }
    },
    "IN-G3: Индикатор 2 поля 260 имеет недопустимое значение \"\".": {
      "count": 3,
      "first": {
        "recordIndex": 1204917,
        "byteOffset": 1020185587,
        "rule": "IN-G3",
        "fieldIndex": 11,
        "tag": "260",
        "indicatorIndex": 1,
        "message": "Индикатор 2 поля 260 имеет недопустимое значение \"\"."
      }
    },
    "IN-G3: Индикатор 2 поля 505 имеет недопустимое значение \"¡\".": {
      "count": 1,
      "first": {
        "recordIndex": 1204917,
        "byteOffset": 1020185587,
        "rule": "IN-G3",
        "fieldIndex": 14,
        "tag": "505",
        "indicatorIndex": 1,
        "message": "Индикатор 2 поля 505 имеет недопустимое значение \"¡\"."
      }
    },
    "IN-G3: Индикатор 2 поля 245 имеет недопустимое значение \"\".": {
      "count": 1,
      "first": {
        "recordIndex": 1204918,
        "byteOffset": 1020186904,
        "rule": "IN-G3",
        "fieldIndex": 10,
        "tag": "245",
        "indicatorIndex": 1,
        "message": "Индикатор 2 поля 245 имеет недопустимое значение \"\"."
      }
    },
    "VF-G5: Подполе 3 поля 336 имеет недопустимый код \"\".": {
      "count": 1,
      "first": {
        "recordIndex": 1204918,
        "byteOffset": 1020186904,
        "rule": "VF-G5",
        "fieldIndex": 17,
        "tag": "336",
        "subfieldIndex": 2,
        "message": "Подполе 3 поля 336 имеет недопустимый код \"\"."
      }
    },
    "SF-G4: Подполе 3 поля 336 имеет недопустимый код \"\".": {
      "count": 1,
      "first": {
        "recordIndex": 1204918,
        "byteOffset": 1020186904,
        "rule": "SF-G4",
        "fieldIndex": 17,
        "tag": "336",
        "subfieldIndex": 2,
        "message": "Подполе 3 поля 336 имеет недопустимый код \"\"."
      }
    },
    "IN-G3: Индикатор 2 поля 260 имеет недопустимое значение \":\".": {
      "count": 2,
      "first": {
        "recordIndex": 1204919,
        "byteOffset": 1020188115,
        "rule": "IN-G3",
        "fieldIndex": 10,
        "tag": "260",
        "indicatorIndex": 1,
        "message": "Индикатор 2 поля 260 имеет недопустимое значение \":\"."
      }
    },
    "IN-G3: Индикатор 1 поля 700 имеет недопустимое значение \"¿\".": {
      "count": 5,
      "first": {
        "recordIndex": 1204919,
        "byteOffset": 1020188115,
        "rule": "IN-G3",
        "fieldIndex": 15,
        "tag": "700",
        "indicatorIndex": 0,
        "message": "Индикатор 1 поля 700 имеет недопустимое значение \"¿\"."
      }
    },
    "IN-G3: Индикатор 2 поля 245 имеет недопустимое значение \"\".": {
      "count": 1,
      "first": {
        "recordIndex": 1204920,
        "byteOffset": 1020189352,
        "rule": "IN-G3",
        "fieldIndex": 10,
        "tag": "245",
        "indicatorIndex": 1,
        "message": "Индикатор 2 поля 245 имеет недопустимое значение \"\"."
      }
    },
    "IN-G3: Индикатор 1 поля 500 имеет недопустимое значение \"[\".": {
      "count": 1,
      "first": {
        "recordIndex": 1204920,
        "byteOffset": 1020189352,
        "rule": "IN-G3",
        "fieldIndex": 15,
        "tag": "500",
        "indicatorIndex": 0,
        "message": "Индикатор 1 поля 500 имеет недопустимое значение \"[\"."
      }
    },
    "IN-G3: Индикатор 1 поля 336 имеет недопустимое значение \"\".": {
      "count": 4,
      "first": {
        "recordIndex": 1204920,
        "byteOffset": 1020189352,
        "rule": "IN-G3",
        "fieldIndex": 22,
        "tag": "336",
        "indicatorIndex": 0,
        "message": "Индикатор 1 поля 336 имеет недопустимое значение \"\"."
      }
    },
    "IN-G3: Индикатор 2 поля 336 имеет недопустимое значение \",\".": {
      "count": 2,
      "first": {
        "recordIndex": 1204920,
        "byteOffset": 1020189352,
        "rule": "IN-G3",
        "fieldIndex": 22,
        "tag": "336",
        "indicatorIndex": 1,
        "message": "Индикатор 2 поля 336 имеет недопустимое значение \",\"."
      }
    },
    "IN-G3: Индикатор 1 поля 245 имеет недопустимое значение \"¡\".": {
      "count": 1,
      "first": {
        "recordIndex": 1204921,
        "byteOffset": 1020190562,
        "rule": "IN-G3",
        "fieldIndex": 10,
        "tag": "245",
        "indicatorIndex": 0,
        "message": "Индикатор 1 поля 245 имеет недопустимое значение \"¡\"."
      }
    },
    "IN-G3: Индикатор 2 поля 490 имеет недопустимое значение \"]\".": {
      "count": 1,
      "first": {
        "recordIndex": 1204922,
        "byteOffset": 1020191892,
        "rule": "IN-G3",
        "fieldIndex": 13,
        "tag": "490",
        "indicatorIndex": 1,
        "message": "Индикатор 2 поля 490 имеет недопустимое значение \"]\"."
      }
    },
    "IN-G3: Индикатор 1 поля 650 имеет недопустимое значение \"\".": {
      "count": 1,
      "first": {
        "recordIndex": 1204922,
        "byteOffset": 1020191892,
        "rule": "IN-G3",
        "fieldIndex": 17,
        "tag": "650",
        "indicatorIndex": 0,
        "message": "Индикатор 1 поля 650 имеет недопустимое значение \"\"."
      }
    },
    "IN-G3: Индикатор 1 поля 300 имеет недопустимое значение \"\".": {
      "count": 1,
      "first": {
        "recordIndex": 1204923,
        "byteOffset": 1020193080,
        "rule": "IN-G3",
        "fieldIndex": 12,
        "tag": "300",
        "indicatorIndex": 0,
        "message": "Индикатор 1 поля 300 имеет недопустимое значение \"\"."
      }
    },
    "IN-G3: Индикатор 1 поля 500 имеет недопустимое значение \"³\".": {
      "count": 2,
      "first": {
        "recordIndex": 1204924,
        "byteOffset": 1020194139,
        "rule": "IN-G3",
        "fieldIndex": 13,
        "tag": "500",
        "indicatorIndex": 0,
        "message": "Индикатор 1 поля 500 имеет недопустимое значение \"³\"."
      }
    },
    "IN-G3: Индикатор 1 поля 700 имеет недопустимое значение \"\".": {
      "count": 1,
      "first": {
        "recordIndex": 1204925,
        "byteOffset": 1020194984,
        "rule": "IN-G3",
        "fieldIndex": 15,
        "tag": "700",
        "indicatorIndex": 0,
        "message": "Индикатор 1 поля 700 имеет недопустимое значение \"\"."
      }
    },
    "IN-G3: Индикатор 2 поля 773 имеет недопустимое значение \"¸\".": {
      "count": 3,
      "first": {
        "recordIndex": 1204925,
        "byteOffset": 1020194984,
        "rule": "IN-G3",
        "fieldIndex": 16,
        "tag": "773",
        "indicatorIndex": 1,
        "message": "Индикатор 2 поля 773 имеет недопустимое значение \"¸\"."
      }
    },
    "IN-G3: Индикатор 2 поля 260 имеет недопустимое значение \"+\".": {
      "count": 1,
      "first": {
        "recordIndex": 1204926,
        "byteOffset": 1020196308,
        "rule": "IN-G3",
        "fieldIndex": 11,
        "tag": "260",
        "indicatorIndex": 1,
        "message": "Индикатор 2 поля 260 имеет недопустимое значение \"+\"."
      }
    },
    "IN-G3: Индикатор 1 поля 490 имеет недопустимое значение \"\".": {
      "count": 2,
      "first": {
        "recordIndex": 1204927,
        "byteOffset": 1020197588,
        "rule": "IN-G3",
        "fieldIndex": 13,
        "tag": "490",
        "indicatorIndex": 0,
        "message": "Индикатор 1 поля 490 имеет недопустимое значение \"\"."
      }
    },
    "IN-G3: Индикатор 1 поля 337 имеет недопустимое значение \" \".": {
      "count": 1,
      "first": {
        "recordIndex": 1204927,
        "byteOffset": 1020197588,
        "rule": "IN-G3",
        "fieldIndex": 21,
        "tag": "337",
        "indicatorIndex": 0,
        "message": "Индикатор 1 поля 337 имеет недопустимое значение \" \"."
      }
    },
    "IN-G3: Индикатор 1 поля 504 имеет недопустимое значение \",\".": {
      "count": 1,
      "first": {
        "recordIndex": 1204929,
        "byteOffset": 1020200575,
        "rule": "IN-G3",
        "fieldIndex": 14,
        "tag": "504",
        "indicatorIndex": 0,
        "message": "Индикатор 1 поля 504 имеет недопустимое значение \",\"."
      }
    },
    "IN-G3: Индикатор 2 поля 650 имеет недопустимое значение \")\".": {
      "count": 1,
      "first": {
        "recordIndex": 1204929,
        "byteOffset": 1020200575,
        "rule": "IN-G3",
        "fieldIndex": 16,
        "tag": "650",
        "indicatorIndex": 1,
        "message": "Индикатор 2 поля 650 имеет недопустимое значение \")\"."
      }
    },
    "IN-G3: Индикатор 2 поля 300 имеет недопустимое значение \"¿\".": {
      "count": 2,
      "first": {
        "recordIndex": 1204930,
        "byteOffset": 1020201852,
        "rule": "IN-G3",
        "fieldIndex": 11,
        "tag": "300",
        "indicatorIndex": 1,
        "message": "Индикатор 2 поля 300 имеет недопустимое значение \"¿\"."
      }
    },
    "IN-G3: Индикатор 2 поля 650 имеет недопустимое значение \"\".": {
      "count": 2,
      "first": {
        "recordIndex": 1204933,
        "byteOffset": 1020206597,
        "rule": "IN-G3",
        "fieldIndex": 15,
        "tag": "650",
        "indicatorIndex": 1,
        "message": "Индикатор 2 поля 650 имеет недопустимое значение \"\"."
      }
    },
    "IN-G3: Индикатор 2 поля 336 имеет недопустимое значение \"\".": {
      "count": 1,
      "first": {
        "recordIndex": 1204933,
        "byteOffset": 1020206597,
        "rule": "IN-G3",
        "fieldIndex": 19,
        "tag": "336",
        "indicatorIndex": 1,
        "message": "Индикатор 2 поля 336 имеет недопустимое значение \"\"."
      }
    },
    "IN-G3: Индикатор 2 поля 336 имеет недопустимое значение \"\".": {
      "count": 1,
      "first": {
        "recordIndex": 1204934,
        "byteOffset": 1020208000,
        "rule": "IN-G3",
        "fieldIndex": 22,
        "tag": "336",
        "indicatorIndex": 1,
        "message": "Индикатор 2 поля 336 имеет недопустимое значение \"\"."
      }
    },
    "IN-G3: Индикатор 2 поля 245 имеет недопустимое значение \"\".": {
      "count": 2,
      "first": {
        "recordIndex": 1204935,
        "byteOffset": 1020209264,
        "rule": "IN-G3",
        "fieldIndex": 10,
        "tag": "245",
        "indicatorIndex": 1,
        "message": "Индикатор 2 поля 245 имеет недопустимое значение \"\"."
      }
    },
    "IN-G3: Индикатор 2 поля 260 имеет недопустимое значение \"]\".": {
      "count": 3,
      "first": {
        "recordIndex": 1204937,
        "byteOffset": 1020212700,
        "rule": "IN-G3",
        "fieldIndex": 11,
        "tag": "260",
        "indicatorIndex": 1,
        "message": "Индикатор 2 поля 260 имеет недопустимое значение \"]\"."
      }
    },
    "IN-G3: Индикатор 1 поля 300 имеет недопустимое значение \"\".": {
      "count": 2,
      "first": {
        "recordIndex": 1204938,
        "byteOffset": 1020214336,
        "rule": "IN-G3",
        "fieldIndex": 12,
        "tag": "300",
        "indicatorIndex": 0,
        "message": "Индикатор 1 поля 300 имеет недопустимое значение \"\"."
      }
    },
    "IN-G3: Индикатор 1 поля 336 имеет недопустимое значение \"\".": {
      "count": 1,
      "first": {
        "recordIndex": 1204938,
        "byteOffset": 1020214336,
        "rule": "IN-G3",
        "fieldIndex": 20,
        "tag": "336",
        "indicatorIndex": 0,
        "message": "Индикатор 1 поля 336 имеет недопустимое значение \"\"."
      }
    },
    "IN-G3: Индикатор 2 поля 337 имеет недопустимое значение \"¹\".": {
      "count": 1,
      "first": {
        "recordIndex": 1204938,
        "byteOffset": 1020214336,
        "rule": "IN-G3",
        "fieldIndex": 21,
        "tag": "337",
        "indicatorIndex": 1,
        "message": "Индикатор 2 поля 337 имеет недопустимое значение \"¹\"."
      }
    },
    "IN-G3: Индикатор 1 поля 260 имеет недопустимое значение \",\".": {
      "count": 1,
      "first": {
        "recordIndex": 1204939,
        "byteOffset": 1020215887,
        "rule": "IN-G3",
        "fieldIndex": 10,
        "tag": "260",
        "indicatorIndex": 0,
        "message": "Индикатор 1 поля 260 имеет недопустимое значение \",\"."
      }
    },
    "IN-G3: Индикатор 1 поля 650 имеет недопустимое значение \"-\".": {
      "count": 1,
      "first": {
        "recordIndex": 1204939,
        "byteOffset": 1020215887,
        "rule": "IN-G3",
        "fieldIndex": 13,
        "tag": "650",
        "indicatorIndex": 0,
        "message": "Индикатор 1 поля 650 имеет недопустимое значение \"-\"."
      }
    },
    "VF-G5: Подполе 1 поля 245 имеет недопустимый код \"\".": {
      "count": 2,
      "first": {
        "recordIndex": 1204940,
        "byteOffset": 1020216545,
        "rule": "VF-G5",
        "fieldIndex": 9,
        "tag": "245",
        "subfieldIndex": 0,
        "message": "Подполе 1 поля 245 имеет недопустимый код \"\"."
      }
    },
    "SF-G4: Подполе 1 поля 245 имеет недопустимый код \"\".": {
      "count": 2,
      "first": {
        "recordIndex": 1204940,
        "byteOffset": 1020216545,
        "rule": "SF-G4",
        "fieldIndex": 9,
        "tag": "245",
        "subfieldIndex": 0,
        "message": "Подполе 1 поля 245 имеет недопустимый код \"\"."
      }
    },
    "IN-G3: Индикатор 2 поля 260 имеет недопустимое значение \"\".": {
      "count": 1,
      "first": {
        "recordIndex": 1204940,
        "byteOffset": 1020216545,
        "rule": "IN-G3",
        "fieldIndex": 10,
        "tag": "260",
        "indicatorIndex": 1,
        "message": "Индикатор 2 поля 260 имеет недопустимое значение \"\"."
      }
    },
    "IN-G3: Индикатор 2 поля 300 имеет недопустимое значение \"£\".": {
      "count": 1,
      "first": {
        "recordIndex": 1204941,
        "byteOffset": 1020218042,
        "rule": "IN-G3",
        "fieldIndex": 12,
        "tag": "300",
        "indicatorIndex": 1,
        "message": "Индикатор 2 поля 300 имеет недопустимое значение \"£\"."
      }
    },
    "IN-G3: Индикатор 1 поля 245 имеет недопустимое значение \"\".": {
      "count": 1,
      "first": {
        "recordIndex": 1204942,
        "byteOffset": 1020219408,
        "rule": "IN-G3",
        "fieldIndex": 10,
        "tag": "245",
        "indicatorIndex": 0,
        "message": "Индикатор 1 поля 245 имеет недопустимое значение \"\"."
      }
    },
    "IN-G3: Индикатор 2 поля 336 имеет недопустимое значение \"\".": {
      "count": 2,
      "first": {
        "recordIndex": 1204944,
        "byteOffset": 1020222077,
        "rule": "IN-G3",
        "fieldIndex": 21,
        "tag": "336",
        "indicatorIndex": 1,
        "message": "Индикатор 2 поля 336 имеет недопустимое значение \"\"."
      }
    },
    "IN-G3: Индикатор 2 поля 555 имеет недопустимое значение \"½\".": {
      "count": 2,
      "first": {
        "recordIndex": 1204947,
        "byteOffset": 1020225631,
        "rule": "IN-G3",
        "fieldIndex": 15,
        "tag": "555",
        "indicatorIndex": 1,
        "message": "Индикатор 2 поля 555 имеет недопустимое значение \"½\"."
      }
    },
    "IN-G3: Индикатор 1 поля 245 имеет недопустимое значение \"\".": {
      "count": 1,
      "first": {
        "recordIndex": 1204948,
        "byteOffset": 1020227339,
        "rule": "IN-G3",
        "fieldIndex": 10,
        "tag": "245",
        "indicatorIndex": 0,
        "message": "Индикатор 1 поля 245 имеет недопустимое значение \"\"."
      }
    },
    "IN-G3: Индикатор 2 поля 912 имеет недопустимое значение \"\".": {
      "count": 2,
      "first": {
        "recordIndex": 1204948,
        "byteOffset": 1020227339,
        "rule": "IN-G3",
        "fieldIndex": 17,
        "tag": "912",
        "indicatorIndex": 1,
        "message": "Индикатор 2 поля 912 имеет недопустимое значение \"\"."
      }
    },
    "IN-G3: Индикатор 1 поля 336 имеет недопустимое значение \"\".": {
      "count": 1,
      "first": {
        "recordIndex": 1204949,
        "byteOffset": 1020228593,
        "rule": "IN-G3",
        "fieldIndex": 19,
        "tag": "336",
        "indicatorIndex": 0,
        "message": "Индикатор 1 поля 336 имеет недопустимое значение \"\"."
      }
    },
    "IN-G3: Индикатор 1 поля 337 имеет недопустимое значение \"]\".": {
      "count": 1,
      "first": {
        "recordIndex": 1204949,
        "byteOffset": 1020228593,
        "rule": "IN-G3",
        "fieldIndex": 20,
        "tag": "337",
        "indicatorIndex": 0,
        "message": "Индикатор 1 поля 337 имеет недопустимое значение \"]\"."
      }
    },
    "IN-G3: Индикатор 2 поля 490 имеет недопустимое значение \"´\".": {
      "count": 1,
      "first": {
        "recordIndex": 1204950,
        "byteOffset": 1020229788,
        "rule": "IN-G3",
        "fieldIndex": 13,
        "tag": "490",
        "indicatorIndex": 1,
        "message": "Индикатор 2 поля 490 имеет недопустимое значение \"´\"."
      }
    },
    "IN-G3: Индикатор 2 поля 490 имеет недопустимое значение \"\".": {
      "count": 2,
      "first": {
        "recordIndex": 1204951,
        "byteOffset": 1020231205,
        "rule": "IN-G3",
        "fieldIndex": 13,
        "tag": "490",
        "indicatorIndex": 1,
        "message": "Индикатор 2 поля 490 имеет недопустимое значение \"\"."
      }
    },
    "IN-G3: Индикатор 2 поля 600 имеет недопустимое значение \"\".": {
      "count": 1,
      "first": {
        "recordIndex": 1204954,
        "byteOffset": 1020235241,
        "rule": "IN-G3",
        "fieldIndex": 15,
        "tag": "600",
        "indicatorIndex": 1,
        "message": "Индикатор 2 поля 600 имеет недопустимое значение \"\"."
      }
    },
    "IN-G3: Индикатор 1 поля 260 имеет недопустимое значение \"\".": {
      "count": 3,
      "first": {
        "recordIndex": 1204956,
        "byteOffset": 1020237863,
        "rule": "IN-G3",
        "fieldIndex": 11,
        "tag": "260",
        "indicatorIndex": 0,
        "message": "Индикатор 1 поля 260 имеет недопустимое значение \"\"."
      }
    },
    "IN-G3: Индикатор 2 поля 336 имеет недопустимое значение \"\".": {
      "count": 1,
      "first": {
        "recordIndex": 1204956,
        "byteOffset": 1020237863,
        "rule": "IN-G3",
        "fieldIndex": 20,
        "tag": "336",
        "indicatorIndex": 1,
        "message": "Индикатор 2 поля 336 имеет недопустимое значение \"\"."
      }
    },
    "IN-G3: Индикатор 1 поля 300 имеет недопустимое значение \":\".": {
      "count": 1,
      "first": {
        "recordIndex": 1204958,
        "byteOffset": 1020241089,
        "rule": "IN-G3",
        "fieldIndex": 11,
        "tag": "300",
        "indicatorIndex": 0,
        "message": "Индикатор 1 поля 300 имеет недопустимое значение \":\"."
      }
    },
    "IN-G3: Индикатор 2 поля 490 имеет недопустимое значение \"¢\".": {
      "count": 2,
      "first": {
        "recordIndex": 1204959,
        "byteOffset": 1020242657,
        "rule": "IN-G3",
        "fieldIndex": 16,
        "tag": "490",
        "indicatorIndex": 1,
        "message": "Индикатор 2 поля 490 имеет недопустимое значение \"¢\"."
      }
    },
    "IN-G3: Индикатор 1 поля 336 имеет недопустимое значение \"\".": {
      "count": 1,
      "first": {
        "recordIndex": 1204961,
        "byteOffset": 1020245010,
        "rule": "IN-G3",
        "fieldIndex": 21,
        "tag": "336",
        "indicatorIndex": 0,
        "message": "Индикатор 1 поля 336 имеет недопустимое значение \"\"."
      }
    },
    "IN-G3: Индикатор 1 поля 520 имеет недопустимое значение \"\".": {
      "count": 1,
      "first": {
        "recordIndex": 1204962,
        "byteOffset": 1020246167,
        "rule": "IN-G3",
        "fieldIndex": 14,
        "tag": "520",
        "indicatorIndex": 0,
        "message": "Индикатор 1 поля 520 имеет недопустимое значение \"\"."
      }
    },
    "IN-G3: Индикатор 2 поля 505 имеет недопустимое значение \",\".": {
      "count": 1,
      "first": {
        "recordIndex": 1204963,
        "byteOffset": 1020247285,
        "rule": "IN-G3",
        "fieldIndex": 14,
        "tag": "505",
        "indicatorIndex": 1,
        "message": "Индикатор 2 поля 505 имеет недопустимое значение \",\"."
      }
    },
    "IN-G3: Индикатор 2 поля 546 имеет недопустимое значение \"\".": {
      "count": 1,
      "first": {
        "recordIndex": 1204965,
        "byteOffset": 1020249962,
        "rule": "IN-G3",
        "fieldIndex": 14,
        "tag": "546",
        "indicatorIndex": 1,
        "message": "Индикатор 2 поля 546 имеет недопустимое значение \"\"."
      }
    },
    "IN-G3: Индикатор 1 поля 710 имеет недопустимое значение \"³\".": {
      "count": 1,
      "first": {
        "recordIndex": 1204965,
        "byteOffset": 1020249962,
        "rule": "IN-G3",
        "fieldIndex": 18,
        "tag": "710",
        "indicatorIndex": 0,
        "message": "Индикатор 1 поля 710 имеет недопустимое значение \"³\"."
      }
    },
    "IN-G3: Индикатор 1 поля 546 имеет недопустимое значение \"\".": {
      "count": 1,
      "first": {
        "recordIndex": 1204966,
        "byteOffset": 1020251361,
        "rule": "IN-G3",
        "fieldIndex": 14,
        "tag": "546",
        "indicatorIndex": 0,
        "message": "Индикатор 1 поля 546 имеет недопустимое значение \"\"."
      }
    },
    "IN-G3: Индикатор 1 поля 600 имеет недопустимое значение \"\".": {
      "count": 1,
      "first": {
        "recordIndex": 1204966,
        "byteOffset": 1020251361,
        "rule": "IN-G3",
        "fieldIndex": 15,
        "tag": "600",
        "indicatorIndex": 0,
        "message": "Индикатор 1 поля 600 имеет недопустимое значение \"\"."
      }
    },
    "IN-G3: Индикатор 2 поля 600 имеет недопустимое значение \"°\".": {
      "count": 1,
      "first": {
        "recordIndex": 1204966,
        "byteOffset": 1020251361,
        "rule": "IN-G3",
        "fieldIndex": 16,
        "tag": "600",
        "indicatorIndex": 1,
        "message": "Индикатор 2 поля 600 имеет недопустимое значение \"°\"."
      }
    },
    "IN-G3: Индикатор 2 поля 336 имеет недопустимое значение \"\".": {
      "count": 1,
      "first": {
        "recordIndex": 1204966,
        "byteOffset": 1020251361,
        "rule": "IN-G3",
        "fieldIndex": 20,
        "tag": "336",
        "indicatorIndex": 1,
        "message": "Индикатор 2 поля 336 имеет недопустимое значение \"\"."
      }
    },
    "IN-G3: Индикатор 2 поля 520 имеет недопустимое значение \"\".": {
      "count": 1,
      "first": {
        "recordIndex": 1204967,
        "byteOffset": 1020252778,
        "rule": "IN-G3",
        "fieldIndex": 13,
        "tag": "520",
        "indicatorIndex": 1,
        "message": "Индикатор 2 поля 520 имеет недопустимое значение \"\"."
      }
    },
    "IN-G3: Индикатор 2 поля 250 имеет недопустимое значение \"¾\".": {
      "count": 1,
      "first": {
        "recordIndex": 1204968,
        "byteOffset": 1020253842,
        "rule": "IN-G3",
        "fieldIndex": 10,
        "tag": "250",
        "indicatorIndex": 1,
        "message": "Индикатор 2 поля 250 имеет недопустимое значение \"¾\"."
      }
    },
    "IN-G3: Индикатор 2 поля 546 имеет недопустимое значение \"µ\".": {
      "count": 2,
      "first": {
        "recordIndex": 1204968,
        "byteOffset": 1020253842,
        "rule": "IN-G3",
        "fieldIndex": 14,
        "tag": "546",
        "indicatorIndex": 1,
        "message": "Индикатор 2 поля 546 имеет недопустимое значение \"µ\"."
      }
    },
    "IN-G3: Индикатор 2 поля 337 имеет недопустимое значение \"\".": {
      "count": 3,
      "first": {
        "recordIndex": 1204968,
        "byteOffset": 1020253842,
        "rule": "IN-G3",
        "fieldIndex": 23,
        "tag": "337",
        "indicatorIndex": 1,
        "message": "Индикатор 2 поля 337 имеет недопустимое значение \"\"."
      }
    },
    "IN-G3: Индикатор 1 поля 245 имеет недопустимое значение \"±\".": {
      "count": 2,
      "first": {
        "recordIndex": 1204969,
        "byteOffset": 1020255523,
        "rule": "IN-G3",
        "fieldIndex": 10,
        "tag": "245",
        "indicatorIndex": 0,
        "message": "Индикатор 1 поля 245 имеет недопустимое значение \"±\"."
      }
    },
    "IN-G3: Индикатор 2 поля 504 имеет недопустимое значение \"º\".": {
      "count": 1,
      "first": {
        "recordIndex": 1204969,
        "byteOffset": 1020255523,
        "rule": "IN-G3",
        "fieldIndex": 14,
        "tag": "504",
        "indicatorIndex": 1,
        "message": "Индикатор 2 поля 504 имеет недопустимое значение \"º\"."
      }
    },
    "IN-G3: Индикатор 2 поля 300 имеет недопустимое значение \"]\".": {
      "count": 2,
      "first": {
        "recordIndex": 1204970,
        "byteOffset": 1020257181,
        "rule": "IN-G3",
        "fieldIndex": 12,
        "tag": "300",
        "indicatorIndex": 1,
        "message": "Индикатор 2 поля 300 имеет недопустимое значение \"]\"."
      }
    },
    "IN-G3: Индикатор 2 поля 490 имеет недопустимое значение \"·\".": {
      "count": 1,
      "first": {
        "recordIndex": 1204970,
        "byteOffset": 1020257181,
        "rule": "IN-G3",
        "fieldIndex": 14,
        "tag": "490",
        "indicatorIndex": 1,
        "message": "Индикатор 2 поля 490 имеет недопустимое значение \"·\"."
      }
    },
    "IN-G3: Индикатор 2 поля 260 имеет недопустимое значение \"\".": {
      "count": 2,
      "first": {
        "recordIndex": 1204971,
        "byteOffset": 1020258908,
        "rule": "IN-G3",
        "fieldIndex": 11,
        "tag": "260",
        "indicatorIndex": 1,
        "message": "Индикатор 2 поля 260 имеет недопустимое значение \"\"."
      }
    },
    "IN-G3: Индикатор 1 поля 245 имеет недопустимое значение \"¨\".": {
      "count": 1,
      "first": {
        "recordIndex": 1204973,
        "byteOffset": 1020261486,
        "rule": "IN-G3",
        "fieldIndex": 10,
        "tag": "245",
        "indicatorIndex": 0,
        "message": "Индикатор 1 поля 245 имеет недопустимое значение \"¨\"."
      }
    },
    "IN-G3: Индикатор 2 поля 520 имеет недопустимое значение \"¨\".": {
      "count": 1,
      "first": {
        "recordIndex": 1204973,
        "byteOffset": 1020261486,
        "rule": "IN-G3",
        "fieldIndex": 13,
        "tag": "520",
        "indicatorIndex": 1,
        "message": "Индикатор 2 поля 520 имеет недопустимое значение \"¨\"."
      }
    },
    "IN-G3: Индикатор 2 поля 650 имеет недопустимое значение \"\".": {
      "count": 1,
      "first": {
        "recordIndex": 1204973,
        "byteOffset": 1020261486,
        "rule": "IN-G3",
        "fieldIndex": 15,
        "tag": "650",
        "indicatorIndex": 1,
        "message": "Индикатор 2 поля 650 имеет недопустимое значение \"\"."
      }
    },
    "IN-G3: Индикатор 2 поля 490 имеет недопустимое значение \",\".": {
      "count": 1,
      "first": {
        "recordIndex": 1204974,
        "byteOffset": 1020262968,
        "rule": "IN-G3",
        "fieldIndex": 13,
        "tag": "490",
        "indicatorIndex": 1,
        "message": "Индикатор 2 поля 490 имеет недопустимое значение \",\"."
      }
    },
    "IN-G3: Индикатор 1 поля 505 имеет недопустимое значение \"\".": {
      "count": 1,
      "first": {
        "recordIndex": 1204974,
        "byteOffset": 1020262968,
        "rule": "IN-G3",
        "fieldIndex": 14,
        "tag": "505",
        "indicatorIndex": 0,
        "message": "Индикатор 1 поля 505 имеет недопустимое значение \"\"."
      }
    },
    "IN-G3: Индикатор 2 поля 600 имеет недопустимое значение \"º\".": {
      "count": 1,
      "first": {
        "recordIndex": 1204974,
        "byteOffset": 1020262968,
        "rule": "IN-G3",
        "fieldIndex": 16,
        "tag": "600",
        "indicatorIndex": 1,
        "message": "Индикатор 2 поля 600 имеет недопустимое значение \"º\"."
      }
    },
    "IN-G3: Индикатор 1 поля 300 имеет недопустимое значение \",\".": {
      "count": 1,
      "first": {
        "recordIndex": 1204975,
        "byteOffset": 1020264719,
        "rule": "IN-G3",
        "fieldIndex": 12,
        "tag": "300",
        "indicatorIndex": 0,
        "message": "Индикатор 1 поля 300 имеет недопустимое значение \",\"."
      }
    },
    "IN-G3: Индикатор 1 поля 504 имеет недопустимое значение \"±\".": {
      "count": 1,
      "first": {
        "recordIndex": 1204975,
        "byteOffset": 1020264719,
        "rule": "IN-G3",
        "fieldIndex": 13,
        "tag": "504",
        "indicatorIndex": 0,
        "message": "Индикатор 1 поля 504 имеет недопустимое значение \"±\"."
      }
    },
    "IN-G3: Индикатор 1 поля 245 имеет недопустимое значение \"\".": {
      "count": 1,
      "first": {
        "recordIndex": 1204976,
        "byteOffset": 1020266781,
        "rule": "IN-G3",
        "fieldIndex": 10,
        "tag": "245",
        "indicatorIndex": 0,
        "message": "Индикатор 1 поля 245 имеет недопустимое значение \"\"."
      }
    },
    "IN-G3: Индикатор 1 поля 700 имеет недопустимое значение \"¶\".": {
      "count": 1,
      "first": {
        "recordIndex": 1204976,
        "byteOffset": 1020266781,
        "rule": "IN-G3",
        "fieldIndex": 17,
        "tag": "700",
        "indicatorIndex": 0,
        "message": "Индикатор 1 поля 700 имеет недопустимое значение \"¶\"."
      }
    },
    "IN-G3: Индикатор 1 поля 300 имеет недопустимое значение \"\".": {
      "count": 1,
      "first": {
        "recordIndex": 1204977,
        "byteOffset": 1020268563,
        "rule": "IN-G3",
        "fieldIndex": 12,
        "tag": "300",
        "indicatorIndex": 0,
        "message": "Индикатор 1 поля 300 имеет недопустимое значение \"\"."
      }
    },
    "IN-G3: Индикатор 2 поля 504 имеет недопустимое значение \"\".": {
      "count": 1,
      "first": {
        "recordIndex": 1204977,
        "byteOffset": 1020268563,
        "rule": "IN-G3",
        "fieldIndex": 13,
        "tag": "504",
        "indicatorIndex": 1,
        "message": "Индикатор 2 поля 504 имеет недопустимое значение \"\"."
      }
    },
    "IN-G3: Индикатор 2 поля 546 имеет недопустимое значение \"\".": {
      "count": 1,
      "first": {
        "recordIndex": 1204978,
        "byteOffset": 1020270604,
        "rule": "IN-G3",
        "fieldIndex": 15,
        "tag": "546",
        "indicatorIndex": 1,
        "message": "Индикатор 2 поля 546 имеет недопустимое значение \"\"."
      }
    },
    "IN-G3: Индикатор 2 поля 650 имеет недопустимое значение \"\".": {
      "count": 1,
      "first": {
        "recordIndex": 1204978,
        "byteOffset": 1020270604,
        "rule": "IN-G3",
        "fieldIndex": 16,
        "tag": "650",
        "indicatorIndex": 1,
        "message": "Индикатор 2 поля 650 имеет недопустимое значение \"\"."
      }
    },
    "IN-G3: Индикатор 2 поля 337 имеет недопустимое значение \">\".": {
      "count": 1,
      "first": {
        "recordIndex": 1204978,
        "byteOffset": 1020270604,
        "rule": "IN-G3",
        "fieldIndex": 23,
        "tag": "337",
        "indicatorIndex": 1,
        "message": "Индикатор 2 поля 337 имеет недопустимое значение \">\"."
      }
    },
    "IN-G3: Индикатор 1 поля 250 имеет недопустимое значение \"\".": {
      "count": 1,
      "first": {
        "recordIndex": 1204979,
        "byteOffset": 1020272447,
        "rule": "IN-G3",
        "fieldIndex": 11,
        "tag": "250",
        "indicatorIndex": 0,
        "message": "Индикатор 1 поля 250 имеет недопустимое значение \"\"."
      }
    },
    "IN-G3: Индикатор 2 поля 337 имеет недопустимое значение \"\".": {
      "count": 1,
      "first": {
        "recordIndex": 1204980,
        "byteOffset": 1020273636,
        "rule": "IN-G3",
        "fieldIndex": 20,
        "tag": "337",
        "indicatorIndex": 1,
        "message": "Индикатор 2 поля 337 имеет недопустимое значение \"\"."
      }
    },
    "IN-G3: Индикатор 1 поля 245 имеет недопустимое значение \"\".": {
      "count": 1,
      "first": {
        "recordIndex": 1204981,
        "byteOffset": 1020275747,
        "rule": "IN-G3",
        "fieldIndex": 10,
        "tag": "245",
        "indicatorIndex": 0,
        "message": "Индикатор 1 поля 245 имеет недопустимое значение \"\"."
      }
    },
    "IN-G3: Индикатор 2 поля 520 имеет недопустимое значение \"·\".": {
      "count": 1,
      "first": {
        "recordIndex": 1204981,
        "byteOffset": 1020275747,
        "rule": "IN-G3",
        "fieldIndex": 13,
        "tag": "520",
        "indicatorIndex": 1,
        "message": "Индикатор 2 поля 520 имеет недопустимое значение \"·\"."
      }
    },
    "IN-G3: Индикатор 2 поля 546 имеет недопустимое значение \"²\".": {
      "count": 1,
      "first": {
        "recordIndex": 1204981,
        "byteOffset": 1020275747,
        "rule": "IN-G3",
        "fieldIndex": 14,
        "tag": "546",
        "indicatorIndex": 1,
        "message": "Индикатор 2 поля 546 имеет недопустимое значение \"²\"."
      }
    },
    "VF-G5: Подполе 3 поля 020 имеет недопустимый код \"\".": {
      "count": 1,
      "first": {
        "recordIndex": 1204982,
        "byteOffset": 1020277488,
        "rule": "VF-G5",
        "fieldIndex": 6,
        "tag": "020",
        "subfieldIndex": 2,
        "message": "Подполе 3 поля 020 имеет недопустимый код \"\"."
      }
    },
    "SF-G4: Подполе 3 поля 020 имеет недопустимый код \"\".": {
      "count": 1,
      "first": {
        "recordIndex": 1204982,
        "byteOffset": 1020277488,
        "rule": "SF-G4",
        "fieldIndex": 6,
        "tag": "020",
        "subfieldIndex": 2,
        "message": "Подполе 3 поля 020 имеет недопустимый код \"\"."
      }
    },
    "IN-G3: Индикатор 1 поля 245 имеет недопустимое значение \".\".": {
      "count": 1,
      "first": {
        "recordIndex": 1204982,
        "byteOffset": 1020277488,
        "rule": "IN-G3",
        "fieldIndex": 10,
        "tag": "245",
        "indicatorIndex": 0,
        "message": "Индикатор 1 поля 245 имеет недопустимое значение \".\"."
      }
    },
    "IN-G3: Индикатор 2 поля 490 имеет недопустимое значение \"\".": {
      "count": 1,
      "first": {
        "recordIndex": 1204982,
        "byteOffset": 1020277488,
        "rule": "IN-G3",
        "fieldIndex": 13,
        "tag": "490",
        "indicatorIndex": 1,
        "message": "Индикатор 2 поля 490 имеет недопустимое значение \"\"."
      }
    },
    "IN-G3: Индикатор 1 поля 500 имеет недопустимое значение \"»\".": {
      "count": 1,
      "first": {
        "recordIndex": 1204982,
        "byteOffset": 1020277488,
        "rule": "IN-G3",
        "fieldIndex": 14,
        "tag": "500",
        "indicatorIndex": 0,
        "message": "Индикатор 1 поля 500 имеет недопустимое значение \"»\"."
      }
    },
    "IN-G3: Индикатор 1 поля 520 имеет недопустимое значение \"¡\".": {
      "count": 1,
      "first": {
        "recordIndex": 1204982,
        "byteOffset": 1020277488,
        "rule": "IN-G3",
        "fieldIndex": 15,
        "tag": "520",
        "indicatorIndex": 0,
        "message": "Индикатор 1 поля 520 имеет недопустимое значение \"¡\"."
      }
    },
    "IN-G3: Индикатор 1 поля 912 имеет недопустимое значение \"\".": {
      "count": 2,
      "first": {
        "recordIndex": 1204984,
        "byteOffset": 1020281200,
        "rule": "IN-G3",
        "fieldIndex": 16,
        "tag": "912",
        "indicatorIndex": 0,
        "message": "Индикатор 1 поля 912 имеет недопустимое значение \"\"."
      }
    },
    "IN-G3: Индикатор 2 поля 546 имеет недопустимое значение \"\".": {
      "count": 1,
      "first": {
        "recordIndex": 1204986,
        "byteOffset": 1020284029,
        "rule": "IN-G3",
        "fieldIndex": 11,
        "tag": "546",
        "indicatorIndex": 1,
        "message": "Индикатор 2 поля 546 имеет недопустимое значение \"\"."
      }
    },
    "IN-G3: Индикатор 1 поля 337 имеет недопустимое значение \";\".": {
      "count": 3,
      "first": {
        "recordIndex": 1204986,
        "byteOffset": 1020284029,
        "rule": "IN-G3",
        "fieldIndex": 22,
        "tag": "337",
        "indicatorIndex": 0,
        "message": "Индикатор 1 поля 337 имеет недопустимое значение \";\"."
      }
    },
    "IN-G3: Индикатор 1 поля 300 имеет недопустимое значение \"\".": {
      "count": 2,
      "first": {
        "recordIndex": 1204989,
        "byteOffset": 1020287891,
        "rule": "IN-G3",
        "fieldIndex": 11,
        "tag": "300",
        "indicatorIndex": 0,
        "message": "Индикатор 1 поля 300 имеет недопустимое значение \"\"."
      }
    },
    "IN-G3: Индикатор 1 поля 500 имеет недопустимое значение \"¸\".": {
      "count": 2,
      "first": {
        "recordIndex": 1204989,
        "byteOffset": 1020287891,
        "rule": "IN-G3",
        "fieldIndex": 12,
        "tag": "500",
        "indicatorIndex": 0,
        "message": "Индикатор 1 поля 500 имеет недопустимое значение \"¸\"."
      }
    },
    "IN-G3: Индикатор 2 поля 500 имеет недопустимое значение \",\".": {
      "count": 1,
      "first": {
        "recordIndex": 1204989,
        "byteOffset": 1020287891,
        "rule": "IN-G3",
        "fieldIndex": 12,
        "tag": "500",
        "indicatorIndex": 1,
        "message": "Индикатор 2 поля 500 имеет недопустимое значение \",\"."
      }
    },
    "IN-G3: Индикатор 2 поля 600 имеет недопустимое значение \"¾\".": {
      "count": 4,
      "first": {
        "recordIndex": 1204989,
        "byteOffset": 1020287891,
        "rule": "IN-G3",
        "fieldIndex": 13,
        "tag": "600",
        "indicatorIndex": 1,
        "message": "Индикатор 2 поля 600 имеет недопустимое значение \"¾\"."
      }
    },
    "IN-G3: Индикатор 2 поля 710 имеет недопустимое значение \"[\".": {
      "count": 1,
      "first": {
        "recordIndex": 1204989,
        "byteOffset": 1020287891,
        "rule": "IN-G3",
        "fieldIndex": 16,
        "tag": "710",
        "indicatorIndex": 1,
        "message": "Индикатор 2 поля 710 имеет недопустимое значение \"[\"."
      }
    },
    "IN-G3: Индикатор 2 поля 912 имеет недопустимое значение \"\".": {
      "count": 1,
      "first": {
        "recordIndex": 1204989,
        "byteOffset": 1020287891,
        "rule": "IN-G3",
        "fieldIndex": 18,
        "tag": "912",
        "indicatorIndex": 1,
        "message": "Индикатор 2 поля 912 имеет недопустимое значение \"\"."
      }
    },
    "IN-G3: Индикатор 2 поля 710 имеет недопустимое значение \"\".": {
      "count": 1,
      "first": {
        "recordIndex": 1204990,
        "byteOffset": 1020289212,
        "rule": "IN-G3",
        "fieldIndex": 16,
        "tag": "710",
        "indicatorIndex": 1,
        "message": "Индикатор 2 поля 710 имеет недопустимое значение \"\"."
      }
    },
    "IN-G3: Индикатор 1 поля 773 имеет недопустимое значение \"»\".": {
      "count": 1,
      "first": {
        "recordIndex": 1204990,
        "byteOffset": 1020289212,
        "rule": "IN-G3",
        "fieldIndex": 18,
        "tag": "773",
        "indicatorIndex": 0,
        "message": "Индикатор 1 поля 773 имеет недопустимое значение \"»\"."
      }
    },
    "IN-G3: Индикатор 2 поля 260 имеет недопустимое значение \"\".": {
      "count": 1,
      "first": {
        "recordIndex": 1204991,
        "byteOffset": 1020291004,
        "rule": "IN-G3",
        "fieldIndex": 11,
        "tag": "260",
        "indicatorIndex": 1,
        "message": "Индикатор 2 поля 260 имеет недопустимое значение \"\"."
      }
    },
    "IN-G3: Индикатор 1 поля 245 имеет недопустимое значение \"\".": {
      "count": 1,
      "first": {
        "recordIndex": 1204992,
        "byteOffset": 1020292738,
        "rule": "IN-G3",
        "fieldIndex": 10,
        "tag": "245",
        "indicatorIndex": 0,
        "message": "Индикатор 1 поля 245 имеет недопустимое значение \"\"."
      }
    },
    "IN-G3: Индикатор 2 поля 500 имеет недопустимое значение \"º\".": {
      "count": 1,
      "first": {
        "recordIndex": 1204992,
        "byteOffset": 1020292738,
        "rule": "IN-G3",
        "fieldIndex": 13,
        "tag": "500",
        "indicatorIndex": 1,
        "message": "Индикатор 2 поля 500 имеет недопустимое значение \"º\"."
      }
    },
    "IN-G3: Индикатор 2 поля 504 имеет недопустимое значение \"¸\".": {
      "count": 2,
      "first": {
        "recordIndex": 1204992,
        "byteOffset": 1020292738,
        "rule": "IN-G3",
        "fieldIndex": 14,
        "tag": "504",
        "indicatorIndex": 1,
        "message": "Индикатор 2 поля 504 имеет недопустимое значение \"¸\"."
      }
    },
    "IN-G3: Индикатор 1 поля 520 имеет недопустимое значение \"\".": {
      "count": 1,
      "first": {
        "recordIndex": 1204993,
        "byteOffset": 1020294574,
        "rule": "IN-G3",
        "fieldIndex": 14,
        "tag": "520",
        "indicatorIndex": 0,
        "message": "Индикатор 1 поля 520 имеет недопустимое значение \"\"."
      }
    },
    "IN-G3: Индикатор 2 поля 710 имеет недопустимое значение \"\".": {
      "count": 1,
      "first": {
        "recordIndex": 1204993,
        "byteOffset": 1020294574,
        "rule": "IN-G3",
        "fieldIndex": 17,
        "tag": "710",
        "indicatorIndex": 1,
        "message": "Индикатор 2 поля 710 имеет недопустимое значение \"\"."
      }
    },
    "IN-G3: Индикатор 2 поля 245 имеет недопустимое значение \"\".": {
      "count": 1,
      "first": {
        "recordIndex": 1204994,
        "byteOffset": 1020297240,
        "rule": "IN-G3",
        "fieldIndex": 10,
        "tag": "245",
        "indicatorIndex": 1,
        "message": "Индикатор 2 поля 245 имеет недопустимое значение \"\"."
      }
    },
    "IN-G3: Индикатор 1 поля 300 имеет недопустимое значение \" \".": {
      "count": 1,
      "first": {
        "recordIndex": 1204994,
        "byteOffset": 1020297240,
        "rule": "IN-G3",
        "fieldIndex": 12,
        "tag": "300",
        "indicatorIndex": 0,
        "message": "Индикатор 1 поля 300 имеет недопустимое значение \" \"."
      }
    },
    "IN-G3: Индикатор 2 поля 650 имеет недопустимое значение \"X\".": {
      "count": 1,
      "first": {
        "recordIndex": 1204994,
        "byteOffset": 1020297240,
        "rule": "IN-G3",
        "fieldIndex": 14,
        "tag": "650",
        "indicatorIndex": 1,
        "message": "Индикатор 2 поля 650 имеет недопустимое значение \"X\"."
      }
    },
    "IN-G3: Индикатор 2 поля 250 имеет недопустимое значение \"\".": {
      "count": 1,
      "first": {
        "recordIndex": 1204996,
        "byteOffset": 1020300822,
        "rule": "IN-G3",
        "fieldIndex": 11,
        "tag": "250",
        "indicatorIndex": 1,
        "message": "Индикатор 2 поля 250 имеет недопустимое значение \"\"."
      }
    },
    "IN-G3: Индикатор 1 поля 260 имеет недопустимое значение \"\".": {
      "count": 1,
      "first": {
        "recordIndex": 1204996,
        "byteOffset": 1020300822,
        "rule": "IN-G3",
        "fieldIndex": 12,
        "tag": "260",
        "indicatorIndex": 0,
        "message": "Индикатор 1 поля 260 имеет недопустимое значение \"\"."
      }
    },
    "IN-G3: Индикатор 2 поля 650 имеет недопустимое значение \"\".": {
      "count": 2,
      "first": {
        "recordIndex": 1204996,
        "byteOffset": 1020300822,
        "rule": "IN-G3",
        "fieldIndex": 15,
        "tag": "650",
        "indicatorIndex": 1,
        "message": "Индикатор 2 поля 650 имеет недопустимое значение \"\"."
      }
    },
    "IN-G3: Индикатор 2 поля 260 имеет недопустимое значение \"[\".": {
      "count": 3,
      "first": {
        "recordIndex": 1204997,
        "byteOffset": 1020302241,
        "rule": "IN-G3",
        "fieldIndex": 11,
        "tag": "260",
        "indicatorIndex": 1,
        "message": "Индикатор 2 поля 260 имеет недопустимое значение \"[\"."
      }
    },
    "IN-G3: Индикатор 1 поля 490 имеет недопустимое значение \"¡\".": {
      "count": 3,
      "first": {
        "recordIndex": 1204997,
        "byteOffset": 1020302241,
        "rule": "IN-G3",
        "fieldIndex": 13,
        "tag": "490",
        "indicatorIndex": 0,
        "message": "Индикатор 1 поля 490 имеет недопустимое значение \"¡\"."
      }
    },
    "IN-G3: Индикатор 1 поля 520 имеет недопустимое значение \"]\".": {
      "count": 2,
      "first": {
        "recordIndex": 1204998,
        "byteOffset": 1020304047,
        "rule": "IN-G3",
        "fieldIndex": 16,
        "tag": "520",
        "indicatorIndex": 0,
        "message": "Индикатор 1 поля 520 имеет недопустимое значение \"]\"."
      }
    },
    "IN-G3: Индикатор 1 поля 912 имеет недопустимое значение \"\".": {
      "count": 2,
      "first": {
        "recordIndex": 1204998,
        "byteOffset": 1020304047,
        "rule": "IN-G3",
        "fieldIndex": 19,
        "tag": "912",
        "indicatorIndex": 0,
        "message": "Индикатор 1 поля 912 имеет недопустимое значение \"\"."
      }
    },
    "IN-G3: Индикатор 2 поля 250 имеет недопустимое значение \"\".": {
      "count": 2,
      "first": {
        "recordIndex": 1204999,
        "byteOffset": 1020305496,
        "rule": "IN-G3",
        "fieldIndex": 12,
        "tag": "250",
        "indicatorIndex": 1,
        "message": "Индикатор 2 поля 250 имеет недопустимое значение \"\"."
      }
    },
    "IN-G3: Индикатор 1 поля 490 имеет недопустимое значение \"\".": {
      "count": 1,
      "first": {
        "recordIndex": 1204999,
        "byteOffset": 1020305496,
        "rule": "IN-G3",
        "fieldIndex": 15,
        "tag": "490",
        "indicatorIndex": 0,
        "message": "Индикатор 1 поля 490 имеет недопустимое значение \"\"."
      }
    },
    "IN-G3: Индикатор 1 поля 490 имеет недопустимое значение \"·\".": {
      "count": 1,
      "first": {
        "recordIndex": 1204999,
        "byteOffset": 1020305496,
        "rule": "IN-G3",
        "fieldIndex": 16,
        "tag": "490",
        "indicatorIndex": 0,
        "message": "Индикатор 1 поля 490 имеет недопустимое значение \"·\"."
      }
    },
    "IN-G3: Индикатор 1 поля 336 имеет недопустимое значение \"\".": {
      "count": 1,
      "first": {
        "recordIndex": 1204999,
        "byteOffset": 1020305496,
        "rule": "IN-G3",
        "fieldIndex": 21,
        "tag": "336",
        "indicatorIndex": 0,
        "message": "Индикатор 1 поля 336 имеет недопустимое значение \"\"."
      }
    },
    "IN-G3: Индикатор 2 поля 336 имеет недопустимое значение \"\".": {
      "count": 1,
      "first": {
        "recordIndex": 1205003,
        "byteOffset": 1020310299,
        "rule": "IN-G3",
        "fieldIndex": 21,
        "tag": "336",
        "indicatorIndex": 1,
        "message": "Индикатор 2 поля 336 имеет недопустимое значение \"\"."
      }
    },
    "IN-G3: Индикатор 2 поля 250 имеет недопустимое значение \"\".": {
      "count": 1,
      "first": {
        "recordIndex": 1205005,
        "byteOffset": 1020313706,
        "rule": "IN-G3",
        "fieldIndex": 12,
        "tag": "250",
        "indicatorIndex": 1,
        "message": "Индикатор 2 поля 250 имеет недопустимое значение \"\"."
      }
    },
    "IN-G3: Индикатор 2 поля 300 имеет недопустимое значение \"\".": {
      "count": 1,
      "first": {
        "recordIndex": 1205005,
        "byteOffset": 1020313706,
        "rule": "IN-G3",
        "fieldIndex": 14,
        "tag": "300",
        "indicatorIndex": 1,
        "message": "Индикатор 2 поля 300 имеет недопустимое значение \"\"."
      }
    },
    "IN-G3: Индикатор 1 поля 505 имеет недопустимое значение \"]\".": {
      "count": 1,
      "first": {
        "recordIndex": 1205006,
        "byteOffset": 1020315525,
        "rule": "IN-G3",
        "fieldIndex": 14,
        "tag": "505",
        "indicatorIndex": 0,
        "message": "Индикатор 1 поля 505 имеет недопустимое значение \"]\"."
      }
    },
    "IN-G3: Индикатор 2 поля 336 имеет недопустимое значение \"\".": {
      "count": 2,
      "first": {
        "recordIndex": 1205007,
        "byteOffset": 1020316822,
        "rule": "IN-G3",
        "fieldIndex": 19,
        "tag": "336",
        "indicatorIndex": 1,
        "message": "Индикатор 2 поля 336 имеет недопустимое значение \"\"."
      }
    },
    "IN-G3: Индикатор 1 поля 520 имеет недопустимое значение \"\".": {
      "count": 1,
      "first": {
        "recordIndex": 1205010,
        "byteOffset": 1020320376,
        "rule": "IN-G3",
        "fieldIndex": 14,
        "tag": "520",
        "indicatorIndex": 0,
        "message": "Индикатор 1 поля 520 имеет недопустимое значение \"\"."
      }
    },
    "IN-G3: Индикатор 2 поля 912 имеет недопустимое значение \"\".": {
      "count": 2,
      "first": {
        "recordIndex": 1205010,
        "byteOffset": 1020320376,
        "rule": "IN-G3",
        "fieldIndex": 17,
        "tag": "912",
        "indicatorIndex": 1,
        "message": "Индикатор 2 поля 912 имеет недопустимое значение \"\"."
      }
    },
    "IN-G3: Индикатор 2 поля 245 имеет недопустимое значение \"S\".": {
      "count": 1,
      "first": {
        "recordIndex": 1205013,
        "byteOffset": 1020323667,
        "rule": "IN-G3",
        "fieldIndex": 10,
        "tag": "245",
        "indicatorIndex": 1,
        "message": "Индикатор 2 поля 245 имеет недопустимое значение \"S\"."
      }
    },
    "IN-G3: Индикатор 1 поля 490 имеет недопустимое значение \"¢\".": {
      "count": 2,
      "first": {
        "recordIndex": 1205019,
        "byteOffset": 1020331389,
        "rule": "IN-G3",
        "fieldIndex": 16,
        "tag": "490",
        "indicatorIndex": 0,
        "message": "Индикатор 1 поля 490 имеет недопустимое значение \"¢\"."
      }
    },
    "IN-G3: Индикатор 1 поля 650 имеет недопустимое значение \"¢\".": {
      "count": 1,
      "first": {
        "recordIndex": 1205021,
        "byteOffset": 1020334078,
        "rule": "IN-G3",
        "fieldIndex": 19,
        "tag": "650",
        "indicatorIndex": 0,
        "message": "Индикатор 1 поля 650 имеет недопустимое значение \"¢\"."
      }
    },
    "IN-G3: Индикатор 1 поля 490 имеет недопустимое значение \"\".": {
      "count": 1,
      "first": {
        "recordIndex": 1205023,
        "byteOffset": 1020336271,
        "rule": "IN-G3",
        "fieldIndex": 14,
        "tag": "490",
        "indicatorIndex": 0,
        "message": "Индикатор 1 поля 490 имеет недопустимое значение \"\"."
      }
    },
    "IN-G3: Индикатор 1 поля 490 имеет недопустимое значение \"\".": {
      "count": 1,
      "first": {
        "recordIndex": 1205023,
        "byteOffset": 1020336271,
        "rule": "IN-G3",
        "fieldIndex": 15,
        "tag": "490",
        "indicatorIndex": 0,
        "message": "Индикатор 1 поля 490 имеет недопустимое значение \"\"."
      }
    },
    "IN-G3: Индикатор 1 поля 337 имеет недопустимое значение \"\".": {
      "count": 1,
      "first": {
        "recordIndex": 1205023,
        "byteOffset": 1020336271,
        "rule": "IN-G3",
        "fieldIndex": 21,
        "tag": "337",
        "indicatorIndex": 0,
        "message": "Индикатор 1 поля 337 имеет недопустимое значение \"\"."
      }
    },
    "IN-G3: Индикатор 2 поля 504 имеет недопустимое значение \"\".": {
      "count": 1,
      "first": {
        "recordIndex": 1205024,
        "byteOffset": 1020337388,
        "rule": "IN-G3",
        "fieldIndex": 13,
        "tag": "504",
        "indicatorIndex": 1,
        "message": "Индикатор 2 поля 504 имеет недопустимое значение \"\"."
      }
    },
    "IN-G3: Индикатор 2 поля 505 имеет недопустимое значение \"·\".": {
      "count": 1,
      "first": {
        "recordIndex": 1205024,
        "byteOffset": 1020337388,
        "rule": "IN-G3",
        "fieldIndex": 14,
        "tag": "505",
        "indicatorIndex": 1,
        "message": "Индикатор 2 поля 505 имеет недопустимое значение \"·\"."
      }
    },
    "IN-G3: Индикатор 2 поля 490 имеет недопустимое значение \"\".": {
      "count": 1,
      "first": {
        "recordIndex": 1205025,
        "byteOffset": 1020338772,
        "rule": "IN-G3",
        "fieldIndex": 13,
        "tag": "490",
        "indicatorIndex": 1,
        "message": "Индикатор 2 поля 490 имеет недопустимое значение \"\"."
      }
    },
    "IN-G3: Индикатор 2 поля 336 имеет недопустимое значение \"\".": {
      "count": 1,
      "first": {
        "recordIndex": 1205026,
        "byteOffset": 1020340149,
        "rule": "IN-G3",
        "fieldIndex": 21,
        "tag": "336",
        "indicatorIndex": 1,
        "message": "Индикатор 2 поля 336 имеет недопустимое значение \"\"."
      }
    },
    "IN-G3: Индикатор 1 поля 260 имеет недопустимое значение \"]\".": {
      "count": 3,
      "first": {
        "recordIndex": 1205027,
        "byteOffset": 1020341285,
        "rule": "IN-G3",
        "fieldIndex": 11,
        "tag": "260",
        "indicatorIndex": 0,
        "message": "Индикатор 1 поля 260 имеет недопустимое значение \"]\"."
      }
    },
    "IN-G3: Индикатор 1 поля 505 имеет недопустимое значение \"\".": {
      "count": 1,
      "first": {
        "recordIndex": 1205027,
        "byteOffset": 1020341285,
        "rule": "IN-G3",
        "fieldIndex": 14,
        "tag": "505",
        "indicatorIndex": 0,
        "message": "Индикатор 1 поля 505 имеет недопустимое значение \"\"."
      }
    },
    "IN-G3: Индикатор 1 поля 490 имеет недопустимое значение \"]\".": {
      "count": 1,
      "first": {
        "recordIndex": 1205030,
        "byteOffset": 1020345680,
        "rule": "IN-G3",
        "fieldIndex": 13,
        "tag": "490",
        "indicatorIndex": 0,
        "message": "Индикатор 1 поля 490 имеет недопустимое значение \"]\"."
      }
    },
    "IN-G3: Индикатор 1 поля 250 имеет недопустимое значение \"§\".": {
      "count": 1,
      "first": {
        "recordIndex": 1205031,
        "byteOffset": 1020347167,
        "rule": "IN-G3",
        "fieldIndex": 11,
        "tag": "250",
        "indicatorIndex": 0,
        "message": "Индикатор 1 поля 250 имеет недопустимое значение \"§\"."
      }
    },
    "IN-G3: Индикатор 2 поля 555 имеет недопустимое значение \"±\".": {
      "count": 1,
      "first": {
        "recordIndex": 1205031,
        "byteOffset": 1020347167,
        "rule": "IN-G3",
        "fieldIndex": 15,
        "tag": "555",
        "indicatorIndex": 1,
        "message": "Индикатор 2 поля 555 имеет недопустимое значение \"±\"."
      }
    },
    "IN-G3: Индикатор 1 поля 490 имеет недопустимое значение \"\\u001e\".": {
      "count": 2,
      "first": {
        "recordIndex": 1205032,
        "byteOffset": 1020348255,
        "rule": "IN-G3",
        "fieldIndex": 13,
        "tag": "490",
        "indicatorIndex": 0,
        "message": "Индикатор 1 поля 490 имеет недопустимое значение \"\\u001e\"."
      }
    },
    "IN-G3: Индикатор 2 поля 580 имеет недопустимое значение \"²\".": {
      "count": 1,
      "first": {
        "recordIndex": 1205034,
        "byteOffset": 1020351091,
        "rule": "IN-G3",
        "fieldIndex": 15,
        "tag": "580",
        "indicatorIndex": 1,
        "message": "Индикатор 2 поля 580 имеет недопустимое значение \"²\"."
      }
    },
    "IN-G3: Индикатор 1 поля 337 имеет недопустимое значение \"·\".": {
      "count": 1,
      "first": {
        "recordIndex": 1205034,
        "byteOffset": 1020351091,
        "rule": "IN-G3",
        "fieldIndex": 21,
        "tag": "337",
        "indicatorIndex": 0,
        "message": "Индикатор 1 поля 337 имеет недопустимое значение \"·\"."
      }
    },
    "IN-G3: Индикатор 1 поля 504 имеет недопустимое значение \"\".": {
      "count": 2,
      "first": {
        "recordIndex": 1205035,
        "byteOffset": 1020352421,
        "rule": "IN-G3",
        "fieldIndex": 13,
        "tag": "504",
        "indicatorIndex": 0,
        "message": "Индикатор 1 поля 504 имеет недопустимое значение \"\"."
      }
    },
    "IN-G3: Индикатор 2 поля 650 имеет недопустимое значение \"\".": {
      "count": 1,
      "first": {
        "recordIndex": 1205035,
        "byteOffset": 1020352421,
        "rule": "IN-G3",
        "fieldIndex": 15,
        "tag": "650",
        "indicatorIndex": 1,
        "message": "Индикатор 2 поля 650 имеет недопустимое значение \"\"."
      }
    },
    "IN-G3: Индикатор 1 поля 650 имеет недопустимое значение \"¡\".": {
      "count": 1,
      "first": {
        "recordIndex": 1205035,
        "byteOffset": 1020352421,
        "rule": "IN-G3",
        "fieldIndex": 17,
        "tag": "650",
        "indicatorIndex": 0,
        "message": "Индикатор 1 поля 650 имеет недопустимое значение \"¡\"."
      }
    },
    "IN-G3: Индикатор 1 поля 260 имеет недопустимое значение \"·\".": {
      "count": 2,
      "first": {
        "recordIndex": 1205036,
        "byteOffset": 1020354574,
        "rule": "IN-G3",
        "fieldIndex": 11,
        "tag": "260",
        "indicatorIndex": 0,
        "message": "Индикатор 1 поля 260 имеет недопустимое значение \"·\"."
      }
    },
    "IN-G3: Индикатор 1 поля 490 имеет недопустимое значение \"¯\".": {
      "count": 1,
      "first": {
        "recordIndex": 1205037,
        "byteOffset": 1020356073,
        "rule": "IN-G3",
        "fieldIndex": 13,
        "tag": "490",
        "indicatorIndex": 0,
        "message": "Индикатор 1 поля 490 имеет недопустимое значение \"¯\"."
      }
    },
    "IN-G3: Индикатор 1 поля 504 имеет недопустимое значение \"¢\".": {
      "count": 1,
      "first": {
        "recordIndex": 1205037,
        "byteOffset": 1020356073,
        "rule": "IN-G3",
        "fieldIndex": 14,
        "tag": "504",
        "indicatorIndex": 0,
        "message": "Индикатор 1 поля 504 имеет недопустимое значение \"¢\"."
      }
    },
    "IN-G3: Индикатор 1 поля 500 имеет недопустимое значение \"¡\".": {
      "count": 1,
      "first": {
        "recordIndex": 1205040,
        "byteOffset": 1020359940,
        "rule": "IN-G3",
        "fieldIndex": 14,
        "tag": "500",
        "indicatorIndex": 0,
        "message": "Индикатор 1 поля 500 имеет недопустимое значение \"¡\"."
      }
    },
    "IN-G3: Индикатор 2 поля 520 имеет недопустимое значение \"\".": {
      "count": 1,
      "first": {
        "recordIndex": 1205041,
        "byteOffset": 1020361407,
        "rule": "IN-G3",
        "fieldIndex": 13,
        "tag": "520",
        "indicatorIndex": 1,
        "message": "Индикатор 2 поля 520 имеет недопустимое значение \"\"."
      }
    },
    "IN-G3: Индикатор 1 поля 650 имеет недопустимое значение \"\".": {
      "count": 1,
      "first": {
        "recordIndex": 1205041,
        "byteOffset": 1020361407,
        "rule": "IN-G3",
        "fieldIndex": 15,
        "tag": "650",
        "indicatorIndex": 0,
        "message": "Индикатор 1 поля 650 имеет недопустимое значение \"\"."
      }
    },
    "IN-G3: Индикатор 2 поля 700 имеет недопустимое значение \"\".": {
      "count": 1,
      "first": {
        "recordIndex": 1205042,
        "byteOffset": 1020362762,
        "rule": "IN-G3",
        "fieldIndex": 16,
        "tag": "700",
        "indicatorIndex": 1,
        "message": "Индикатор 2 поля 700 имеет недопустимое значение \"\"."
      }
    },
    "IN-G3: Индикатор 1 поля 700 имеет недопустимое значение \"³\".": {
      "count": 1,
      "first": {
        "recordIndex": 1205043,
        "byteOffset": 1020363716,
        "rule": "IN-G3",
        "fieldIndex": 18,
        "tag": "700",
        "indicatorIndex": 0,
        "message": "Индикатор 1 поля 700 имеет недопустимое значение \"³\"."
      }
    },
    "IN-G3: Индикатор 2 поля 337 имеет недопустимое значение \"\".": {
      "count": 1,
      "first": {
        "recordIndex": 1205047,
        "byteOffset": 1020368305,
        "rule": "IN-G3",
        "fieldIndex": 21,
        "tag": "337",
        "indicatorIndex": 1,
        "message": "Индикатор 2 поля 337 имеет недопустимое значение \"\"."
      }
    },
    "IN-G3: Индикатор 2 поля 700 имеет недопустимое значение \"\".": {
      "count": 1,
      "first": {
        "recordIndex": 1205048,
        "byteOffset": 1020369790,
        "rule": "IN-G3",
        "fieldIndex": 17,
        "tag": "700",
        "indicatorIndex": 1,
        "message": "Индикатор 2 поля 700 имеет недопустимое значение \"\"."
      }
    },
    "IN-G3: Индикатор 1 поля 650 имеет недопустимое значение \"\".": {
      "count": 2,
      "first": {
        "recordIndex": 1205049,
        "byteOffset": 1020371291,
        "rule": "IN-G3",
        "fieldIndex": 18,
        "tag": "650",
        "indicatorIndex": 0,
        "message": "Индикатор 1 поля 650 имеет недопустимое значение \"\"."
      }
    },
    "IN-G3: Индикатор 1 поля 300 имеет недопустимое значение \"-\".": {
      "count": 1,
      "first": {
        "recordIndex": 1205050,
        "byteOffset": 1020372490,
        "rule": "IN-G3",
        "fieldIndex": 13,
        "tag": "300",
        "indicatorIndex": 0,
        "message": "Индикатор 1 поля 300 имеет недопустимое значение \"-\"."
      }
    },
    "IN-G3: Индикатор 1 поля 490 имеет недопустимое значение \"\".": {
      "count": 1,
      "first": {
        "recordIndex": 1205051,
        "byteOffset": 1020373749,
        "rule": "IN-G3",
        "fieldIndex": 13,
        "tag": "490",
        "indicatorIndex": 0,
        "message": "Индикатор 1 поля 490 имеет недопустимое значение \"\"."
      }
    },
    "IN-G3: Индикатор 1 поля 337 имеет недопустимое значение \"\".": {
      "count": 1,
      "first": {
        "recordIndex": 1205051,
        "byteOffset": 1020373749,
        "rule": "IN-G3",
        "fieldIndex": 23,
        "tag": "337",
        "indicatorIndex": 0,
        "message": "Индикатор 1 поля 337 имеет недопустимое значение \"\"."
      }
    },
    "IN-G3: Индикатор 2 поля 250 имеет недопустимое значение \" \".": {
      "count": 1,
      "first": {
        "recordIndex": 1205052,
        "byteOffset": 1020375052,
        "rule": "IN-G3",
        "fieldIndex": 11,
        "tag": "250",
        "indicatorIndex": 1,
        "message": "Индикатор 2 поля 250 имеет недопустимое значение \" \"."
      }
    },
    "IN-G3: Индикатор 1 поля 504 имеет недопустимое значение \"\".": {
      "count": 1,
      "first": {
        "recordIndex": 1205054,
        "byteOffset": 1020377750,
        "rule": "IN-G3",
        "fieldIndex": 13,
        "tag": "504",
        "indicatorIndex": 0,
        "message": "Индикатор 1 поля 504 имеет недопустимое значение \"\"."
      }
    },
    "IN-G3: Индикатор 1 поля 300 имеет недопустимое значение \"\".": {
      "count": 1,
      "first": {
        "recordIndex": 1205055,
        "byteOffset": 1020378916,
        "rule": "IN-G3",
        "fieldIndex": 12,
        "tag": "300",
        "indicatorIndex": 0,
        "message": "Индикатор 1 поля 300 имеет недопустимое значение \"\"."
      }
    },
    "IN-G3: Индикатор 1 поля 336 имеет недопустимое значение \"+\".": {
      "count": 1,
      "first": {
        "recordIndex": 1205055,
        "byteOffset": 1020378916,
        "rule": "IN-G3",
        "fieldIndex": 20,
        "tag": "336",
        "indicatorIndex": 0,
        "message": "Индикатор 1 поля 336 имеет недопустимое значение \"+\"."
      }
    },
    "IN-G3: Индикатор 1 поля 300 имеет недопустимое значение \"[\".": {
      "count": 2,
      "first": {
        "recordIndex": 1205056,
        "byteOffset": 1020380626,
        "rule": "IN-G3",
        "fieldIndex": 11,
        "tag": "300",
        "indicatorIndex": 0,
        "message": "Индикатор 1 поля 300 имеет недопустимое значение \"[\"."
      }
    },
    "IN-G3: Индикатор 1 поля 336 имеет недопустимое значение \"]\".": {
      "count": 1,
      "first": {
        "recordIndex": 1205056,
        "byteOffset": 1020380626,
        "rule": "IN-G3",
        "fieldIndex": 20,
        "tag": "336",
        "indicatorIndex": 0,
        "message": "Индикатор 1 поля 336 имеет недопустимое значение \"]\"."
      }
    },
    "IN-G3: Индикатор 1 поля 490 имеет недопустимое значение \"\".": {
      "count": 1,
      "first": {
        "recordIndex": 1205057,
        "byteOffset": 1020381656,
        "rule": "IN-G3",
        "fieldIndex": 13,
        "tag": "490",
        "indicatorIndex": 0,
        "message": "Индикатор 1 поля 490 имеет недопустимое значение \"\"."
      }
    },
    "IN-G3: Индикатор 2 поля 260 имеет недопустимое значение \"\".": {
      "count": 1,
      "first": {
        "recordIndex": 1205058,
        "byteOffset": 1020382925,
        "rule": "IN-G3",
        "fieldIndex": 11,
        "tag": "260",
        "indicatorIndex": 1,
        "message": "Индикатор 2 поля 260 имеет недопустимое значение \"\"."
      }
    },
    "IN-G3: Индикатор 1 поля 245 имеет недопустимое значение \"\".": {
      "count": 2,
      "first": {
        "recordIndex": 1205059,
        "byteOffset": 1020384147,
        "rule": "IN-G3",
        "fieldIndex": 10,
        "tag": "245",
        "indicatorIndex": 0,
        "message": "Индикатор 1 поля 245 имеет недопустимое значение \"\"."
      }
    },
    "IN-G3: Индикатор 1 поля 546 имеет недопустимое значение \"\".": {
      "count": 1,
      "first": {
        "recordIndex": 1205059,
        "byteOffset": 1020384147,
        "rule": "IN-G3",
        "fieldIndex": 15,
        "tag": "546",
        "indicatorIndex": 0,
        "message": "Индикатор 1 поля 546 имеет недопустимое значение \"\"."
      }
    },
    "IN-G3: Индикатор 1 поля 505 имеет недопустимое значение \"º\".": {
      "count": 1,
      "first": {
        "recordIndex": 1205060,
        "byteOffset": 1020385426,
        "rule": "IN-G3",
        "fieldIndex": 14,
        "tag": "505",
        "indicatorIndex": 0,
        "message": "Индикатор 1 поля 505 имеет недопустимое значение \"º\"."
      }
    },
    "IN-G3: Индикатор 1 поля 912 имеет недопустимое значение \"\\u001e\".": {
      "count": 1,
      "first": {
        "recordIndex": 1205061,
        "byteOffset": 1020387112,
        "rule": "IN-G3",
        "fieldIndex": 15,
        "tag": "912",
        "indicatorIndex": 0,
        "message": "Индикатор 1 поля 912 имеет недопустимое значение \"\\u001e\"."
      }
    },
    "IN-G3: Индикатор 1 поля 337 имеет недопустимое значение \"-\".": {
      "count": 2,
      "first": {
        "recordIndex": 1205061,
        "byteOffset": 1020387112,
        "rule": "IN-G3",
        "fieldIndex": 18,
        "tag": "337",
        "indicatorIndex": 0,
        "message": "Индикатор 1 поля 337 имеет недопустимое значение \"-\"."
      }
    },
    "IN-G3: Индикатор 1 поля 912 имеет недопустимое значение \"¢\".": {
      "count": 1,
      "first": {
        "recordIndex": 1205063,
        "byteOffset": 1020389136,
        "rule": "IN-G3",
        "fieldIndex": 16,
        "tag": "912",
        "indicatorIndex": 0,
        "message": "Индикатор 1 поля 912 имеет недопустимое значение \"¢\"."
      }
    },
    "IN-G3: Индикатор 1 поля 505 имеет недопустимое значение \"\".": {
      "count": 1,
      "first": {
        "recordIndex": 1205064,
        "byteOffset": 1020390177,
        "rule": "IN-G3",
        "fieldIndex": 13,
        "tag": "505",
        "indicatorIndex": 0,
        "message": "Индикатор 1 поля 505 имеет недопустимое значение \"\"."
      }
    },
    "IN-G3: Индикатор 2 поля 520 имеет недопустимое значение \"\".": {
      "count": 1,
      "first": {
        "recordIndex": 1205064,
        "byteOffset": 1020390177,
        "rule": "IN-G3",
        "fieldIndex": 14,
        "tag": "520",
        "indicatorIndex": 1,
        "message": "Индикатор 2 поля 520 имеет недопустимое значение \"\"."
      }
    },
    "IN-G3: Индикатор 2 поля 600 имеет недопустимое значение \"Ñ\".": {
      "count": 1,
      "first": {
        "recordIndex": 1205064,
        "byteOffset": 1020390177,
        "rule": "IN-G3",
        "fieldIndex": 15,
        "tag": "600",
        "indicatorIndex": 1,
        "message": "Индикатор 2 поля 600 имеет недопустимое значение \"Ñ\"."
      }
    },
    "IN-G3: Индикатор 1 поля 500 имеет недопустимое значение \"\".": {
      "count": 1,
      "first": {
        "recordIndex": 1205066,
        "byteOffset": 1020392312,
        "rule": "IN-G3",
        "fieldIndex": 13,
        "tag": "500",
        "indicatorIndex": 0,
        "message": "Индикатор 1 поля 500 имеет недопустимое значение \"\"."
      }
    },
    "VF-G5: Подполе 3 поля 500 имеет недопустимый код \"\".": {
      "count": 1,
      "first": {
        "recordIndex": 1205066,
        "byteOffset": 1020392312,
        "rule": "VF-G5",
        "fieldIndex": 13,
        "tag": "500",
        "subfieldIndex": 2,
        "message": "Подполе 3 поля 500 имеет недопустимый код \"\"."
      }
    },
    "SF-G4: Подполе 3 поля 500 имеет недопустимый код \"\".": {
      "count": 1,
      "first": {
        "recordIndex": 1205066,
        "byteOffset": 1020392312,
        "rule": "SF-G4",
        "fieldIndex": 13,
        "tag": "500",
        "subfieldIndex": 2,
        "message": "Подполе 3 поля 500 имеет недопустимый код \"\"."
      }
    },
    "VF-G5: Подполе 2 поля 100 имеет недопустимый код \"\".": {
      "count": 1,
      "first": {
        "recordIndex": 1205070,
        "byteOffset": 1020397624,
        "rule": "VF-G5",
        "fieldIndex": 9,
        "tag": "100",
        "subfieldIndex": 1,
        "message": "Подполе 2 поля 100 имеет недопустимый код \"\"."
      }
    },
    "SF-G4: Подполе 2 поля 100 имеет недопустимый код \"\".": {
      "count": 1,
      "first": {
        "recordIndex": 1205070,
        "byteOffset": 1020397624,
        "rule": "SF-G4",
        "fieldIndex": 9,
        "tag": "100",
        "subfieldIndex": 1,
        "message": "Подполе 2 поля 100 имеет недопустимый код \"\"."
      }
    },
    "IN-G3: Индикатор 2 поля 245 имеет недопустимое значение \"\".": {
      "count": 1,
      "first": {
        "recordIndex": 1205070,
        "byteOffset": 1020397624,
        "rule": "IN-G3",
        "fieldIndex": 10,
        "tag": "245",
        "indicatorIndex": 1,
        "message": "Индикатор 2 поля 245 имеет недопустимое значение \"\"."
      }
    },
    "IN-G3: Индикатор 1 поля 336 имеет недопустимое значение \"¢\".": {
      "count": 1,
      "first": {
        "recordIndex": 1205070,
        "byteOffset": 1020397624,
        "rule": "IN-G3",
        "fieldIndex": 20,
        "tag": "336",
        "indicatorIndex": 0,
        "message": "Индикатор 1 поля 336 имеет недопустимое значение \"¢\"."
      }
    },
    "IN-G3: Индикатор 1 поля 337 имеет недопустимое значение \"¶\".": {
      "count": 1,
      "first": {
        "recordIndex": 1205072,
        "byteOffset": 1020400411,
        "rule": "IN-G3",
        "fieldIndex": 20,
        "tag": "337",
        "indicatorIndex": 0,
        "message": "Индикатор 1 поля 337 имеет недопустимое значение \"¶\"."
      }
    },
    "IN-G3: Индикатор 1 поля 912 имеет недопустимое значение \"-\".": {
      "count": 1,
      "first": {
        "recordIndex": 1205077,
        "byteOffset": 1020406987,
        "rule": "IN-G3",
        "fieldIndex": 17,
        "tag": "912",
        "indicatorIndex": 0,
        "message": "Индикатор 1 поля 912 имеет недопустимое значение \"-\"."
      }
    },
    "VF-G5: Подполе 2 поля 260 имеет недопустимый код \"\".": {
      "count": 1,
      "first": {
        "recordIndex": 1205078,
        "byteOffset": 1020408321,
        "rule": "VF-G5",
        "fieldIndex": 11,
        "tag": "260",
        "subfieldIndex": 1,
        "message": "Подполе 2 поля 260 имеет недопустимый код \"\"."
      }
    },
    "SF-G4: Подполе 2 поля 260 имеет недопустимый код \"\".": {
      "count": 1,
      "first": {
        "recordIndex": 1205078,
        "byteOffset": 1020408321,
        "rule": "SF-G4",
        "fieldIndex": 11,
        "tag": "260",
        "subfieldIndex": 1,
        "message": "Подполе 2 поля 260 имеет недопустимый код \"\"."
      }
    },
    "IN-G3: Индикатор 2 поля 337 имеет недопустимое значение \"[\".": {
      "count": 1,
      "first": {
        "recordIndex": 1205079,
        "byteOffset": 1020409590,
        "rule": "IN-G3",
        "fieldIndex": 24,
        "tag": "337",
        "indicatorIndex": 1,
        "message": "Индикатор 2 поля 337 имеет недопустимое значение \"[\"."
      }
    },
    "IN-G3: Индикатор 2 поля 250 имеет недопустимое значение \"³\".": {
      "count": 1,
      "first": {
        "recordIndex": 1205080,
        "byteOffset": 1020411430,
        "rule": "IN-G3",
        "fieldIndex": 11,
        "tag": "250",
        "indicatorIndex": 1,
        "message": "Индикатор 2 поля 250 имеет недопустимое значение \"³\"."
      }
    },
    "IN-G3: Индикатор 1 поля 912 имеет недопустимое значение \"\".": {
      "count": 1,
      "first": {
        "recordIndex": 1205081,
        "byteOffset": 1020412789,
        "rule": "IN-G3",
        "fieldIndex": 16,
        "tag": "912",
        "indicatorIndex": 0,
        "message": "Индикатор 1 поля 912 имеет недопустимое значение \"\"."
      }
    },
    "IN-G3: Индикатор 1 поля 490 имеет недопустимое значение \"­\".": {
      "count": 1,
      "first": {
        "recordIndex": 1205082,
        "byteOffset": 1020413632,
        "rule": "IN-G3",
        "fieldIndex": 13,
        "tag": "490",
        "indicatorIndex": 0,
        "message": "Индикатор 1 поля 490 имеет недопустимое значение \"­\"."
      }
    },
    "IN-G3: Индикатор 2 поля 245 имеет недопустимое значение \"\".": {
      "count": 1,
      "first": {
        "recordIndex": 1205083,
        "byteOffset": 1020414886,
        "rule": "IN-G3",
        "fieldIndex": 10,
        "tag": "245",
        "indicatorIndex": 1,
        "message": "Индикатор 2 поля 245 имеет недопустимое значение \"\"."
      }
    },
    "IN-G3: Индикатор 2 поля 555 имеет недопустимое значение \"\".": {
      "count": 1,
      "first": {
        "recordIndex": 1205083,
        "byteOffset": 1020414886,
        "rule": "IN-G3",
        "fieldIndex": 16,
        "tag": "555",
        "indicatorIndex": 1,
        "message": "Индикатор 2 поля 555 имеет недопустимое значение \"\"."
      }
    },
    "IN-G3: Индикатор 2 поля 912 имеет недопустимое значение \"\".": {
      "count": 1,
      "first": {
        "recordIndex": 1205085,
        "byteOffset": 1020418489,
        "rule": "IN-G3",
        "fieldIndex": 15,
        "tag": "912",
        "indicatorIndex": 1,
        "message": "Индикатор 2 поля 912 имеет недопустимое значение \"\"."
      }
    },
    "IN-G3: Индикатор 2 поля 504 имеет недопустимое значение \"[\".": {
      "count": 1,
      "first": {
        "recordIndex": 1205086,
        "byteOffset": 1020419875,
        "rule": "IN-G3",
        "fieldIndex": 13,
        "tag": "504",
        "indicatorIndex": 1,
        "message": "Индикатор 2 поля 504 имеет недопустимое значение \"[\"."
      }
    },
    "IN-G3: Индикатор 1 поля 700 имеет недопустимое значение \"\".": {
      "count": 1,
      "first": {
        "recordIndex": 1205086,
        "byteOffset": 1020419875,
        "rule": "IN-G3",
        "fieldIndex": 17,
        "tag": "700",
        "indicatorIndex": 0,
        "message": "Индикатор 1 поля 700 имеет недопустимое значение \"\"."
      }
    },
    "IN-G3: Индикатор 2 поля 710 имеет недопустимое значение \"¶\".": {
      "count": 1,
      "first": {
        "recordIndex": 1205086,
        "byteOffset": 1020419875,
        "rule": "IN-G3",
        "fieldIndex": 19,
        "tag": "710",
        "indicatorIndex": 1,
        "message": "Индикатор 2 поля 710 имеет недопустимое значение \"¶\"."
      }
    },
    "IN-G3: Индикатор 2 поля 500 имеет недопустимое значение \"\".": {
      "count": 1,
      "first": {
        "recordIndex": 1205087,
        "byteOffset": 1020421998,
        "rule": "IN-G3",
        "fieldIndex": 12,
        "tag": "500",
        "indicatorIndex": 1,
        "message": "Индикатор 2 поля 500 имеет недопустимое значение \"\"."
      }
    },
    "IN-G3: Индикатор 1 поля 710 имеет недопустимое значение \"¿\".": {
      "count": 1,
      "first": {
        "recordIndex": 1205089,
        "byteOffset": 1020423878,
        "rule": "IN-G3",
        "fieldIndex": 16,
        "tag": "710",
        "indicatorIndex": 0,
        "message": "Индикатор 1 поля 710 имеет недопустимое значение \"¿\"."
      }
    },
    "IN-G3: Индикатор 1 поля 555 имеет недопустимое значение \"\".": {
      "count": 1,
      "first": {
        "recordIndex": 1205090,
        "byteOffset": 1020424965,
        "rule": "IN-G3",
        "fieldIndex": 13,
        "tag": "555",
        "indicatorIndex": 0,
        "message": "Индикатор 1 поля 555 имеет недопустимое значение \"\"."
      }
    },
    "IN-G3: Индикатор 2 поля 555 имеет недопустимое значение \"Ñ\".": {
      "count": 1,
      "first": {
        "recordIndex": 1205090,
        "byteOffset": 1020424965,
        "rule": "IN-G3",
        "fieldIndex": 13,
        "tag": "555",
        "indicatorIndex": 1,
        "message": "Индикатор 2 поля 555 имеет недопустимое значение \"Ñ\"."
      }
    },
    "IN-G3: Индикатор 1 поля 337 имеет недопустимое значение \"¢\".": {
      "count": 1,
      "first": {
        "recordIndex": 1205090,
        "byteOffset": 1020424965,
        "rule": "IN-G3",
        "fieldIndex": 21,
        "tag": "337",
        "indicatorIndex": 0,
        "message": "Индикатор 1 поля 337 имеет недопустимое значение \"¢\"."
      }
    },
    "IN-G3: Индикатор 1 поля 111 имеет недопустимое значение \"Ð\".": {
      "count": 1,
      "first": {
        "recordIndex": 1205093,
        "byteOffset": 1020428638,
        "rule": "IN-G3",
        "fieldIndex": 9,
        "tag": "111",
        "indicatorIndex": 0,
        "message": "Индикатор 1 поля 111 имеет недопустимое значение \"Ð\"."
      }
    },
    "IN-G3: Индикатор 2 поля 111 имеет недопустимое значение \"°\".": {
      "count": 1,
      "first": {
        "recordIndex": 1205093,
        "byteOffset": 1020428638,
        "rule": "IN-G3",
        "fieldIndex": 9,
        "tag": "111",
        "indicatorIndex": 1,
        "message": "Индикатор 2 поля 111 имеет недопустимое значение \"°\"."
      }
    },
    "IN-G3: Индикатор 1 поля 500 имеет недопустимое значение \"\".": {
      "count": 1,
      "first": {
        "recordIndex": 1205093,
        "byteOffset": 1020428638,
        "rule": "IN-G3",
        "fieldIndex": 13,
        "tag": "500",
        "indicatorIndex": 0,
        "message": "Индикатор 1 поля 500 имеет недопустимое значение \"\"."
      }
    },
    "IN-G3: Индикатор 1 поля 500 имеет недопустимое значение \"\".": {
      "count": 1,
      "first": {
        "recordIndex": 1205093,
        "byteOffset": 1020428638,
        "rule": "IN-G3",
        "fieldIndex": 14,
        "tag": "500",
        "indicatorIndex": 0,
        "message": "Индикатор 1 поля 500 имеет недопустимое значение \"\"."
      }
    },
    "IN-G3: Индикатор 1 поля 504 имеет недопустимое значение \"\".": {
      "count": 1,
      "first": {
        "recordIndex": 1205095,
        "byteOffset": 1020431540,
        "rule": "IN-G3",
        "fieldIndex": 13,
        "tag": "504",
        "indicatorIndex": 0,
        "message": "Индикатор 1 поля 504 имеет недопустимое значение \"\"."
      }
    },
    "IN-G3: Индикатор 2 поля 300 имеет недопустимое значение \"\".": {
      "count": 1,
      "first": {
        "recordIndex": 1205100,
        "byteOffset": 1020438039,
        "rule": "IN-G3",
        "fieldIndex": 12,
        "tag": "300",
        "indicatorIndex": 1,
        "message": "Индикатор 2 поля 300 имеет недопустимое значение \"\"."
      }
    },
    "IN-G3: Индикатор 2 поля 490 имеет недопустимое значение \"³\".": {
      "count": 1,
      "first": {
        "recordIndex": 1205103,
        "byteOffset": 1020442433,
        "rule": "IN-G3",
        "fieldIndex": 13,
        "tag": "490",
        "indicatorIndex": 1,
        "message": "Индикатор 2 поля 490 имеет недопустимое значение \"³\"."
      }
    },
    "IN-G3: Индикатор 2 поля 505 имеет недопустимое значение \"[\".": {
      "count": 1,
      "first": {
        "recordIndex": 1205106,
        "byteOffset": 1020447281,
        "rule": "IN-G3",
        "fieldIndex": 14,
        "tag": "505",
        "indicatorIndex": 1,
        "message": "Индикатор 2 поля 505 имеет недопустимое значение \"[\"."
      }
    },
    "VF-G5: Подполе 3 поля 710 имеет недопустимый код \"\".": {
      "count": 16,
      "first": {
        "recordIndex": 1206651,
        "byteOffset": 1023681605,
        "rule": "VF-G5",
        "fieldIndex": 18,
        "tag": "710",
        "subfieldIndex": 2,
        "message": "Подполе 3 поля 710 имеет недопустимый код \"\"."
      }
    },
    "SF-G4: Подполе 3 поля 710 имеет недопустимый код \"\".": {
      "count": 16,
      "first": {
        "recordIndex": 1206651,
        "byteOffset": 1023681605,
        "rule": "SF-G4",
        "fieldIndex": 18,
        "tag": "710",
        "subfieldIndex": 2,
        "message": "Подполе 3 поля 710 имеет недопустимый код \"\"."
      }
    },
    "VF-G5: Подполе 4 поля 710 имеет недопустимый код \"\".": {
      "count": 1,
      "first": {
        "recordIndex": 1264491,
        "byteOffset": 1145186623,
        "rule": "VF-G5",
        "fieldIndex": 16,
        "tag": "710",
        "subfieldIndex": 3,
        "message": "Подполе 4 поля 710 имеет недопустимый код \"\"."
      }
    },
    "SF-G4: Подполе 4 поля 710 имеет недопустимый код \"\".": {
      "count": 1,
      "first": {
        "recordIndex": 1264491,
        "byteOffset": 1145186623,
        "rule": "SF-G4",
        "fieldIndex": 16,
        "tag": "710",
        "subfieldIndex": 3,
        "message": "Подполе 4 поля 710 имеет недопустимый код \"\"."
      }
    },
    "VF-G5: Подполе 4 поля 111 имеет недопустимый код \"\".": {
      "count": 1,
      "first": {
        "recordIndex": 1284800,
        "byteOffset": 1188434541,
        "rule": "VF-G5",
        "fieldIndex": 10,
        "tag": "111",
        "subfieldIndex": 3,
        "message": "Подполе 4 поля 111 имеет недопустимый код \"\"."
      }
    },
    "SF-G4: Подполе 4 поля 111 имеет недопустимый код \"\".": {
      "count": 1,
      "first": {
        "recordIndex": 1284800,
        "byteOffset": 1188434541,
        "rule": "SF-G4",
        "fieldIndex": 10,
        "tag": "111",
        "subfieldIndex": 3,
        "message": "Подполе 4 поля 111 имеет недопустимый код \"\"."
      }
    },
    "VF-G5: Подполе 2 поля 710 имеет недопустимый код \"\".": {
      "count": 3,
      "first": {
        "recordIndex": 1338666,
        "byteOffset": 1304096746,
        "rule": "VF-G5",
        "fieldIndex": 23,
        "tag": "710",
        "subfieldIndex": 1,
        "message": "Подполе 2 поля 710 имеет недопустимый код \"\"."
      }
    },
    "SF-G4: Подполе 2 поля 710 имеет недопустимый код \"\".": {
      "count": 3,
      "first": {
        "recordIndex": 1338666,
        "byteOffset": 1304096746,
        "rule": "SF-G4",
        "fieldIndex": 23,
        "tag": "710",
        "subfieldIndex": 1,
        "message": "Подполе 2 поля 710 имеет недопустимый код \"\"."
      }
    },
    "DF-G3: Поле 111 не содержит кода подполя.": {
      "count": 1056,
      "first": {
        "recordIndex": 1718052,
        "byteOffset": 2188812686,
        "rule": "DF-G3",
        "fieldIndex": 11,
        "tag": "111",
        "message": "Поле 111 не содержит кода подполя."
      }
    }
  }
}
